datetime,port,bench,excess
2017-01-04,1.0027576762832648,1.0116932748592655,0.9911676801674463
2017-01-05,1.0027932501492902,1.0124226247677133,0.9904887797024169
2017-01-06,0.9992995851776514,1.0080465253170263,0.9913228805221822
2017-01-09,1.00372695049264,1.0149760939857742,0.9889168389681385
2017-01-10,1.0036702547893723,1.0115761589542032,0.9921845685123657
2017-01-11,0.9927612020668477,1.0017720016150526,0.9910051393593774
2017-01-12,0.9807123269572278,0.9924202258646864,0.9882026800720858
2017-01-13,0.9663386732133834,0.9800498676992322,0.986009697120783
2017-01-16,0.939286823419816,0.9541953962355685,0.9843757653049167
2017-01-17,0.9519446259400981,0.962237156506235,0.9893035407159834
2017-01-18,0.9499048875661542,0.9601045004448243,0.9893765596620528
2017-01-19,0.9452755206466491,0.9561635092898672,0.9886128381417688
2017-01-20,0.9603528691010117,0.9685544167177481,0.9915321767417777
2017-01-23,0.9700001475969003,0.9764917926915951,0.9933520740847178
2017-01-24,0.9693330115248998,0.9753985868212665,0.9937814393230425
2017-01-25,0.9703278547515065,0.9776625050191199,0.9924977686778834
2017-01-26,0.9769923171322945,0.984645903820964,0.9922270669496828
2017-02-03,0.9757413136984051,0.9820164172226941,0.9936099810408099
2017-02-06,0.9845163223280485,0.9902685840716859,0.9941912105097934
2017-02-07,0.9863242328548141,0.9897433866182161,0.9965454138823956
2017-02-08,0.9934790145768745,0.9953866905852141,0.9980834825034499
2017-02-09,1.0021899881653515,1.0016485571327944,1.0005405399216138
2017-02-10,1.006539223785594,1.0025867500887307,1.0039422760140342
2017-02-13,1.0122397172443756,1.0077348615035557,1.0044702787537771
2017-02-14,1.0123780161108653,1.0085639051163127,1.0037817246633596
2017-02-15,1.0009612348921215,0.9985666889457406,1.0023979830019254
2017-02-16,1.007208629193107,1.0061037265715147,1.0010981995120498
2017-02-17,0.9997016747581932,0.9978483582069999,1.001857312823086
2017-02-20,1.0138566893018792,1.0101728528012408,1.0036467387639878
2017-02-21,1.0248893659299516,1.0179852207619922,1.0067821664078693
2017-02-22,1.0347082242650583,1.0242803681802417,1.010180665771563
2017-02-23,1.0345652211649332,1.024242396717062,1.0100784975128527
2017-02-24,1.0367072910560782,1.024587266947353,1.0118291769766332
2017-02-27,1.0261798100170554,1.0163730715615409,1.0096487586398246
2017-02-28,1.0322991846575957,1.0206004122211827,1.011462637381218
2017-03-01,1.0373550114056622,1.0232377164736366,1.0137966913306107
2017-03-02,1.0309225133061797,1.0180153001171384,1.012678800787725
2017-03-03,1.0323812924283344,1.0208962918185869,1.0112499190189912
2017-03-06,1.043826344391268,1.0310975859902876,1.0123448629634368
2017-03-07,1.0432979575983425,1.0320262488535041,1.0109219205978146
2017-03-08,1.0399918900497007,1.0278969639134852,1.0117666717198646
2017-03-09,1.0283218186442276,1.0187667628188497,1.0093790415766408
2017-03-10,1.0278920178989832,1.0201178768234027,1.0076208262321495
2017-03-13,1.0378699921814827,1.0296072432874084,1.0080251464312666
2017-03-14,1.0353070979189516,1.0273258284349525,1.007768975784594
2017-03-15,1.03366759128764,1.026151989045754,1.007324063415669
2017-03-16,1.0448892719789464,1.0352141393220633,1.0093460205858655
2017-03-17,1.0341811168026767,1.0257073506573045,1.0082613877534776
2017-03-20,1.0378113208716888,1.0280947877912658,1.0094510089884783
2017-03-21,1.0399260706476758,1.0308808508347649,1.008774263102847
2017-03-22,1.0345528515708422,1.0283241801011809,1.0060571088283157
2017-03-23,1.037894230701247,1.030285964578283,1.0073846159071753
2017-03-24,1.044860624268342,1.0357330826521856,1.0088126388632714
2017-03-27,1.043442754724801,1.0308935079891581,1.01217317466682
2017-03-28,1.038784769107789,1.0281501070013492,1.0103434917080893
2017-03-29,1.0332880356465484,1.0252786453926204,1.007811915609401
2017-03-30,1.0151445289038707,1.0086983687682776,1.0063905725786635
2017-03-31,1.0205210506898872,1.01279757435315,1.0076258835253133
2017-04-05,1.0445494483861706,1.0346809753067103,1.0095376964639124
2017-04-06,1.0510219470282252,1.0377945608335968,1.012745669223785
2017-04-07,1.0524940148306148,1.0408131432486845,1.0112228325110029
2017-04-10,1.0521044265494846,1.0388845651884024,1.0127250532003857
2017-04-11,1.0644250763128964,1.0487932557320712,1.0149045777090873
2017-04-12,1.053099501898821,1.0404571793948372,1.012150737920168
2017-04-13,1.064848390688948,1.0466621632014972,1.0173754513412652
2017-04-14,1.046136451300523,1.0328125559567207,1.0129005938850733
2017-04-17,1.030091310850885,1.0214911036212189,1.0084192678714263
2017-04-18,1.0252787001580987,1.015417456404851,1.0097115168653512
2017-04-19,1.0145286012075339,1.0047288617890109,1.0097536159169087
2017-04-20,1.005299106003461,1.0042732786847037,1.0010214623255742
2017-04-21,0.9926115013423293,0.996827968201356,0.9957701158138302
2017-04-24,0.961288152167877,0.9711649175844277,0.9898299812547625
2017-04-25,0.9699676254039641,0.974639157557672,0.9952069110732076
2017-04-26,0.9848326762511628,0.97716098388975,1.0078510015114135
2017-04-27,0.991869822668414,0.9796765560984809,1.0124462165538515
2017-04-28,0.9961406510064235,0.9827710814399281,1.0136039509291488
2017-05-02,0.9994212161679293,0.9834450376844431,1.0162451157627503
2017-05-03,0.9973894988461721,0.9804960696185181,1.0172294716430905
2017-05-04,0.9946266750323304,0.9771467632045201,1.01788872714523
2017-05-05,0.9808940595978507,0.963441149704429,1.018115180048907
2017-05-08,0.9595640192195037,0.9453831875316007,1.0150000887205635
2017-05-09,0.9685700818853161,0.9511514995116941,1.018313152407965
2017-05-10,0.9453614974503647,0.9311918371182069,1.0152166930242958
2017-05-11,0.9503495159455388,0.9291034810971724,1.022867242756724
2017-05-12,0.9498811276794167,0.9277017384750463,1.0239078879391008
2017-05-15,0.9568526249488443,0.9324052859552712,1.0262196486461639
2017-05-16,0.9834739492511801,0.9515834062919007,1.0335131347903064
2017-05-17,0.989836227248945,0.9536274622725588,1.037969507390337
2017-05-18,0.9800932104640138,0.9455034304983362,1.0365834526348008
2017-05-19,0.9796793509157307,0.9452945874508478,1.0363746539135565
2017-05-22,0.9641237266335283,0.9316617153615931,1.0348431310814743
2017-05-23,0.9382633077095226,0.9120548897602796,1.0287355708998298
2017-05-24,0.9462842588739604,0.9174925521953121,1.031380861468311
2017-05-25,0.9558180261451449,0.9256482268555177,1.0325931584097727
2017-05-26,0.9567550691769504,0.9234538485529776,1.036061597096763
2017-05-31,0.9525566867965116,0.9214240132575496,1.033787564781275
2017-06-01,0.9285658282608402,0.9033723796619179,1.0278882210327827
2017-06-02,0.9410389220688782,0.9132636480048335,1.0304132044724699
2017-06-05,0.9507779608061367,0.9201108707161763,1.0333297769496956
2017-06-06,0.9566368801089974,0.9241800713997519,1.0351195721631248
2017-06-07,0.9784044158819419,0.9421367018835849,1.0384951715879958
2017-06-08,0.9779707053244775,0.9427632310260501,1.0373449803086927
2017-06-09,0.9791274144319771,0.9443912388964176,1.036781552078089
2017-06-12,0.964558800436803,0.9338845350345932,1.0328458864575518
2017-06-13,0.9786795616142603,0.9460983167548183,1.0344374831689775
2017-06-14,0.9787734675101288,0.9439419099154578,1.036900107123955
2017-06-15,0.9895235965343504,0.9526022327667066,1.038758426652445
2017-06-16,0.9879532332739243,0.9513097139416092,1.0385190215082405
2017-06-19,0.9969688480322223,0.9583357747991432,1.0403126693680784
2017-06-20,0.9989200056119836,0.9598371366717289,1.040718229631931
2017-06-21,1.0030130630160494,0.9616232845181625,1.0430415726867783
2017-06-22,0.9867416174401238,0.9480411155003302,1.0408215438202482
2017-06-23,0.9878654337203936,0.9508841357385989,1.0388914869770853
2017-06-26,1.0041363205969052,0.9669153896776728,1.0384945066720266
2017-06-27,1.0033762836365654,0.967157439141981,1.0374487575949538
2017-06-28,0.9986939196104232,0.9628921270191596,1.0371815197015846
2017-06-29,1.0046835858340604,0.9677618554911827,1.0381516693733897
2017-06-30,1.0056628640861738,0.9711110874513313,1.0355796335571898
2017-07-03,1.0143617907294076,0.977319198319665,1.0379022457283467
2017-07-04,1.0102765953619057,0.972485952233834,1.0388598344698607
2017-07-05,1.0187433805324657,0.9799391548252152,1.039598607236152
2017-07-06,1.017143062128095,0.9811558051778027,1.0366784324776745
2017-07-07,1.0178150980562954,0.985009759782844,1.0333045819573237
2017-07-10,1.0134951567566517,0.9819325821883005,1.032143321385682
2017-07-11,1.0043121488729683,0.9696603541963186,1.035736012642664
2017-07-12,1.0028141887387,0.970293137462131,1.0335167281112903
2017-07-13,1.0052834877687347,0.9729732526779737,1.0332077320746809
2017-07-14,1.002224403565199,0.9696207447484527,1.0336251663274847
2017-07-17,0.955989575417266,0.9297078229925242,1.0282688300289295
2017-07-18,0.9687289738591202,0.939512054785524,1.031097971468036
2017-07-19,0.9916531525364461,0.9586442370970912,1.0344329149041886
2017-07-20,0.9988751732407761,0.9649599337777675,1.0351467851418787
2017-07-21,1.0033164050881869,0.9692046966381623,1.035195566600478
2017-07-24,1.013557104197375,0.9756943919648208,1.0388059135569156
2017-07-25,1.0090145101508425,0.9735538437953766,1.0364239395504038
2017-07-26,1.0108965261943643,0.9724622014558847,1.0395226926876326
2017-07-27,1.018040983697364,0.9783665406187808,1.0405517170011667
2017-07-28,1.0258611148909118,0.9833406533876233,1.0432408254014567
2017-07-31,1.0453202943562434,0.9963991884828227,1.0490978981505503
2017-08-01,1.041283214513621,0.9945861627967659,1.0469512380762904
2017-08-02,1.034455403515405,0.9890994352749972,1.0458558226027068
2017-08-03,1.0381815734954867,0.9906989273210554,1.0479284320038873
2017-08-04,1.0373303409325538,0.9848689675536819,1.0532673635856158
2017-08-07,1.0520648705905793,0.9972566734660399,1.0549589675184117
2017-08-08,1.0542912921656875,0.9973041750219391,1.0571411597093683
2017-08-09,1.0652962219837079,1.003047172693246,1.0620599419300683
2017-08-10,1.0622481181715187,0.9950101030150897,1.0675752084855055
2017-08-11,1.031241435604321,0.9747546354780476,1.0579497630176138
2017-08-14,1.0534256614512045,0.9955512335923253,1.0581330482109357
2017-08-15,1.0599520497554948,0.9990507878743561,1.060959125021778
2017-08-16,1.0601092951449553,0.9996899741712144,1.0604380583328659
2017-08-17,1.073575969011291,1.0071621624941853,1.0659415226170086
2017-08-18,1.0688487446603385,1.0042716407000174,1.0643024270956296
2017-08-21,1.0838087958985467,1.0131345524754074,1.0697580032686278
2017-08-22,1.0749878969141624,1.0087363402314569,1.0656777733094298
2017-08-23,1.0642371717649841,1.000319630375353,1.0638971179298433
2017-08-24,1.0545495400427607,0.9933283394654756,1.061632390967753
2017-08-25,1.0693667565288778,1.0040770927916083,1.0650245526025761
2017-08-28,1.0847758312669473,1.0164252637099498,1.0672460337197032
2017-08-29,1.081568950543366,1.0138274944515124,1.0668175369701354
2017-08-30,1.0934275481324809,1.020994347538209,1.0709437821756023
2017-08-31,1.0961126631900768,1.0236791533465623,1.0707580198411957
2017-09-01,1.1062578602095914,1.0325498827761366,1.0713844228380347
2017-09-04,1.1145954607265596,1.0385903235756846,1.073181056500895
2017-09-05,1.1125199736265323,1.0397262659555528,1.070012377348262
2017-09-06,1.1189350584482105,1.0453047206197477,1.0704391134719151
2017-09-07,1.110762767035781,1.0376284542956482,1.070482177351022
2017-09-08,1.1139682873950885,1.0400933234329568,1.0710272456305154
2017-09-11,1.1225253522158622,1.052030136833518,1.0670087413983464
2017-09-12,1.1259316610373107,1.051141008964318,1.071151873473839
2017-09-13,1.1357546482206962,1.0575279579788432,1.0739712739050042
2017-09-14,1.1300252041547854,1.0555978163877242,1.070507333959588
2017-09-15,1.1152664227820026,1.047665205460237,1.0645255917343066
2017-09-18,1.1246883608655527,1.055165835153668,1.065887771756522
2017-09-19,1.1182171835544825,1.0498769315096805,1.0650935838227549
2017-09-20,1.1333804754561763,1.0588078196495472,1.0704307754652886
2017-09-21,1.1151470272891792,1.0460846991457686,1.0660198243983559
2017-09-22,1.1058081107438282,1.0397500167335028,1.0635326693409006
2017-09-25,1.0902098638506423,1.0267500023639098,1.0618065364895324
2017-09-26,1.1009590010924908,1.0316354405981505,1.067197730677172
2017-09-27,1.1145205087777275,1.0415108502711499,1.0700997579502605
2017-09-28,1.110903844832443,1.0390823890661842,1.0691200779861203
2017-09-29,1.1170069772538165,1.0446940501471988,1.0692192389689867
2017-10-09,1.1333395077887907,1.0565771078685136,1.0726519620277726
2017-10-10,1.1362835986902253,1.0608661707692846,1.0710904259170146
2017-10-11,1.128553169818946,1.0546943933794444,1.0700286044024978
2017-10-12,1.1235563188761437,1.0535284460982792,1.0664698452492776
2017-10-13,1.1344003666927789,1.0615527841681929,1.0686236083697596
2017-10-16,1.118752348352825,1.0472174400101135,1.0683095082354823
2017-10-17,1.1153629005468788,1.0462254913749307,1.0660827037210583
2017-10-18,1.1040864927749567,1.0383941376825894,1.0632634109808965
2017-10-19,1.094445423061461,1.0285788867198824,1.0640364460052507
2017-10-20,1.1101717274869658,1.0396566516063899,1.0678253496205905
2017-10-23,1.1176785490848005,1.0461970500044706,1.0683250818572128
2017-10-24,1.1126785943998734,1.044652877168496,1.0651180106982132
2017-10-25,1.1248629110881971,1.0517548809523896,1.0695105213770022
2017-10-26,1.1307142626342446,1.055558206939858,1.0712002949721453
2017-10-27,1.124488082765525,1.0490526529432833,1.0719081445631882
2017-10-30,1.100233413852751,1.0302179137599572,1.067961835217231
2017-10-31,1.1083092624925595,1.0378831609143497,1.0678555199953008
2017-11-01,1.1083412047734957,1.0367345613800882,1.0690694089508173
2017-11-02,1.099256648181616,1.0259731508995624,1.0714282797925065
2017-11-03,1.0866956285655553,1.0168049783417472,1.068735550781615
2017-11-06,1.106192896843211,1.0301135294631376,1.0738553229368064
2017-11-07,1.1113874224775657,1.036574783419336,1.072172929782689
2017-11-08,1.1144244260500784,1.0381173182706245,1.073505283493943
2017-11-09,1.1236962855310946,1.0459739118179028,1.0743062258389506
2017-11-10,1.1314550141577169,1.0506996465452405,1.0768586606819603
2017-11-13,1.1352994869109505,1.055444292550319,1.0756602645201423
2017-11-14,1.1270399479489055,1.0464738694164357,1.076988141689001
2017-11-15,1.1116136482562013,1.034315555813993,1.074733568501129
2017-11-16,1.1148990952994295,1.0375825162705856,1.0745160773398006
2017-11-17,1.0773683096423612,1.0065150840892942,1.0703945988223076
2017-11-20,1.0925228059747567,1.017784269822537,1.0734325911376594
2017-11-21,1.096249297386447,1.0214515686272028,1.073226896953881
2017-11-22,1.0938219305935026,1.0187762929115691,1.0736625284707597
2017-11-23,1.0584648484395822,0.9926828990452709,1.0662668304829046
2017-11-24,1.057323162018956,0.9932397393847239,1.0645195918902013
2017-11-27,1.0388482626456805,0.9800325199523288,1.0600140724883422
2017-11-28,1.0625790830745732,0.996606467999475,1.0661972575870668
2017-11-29,1.0595619997265322,0.9996219233528891,1.059962746887938
2017-11-30,1.0457196633826,0.9909283196309709,1.0552929436632044
2017-12-01,1.06057285275474,0.9993118230702548,1.0613032171442431
2017-12-04,1.0577343953592198,0.9934913189417517,1.0646639534665472
2017-12-05,1.0269340156701234,0.9702804803077386,1.058388823141548
2017-12-06,1.038246766071793,0.9765914863959043,1.0631331324660902
2017-12-07,1.0298202631812174,0.9706855092483222,1.0609206106091849
2017-12-08,1.0433129031484154,0.9813915260649152,1.0630954878240964
2017-12-11,1.0561700951691992,0.9945275676173106,1.0619817183143268
2017-12-12,1.0489362993907745,0.9861488292243866,1.0636693654199951
2017-12-13,1.0575053560530612,0.9931464487114606,1.0648030382881617
2017-12-14,1.0568565590181072,0.9941969180722496,1.0630253824034728
2017-12-15,1.0500248587608538,0.9865522946341332,1.0643377593584735
2017-12-18,1.0483490671076268,0.9808931319972191,1.0687699127559993
2017-12-19,1.057640135089585,0.9890013795553748,1.0694020826998927
2017-12-20,1.0459732902088752,0.9807935127467594,1.0664561669862362
2017-12-21,1.0528953925798166,0.9869857649451768,1.0667787013506733
2017-12-22,1.0523523627119213,0.9876787069212818,1.065480459725851
2017-12-25,1.0401307163089941,0.9786149186602863,1.062860065257254
2017-12-26,1.0455987881972229,0.9840826604504651,1.0625111387681587
2017-12-27,1.0354989932006562,0.9766468056059876,1.0602594379635042
2017-12-28,1.0397230408458342,0.9815702897572572,1.059244612123456
2017-12-29,1.0488161685636967,0.9889348922678858,1.0605512827629002
2018-01-02,1.060629102806942,1.001814663670743,1.05870790403556
2018-01-03,1.0723994165144457,1.010677575446133,1.0610697640551365
2018-01-04,1.076565309470743,1.015311508577195,1.0603300567127283
2018-01-05,1.0753784781634546,1.0152655705521325,1.0592090477160876
2018-01-08,1.0758313943386437,1.0198426209422744,1.054899424917777
2018-01-09,1.078306495466043,1.0197745701239485,1.057396925807809
2018-01-10,1.0705635806165967,1.0134762956440253,1.0563281896359447
2018-01-11,1.0773467855160719,1.0166404353346352,1.059712704778907
2018-01-12,1.0712521805085156,1.012436845452943,1.0580928433410182
2018-01-15,1.0397823362752734,0.9893399212084691,1.0509859290881434
2018-01-16,1.0458876218834123,0.9968943810349962,1.0491458691918298
2018-01-17,1.0413987542711312,0.9915675059278292,1.0502550235313266
2018-01-18,1.0459658432723165,0.9946272613216197,1.0516159006967898
2018-01-19,1.043867244514332,0.9923459209230131,1.0519187135302548
2018-01-22,1.0582646828584514,1.004252654968428,1.0537833060463468
2018-01-23,1.0585529187678349,1.0054171131726057,1.0528495137978688
2018-01-24,1.067175391143894,1.0116346796798097,1.0549019449211283
2018-01-25,1.064857796641689,1.009802668262163,1.054520680237728
2018-01-26,1.0667879521121655,1.0099465875529992,1.0562815551433145
2018-01-29,1.048376923050043,0.9982787014563695,1.0501846042799332
2018-01-30,1.0491109937459024,0.9988419448268686,1.0503273307447527
2018-01-31,1.0270385551529428,0.9792082413859318,1.048845906054992
2018-02-01,0.994437228817422,0.9468386858329738,1.050271016274091
2018-02-02,0.9995387685651843,0.950020247724337,1.0521236478479938
2018-02-05,1.0003503810186536,0.9489713418943847,1.0541418237369566
2018-02-06,0.9517667008448618,0.9024642660611288,1.0546308996797369
2018-02-07,0.9588391560753222,0.9035828606940934,1.0611524385696993
2018-02-08,0.9648723465763137,0.9123080328481452,1.057616848515591
2018-02-09,0.918939292193395,0.8788342522551515,1.0456343614684236
2018-02-12,0.9455744567529336,0.9016479540566146,1.0487180195981023
2018-02-13,0.9563090594826198,0.9076361282539034,1.0536260399003208
2018-02-14,0.9623929899577137,0.910464927806942,1.0570346649989606
2018-02-22,0.9855641136824123,0.9295923450721494,1.0602110902773394
2018-02-23,0.9922698181399241,0.9330650215145568,1.0634519516434833
2018-02-26,1.0218329384890679,0.9539485817249009,1.071161442099343
2018-02-27,1.0255780217883974,0.9509236707326164,1.0785071960594539
2018-02-28,1.0258917559284157,0.9529993695992577,1.0764873395034982
2018-03-01,1.041353321867098,0.9635265482696594,1.0807728377979862
2018-03-02,1.037443446416617,0.9581664667456725,1.0827382113884674
2018-03-05,1.0412591952686587,0.9593941362679669,1.0853299555479317
2018-03-06,1.0631356278465616,0.9722850012943804,1.0934403250397093
2018-03-07,1.0516373750902146,0.9629364270595371,1.0921150613250123
2018-03-08,1.060803947916966,0.9700589801058573,1.09354582522519
2018-03-09,1.0762766111006659,0.981999069475791,1.0960057341756972
2018-03-12,1.0972311419679566,0.9960479896753361,1.1015846157428633
2018-03-13,1.0918152638996592,0.9894617277060422,1.1034436535821475
2018-03-14,1.0802468413076864,0.979205039870409,1.1031875831140021
2018-03-15,1.0771745819000795,0.9777479780381995,1.101689398592646
2018-03-16,1.0731942444919622,0.9724004792147564,1.1036545820695194
2018-03-19,1.0776418850212937,0.9735902517277205,1.1068741527649075
2018-03-20,1.0818030967166952,0.9767338421559039,1.1075720426855247
2018-03-21,1.0721869176074001,0.9696935606131397,1.1056966459893305
2018-03-22,1.0674650806858401,0.965268470529566,1.1058737680515007
2018-03-23,1.0027087391968252,0.9155781948202609,1.0951645035557767
2018-03-26,1.0264277931572814,0.9339003937045105,1.099076304150319
2018-03-27,1.0552178535978898,0.9547554380905451,1.1052231927667924
2018-03-28,1.045565367557647,0.9450351157857875,1.1063772658736282
2018-03-29,1.0592765119654126,0.9547680952449383,1.1094594773756694
2018-03-30,1.0753383911414833,0.9674058171834873,1.1115690768453634
2018-04-02,1.0779654891733168,0.968548088140552,1.1129705405157813
2018-04-03,1.0654035421071035,0.9586996307610253,1.1113006701185184
2018-04-04,1.0624060303004654,0.9520517210044515,1.1159120947542491
2018-04-09,1.0616577269646161,0.9533110334127289,1.1136530363694839
2018-04-10,1.0679103978399889,0.9593371790731975,1.1131752434234672
2018-04-11,1.0733009508333096,0.9629554127911272,1.1145904956516581
2018-04-12,1.0676974938474457,0.9573738310652586,1.1152357200524599
2018-04-13,1.0648328563660372,0.953554646407874,1.11669830394866
2018-04-16,1.0671529543579057,0.9512163488144979,1.1218824778273626
2018-04-17,1.0456526820935501,0.9319860363294585,1.1219617476370753
2018-04-18,1.063349506774308,0.9446111011136141,1.1257008365884242
2018-04-19,1.0707087377065816,0.9500012619927474,1.1270603319627546
2018-04-20,1.0455158174840524,0.9304008394224799,1.1237262190487993
2018-04-23,1.0325756570784648,0.9213955718870906,1.120664878998353
2018-04-24,1.059891067592527,0.9424800830368896,1.1245766214786332
2018-04-25,1.0619380303753407,0.9428328453752141,1.1263269365130433
2018-04-26,1.0401771533845037,0.925202099390082,1.1242702043912527
2018-04-27,1.0411612311595022,0.9272588125251334,1.122837784980643
2018-05-02,1.0372456328600412,0.9263632816248873,1.1196964014383868
2018-05-03,1.0497647020083545,0.9351107154799013,1.1226100659851945
2018-05-04,1.0476115292374826,0.9349018724324129,1.1205577399388702
2018-05-07,1.070558072661284,0.9522811133143664,1.1242038277282016
2018-05-08,1.0769820172601923,0.955867704146313,1.1267061462465109
2018-05-09,1.0730559973472213,0.9538774038449014,1.1249412063038011
2018-05-10,1.0703690455585575,0.9556715182532178,1.1200177311080532
2018-05-11,1.0583810840115446,0.947882901070416,1.1165736641270207
2018-05-14,1.0530870039842612,0.944119110076964,1.1154175280896648
2018-05-15,1.0670337765372317,0.9525073041087583,1.1202368443102213
2018-05-16,1.063648035795976,0.9498968776959276,1.1197510601108234
2018-05-17,1.057796056940107,0.9451047301349501,1.119236866785193
2018-05-18,1.0606650595200464,0.9484856794349312,1.1182720862501023
2018-05-21,1.0799757522202813,0.960675635923357,1.124183555651704
2018-05-22,1.0856641620549703,0.9639521264726693,1.1262635687393256
2018-05-23,1.0726344893627127,0.9514441775935757,1.1273751152439184
2018-05-24,1.070608545495043,0.9480854155407074,1.1292321640497536
2018-05-25,1.0624473965635937,0.9362482213906059,1.1347924324871288
2018-05-28,1.061454448636721,0.9320493221014243,1.1388393548139022
2018-05-29,1.0543967136550694,0.9232196911967036,1.1420864651276343
2018-05-30,1.0291949680345878,0.8990358896590975,1.144776287434804
2018-05-31,1.0471359326006633,0.9104079706121724,1.1501831776544673
2018-06-01,1.030306648416605,0.8994361535533213,1.1455028179001538
2018-06-04,1.0288123019274156,0.8991244897398503,1.144237882148098
2018-06-05,1.052788681312547,0.9143014602112303,1.151467789485234
2018-06-06,1.053400297911089,0.9135389038859626,1.1530984541875464
2018-06-07,1.0446228227949659,0.9078054363073753,1.1507122352605799
2018-06-08,1.0310901282443437,0.8969333129528333,1.1495727869108205
2018-06-11,1.0208712505129431,0.8910890580463805,1.1456444687482714
2018-06-12,1.033500276127471,0.9007382024711384,1.1473925201485906
2018-06-13,1.0163824614374577,0.8870800905269467,1.1457617776470468
2018-06-14,1.0099330385204452,0.8839016556972572,1.142585300084962
2018-06-15,0.9913937157862796,0.8676077285775988,1.1426750628554472
2018-06-19,0.9287543271807119,0.81346392141426,1.1417277432120307
2018-06-20,0.9445997081284809,0.8224312174864695,1.1485455416142705
2018-06-21,0.9240236806245637,0.8051642530093689,1.1476213420689603
2018-06-22,0.9408618160891048,0.8163765560016915,1.1524850991521558
2018-06-25,0.9355168447677336,0.8108249791771198,1.1537839469587623
2018-06-26,0.9432928917578923,0.8164018703104778,1.1554271567251038
2018-06-27,0.9348121719739367,0.8083680021478447,1.1564190684071218
2018-06-28,0.9218760691460068,0.7997629985066791,1.1526865719811217
2018-06-29,0.9485935206214519,0.8254956634727703,1.1491199319337697
2018-07-02,0.9341707420880319,0.8130003717480699,1.149040977778925
2018-07-03,0.9473845624493479,0.8222318300778512,1.15221100399342
2018-07-04,0.9324015668801946,0.8102411865441941,1.15077039079812
2018-07-05,0.9069146409898886,0.7883166126119312,1.1504446645935904
2018-07-06,0.908167604205398,0.7905109909144713,1.1488361511012266
2018-07-09,0.9296826336236496,0.8080594653960472,1.1505126459573025
2018-07-10,0.9373088471926998,0.8126444078942227,1.1534058908022462
2018-07-11,0.9115389922031313,0.7967649653540181,1.144050042157811
2018-07-12,0.9418185007947351,0.8183351389632705,1.1508958322233391
2018-07-13,0.9472760101140701,0.8233487867261297,1.150516069721449
2018-07-16,0.9460416580416398,0.8219264948415769,1.151005185961289
2018-07-17,0.951492132108678,0.8220847092714922,1.1574137328887468
2018-07-18,0.9437277378332497,0.8158259697855856,1.1567757987420761
2018-07-19,0.9295695519601401,0.8086575531680523,1.149521881442144
2018-07-20,0.9438213282980826,0.8187702472590002,1.1527303678384948
2018-07-23,0.9551866960992965,0.8249008516701377,1.1579412170145966
2018-07-24,0.9780828649844704,0.8392408864207274,1.1654375767556908
2018-07-25,0.9807323636916186,0.8398768712020628,1.167709693312495
2018-07-26,0.980117800303361,0.8343110736922611,1.1747630244985594
2018-07-27,0.9730027611063173,0.830483996926843,1.1716092841124652
2018-07-30,0.9555707343662357,0.8203365328882384,1.1648521016147668
2018-07-31,0.9553930168780276,0.8209013397895742,1.1638341546901705
2018-08-01,0.939742601788456,0.8077145951657565,1.1634587358120045
2018-08-02,0.9165778705148208,0.7904128607409993,1.159619125700389
2018-08-03,0.9049558262882232,0.779929982110974,1.160303933743965
2018-08-06,0.88581714098465,0.763397132588681,1.1603621538121875
2018-08-07,0.9161693888621688,0.7842206085425819,1.168254670793215
2018-08-08,0.9038931741707149,0.7721492570362055,1.1706197550978568
2018-08-09,0.9290259780670087,0.7917988191470585,1.1733106385126642
2018-08-10,0.9357074779645759,0.7958710724384583,1.17570233467297
2018-08-13,0.9377914802603186,0.799789950800152,1.1725472160810504
2018-08-14,0.9361345416106274,0.7970370941734728,1.1745181603892585
2018-08-15,0.9154553680034972,0.7804140810395904,1.1730379938609234
2018-08-16,0.9065621338606892,0.7733832551356965,1.172202950918074
2018-08-17,0.8886382757828457,0.759881719636734,1.1694428919906963
2018-08-20,0.8942114245112748,0.7645679193700552,1.1695644060609236
2018-08-21,0.9091708988721572,0.7739543906142289,1.174708626112473
2018-08-22,0.8989968436762946,0.7652592978153233,1.1747610858734652
2018-08-23,0.9060130100250726,0.7694755448514087,1.1774422411306527
2018-08-24,0.9005977705520738,0.7676751018658957,1.1731496415125342
2018-08-27,0.9225961941123239,0.7847268947183113,1.175690804433946
2018-08-28,0.9258855143051022,0.7869639350765414,1.1765285206050125
2018-08-29,0.9192841667094436,0.7818616872329296,1.1757631582676253
2018-08-30,0.9043046637987464,0.7700213660211545,1.1743890542563242
2018-08-31,0.8923401629847015,0.7617470119250499,1.171439006671812
2018-09-03,0.8958505295905528,0.7655519758972045,1.170202099655797
2018-09-04,0.9041474787397132,0.7736854633102972,1.1686241006406146
2018-09-05,0.8888482941912013,0.7617802183418697,1.166804115924557
2018-09-06,0.8830087534539715,0.7583502784090018,1.1643811291353379
2018-09-07,0.8868257218555651,0.7581019003674969,1.169797518546871
2018-09-10,0.8673739385584961,0.7443535503578663,1.1652714468030476
2018-09-11,0.8691482043662766,0.7440403230135584,1.168146641362122
2018-09-12,0.8660356543241243,0.7426274867678758,1.166177753658642
2018-09-13,0.8707352876814084,0.7469370989310736,1.1657411165244032
2018-09-14,0.8551421063711614,0.7388479115583572,1.1573993686569672
2018-09-17,0.8401205136078185,0.728138693226241,1.153791882540135
2018-09-18,0.8573073604448008,0.740972601057885,1.157002781507474
2018-09-19,0.8681035199260552,0.7494178267382983,1.1583705230289414
2018-09-20,0.8683446533158383,0.7488783341457489,1.1595270068887298
2018-09-21,0.8806358178081694,0.7602282278517108,1.1583834768891863
2018-09-25,0.8774623471140647,0.7582237068650693,1.1572605013129913
2018-09-26,0.8825082182645353,0.761875146999819,1.158337060527248
2018-09-27,0.8686928331826674,0.752343118480123,1.1546498025230736
2018-09-28,0.8735999789592648,0.7595178636748531,1.15020333390506
2018-10-08,0.8408339981651201,0.7351157634508885,1.143811682418499
2018-10-09,0.8377711549863951,0.7332805505177188,1.1424974443886486
2018-10-10,0.8361648567831641,0.7324894783681416,1.141538385842747
2018-10-11,0.776370755444596,0.681471839432233,1.1392558144316394
2018-10-12,0.7711517936316139,0.6768236856159409,1.1393688046390251
2018-10-15,0.7539159373848399,0.6643426145764706,1.134830012169961
2018-10-16,0.7373436068690109,0.6486056022501147,1.1368135031690294
2018-10-17,0.7441021722590729,0.6539372424036415,1.1378800961450324
2018-10-18,0.7208597139098082,0.6357558357485544,1.1338625198163543
2018-10-19,0.7408178412816162,0.653084448012935,1.134336981282616
2018-10-22,0.778518339934202,0.6855410401158087,1.1356261614952865
2018-10-23,0.7652614862081755,0.6729507452793098,1.137173101562659
2018-10-24,0.7621434066464469,0.6716740106702792,1.1346924170638761
2018-10-25,0.757165260365652,0.6699226327715023,1.1302279148761145
2018-10-26,0.7611542529971218,0.6698498169068166,1.136305831226355
2018-10-29,0.7468371964210317,0.6585489882875908,1.1340647540329758
2018-10-30,0.7574700628154231,0.6651953345133278,1.138718243370732
2018-10-31,0.7689010395755628,0.6759551070091675,1.1375031146338166
2018-11-01,0.774530011335071,0.6801365840975961,1.1387859871744965
2018-11-02,0.8034198607682987,0.7021228802709883,1.1442724391180847
2018-11-05,0.8093260954117945,0.7025785378291448,1.1519368324464943
2018-11-06,0.8092769432397582,0.702146631048938,1.1525754129600794
2018-11-07,0.8075269245651647,0.6985141021919289,1.1560638819333138
2018-11-08,0.8044615971492821,0.6933233287214139,1.1602978925183765
2018-11-09,0.8011548087464337,0.6911527011968235,1.159157458777383
2018-11-12,0.824018834414056,0.7090429188470168,1.1621564964699216
2018-11-13,0.8422872657599375,0.7219923045990367,1.1666152954742466
2018-11-14,0.8404635188263597,0.7191398287218977,1.1687066760300098
2018-11-15,0.8572565440751594,0.7308947513684433,1.172886441543233
2018-11-16,0.8646627577137389,0.7371107543448104,1.17304319956952
2018-11-19,0.8639492098816812,0.7389522958551767,1.1691542400336516
2018-11-20,0.839604570709634,0.7178646576437041,1.1695861633104003
2018-11-21,0.84528881494217,0.7205889984460739,1.1730526232915115
2018-11-22,0.8455669887462618,0.7200605994770811,1.1742997594373659
2018-11-23,0.8099538134907259,0.6921256641004165,1.1702409771836093
2018-11-26,0.8086804192673193,0.6909707359889585,1.1703540789030489
2018-11-27,0.8137286835689174,0.6941649550347148,1.172241090056503
2018-11-28,0.8224072174239098,0.7027414428515708,1.1702842144712022
2018-11-29,0.7992315534439847,0.6875281389016973,1.1624710440517094
2018-11-30,0.8067925012983721,0.6924246707594944,1.165170068844358
2018-12-03,0.83232275643846,0.7143397890528872,1.1651636506794636
2018-12-04,0.8412193041524219,0.7176684717506092,1.1721558592373926
2018-12-05,0.8302560497893176,0.7123669109522286,1.1654893525016556
2018-12-06,0.8131866326395127,0.697873352364234,1.1652352534806265
2018-12-07,0.8101382201913522,0.6978528031018073,1.160901291204191
2018-12-10,0.7996739763555967,0.6896813442255348,1.159483264337933
2018-12-11,0.8073835360802877,0.6954180133196451,1.1610046340706135
2018-12-12,0.805240309435982,0.6950619750119483,1.1585158423062054
2018-12-13,0.811259602212368,0.7029471588373856,1.1540833361559095
2018-12-14,0.7847659343648988,0.6861674948044245,1.1436944190843337
2018-12-17,0.7826639173754639,0.6851470303449323,1.142329868935486
2018-12-18,0.7777308628543247,0.6814481631081328,1.1412913042527544
2018-12-19,0.766079626295046,0.6720552888329131,1.1399056580975875
2018-12-20,0.7700045752823375,0.6739316747447854,1.142555846739114
2018-12-21,0.7624281718214432,0.6694036894413796,1.1389661931168813
2018-12-24,0.7703357266257279,0.6762984137086215,1.1390470700669448
2018-12-25,0.7619088800155239,0.6685129980413427,1.1397069050980597
2018-12-26,0.7615577672858199,0.6658076429705627,1.1438104914026808
2018-12-27,0.7524991581139383,0.6583496753328217,1.1430083226417942
2018-12-28,0.7553362534649541,0.6594206939560375,1.1454542758333743
2019-01-02,0.748975804719813,0.6537125406862366,1.145726535907623
2019-01-03,0.7449898493299845,0.6506828646475924,1.1449354052583949
2019-01-04,0.7625117732241232,0.6661983767720667,1.144571646839976
2019-01-07,0.7779560349677053,0.678450055501622,1.1466666244024581
2019-01-08,0.7750756831076302,0.6767066441647279,1.1453643758209602
2019-01-09,0.7782700579779551,0.6785213078354709,1.1470090165048603
2019-01-10,0.7783394172146894,0.6774280275112929,1.1489625253240858
2019-01-11,0.7834185756020338,0.6826520818524773,1.1476103221953293
2019-01-14,0.7762814762332233,0.678170034574134,1.1446708593084618
2019-01-15,0.7879053369023192,0.687790737628432,1.1455596794151255
2019-01-16,0.7855777171958384,0.6861327248567676,1.1449355040744198
2019-01-17,0.780298280614586,0.6808880467993073,1.146000850334475
2019-01-18,0.7845092704573368,0.6878619155084317,1.1405040063563752
2019-01-21,0.7884677337811049,0.6919469004080742,1.1394916767689947
2019-01-22,0.7773841164330967,0.6816031760225251,1.1405230253906655
2019-01-23,0.7781580655719149,0.6827786533964098,1.139693020133319
2019-01-24,0.7835349458024573,0.6863368028578961,1.1416187250047347
2019-01-25,0.7727839023288828,0.6832153252229762,1.131098606543515
2019-01-28,0.7665368116203136,0.6814401965462498,1.1248775982182442
2019-01-29,0.7494724311571729,0.6730662231996855,1.1135195992962779
2019-01-30,0.7395598965403377,0.6663154926771289,1.1099245097377621
2019-01-31,0.7254008047133989,0.660754460213687,1.0978371670450855
2019-02-01,0.7504959448212091,0.6793914499730812,1.10465909579955
2019-02-11,0.7746349280234373,0.6965729414311027,1.1120657750959388
2019-02-12,0.7859786867429066,0.7023649297352964,1.1190460307281034
2019-02-13,0.7991924593696607,0.71390311722632,1.1194690709219894
2019-02-14,0.8053444245443709,0.7170292854537503,1.123168106076355
2019-02-15,0.8045216532767632,0.7123716015447386,1.1293567171013026
2019-02-18,0.8325065418501096,0.7374113245347248,1.1289581732086713
2019-02-19,0.8352800204667173,0.7384049111545937,1.1311951042696162
2019-02-20,0.833302827921668,0.7384586668338403,1.1284353009146393
2019-02-21,0.8298829701036666,0.7371170829220068,1.1258495961237616
2019-02-22,0.846273926356576,0.7558110298761705,1.1196898337078072
2019-02-25,0.8881882234698951,0.7980606856946383,1.1129331884038483
2019-02-26,0.8903732825692585,0.7971414784702919,1.116957662619536
2019-02-27,0.8856264098764173,0.793872880029013,1.1155771058006807
2019-02-28,0.8904574514739239,0.795045230341224,1.1200085447865025
2019-03-01,0.9008330372846699,0.8016805573972541,1.123680784038627
2019-03-04,0.9187988593167318,0.8160806764042868,1.1258676818142894
2019-03-05,0.9533456524298766,0.8377616373414047,1.1379676628011661
2019-03-06,0.9692198619616837,0.8527503140277229,1.1365810671870058
2019-03-07,0.9830148168989034,0.8636018881198383,1.1382731214715625
2019-03-08,0.9484205720808504,0.8299160629638332,1.1427909573093555
2019-03-11,0.9880813191702451,0.8632474877968277,1.1446095507234166
2019-03-12,1.0063882537869768,0.878217178751556,1.1459446229662968
2019-03-13,0.9870846962577378,0.8582607178735917,1.150098886854938
2019-03-14,0.9656411556662946,0.8382694870479708,1.1519459679570023
2019-03-15,0.9769546086506309,0.8478426885463693,1.1522828725758367
2019-03-18,1.0032100646907787,0.870335270895491,1.1526708134654502
2019-03-19,1.0141175297150704,0.8736576250160164,1.1607722529709268
2019-03-20,1.014543526509686,0.8726466906492438,1.1626051383462783
2019-03-21,1.03766118766892,0.8843050466531539,1.1734199545690436
2019-03-22,1.040150267587906,0.889472218253418,1.1694016364337514
2019-03-25,1.0253461910655715,0.8780067721732308,1.167811255632628
2019-03-26,0.9961188032523587,0.8535176353993502,1.167074658962714
2019-03-27,1.0027464278868095,0.861902702369471,1.163410237756701
2019-03-28,0.9883492267263206,0.8496003950223427,1.1633106958481687
2019-03-29,1.0234937304228708,0.877688779782563,1.1661237490997998
2019-04-01,1.0650591153238576,0.9109411346275244,1.1691854444133216
2019-04-02,1.071898186495694,0.9137429818870905,1.1730850006442473
2019-04-03,1.076180411631811,0.9233130563238156,1.1655639485015397
2019-04-04,1.0791463862292006,0.9289326095128638,1.1617057848740067
2019-04-08,1.0747163124769714,0.9251467057261484,1.1616712309789026
2019-04-09,1.0813798055486679,0.9267952628589425,1.1667947052436034
2019-04-10,1.082335878722895,0.9256418982783214,1.1692814259337458
2019-04-11,1.0548307104584451,0.9060888283562545,1.1641581679933355
2019-04-12,1.0492327058373256,0.9040637581071862,1.1605737940807137
2019-04-15,1.039554035622957,0.8948259712002082,1.161738783943238
2019-04-16,1.0648853246885501,0.9139740121816916,1.1651155399338187
2019-04-17,1.0742122822409421,0.9188341361071456,1.1691035846709965
2019-04-18,1.0663094330749876,0.913682897630647,1.1670454113129731
2019-04-19,1.071666838120281,0.9192217428469761,1.1658414810785025
2019-04-22,1.0486739582941385,0.9054354213741658,1.1581985126035623
2019-04-23,1.033175050644779,0.8904087732246678,1.1603379051433587
2019-04-24,1.0424394068327696,0.8985834336164634,1.1600919489883532
2019-04-25,0.9962798761415972,0.863570245233855,1.153675548272051
2019-04-26,0.9860071999908172,0.8555980993123512,1.152418642331343
2019-04-29,0.953118376244054,0.8330644184383762,1.1441112537620144
2019-04-30,0.964022212020349,0.8397028725560798,1.1480515829198459
2019-05-06,0.886793052752676,0.7766155200984811,1.1418688267267998
2019-05-07,0.895771623794748,0.7868358000017716,1.1384479757946082
2019-05-08,0.8917814811956334,0.7827761294109156,1.1392548235556834
2019-05-09,0.8819161230434214,0.7733895837128925,1.1403258352789214
2019-05-10,0.9166672260056146,0.8012201347927375,1.1440891038550116
2019-05-13,0.9063112707101432,0.7919775828393998,1.1443648031814664
2019-05-14,0.9013746411029528,0.7856033654331173,1.1473660637973575
2019-05-15,0.9269656950152135,0.803156604961053,1.154153111970192
2019-05-16,0.9325508239668733,0.8081876749246651,1.153879046786751
2019-05-17,0.9001594909892163,0.7819598174064011,1.1511582449017126
2019-05-20,0.8907256904910654,0.7789506906301835,1.143494320250816
2019-05-21,0.9086038263974081,0.7926056755127016,1.1463503914600062
2019-05-22,0.9008479267011523,0.7873088053068314,1.1442116747952187
2019-05-23,0.8766287446521981,0.7709389352608137,1.1370923228253205
2019-05-24,0.8709232737515,0.7660091969861967,1.1369619022566302
2019-05-27,0.8990785992338631,0.7851824778226172,1.1450568812068886
2019-05-28,0.90033964826828,0.7840022354023727,1.1483891341281693
2019-05-29,0.9034453294642908,0.7842190450117439,1.1520318656004604
2019-05-30,0.8967999079458973,0.7793999451572937,1.1506286515903086
2019-05-31,0.8958741537643509,0.7771217318203608,1.1528105791943557
2019-06-03,0.8829074563971939,0.7679171513302028,1.1497431133915976
2019-06-04,0.8684486531005343,0.7586761629077019,1.1446895204564203
2019-06-05,0.8669004144786,0.7568425879592183,1.1454170632973313
2019-06-06,0.8480690983398805,0.7402242654178464,1.1456921070550927
2019-06-10,0.8575686501922904,0.7475778487587676,1.1471295619795916
2019-06-11,0.8927085784976362,0.7754558269406627,1.15120493970567
2019-06-12,0.8891652227644836,0.7694470290270978,1.1555899096637745
2019-06-13,0.8934331496963147,0.771687270900851,1.1577658248183105
2019-06-14,0.8772823890667245,0.7586951486392916,1.1563042028674064
2019-06-17,0.8775117095684177,0.7598153068030928,1.1549013315624426
2019-06-18,0.8771447594879195,0.7589514932426792,1.1557323060796025
2019-06-19,0.8892508928551295,0.7687240076958466,1.1567882412317876
2019-06-20,0.9058189732029441,0.7838819924356367,1.155555277381014
2019-06-21,0.9218473436972296,0.7944155741370844,1.1604094553389956
2019-06-24,0.9232200880325174,0.7948727952260777,1.1614689716106528
2019-06-25,0.9080727841553115,0.7870873051049495,1.1537129086769222
2019-06-26,0.9044366792013783,0.7851255206278475,1.15196443809153
2019-06-27,0.9131418128741853,0.7922275244117409,1.1526257100852786
2019-06-28,0.9028652274134269,0.7832096741758079,1.1527758877130005
2019-07-01,0.9261311754057932,0.8069061752692743,1.1477557165760095
2019-07-02,0.9240411260656188,0.8043985696224264,1.148735416696913
2019-07-03,0.9148520580138415,0.7974864231544314,1.1471694457131623
2019-07-04,0.9106975479294037,0.7950024938316836,1.145527913428426
2019-07-05,0.9139474631211395,0.7977933219215426,1.1455942761213285
2019-07-08,0.8786864666143648,0.770600393607719,1.140262156499323
2019-07-09,0.8805801516852146,0.772315363574153,1.1401820981652229
2019-07-10,0.8722456021431901,0.7663414100620942,1.1381945314328177
2019-07-11,0.8765053670559474,0.7664505594052735,1.1435902241836327
2019-07-12,0.8815114303925053,0.7691432573216602,1.1460952455881077
2019-07-15,0.891907794796605,0.7792290735729848,1.1446028196906932
2019-07-16,0.8906957617510245,0.7802938380728532,1.141487627213408
2019-07-17,0.8884737824153857,0.7798255233603035,1.139323804877419
2019-07-18,0.8695610526954839,0.7663809450561107,1.1346329241416864
2019-07-19,0.8751276718044102,0.771851813907963,1.1338027015490852
2019-07-22,0.8560551206763783,0.7556955519557935,1.1328042337431352
2019-07-23,0.8624122933343292,0.7631867260103543,1.1300147970899441
2019-07-24,0.8713591069684959,0.7709563574615663,1.1302314307874877
2019-07-25,0.8725786085142336,0.773900634934981,1.1275072911492612
2019-07-26,0.8714221445814188,0.7749242264561468,1.1245256179001817
2019-07-29,0.8697641557506737,0.7747517913410014,1.122635875736689
2019-07-30,0.8747711525713475,0.7788494333950371,1.1231582319552877
2019-07-31,0.8675076406593659,0.7757295192909541,1.1183120135125197
2019-08-01,0.8599763130203513,0.770551328520983,1.1160532480957668
2019-08-02,0.8470140003700686,0.7609717984453878,1.1130688444702668
2019-08-05,0.836583678919353,0.7518051894184095,1.1127665659857011
2019-08-06,0.818195158515912,0.7357596403402561,1.112041370110398
2019-08-07,0.8136477942420489,0.7319310000440012,1.111645488704721
2019-08-08,0.8179809888084436,0.7366361110550629,1.11042749131165
2019-08-09,0.8080522742285557,0.7278160102430618,1.1102425102722022
2019-08-12,0.8272514749431724,0.7412162885068784,1.1160729840538248
2019-08-13,0.8235447951284406,0.7369984034861069,1.1174309079001488
2019-08-14,0.8275397947584558,0.7410248676601431,1.1167503694869134
2019-08-15,0.8310454815632851,0.7446177870692863,1.116069876378009
2019-08-16,0.8331641736817952,0.7471664912409876,1.1150984197618017
2019-08-19,0.8594345431304387,0.7712743498522341,1.1143045834405032
2019-08-20,0.8593246455536317,0.7708899446279266,1.1147176734396096
2019-08-21,0.860784278006006,0.7724894366739847,1.1142990921820002
2019-08-22,0.861043787145935,0.7733105137248587,1.1134515461305257
2019-08-23,0.8579024324548145,0.7733089501940219,1.109391572720797
2019-08-26,0.8528773693035262,0.7681766229952639,1.1102620722536418
2019-08-27,0.8671303874337406,0.7809377894160716,1.110370632828663
2019-08-28,0.8670682543109164,0.7796831676003045,1.1120776878889975
2019-08-29,0.8688256046665442,0.7806308161951109,1.1129788712432664
2019-08-30,0.8552635726501074,0.7730858864613035,1.1062982621050828
2019-09-02,0.8737549064587964,0.7923572974711962,1.1027284146273155
2019-09-03,0.8812925025593573,0.7980338078550139,1.1043297838823762
2019-09-04,0.8920411216065548,0.8058003122445522,1.10702503840161
2019-09-05,0.90012718190273,0.8129418510224622,1.1072467000814536
2019-09-06,0.9028836065190995,0.8155095409257533,1.1071404578469561
2019-09-09,0.9196129585023237,0.832725876785281,1.1043405568858606
2019-09-10,0.9222169726789656,0.8298543407227028,1.111299811814958
2019-09-11,0.9148277358542157,0.8254213585310957,1.1083160453737544
2019-09-12,0.9187979635168964,0.8294271989888559,1.107749980513047
2019-09-16,0.9192733426300604,0.8306501034647904,1.1066914201245586
2019-09-17,0.9021088304629525,0.8132646084594898,1.1092439300558696
2019-09-18,0.9017948184584796,0.8133578991327528,1.1087306331198397
2019-09-19,0.9107906260288927,0.8213680165174362,1.1088703330458427
2019-09-20,0.9124310574710344,0.8233946502973413,1.1081333321045268
2019-09-23,0.9050418482466126,0.81817379747168,1.1061731028827522
2019-09-24,0.9056516149013194,0.8196388258657722,1.1049398665865946
2019-09-25,0.8877662620584207,0.8048099271402062,1.1030756854764325
2019-09-26,0.8674805534404401,0.7863358424032378,1.1031934533076908
2019-09-27,0.8766348529862198,0.7919348463298593,1.1069532513298208
2019-09-30,0.8617061453494149,0.7816940171641423,1.102357350099139
2019-10-08,0.8596519226089451,0.7818300443469449,1.0995381014386625
2019-10-09,0.8694341289695948,0.7883466919670761,1.10285758515735
2019-10-10,0.8822615555281551,0.7983786780853047,1.105066530138331
2019-10-11,0.8819516942731502,0.7998279222633301,1.1026768005015737
2019-10-14,0.8991074528354085,0.8117900499726777,1.1075615583926777
2019-10-15,0.8859758324378316,0.8006948628854174,1.1065087007616012
2019-10-16,0.8810779058603688,0.7971130370998306,1.1053362131248425
2019-10-17,0.8779516724362365,0.7957666881416372,1.1032777389645787
2019-10-18,0.8651580321707578,0.7850021505994377,1.1021091235356644
2019-10-21,0.8628757112706381,0.7832982742565601,1.1015927643777923
2019-10-22,0.8742762094486546,0.7919221891754661,1.1039925656824112
2019-10-23,0.865711532253868,0.7858533070054581,1.1016197610120324
2019-10-24,0.8645710386925485,0.7844389072289387,1.1021521634446712
2019-10-25,0.8693715472911998,0.7901850319619194,1.1002126237859395
2019-10-28,0.8851195142227964,0.8044080252612963,1.1003365038971145
2019-10-29,0.8754401812858416,0.7922639323440835,1.1049855301321911
2019-10-30,0.8651645808052512,0.7828014437197011,1.1052158727431294
2019-10-31,0.8592064428314642,0.7779792912574266,1.104407858264135
2019-11-01,0.8669146224565891,0.7850875491646673,1.1042266857740717
2019-11-04,0.8673002796136335,0.7891203419159001,1.0990722625498677
2019-11-05,0.8730708813779444,0.7950467938720596,1.0981377298886896
2019-11-06,0.8596588697899644,0.7870462065800957,1.0922597207162565
2019-11-07,0.8689177742487038,0.7921626751089375,1.0968931023280175
2019-11-08,0.8612940987806303,0.7891915197958996,1.0913625871238173
2019-11-11,0.8378879238714201,0.771451550013739,1.086118660149815
2019-11-12,0.8396886205614813,0.7723138000433158,1.0872376235079402
2019-11-13,0.8367269287980008,0.7713534942941161,1.0847515892356323
2019-11-14,0.8452021529497253,0.7771391540211131,1.0875814821276695
2019-11-15,0.8358781956870397,0.7702302090686411,1.0852316435339244
2019-11-18,0.8416874596449199,0.7740303335405865,1.087408882019978
2019-11-19,0.8567589621096248,0.7871062908365387,1.0884920779874074
2019-11-20,0.851090598620803,0.7825451735701624,1.0875929305626149
2019-11-21,0.8483444186007782,0.7824565734894098,1.0842063922059442
2019-11-22,0.8392166824298041,0.7758687479892791,1.0816477459682399
2019-11-25,0.8336856220196721,0.7754605919870219,1.0750844474036467
2019-11-26,0.83365967420555,0.7724008365932313,1.0793096468959151
2019-11-27,0.8405782440702596,0.7758972638135885,1.0833628152505135
2019-11-28,0.8368372920856587,0.7735241218187063,1.0818502855710443
2019-11-29,0.8368288356778915,0.7744227053267766,1.0805840659395205
2019-12-02,0.836509199090618,0.776080718098441,1.0778636546211835
2019-12-03,0.8374760169570902,0.7794079117191757,1.0745028429462964
2019-12-04,0.8369956683291382,0.7784934695411891,1.0751479634407566
2019-12-05,0.8451303650166435,0.7859181563082608,1.075341443931673
2019-12-06,0.8535520001200987,0.7927069327478464,1.0767560681743231
2019-12-09,0.8595109141441961,0.7949360809980432,1.081232736429675
2019-12-10,0.8594574599958583,0.7988042562883145,1.0759299956529678
2019-12-11,0.8569374180208128,0.7953600956702165,1.0774206836448184
2019-12-12,0.8509026993312055,0.792942653634958,1.0730948769504967
2019-12-13,0.8611562233458995,0.8027025853875815,1.0728210410959296
2019-12-16,0.8770418808957192,0.8173131109729396,1.0730794222200568
2019-12-17,0.8914533155717487,0.8283909503132962,1.0761263329042916
2019-12-18,0.8923348785989892,0.828242191522251,1.0773839919443615
2019-12-19,0.8980619220369124,0.8292895338213665,1.082929285141997
2019-12-20,0.8904262914293379,0.8202621534927138,1.0855386752123843
2019-12-23,0.8712016457600896,0.804389039529706,1.0830600654000038
2019-12-24,0.883627286278976,0.8166850182996376,1.081968282115318
2019-12-25,0.88893202221682,0.8200122119203722,1.0840472974604192
2019-12-26,0.8966522405913998,0.8257140366129764,1.085911345614769
2019-12-27,0.8900476184561008,0.8193935748859404,1.0862272365023065
2019-12-30,0.8987218198022376,0.8293211767073496,1.0836836741230087
2019-12-31,0.9006343472578547,0.833390302937076,1.0806873371141874
2020-01-02,0.920638170545262,0.8489707388182027,1.0844168455403103
2020-01-03,0.9187517362636384,0.8512647363712025,1.0792785099734326
2020-01-06,0.9318954058722645,0.8598412241880584,1.0837994034913205
2020-01-07,0.9461490804791534,0.8701232263324782,1.0873736636902798
2020-01-08,0.932003384450751,0.8580930478048046,1.086133242583687
2020-01-09,0.9447512146756664,0.8697593703705973,1.0862213697946315
2020-01-10,0.9422521667530801,0.8670207344291481,1.0867700498229318
2020-01-13,0.9532260868663901,0.8795825134413375,1.0837255997017545
2020-01-14,0.9521988207862463,0.8768455154845746,1.085936808674934
2020-01-15,0.9462105488361411,0.8748995896773888,1.0815075924141735
2020-01-16,0.9429663146727115,0.8745262036227883,1.0782596459275948
2020-01-17,0.9371359714457341,0.8717385770484524,1.0750195025425
2020-01-20,0.9483842208417896,0.8839981478860409,1.07283507675861
2020-01-21,0.9353714860833333,0.873936082412666,1.0702973648840122
2020-01-22,0.9445707469299103,0.8820948841345453,1.0708266921382978
2020-01-23,0.90428703885967,0.8508059517513722,1.0628593241481301
2020-02-03,0.823365741457086,0.7769477331743776,1.0597440552314352
2020-02-04,0.8412563357583762,0.790485676605683,1.0642271715418052
2020-02-05,0.8662854036648688,0.8106557455774953,1.0686230355990927
2020-02-06,0.8957090330169822,0.8357998528643009,1.0716788594151716
2020-02-07,0.9105158338920099,0.8427847407431324,1.0803658275648833
2020-02-10,0.9155650609511988,0.8524971709398566,1.0739801751386595
2020-02-11,0.9050305546267291,0.8482018539157382,1.066999029121005
2020-02-12,0.9203750618655874,0.8638122946981617,1.0654803914167374
2020-02-13,0.9073712611153771,0.8563590921067806,1.059568666320922
2020-02-14,0.9015557492052404,0.857618404515058,1.0512318117928299
2020-02-17,0.9315939054402949,0.8850897902255327,1.052541692072747
2020-02-18,0.9481903835350888,0.895590091056311,1.0587325529883185
2020-02-19,0.9292072428427894,0.8864852042704621,1.0481926132173698
2020-02-20,0.9386573065683305,0.9028518728009566,1.0396581486354934
2020-02-21,0.9494923658848966,0.9150846402527714,1.037600593561073
2020-02-24,0.9575093976092456,0.9279691022481389,1.0318332747173813
2020-02-25,0.9641799884179847,0.9330713500917507,1.033340042348503
2020-02-26,0.9417633220207955,0.9086550291825561,1.0364365922984262
2020-02-27,0.9462421167538022,0.9102908547071077,1.0394942581931816
2020-02-28,0.8960958024953435,0.8624421949620185,1.0390212906208829
2020-03-02,0.9314959766031192,0.8948955855493692,1.0408990631362667
2020-03-03,0.9421501089578269,0.9033755811774391,1.0429218240876623
2020-03-04,0.9383602485552398,0.904402374214128,1.0375473078237099
2020-03-05,0.9501193005356875,0.9177884317927144,1.0352269298925694
2020-03-06,0.944903650079129,0.9118935482686886,1.0361995124026406
2020-03-09,0.8913891984908044,0.8742335255409066,1.0196236731361719
2020-03-10,0.9290274052585444,0.8978525201771769,1.034721610042611
2020-03-11,0.9119156375620139,0.8843130132150346,1.0312136358218074
2020-03-12,0.89812717056197,0.8691803427840311,1.0333035923076914
2020-03-13,0.8921001846729425,0.8633771864024317,1.0332681923067661
2020-03-16,0.8474568353180139,0.8227033463059217,1.0300879887303724
2020-03-17,0.847393660497295,0.8245938784491748,1.027649710535082
2020-03-18,0.8334815834064472,0.8099453814006371,1.0290589989723862
2020-03-19,0.8432675796211384,0.8160126255859589,1.033400162179609
2020-03-20,0.8558815475649256,0.8257361494062394,1.0365073010069412
2020-03-23,0.8168975721833887,0.7908717198146762,1.0329078050417722
2020-03-24,0.831893317050213,0.8062385476019547,1.031820321075648
2020-03-25,0.8537403424078749,0.8254419077935213,1.034282769444064
2020-03-26,0.84292675191328,0.8173242045964954,1.0313248367940167
2020-03-27,0.8361790700657152,0.8127725429689894,1.0287983732954658
2020-03-30,0.814928318205798,0.795393302087036,1.0245601969082516
2020-03-31,0.8129354539173921,0.7976019010748061,1.0192245690762813
2020-04-01,0.8127797471078614,0.7940849245920223,1.0235425984512223
2020-04-02,0.8363262418957537,0.814332500021031,1.0270083066488869
2020-04-03,0.830796222935293,0.8079788318771751,1.028240085207562
2020-04-07,0.8608894444575588,0.8332969378099631,1.0331124541512335
2020-04-08,0.863692449636107,0.8340452734500008,1.0355462432674327
2020-04-09,0.8748552863414822,0.842060155881044,1.0389463035762865
2020-04-10,0.8546616575062311,0.824032273063362,1.0371701272439289
2020-04-13,0.8442137950523133,0.8178099415097984,1.0322860510765735
2020-04-14,0.8656248426664178,0.8367016378878941,1.0345681225765677
2020-04-15,0.8639674853048912,0.8335627380522211,1.0364756554782146
2020-04-16,0.8681452932579703,0.8411915772742707,1.0320423036938127
2020-04-17,0.8689507141192611,0.8414257346305455,1.0327123100184252
2020-04-20,0.8794115343378919,0.8514467015790671,1.0328439028619902
2020-04-21,0.8721471248295298,0.8454489972890586,1.0315786376541685
2020-04-22,0.8819846379638102,0.852369035865087,1.0347450468665438
2020-04-23,0.8821229050208419,0.8476497041687954,1.0406691593030766
2020-04-24,0.8658828113403008,0.8343221673158151,1.0378278862301151
2020-04-27,0.8609569700256482,0.8330834041699643,1.0334583136768347
2020-04-28,0.8517739284300047,0.8270920284571525,1.0298417819585246
2020-04-29,0.8504044186138137,0.8269274854500405,1.0283905585155346
2020-04-30,0.870042709281654,0.84702794007269,1.027171204301701
2020-05-06,0.8867783539407545,0.8624469600083783,1.028212046723592
2020-05-07,0.8891840674342333,0.8615657242472117,1.032055991098245
2020-05-08,0.9012659481257916,0.8713667545246884,1.0343129841089849
2020-05-11,0.9007424944526955,0.8695457622767487,1.0358770446931553
2020-05-12,0.9022104356191178,0.8721198552110859,1.034502803976122
2020-05-13,0.9092252622200584,0.8758883367970483,1.038060702514794
2020-05-14,0.9020483493836144,0.868109249706966,1.0390954245541155
2020-05-15,0.90292882126871,0.8714031624570313,1.036178040394974
2020-05-18,0.9010297100082713,0.8667976706964293,1.0394925372657475
2020-05-19,0.9120072654157122,0.8777236241840671,1.039059722544799
2020-05-20,0.9065361450355294,0.8685189692400598,1.043772418498509
2020-05-21,0.893847727001637,0.8584679973902413,1.0412126366025882
2020-05-22,0.8754462155359382,0.8429730345281936,1.0385222061414094
2020-05-25,0.870716654701284,0.8411330565486641,1.035171127709577
2020-05-26,0.8943718641305798,0.8575250393879453,1.042968803300407
2020-05-27,0.8859599514520147,0.849502339302718,1.0429164352616398
2020-05-28,0.8843209759091314,0.8481844317149847,1.0426045832049529
2020-05-29,0.8929475108821595,0.8553307355392546,1.0439792162024772
2020-06-01,0.9274343536366705,0.881140906962542,1.0525380745671096
2020-06-02,0.9304303957079781,0.880659935095599,1.0565149595535719
2020-06-03,0.9332349780795416,0.881588672412665,1.0585832228600838
2020-06-04,0.9347324402804442,0.8822910700276402,1.0594377207639212
2020-06-05,0.9344614795616877,0.88366273329462,1.0574865775743096
2020-06-08,0.9321290373461729,0.8820616777177251,1.0567617445505553
2020-06-09,0.9425598528500081,0.8876116165576107,1.0619057201003081
2020-06-10,0.9431244199754208,0.8883805759139243,1.0616220632752789
2020-06-11,0.9394485484027276,0.8842449623967088,1.0624301956512048
2020-06-12,0.9441807639006179,0.8846231134976691,1.067325451363651
2020-06-15,0.9421290255635836,0.884488575391854,1.0651681115792742
2020-06-16,0.9654382214192643,0.9010467392229334,1.071462976772839
2020-06-17,0.9711015212683728,0.9073940787895926,1.0702092331964101
2020-06-18,0.9771668786227273,0.9072327372980035,1.0770851165854174
2020-06-19,0.9916310203365669,0.9155781948202583,1.083065352524302
2020-06-22,0.9862738975154949,0.9150846402527715,1.0777952706572138
2020-06-23,0.9944006346803568,0.9182978450301176,1.0828737539373658
2020-06-24,0.9895543391465562,0.9158851680412188,1.08043494280281
2020-06-29,0.9879429722676727,0.9116688465512841,1.083664288853264
2020-06-30,1.0062538276291702,0.9278029957101901,1.0845554846036356
2020-07-01,1.013887186575745,0.9305669459604258,1.0895370730467173
2020-07-02,1.0311087411564783,0.9453420145528958,1.0907256054245578
2020-07-03,1.0448841172699515,0.9574022724357157,1.0913741771383874
2020-07-06,1.081254063993161,0.9966935045493882,1.0848410861090172
2020-07-07,1.1018686269145201,1.00937709005915,1.0916322925953768
2020-07-08,1.1228127934213596,1.0339611554909798,1.0859332456142303
2020-07-09,1.1529251397610052,1.059010334119836,1.0886816706271554
2020-07-10,1.1491849341521119,1.0562717726322362,1.087963310132141
2020-07-13,1.184535241685382,1.0915649819423323,1.0851715301251403
2020-07-14,1.1773554996581577,1.0770429819838776,1.0931369679318719
2020-07-15,1.1581189534016676,1.0503231334289636,1.1026311013647636
2020-07-16,1.1087509948548657,0.9998798314871106,1.1088842478258936
2020-07-17,1.1047728675149042,1.0037701195706454,1.1006233857483843
2020-07-20,1.1458637451311635,1.032602149378393,1.109685609138962
2020-07-21,1.1511704042621371,1.038375151950997,1.10862668670298
2020-07-22,1.1663308573927222,1.0474515973663858,1.1134937980191497
2020-07-23,1.1689106541091536,1.0473566687084366,1.1160578712413347
2020-07-24,1.1039420704568983,0.9941811338561803,1.110403358968383
2020-07-27,1.0992811666944622,0.9965163043878829,1.1031241153346742
2020-07-28,1.1116810128097918,1.0061543551890844,1.104881181576634
2020-07-29,1.1437923045108538,1.033146332563453,1.1070961280701301
2020-07-30,1.1414083640680202,1.0301672851423815,1.107983509600835
2020-07-31,1.1533026797794865,1.0409619020397272,1.107920162610785
2020-08-03,1.186222863208953,1.066297430173268,1.112469025660315
2020-08-04,1.176818054116497,1.0596368632623008,1.1105861780737136
2020-08-05,1.1900013714535747,1.071523048045289,1.1105700186518788
2020-08-06,1.190635815644889,1.0711212206202285,1.111578962981852
2020-08-07,1.1799832444681126,1.0582398856865345,1.1150432528845735
2020-08-10,1.1849972555502999,1.0640018690894313,1.1137172687153416
2020-08-11,1.162235049814238,1.0443127719845617,1.1129185441307803
2020-08-12,1.147926427411314,1.0328505274198976,1.1114158311744107
2020-08-13,1.1503029771558857,1.036688697808872,1.109593438789433
2020-08-14,1.1664645826077857,1.047905691393705,1.1131388942609888
2020-08-17,1.1930225423931893,1.0670473293441423,1.118059630144501
2020-08-18,1.2084764947171345,1.074143004550839,1.1250610855325245
2020-08-19,1.180543033626965,1.054662750493458,1.1193559581720411
2020-08-20,1.16686973125815,1.0431958153362835,1.1185529256384135
2020-08-21,1.175291871009923,1.0511299897946074,1.1181222897460827
2020-08-24,1.187241742055571,1.0582525428409275,1.1218888630008543
2020-08-25,1.1741004003945126,1.0524921229688675,1.115543171081046
2020-08-26,1.149589241127461,1.0324518270565104,1.1134555734236105
2020-08-27,1.1594765304952275,1.0408226733414012,1.1140000695535448
2020-08-28,1.175835626637712,1.058608506694775,1.110736990305271
2020-08-31,1.174566740194648,1.0550044936620755,1.1133286609212008
2020-09-01,1.1847962905514067,1.0616540414033355,1.1159909389929858
2020-09-02,1.1844267470998282,1.0627773266288105,1.1144636956613447
2020-09-03,1.1736421065840001,1.054026765712123,1.113484158811719
2020-09-04,1.1641771047442737,1.047117820759651,1.111791893580514
2020-09-07,1.1385308203445093,1.0250049530423264,1.1107564085082962
2020-09-08,1.1437286320566535,1.0323284570281015,1.1079115607732584
2020-09-09,1.107492469874571,1.0045026709946163,1.1025281483602014
2020-09-10,1.0981892844435384,0.9865222152789842,1.113192655406118
2020-09-11,1.1157938636138967,0.9986093510014272,1.1173477020768474
2020-09-14,1.1264335894492536,1.0048222269161207,1.1210277393110302
2020-09-15,1.1350240321355949,1.0106189802666743,1.1230978779322882
2020-09-16,1.1280700731766755,1.0052335844339009,1.1221969606317423
2020-09-17,1.1332268597749324,1.0073187389394125,1.1249933273038148
2020-09-18,1.1520956897613237,1.0235272674938412,1.1256130895098564
2020-09-21,1.1493662896515089,1.0198077765407656,1.1270420917461639
2020-09-22,1.1317828695314023,1.005994577228332,1.1250387379320037
2020-09-23,1.1362319689314357,1.011275588764286,1.123563133091978
2020-09-24,1.107741594213463,0.9879571643179303,1.1212445581871253
2020-09-25,1.1046291272534485,0.9867310583264727,1.119483488365041
2020-09-28,1.0921364857154172,0.977488506373135,1.1172883144863475
2020-09-29,1.1054254863178812,0.9854464316094086,1.121750965714621
2020-09-30,1.0964038211783467,0.9797081989844615,1.1191126320212985
2020-10-09,1.13023848834143,1.0058869914159894,1.123623725116865
2020-10-12,1.1631286633688387,1.034872396153443,1.1239343784722797
2020-10-13,1.1641733708841329,1.0364893104002542,1.1231889795704422
2020-10-14,1.1540202951567107,1.029681622682928,1.1207544834584957
2020-10-15,1.142342837405942,1.0220353612601254,1.1177136141331574
2020-10-16,1.1364407000875818,1.0170739056456761,1.1173629504987912
2020-10-19,1.1249392702458023,1.005942385079922,1.1182939370393723
2020-10-20,1.1367343664820118,1.016192744338359,1.1186208254440324
2020-10-21,1.1195536717114207,1.004627679007712,1.1143966019503098
2020-10-22,1.1115483753640467,0.9994273009906279,1.1121853227966505
2020-10-23,1.0895539542898436,0.9829925816418074,1.108405062905008
2020-10-26,1.0978301713638652,0.9831697818033127,1.1166231831802687
2020-10-27,1.1053512298876351,0.9842708797816749,1.1230152721096631
2020-10-28,1.1129578765288106,0.9881723359426156,1.1262791276859236
2020-10-29,1.112146734079075,0.9896262707131515,1.1238047806447498
2020-10-30,1.0863735058871868,0.9668900753688847,1.123574989093478
2020-11-02,1.0985435775446253,0.9718958310237104,1.1303100008027767
2020-11-03,1.1136024726259464,0.9875031447444603,1.1276951152536503
2020-11-04,1.1107172621913621,0.9862991515462661,1.1261464236789012
2020-11-05,1.1369622835308275,1.0049393428211832,1.1313740392917786
2020-11-06,1.123611662182794,0.9969133667665836,1.127090577416117
2020-11-09,1.1445567688853342,1.015961714043758,1.1265747055858422
2020-11-10,1.1363230353711742,1.0082791191424618,1.1269925299431107
2020-11-11,1.1230612303932332,0.9958628974057946,1.1277267516630936
2020-11-12,1.1281105830291829,0.9991662657947302,1.1290519122279326
2020-11-13,1.1266221163019927,0.9978183533057001,1.1290853816925446
2020-11-16,1.137454292843918,1.010538346747805,1.1255924097334493
2020-11-17,1.128755972551943,1.0025598722491047,1.1258738792524527
2020-11-18,1.1268095942161307,1.0032037491384735,1.1232111075978402
2020-11-19,1.1328796614407315,1.0063030395262806,1.125783801640942
2020-11-20,1.1489634998535467,1.0161737586067696,1.1306762156787429
2020-11-23,1.1563368974884056,1.0240746521944244,1.1291529333438386
2020-11-24,1.1552245337941796,1.024432254032958,1.1276729420089244
2020-11-25,1.1301477202983203,1.0046845617486329,1.1248781591023171
2020-11-26,1.128741642873478,1.0021421861541282,1.1263288368342164
2020-11-27,1.1295107014405985,1.004880747641728,1.1240246209227853
2020-11-30,1.1244735919931663,1.0000285158243074,1.1244415276161208
2020-12-01,1.1417246806303998,1.0167480211469757,1.1229180257881792
2020-12-02,1.1456826334681631,1.0180706193272195,1.1253469177072162
2020-12-03,1.1423714084758874,1.019004047236796,1.12106660574472
2020-12-04,1.1482965735746522,1.0227773683229675,1.12272387827421
2020-12-07,1.1329918272326767,1.0164411223798646,1.1146654757335317
2020-12-08,1.129115413488194,1.0162781429035894,1.1110299098455658
2020-12-09,1.1083053624600534,0.9978578882997171,1.1106845728789412
2020-12-10,1.1066567541116947,0.9998956157031785,1.1067722837582763
2020-12-11,1.0882951301618,0.9823866762156191,1.1078072988063772
2020-12-14,1.095030149132729,0.9902322505931905,1.1058316354337683
2020-12-15,1.0950376942187847,0.9912700627995863,1.104681494290399
2020-12-16,1.0887177577383642,0.9865016660165584,1.1036147177881097
2020-12-17,1.1079020938322295,0.998123688541975,1.1099847709762456
2020-12-18,1.1020456854639444,0.995437319202785,1.1070970157583992
2020-12-21,1.119990627386375,1.0123150389553688,1.106365690805225
2020-12-22,1.091980208619749,0.9888146493011482,1.1043325555416414
2020-12-23,1.1002164718234444,0.9979179725561602,1.1025119319228687
2020-12-24,1.0851453083857128,0.9817206120791374,1.1053504378272525
2020-12-25,1.0969008803494757,0.9933141187802444,1.104283991952548
2020-12-28,1.0897644789488483,0.9879318500091447,1.103076572476898
2020-12-29,1.0755502161957067,0.9808710192039539,1.0965256339906868
2020-12-30,1.0915490580894065,0.9918507283708384,1.1005174739169947
2020-12-31,1.1087319375521165,1.007333034078493,1.1006607547288303
2021-01-04,1.1295920002400364,1.0256346092464663,1.1013590903196486
2021-01-05,1.1374624234021018,1.034643003843529,1.0993767117514113
2021-01-06,1.1306448806655591,1.0328093544411963,1.0947275756204755
2021-01-07,1.1231577029051267,1.0343882972248275,1.0858182617866614
2021-01-08,1.1302474803063272,1.0374702398657307,1.0894264113567282
2021-01-11,1.1110843053944126,1.0213012463053186,1.0879104567960678
2021-01-12,1.1245555820402875,1.0351967171213081,1.0863206610309488
2021-01-13,1.1101175502791822,1.0278685225430226,1.0800190159853027
2021-01-14,1.095489000257383,1.0188474707915667,1.0752237519972168
2021-01-15,1.098047196560711,1.0153051799999964,1.081494725123647
2021-01-18,1.111815868760566,1.0306450554938023,1.0787572916923112
2021-01-19,1.1029654277638143,1.0246189098333336,1.0764640562247916
2021-01-20,1.1127443024893044,1.0339611554909804,1.0761954610963247
2021-01-21,1.1286941383174605,1.047737946871071,1.077267595096803
2021-01-22,1.120964561800649,1.0501601539526892,1.0674224855908496
2021-01-25,1.1207494918821495,1.0513467249501303,1.0660132050492774
2021-01-26,1.100122236683868,1.033571985220313,1.0643885983900478
2021-01-27,1.1040145449142331,1.0374006255165678,1.064212337798134
2021-01-28,1.0794961972100534,1.01481155097866,1.063740549828205
2021-01-29,1.0654193541698944,1.0040153705504773,1.061158409941225
2021-02-01,1.0762486153392972,1.0114733381882182,1.0640405186231665
2021-02-02,1.0913009373235452,1.021204754116532,1.0686406745801482
2021-02-03,1.074796290558012,1.0124305168757441,1.0616000531816465
2021-02-04,1.0571710057095325,1.0012704804856807,1.0558295948131182
2021-02-05,1.0350932082638253,0.9872025001006962,1.0485115345212803
2021-02-08,1.045259386229234,1.0003797146317945,1.0448626365979024
2021-02-09,1.0713635378673243,1.0216936180915086,1.0486152784908234
2021-02-10,1.0793589523138531,1.032339476197809,1.0455465253437954
2021-02-18,1.1032576331684016,1.046478634462793,1.054257198222452
2021-02-19,1.1235729090230804,1.060549741909451,1.0594249987748432
2021-02-22,1.1220660943893659,1.053205688661249,1.0653817259719198
2021-02-23,1.116626816943891,1.0491191402307698,1.064347007050383
2021-02-24,1.1059450948848626,1.0340829619885523,1.0694935856578844
2021-02-25,1.1005688493055594,1.0282229228660327,1.0703601571514008
2021-02-26,1.0796186569057036,1.0068963622519256,1.072224210335942
2021-03-01,1.1018783460188457,1.0265285021620254,1.0734025832678995
2021-03-02,1.088059530253452,1.0178095841313208,1.0690207158759346
2021-03-03,1.1102723698745423,1.032273063364169,1.075560730274385
2021-03-04,1.0875051590042961,1.0128513300323942,1.0737066011154017
2021-03-05,1.0839262376622376,1.013090252435029,1.0699207055412385
2021-03-08,1.059620271350262,0.9898193295445727,1.0705188711942062
2021-03-09,1.0312146618817772,0.9663394891527788,1.0671349701189141
2021-03-10,1.0220928236167983,0.9591030217169195,1.0656757412640812
2021-03-11,1.0542175096193915,0.983082745253397,1.072358877937237
2021-03-12,1.0555443943260479,0.9844354227887869,1.072233251558358
2021-03-15,1.0506590998852965,0.9767607199955243,1.0756565844397499
2021-03-16,1.059104123362477,0.9801416692955054,1.0805622865965154
2021-03-17,1.0650642544541764,0.9849069390168597,1.0813856743839476
2021-03-18,1.0711334683940303,0.9925800038254362,1.0791406881720833
2021-03-19,1.0578567308589573,0.9819389107654954,1.0773141987359256
2021-03-22,1.0762321216116422,0.9976158388354082,1.0788041646050937
2021-03-23,1.0524938831680495,0.9839275730822208,1.0696863386712907
2021-03-24,1.0326560801175393,0.9718040294274347,1.0626176151234497
2021-03-25,1.0368777452186366,0.9741566221598902,1.0643850502393362
2021-03-26,1.0555238117031895,0.9890883416514389,1.0671683885595358
2021-03-29,1.063909248827861,0.9895867357191348,1.075104597127321
2021-03-30,1.06436726450818,0.993608434846811,1.071213998573068
2021-03-31,1.0610269789940252,0.9894490705516459,1.072341175076826
2021-04-01,1.073682319727654,0.9985603603685409,1.0752302638284055
2021-04-02,1.0715292941865662,1.0009255358015403,1.070538472503338
2021-04-06,1.0807331351787957,1.0035343986835341,1.0769268463507908
2021-04-07,1.0812622475174707,1.0043222693175882,1.076608854100349
2021-04-08,1.0765442270549221,1.0056940070384175,1.0704490824452115
2021-04-09,1.072599727715126,1.0022908704913236,1.0701481568811826
2021-04-12,1.0550403383253615,0.9850746090856454,1.0710258173283533
2021-04-13,1.0486136154671908,0.9824419954257019,1.067354225847009
2021-04-14,1.0609992547305243,0.9931100407791152,1.0683602130315273
2021-04-15,1.053134524891429,0.9929913613432164,1.0605676603942022
2021-04-16,1.0613362341054486,1.0029791218749182,1.0581837756716617
2021-04-19,1.0758845171478113,1.0165328495222905,1.0583863744820567
2021-04-20,1.075481476376668,1.0170517928524132,1.057450057052044
2021-04-21,1.0707117989819284,1.0157417773727133,1.0541181064260239
2021-04-22,1.079076963762941,1.0197302700835698,1.0581984230736894
2021-04-23,1.08287672784284,1.0224657045094958,1.0590836671263462
2021-04-26,1.076869217927064,1.0192841426181327,1.0564956059858033
2021-04-27,1.0694124410646653,1.0198584051583388,1.0485891332126962
2021-04-28,1.0812988391301765,1.026734143693991,1.053143937767446
2021-04-29,1.0815239649787634,1.0270806519089681,1.053007826570002
2021-04-30,1.0801091864939918,1.0260965953818189,1.0526388951637389
2021-05-06,1.0881191506317374,1.026672495906711,1.059850297899292
2021-05-07,1.076615165223952,1.0195672906072946,1.0559530255062197
2021-05-10,1.079204700556012,1.0245588255768903,1.05333600532732
2021-05-11,1.0789104953400788,1.0214025035404644,1.0563029673417441
2021-05-12,1.0924010137270193,1.030263777331168,1.0603119684133842
2021-05-13,1.0856248798900716,1.0187113691549143,1.0656844644726664
2021-05-14,1.1024673563652394,1.0324391699021183,1.067827905512109
2021-05-17,1.1129770679294586,1.0407198525754193,1.0694300345815715
2021-05-18,1.118966048394251,1.044114948106781,1.0716885630487256
2021-05-19,1.1119570370827367,1.041708599695079,1.0674357852169218
2021-05-20,1.0905777562508756,1.0360637321972443,1.052616477499912
2021-05-21,1.0952201708401492,1.0327650544008193,1.0604736926111085
2021-05-24,1.102061462461909,1.0353375838043197,1.064446495231453
2021-05-25,1.1144147002519236,1.047290255874797,1.0640934487842226
2021-05-26,1.121014085776438,1.04864136987935,1.0690156978123175
2021-05-27,1.1319000397255878,1.057690863001266,1.0701614992813198
2021-05-28,1.1262136938106462,1.0549633951372226,1.0675381714681729
2021-05-31,1.1352769138493435,1.0645856617223572,1.0664025964924393
2021-06-01,1.140040705341949,1.0662895380652349,1.069166173580334
2021-06-02,1.1317356883514311,1.0570612067971272,1.0706434793691522
2021-06-03,1.128317845226714,1.0548937807880598,1.0696032773876083
2021-06-04,1.130015780028469,1.058901184776657,1.0671588588946677
2021-06-07,1.136839458006446,1.063400654255753,1.0690603334282232
2021-06-08,1.1347487903533413,1.0575563993493002,1.0729912759750084
2021-06-09,1.136831494562101,1.0588758704678705,1.0736211167601595
2021-06-10,1.1482901571402389,1.070383978603748,1.072783393710839
2021-06-11,1.1420061795494652,1.0640999248090548,1.0732132884553958
2021-06-15,1.1333376614677326,1.054249829444842,1.0750181122291835
2021-06-16,1.1138152756746398,1.0388450301943837,1.0721669193202263
2021-06-17,1.1277536322870552,1.0467364681431681,1.07739977215813
2021-06-18,1.1456881804770667,1.0533164015352654,1.0876961365143127
2021-06-21,1.1617212504197287,1.0611350980732135,1.0947910897765585
2021-06-22,1.1661701966797948,1.0662943031115948,1.0936663482837228
2021-06-23,1.1741626863630577,1.0742300411007557,1.093027230145139
2021-06-24,1.168394908239717,1.0686801022608703,1.0933065056305369
2021-06-25,1.1793785715929779,1.077941639945798,1.0941024336459257
2021-06-28,1.180893343972691,1.0803321296875839,1.0930836096804675
2021-06-29,1.1675704463037322,1.0703492086560913,1.0908313257592912
2021-06-30,1.1733050759842207,1.0771141598638778,1.089304290765706
2021-07-01,1.157129895542592,1.0626364599457994,1.0889235774966843
2021-07-02,1.148875202567352,1.0533622651064787,1.0906743488207435
2021-07-05,1.1593703870651928,1.0617410034994028,1.0919521646465686
2021-07-06,1.155980177898174,1.0615021555506174,1.089004079599395
2021-07-07,1.1663164299157458,1.0701450562011134,1.089867605477737
2021-07-08,1.1611445185299356,1.0676960457337212,1.0875234793362905
2021-07-09,1.1683343269769324,1.0765383337928354,1.085269600071447
2021-07-12,1.1865390679619916,1.0923338668447977,1.0862421316197999
2021-07-13,1.1902347496098158,1.1014260964762534,1.0806306055555468
2021-07-14,1.1819839459657886,1.0914431754447609,1.0829550933644645
2021-07-15,1.1918617635776132,1.096768487021091,1.0867031444482902
2021-07-16,1.195221716007564,1.0956151224404698,1.0909138542604466
2021-07-19,1.1920089328263335,1.0899543962727187,1.0936319325859938
2021-07-20,1.1973035840384407,1.0918196885610347,1.0966129266421534
2021-07-21,1.21466844132137,1.1050158888237227,1.099231652328883
2021-07-22,1.2243613411494458,1.1116622350494598,1.1013789103800686
2021-07-23,1.2152606484399802,1.1052073096704582,1.099577099976236
2021-07-26,1.19166781207366,1.0866114928897668,1.096682503241801
2021-07-27,1.1659371977525326,1.0630462539327432,1.0967887741847018
2021-07-28,1.1483979812243692,1.047655675367515,1.0961597481171608
2021-07-29,1.1739436013449527,1.0693160870422063,1.0978452635012277
2021-07-30,1.1752540665947646,1.0706497788460065,1.0977016852901285
2021-08-02,1.1873141532498044,1.0872110697387596,1.092073274727692
2021-08-03,1.1664668142092909,1.0783529230097295,1.081711552238048
2021-08-04,1.196211403798177,1.0965991789676195,1.090837405992166
2021-08-05,1.185604399010383,1.0935125457342056,1.0842165493532085
2021-08-06,1.1910004726732841,1.0977905150114202,1.0849068710170942
2021-08-09,1.2054077221397566,1.1042232531433092,1.0916340682995156
2021-08-10,1.211787918868901,1.1105041798763287,1.0912051848412239
2021-08-11,1.2192339441866713,1.1190933248475778,1.0894837071365184
2021-08-12,1.2225236955000465,1.1225232647804457,1.0890853970310894
2021-08-13,1.2210619264522964,1.1215249875680664,1.0887514232741864
2021-08-16,1.2216722823994068,1.1157662056806927,1.0949178028331699
2021-08-17,1.18852068403942,1.0907549240611667,1.0896312799709817
2021-08-18,1.1947611194983143,1.0981290566645148,1.087997000213538
2021-08-19,1.1993550452334067,1.0990862353520408,1.0912292472203053
2021-08-20,1.198627414707094,1.0948082660748262,1.0948286123235869
2021-08-23,1.2194334195799315,1.1113474441743156,1.0972566913904402
2021-08-24,1.2281670719536601,1.1218239942271442,1.094794796932275
2021-08-25,1.2413744397701887,1.1316677610141606,1.0969424795292506
2021-08-26,1.2340614073850282,1.1262633049959478,1.0957130556512877
2021-08-27,1.2397786451205186,1.1359568239149316,1.091395921939866
2021-08-30,1.2437768748344304,1.1433561963732166,1.0878297408801854
2021-08-31,1.2402084015981676,1.1478588673678358,1.0804537359563195
2021-09-01,1.2338629001544057,1.1380118990652965,1.0842267125395053
2021-09-02,1.248764853570995,1.1560335277596314,1.0802150833731223
2021-09-03,1.2417584417334582,1.1515514060274388,1.0783352225822127
2021-09-06,1.25547026715155,1.1636892448213043,1.0788707318029218
2021-09-07,1.2822017866619926,1.1863969243412615,1.080752790533342
2021-09-08,1.2839976873694672,1.1935336980728117,1.0757950860061403
2021-09-09,1.2987552911556453,1.2051478284901946,1.0776730127645184
2021-09-10,1.3033714049948422,1.2036005285925464,1.082893679449414
2021-09-13,1.3103047724260055,1.2100997540119243,1.0828072380660065
2021-09-14,1.3104737908475288,1.195523998374223,1.096150133857308
2021-09-15,1.3186421991712223,1.2011705038567437,1.0977976856218978
2021-09-16,1.2905168612623554,1.1781716353318927,1.0953555683750738
2021-09-17,1.2898648848864083,1.1700429129651597,1.1024081857114043
2021-09-22,1.305302011903685,1.179228507723728,1.1069118524138444
2021-09-23,1.3157434235405001,1.1870155613756928,1.1084466508725614
2021-09-24,1.2850297372526098,1.167641255145968,1.1005347161118995
2021-09-27,1.2303774177042632,1.134450622542136,1.0845579289710905
2021-09-28,1.2372575701287913,1.1389295427588055,1.0863337227444358
2021-09-29,1.1829683353279499,1.109078686476252,1.0666225487449037
2021-09-30,1.2081334956267593,1.1238538295225715,1.074991661629156
2021-10-08,1.1971138388002416,1.121912594307896,1.067029503790121
2021-10-11,1.1908900875673039,1.1217749291404073,1.061612322250648
2021-10-12,1.159486458669221,1.0998978567640438,1.0541764869698809
2021-10-13,1.152844016695026,1.1045492120958589,1.0437235426636435
2021-10-14,1.1580060189097399,1.1087796798171743,1.0443968625946343
2021-10-15,1.1631438713014624,1.1112841584023487,1.0466664736530307
2021-10-18,1.1813441147669261,1.1182358398643604,1.0564355681089783
2021-10-19,1.1973432884241122,1.126506992444942,1.0628813637680392
2021-10-20,1.195054040543255,1.1262569764187509,1.0610846952027446
2021-10-21,1.1910956322722406,1.123005800178225,1.0606317724122256
2021-10-22,1.1840423020533886,1.1115862921231003,1.0651825327855557
2021-10-25,1.196730498777383,1.1239139137790148,1.0647884007001318
2021-10-26,1.192220955692526,1.1236670992683466,1.06100904482192
2021-10-27,1.1773885028406896,1.115150770161783,1.055811047567924
2021-10-28,1.159219433168087,1.099595648589443,1.0542233726144052
2021-10-29,1.1677776525679169,1.1110214852217641,1.0510846712697226
2021-11-01,1.1791831453547479,1.1170745831757054,1.0555992975889537
2021-11-02,1.1654207724706744,1.105104488904475,1.0545797109429833
2021-11-03,1.1748405803783493,1.1102858067361199,1.0581424829990391
2021-11-04,1.1851866681838035,1.1191455169959867,1.0590103343889403
2021-11-05,1.1569297222091146,1.1061819105587367,1.0458765517370872
2021-11-08,1.1657521271935978,1.1117287223369485,1.0485940533614058
2021-11-09,1.177421581830307,1.1203953737653938,1.0508982894790624
2021-11-10,1.1741388034401181,1.11732296121721,1.0508499728323968
2021-11-11,1.1779606285648794,1.1264247209413851,1.0457517547914115
2021-11-12,1.18828437967311,1.1322388964926917,1.0494996977705227
2021-11-15,1.1861895952697972,1.1229994716010276,1.0562690591284796
2021-11-16,1.1830336567515627,1.1147298825512828,1.0612738343785608
2021-11-17,1.1942155207699354,1.123999386798093,1.0624699041623724
2021-11-18,1.191314395952183,1.1208589234315833,1.0628584659922193
2021-11-19,1.2086719368469516,1.1343383461372825,1.0655303516475436
2021-11-22,1.225468120230495,1.1478161308582953,1.0676519411816718
2021-11-23,1.2275696144565567,1.1488144080706746,1.0685534633206282
2021-11-24,1.2265207116333006,1.1479806738654073,1.0684158187989683
2021-11-25,1.217378035272385,1.1444098672495275,1.0637605198199043
2021-11-26,1.214722644848238,1.1422455683021338,1.0634513965800159
2021-11-29,1.21253053758317,1.1425683257391612,1.061232409710595
2021-11-30,1.214710715944165,1.147450636911728,1.0586169695399377
2021-12-01,1.2177886323515426,1.1506275082105808,1.0583691278556417
2021-12-02,1.2060772181702126,1.1438482618637147,1.0544031567658336
2021-12-03,1.2187707141571003,1.1552282349248228,1.0550042643620223
2021-12-06,1.2057847828008137,1.1455047111045422,1.0526231547648084
2021-12-07,1.2044911995267926,1.1401841645745718,1.0564005683908224
2021-12-08,1.2162136736514435,1.1553974685244452,1.052636609291404
2021-12-09,1.2186622310256283,1.158139231527568,1.052258828516008
2021-12-10,1.2145001704472027,1.1559765705648604,1.0506269775465649
2021-12-13,1.223209807751933,1.1633142952358655,1.0514869565012297
2021-12-14,1.2107625965225086,1.1587420098920835,1.04489401970959
2021-12-15,1.2186707412357332,1.1571804893092053,1.053137995753139
2021-12-16,1.2365077454624405,1.1677393853194393,1.0588901607734926
2021-12-17,1.2255346479841862,1.1572279908651046,1.0590261017347307
2021-12-20,1.207421618557039,1.138465993092615,1.0605688934784145
2021-12-21,1.225018919526124,1.1510435563208714,1.0642680833396985
2021-12-22,1.2339134754636927,1.1553136334900527,1.0680333371780615
2021-12-23,1.2452901039273276,1.1608082531198547,1.0727784718797568
2021-12-24,1.2311248569248523,1.151564063181831,1.0690893336174374
2021-12-27,1.2231105222556315,1.150613287525351,1.0630074722031082
2021-12-28,1.2224054019005555,1.1527143007007785,1.0604582602622428
2021-12-29,1.211410582000677,1.1466612027468375,1.0564677509788696
2021-12-30,1.2261276302529724,1.1566584189174094,1.0600602651564008
2021-12-31,1.2290085896533824,1.1643220280871156,1.0555572771156287
2022-01-04,1.2314455301577207,1.163540486030258,1.058360705916766
2022-01-05,1.201739259651105,1.142690132236734,1.0516755380557865
2022-01-06,1.2053110584755407,1.1438434968173552,1.0537377375744266
2022-01-07,1.1918233621784022,1.1352559153769428,1.0498279251711076
2022-01-10,1.1947804070809185,1.1377508638693976,1.0501248076556655
2022-01-11,1.180795998966063,1.128854820131037,1.046012275368587
2022-01-12,1.1936682061755932,1.1386178789453343,1.048348377667537
2022-01-13,1.1730035790851814,1.1229282937210283,1.0445934844140576
2022-01-14,1.1735393922085637,1.1202988815766077,1.047523488157937
2022-01-17,1.1885037907192406,1.1324366459166237,1.0495101823177355
2022-01-18,1.1870093886080924,1.1332751451682508,1.047415002145718
2022-01-19,1.1855616075222961,1.1262506478415535,1.0526623090467575
2022-01-20,1.1747100076327226,1.1164464905024032,1.0521865737641405
2022-01-21,1.1529826724126482,1.1037629049926412,1.0445926993898524
2022-01-24,1.1530248209422014,1.1041789531029318,1.044237274856584
2022-01-25,1.1050876580433984,1.0669540386708796,1.0357406392313042
2022-01-26,1.108576846601104,1.073064019365741,1.0330947889356625
2022-01-27,1.074614530246527,1.0451148633038463,1.0282262438115422
2022-01-28,1.0684544372157445,1.0410979292225297,1.0262765943772878
2022-02-07,1.0842665671783824,1.0562986504718594,1.0264772814904473
2022-02-08,1.0956006661750979,1.0666740177433915,1.0271185460136194
2022-02-09,1.1261243375863366,1.0826277652252694,1.0401768491056727
2022-02-10,1.124010310860174,1.0822259378002088,1.0386096577438333
2022-02-11,1.1043541605959193,1.0671217087396652,1.0348905392433896
2022-02-14,1.0955220679510342,1.0593188708716332,1.034175920088738
2022-02-15,1.105383744054412,1.0695359492594008,1.0335171480863585
2022-02-16,1.1093299800898215,1.07139491297052,1.0354071749455331
2022-02-17,1.1056554275039152,1.0708823726714434,1.032471404628434
2022-02-18,1.1237174613681566,1.081360486255109,1.039170078481169
2022-02-21,1.1317333107712026,1.0864374197899342,1.0416921307718088
2022-02-22,1.113567850599001,1.0734089640498814,1.0374124754814824
2022-02-23,1.1301080457288533,1.0896506245672803,1.0371288009655748
2022-02-24,1.1074576647002026,1.0702637356370117,1.0347521155998558
2022-02-25,1.1194584530390819,1.0788940535869636,1.0375981305275113
2022-02-28,1.124298043661175,1.0842541351109505,1.036932216584193
2022-03-01,1.1296508708604531,1.0875338271757857,1.0387271114076893
2022-03-02,1.1324016105534012,1.0877236844916842,1.0410747018739377
2022-03-03,1.133132934961972,1.0852413931536227,1.0441298517642978
2022-03-04,1.121039747009568,1.076425982934132,1.0414461976789406
2022-03-07,1.0947976115478943,1.0535743096694894,1.0391270947858788
2022-03-08,1.062044356016561,1.0172654009462605,1.0440189502450856
2022-03-09,1.0442675489992175,0.9976031816810144,1.0467764820472718
2022-03-10,1.0631039792228443,1.0149001510594118,1.0474961286714901
2022-03-11,1.0753524751057928,1.024264509510322,1.0498777074877805
2022-03-14,1.0481304803722824,1.000446201919283,1.0476630111259562
2022-03-15,0.9855974111467175,0.9437125176055403,1.0443831068887914
2022-03-16,1.0156425116511165,0.9739762949367107,1.0427794977465168
2022-03-17,1.0408364190628927,0.9915769615666964,1.0496778963262379
2022-03-18,1.0548045796096628,1.001813100139903,1.0528955744962403
2022-03-21,1.0589540053194963,1.006040440799545,1.0525958623272627
2022-03-22,1.0587013452693483,1.0059091042092527,1.052482118751272
2022-03-23,1.0665805548247866,1.0122358945134853,1.0536877427542928
2022-03-24,1.056290308639458,1.0036958146289723,1.0524008302554573
2022-03-25,1.046126954152457,0.9916908759562358,1.0548921841634684
2022-03-28,1.047850436070733,0.9940703465283147,1.0541008890670962
2022-03-29,1.043240761771203,0.9892908561217304,1.0545339172151755
2022-03-30,1.068723962273173,1.0090353468905326,1.0591541372327324
2022-03-31,1.0574740957238782,1.000664500605642,1.0567718701761206
2022-04-01,1.0608972371504284,1.0069232400915487,1.0536028913723081
2022-04-06,1.0570488277532284,1.0057224484088774,1.0510343379781897
2022-04-07,1.0316900554120467,0.9843104892295406,1.048134777289219
2022-04-08,1.0240391237454929,0.9847107531237643,1.039939007974645
2022-04-11,0.9948549914879627,0.9539818625955673,1.0428447651836787
2022-04-12,1.0107045063730362,0.9693312681820927,1.0426822486274852
2022-04-13,0.9946942004383803,0.9562664045096969,1.0401852410034067
2022-04-14,1.0134854446316504,0.9692647808946037,1.0456228933607103
2022-04-15,1.0020638658986105,0.9604462436134393,1.0433315477694987
2022-04-18,0.9944053755306514,0.9609619854280389,1.0348019907236143
2022-04-19,1.000784822871881,0.9638714929537968,1.0382969412291287
2022-04-20,0.976534999072604,0.9424373465273471,1.0361802857992612
2022-04-21,0.9448120767641662,0.9112512349101567,1.0368294061706467
2022-04-22,0.9429384283480382,0.9082737510199222,1.038165450987866
2022-04-25,0.8801778236887052,0.8495371092503747,1.0360675409051496
2022-04-26,0.8610056426269552,0.8280665548915821,1.0397783095341724
2022-04-27,0.8891098429929948,0.860187732403035,1.0336230214643523
2022-04-28,0.8891502618842659,0.8572956470780302,1.0371570938389896
2022-04-29,0.9243723083196459,0.8903834589158794,1.0381732713736067
2022-05-05,0.9370681396576961,0.8996861695795098,1.0415500108172806
2022-05-06,0.9218003876982852,0.8802375584081117,1.0472177412712755
2022-05-09,0.9323317623251349,0.8873173749448924,1.0507308756159972
2022-05-10,0.9481811126662598,0.900222460656536,1.0532742228790286
2022-05-11,0.9581743783974354,0.9077737934213892,1.0555210839322502
2022-05-12,0.959639481725164,0.9086090911574933,1.0561631961030262
2022-05-13,0.967755074774342,0.9171049454554794,1.0552282806562636
2022-05-16,0.9661648408419412,0.9161999589163631,1.0545349095896863
2022-05-17,0.9700611676156734,0.9201963437352529,1.0541893305922185
2022-05-18,0.9724350710164261,0.9172140947986587,1.0602051108142743
2022-05-19,0.9798635534537883,0.9236880059092502,1.0608165822065
2022-05-20,0.9997942989594912,0.9380976550090027,1.0657678266447606
2022-05-23,1.007756778813158,0.94383112258759,1.0677299727628293
2022-05-24,0.9657067618271454,0.9090173216135998,1.062363432319327
2022-05-25,0.985206022587347,0.9246119781799567,1.0655345656744206
2022-05-26,0.9953681343471121,0.9352609633479307,1.0642678069060183
2022-05-27,0.9926615816195233,0.9334194218375644,1.0634678884925413
2022-05-30,1.001430243609805,0.9402081982771501,1.0651154132083076
2022-05-31,1.0208600039681774,0.953404398539838,1.070752353913669
2022-06-01,1.0252134278205451,0.952993041022058,1.0757827011213354
2022-06-02,1.039188703411254,0.9616612559813401,1.080618249875108
2022-06-06,1.0602323001263718,0.9789075967421647,1.0830769969043639
2022-06-07,1.0663377611201372,0.9787700060285252,1.0894671419764166
2022-06-08,1.0678055772107236,0.9837156029730583,1.0854819970157252
2022-06-09,1.054446996048815,0.969929281500248,1.0871380173385818
2022-06-10,1.0724666381156485,0.9872389080330386,1.0863293873338282
2022-06-13,1.067877677800064,0.986213752981036,1.082805501923069
2022-06-14,1.0701402692310544,0.9928505691140533,1.07784625654792
2022-06-15,1.0756122881704304,0.9905549335763674,1.085868387214999
2022-06-16,1.0823674751027434,0.9911498198328494,1.0920321564355198
2022-06-17,1.0850103332109882,0.9992960388541847,1.0857746763962812
2022-06-20,1.08432187013821,1.0015235491196952,1.0826723656086685
2022-06-21,1.0778152417225306,0.9930768343622945,1.085329155235658
2022-06-22,1.0643794771445736,0.9776625050191168,1.0886982692700904
2022-06-23,1.0873616842123597,0.9967899967381736,1.0908633591534491
2022-06-24,1.098281325862239,1.0075181263480302,1.0900859221691623
2022-06-27,1.1110427053468348,1.0137610071640206,1.0959611757557712
2022-06-28,1.1247255712217823,1.0285709946118462,1.0934836555897847
2022-06-29,1.1132865645726076,1.0084705399891967,1.103935633642341
2022-06-30,1.1224992157663145,1.0210924032578292,1.0993120820260178
2022-07-01,1.120363931310204,1.0186338626977174,1.0998691211217622
2022-07-04,1.1346748444910109,1.032016718760781,1.0994733165306654
2022-07-05,1.1313661146852072,1.0301815058276114,1.0982201760419954
2022-07-06,1.1198501728235932,1.0154712865379443,1.1027886141827887
2022-07-07,1.1267350412321906,1.0209199681426837,1.103646785635912
2022-07-08,1.1194993276639051,1.0132389367722243,1.1048719971522059
2022-07-11,1.106167089949608,0.9997437298504585,1.1064506402206378
2022-07-12,1.0919809456303708,0.9874572067193972,1.105851411281133
2022-07-13,1.095750783881995,0.9917304854041015,1.1048876685841802
2022-07-14,1.1065375772569217,0.9971000970208079,1.1097557612952775
2022-07-15,1.094094236316982,0.9803884838061729,1.1159803020832804
2022-07-18,1.1164323382611974,0.9986710732425566,1.1179179693633112
2022-07-19,1.115484746165367,1.0023652498868456,1.112852571745969
2022-07-20,1.1253764361585914,1.0142308854074071,1.1095860443123244
2022-07-21,1.1165145324902417,1.0042463263912285,1.1117934944332337
2022-07-22,1.1065382091256692,0.9950591681018236,1.1120325751447557
2022-07-25,1.0963627860626726,0.9858371654109126,1.11211346511337
2022-07-26,1.1097064194445498,0.9979749297509287,1.1119582129397847
2022-07-27,1.1170893671412487,1.00181466367074,1.1150658975664538
2022-07-28,1.1207159541078204,1.0043365644566673,1.1158768820829628
2022-07-29,1.118477645599669,0.9957837529639115,1.1232133907292259
2022-08-01,1.1265861532704986,1.0041862421347854,1.1218896515406396
2022-08-02,1.0914175409357199,0.9761484859921381,1.1180855746822416
2022-08-03,1.0816844308757,0.9689199106643123,1.1163816730054335
2022-08-04,1.0877294542993614,0.9743654652073782,1.1163464769021298
2022-08-05,1.1022914792366387,0.992050041325606,1.1111248760835943
2022-08-08,1.1136776330015905,1.000365493946564,1.1132707392854948
2022-08-09,1.117179398638235,1.0032781285339956,1.1135291070988198
2022-08-10,1.1109361826758066,1.0002057159858118,1.1107076923479267
2022-08-11,1.1278229078176205,1.0187636357571728,1.1070506133440776
2022-08-12,1.1196650185569432,1.015835142499825,1.102211344846377
2022-08-15,1.1228565572432958,1.0193094569269188,1.1015855387318367
2022-08-16,1.1298447839984787,1.022850109733803,1.104604451078879
2022-08-17,1.135132812365075,1.0273290299504725,1.104935983771236
2022-08-18,1.1343830377515283,1.0234228831970213,1.1084206307835172
2022-08-19,1.1141042953464046,1.0112265236775495,1.1017356341630729
2022-08-22,1.124567946270229,1.024035117200407,1.0981732241221054
2022-08-23,1.1234906369059494,1.0230416050343873,1.0981866537756162
2022-08-24,1.081992218254228,0.994276062514129,1.0882211279614835
2022-08-25,1.0842956315777443,1.0003069732209575,1.0839628839998445
2022-08-26,1.077428074435254,0.9964577092084267,1.0812582054196251
2022-08-29,1.0788039373818332,0.9983609729599224,1.080575029073317
2022-08-30,1.0762671926193823,0.994489596154128,1.082230720946205
2022-08-31,1.0450872443915307,0.9738940234331549,1.0731016098727115
2022-09-01,1.0374716613272805,0.9693090809349796,1.0703207900688936
2022-09-02,1.046998850767724,0.9728941082360893,1.076169381543476
2022-09-05,1.059606702443235,0.9781498054632568,1.083276504810426
2022-09-06,1.0835230227989527,0.9953819255388512,1.0885500278823992
2022-09-07,1.0834110626045903,0.9969624318533195,1.0867120244346276
2022-09-08,1.0765293156504243,0.9923775638089936,1.0847981201010182
2022-09-09,1.0861530889212028,0.9994004231510047,1.0868047118658164
2022-09-13,1.0829889367093668,0.9967820301762913,1.0864852133398
2022-09-14,1.0742695113032752,0.9887988650850805,1.0864388595458596
2022-09-15,1.0504347043049096,0.9663078462667957,1.0870601003221976
2022-09-16,1.02275094885676,0.9420545048338762,1.0856600585303864
2022-09-19,1.015714790549708,0.9355125429049587,1.0857308095471438
2022-09-20,1.0205129132838604,0.9426540816828687,1.0825953370530095
2022-09-21,1.029803752821589,0.9458641593985413,1.0887438144145598
2022-09-22,1.0280933110985635,0.9438564368963768,1.08924754963708
2022-09-23,1.0125030643361577,0.9317867233746867,1.0866253391861365
2022-09-26,0.9985016855696166,0.9186110723744254,1.0869689203600497
2022-09-27,1.0198740243891746,0.9366041852444508,1.0889061147244294
2022-09-28,0.994122903333858,0.9127890047150855,1.0891048185272123
2022-09-29,0.9961714332490447,0.913162390769686,1.090902826614872
2022-09-30,0.9846273173665595,0.9040147674742975,1.0891717179770009
2022-10-10,0.9718674530142448,0.891619095000057,1.0900029603046835
2022-10-11,0.9781444497747276,0.8993396613645328,1.0876251674374366
2022-10-12,1.0009924071845233,0.920846549201819,1.0870349767311112
2022-10-13,1.0109749879713172,0.9224112713002203,1.0960132637432527
2022-10-14,1.045339168948939,0.945050974455701,1.1061193493303352
2022-10-17,1.0538597213643568,0.9517209970055384,1.107320028327823
2022-10-18,1.0573969968795165,0.9548963047735541,1.1073422230178904
2022-10-19,1.0464653813982874,0.9449370600661618,1.1074445332105154
2022-10-20,1.0416163524221709,0.9411621754491536,1.1067341841750888
2022-10-21,1.040968210783595,0.9424310179501507,1.1045563982473423
2022-10-24,1.0248699064157545,0.9329416514861449,1.0985359103467736
2022-10-25,1.0249592740305464,0.9286510250545371,1.1037076860711519
2022-10-26,1.0428639940122153,0.9447598599046566,1.1038402860568814
2022-10-27,1.0426280309179217,0.9433992158073838,1.105182210720427
2022-10-28,1.0064619451036034,0.9147318034605978,1.1002809143576004
2022-10-31,1.0134707365229405,0.9187360803875211,1.1031141131362345
2022-11-01,1.0346665990618833,0.9399423980348925,1.100776602082242
2022-11-02,1.0479041425493916,0.9489049290607422,1.10432996020649
2022-11-03,1.054052770037123,0.9487340574764336,1.111009731052377
2022-11-04,1.0767799053951204,0.970367516857652,1.109661944251869
2022-11-07,1.0730367372539205,0.9716252657350926,1.1043730284659736
2022-11-08,1.0728407017805357,0.9704940884015842,1.1054582553382861
2022-11-09,1.0716720529137729,0.968369324448207,1.1066769938467738
2022-11-10,1.0607988296339885,0.9634442767661006,1.1010484521166792
2022-11-11,1.065096747564089,0.9711839033160156,1.0966993418315696
2022-11-14,1.0667099568196408,0.9697426256998729,1.0999928522784956
2022-11-15,1.0877213262003345,0.9866503503537537,1.1024384938497642
2022-11-16,1.0790472732069334,0.981514896093322,1.0993692276111295
2022-11-17,1.0787988004898819,0.9836175472534359,1.0967665262806885
2022-11-18,1.0770921692550255,0.9795736608786466,1.0995519911069351
2022-11-21,1.081641743612295,0.9792667621115354,1.1045424857267843
2022-11-22,1.0642706175334002,0.9690923457794582,1.0982138308784066
2022-11-23,1.0605780677903225,0.9675419188201364,1.096157228085413
2022-11-24,1.0643038401492753,0.9682490814814715,1.0992045957026213
2022-11-25,1.061399826775542,0.9631531622150563,1.1020052349042164
2022-11-28,1.0584970017772264,0.9579987222230347,1.1049043983284086
2022-11-29,1.087172901426165,0.975170758042186,1.1148538781134512
2022-11-30,1.0835278510805022,0.9739573092051217,1.1125003538038074
2022-12-01,1.0936151119955109,0.9786956266330032,1.1174210676284146
2022-12-02,1.0906661487762808,0.9758336206631447,1.1176763391643543
2022-12-05,1.0988160133102591,0.9832868232545258,1.117492869144071
2022-12-06,1.0951036055683996,0.98267458925114,1.1144112380100695
2022-12-07,1.0960525949467423,0.9815291912324017,1.116678550915583
2022-12-08,1.0957244919013842,0.9787241424573127,1.119543745135698
2022-12-09,1.0973131271768557,0.9796765560984789,1.1200769481989643
2022-12-12,1.0954160750905113,0.9737452646421103,1.1249513757513572
2022-12-13,1.088768084384278,0.9685006610384994,1.1241789791003538
2022-12-14,1.0829556658132675,0.9645027126887727,1.1228124623872544
2022-12-15,1.0841004359627213,0.9653712912955461,1.1229880624560924
2022-12-16,1.0827988121681653,0.9607800946740236,1.1269996309983301
2022-12-19,1.0528965307838265,0.9392035180337254,1.1210525839895955
2022-12-20,1.036979132777744,0.9299562754878773,1.115083751904056
2022-12-21,1.0356661622442274,0.9248634832831357,1.1198043613612656
2022-12-22,1.0297699770060103,0.9142983331495544,1.1262953673542
2022-12-23,1.0286655642528497,0.9118128402959699,1.1281542864859746
2022-12-26,1.0333646308427173,0.9244553272808786,1.117809157833701
2022-12-27,1.0378556353213813,0.931163395747745,1.1145795035123347
2022-12-28,1.0299730037747525,0.9274359382327867,1.1105597285105735
2022-12-29,1.0279474246455629,0.9266923676391089,1.1092650166790698
2022-12-30,1.028252776578063,0.9278109622720734,1.1082567660765963
2023-01-03,1.0401628399433265,0.9422759305819092,1.1038834869749528
2023-01-04,1.0422171394472688,0.9417301094121633,1.1067047013053777
2023-01-05,1.0544763803998312,0.9509078120626979,1.1089154669078525
2023-01-06,1.0528310462884998,0.9512811981172983,1.10675060999017
2023-01-09,1.0606051288012264,0.9555844817032995,1.1099020014543675
2023-01-10,1.0613558896476327,0.9568944227291499,1.1091671812868855
2023-01-11,1.05158415202384,0.9514932426803098,1.1051935051704405
2023-01-12,1.0496903283829369,0.9516720063726519,1.1029959075752231
2023-01-13,1.0542329582506333,0.9583800748395183,1.1000155219495416
2023-01-16,1.066634630984218,0.9692157902617173,1.1005130557109422
2023-01-17,1.0662975841981188,0.9702378182520465,1.0990064127979786
2023-01-18,1.0691247758524014,0.973215302142281,1.0985490810707563
2023-01-19,1.07430391366703,0.9815797453961256,1.09446422331533
2023-01-20,1.085444470685569,0.9890313844566699,1.0974823324558747
2023-01-30,1.0871407938905622,0.9940783130901983,1.0936168504783785
2023-01-31,1.0897528294946905,0.9949990838453814,1.0952299828087415
2023-02-01,1.0992594587313151,1.0071431767625942,1.0914629459783698
2023-02-02,1.1011537499460609,1.0078123679607496,1.0926178175151613
2023-02-03,1.0988400892306296,1.0036277638106472,1.0948681661201491
2023-02-06,1.0926458796785758,0.9970842383508929,1.0958410911055372
2023-02-07,1.0939797743213777,0.9994431596605451,1.0945892857908412
2023-02-08,1.0848617856554734,0.9916972045334334,1.0939445837864104
2023-02-09,1.0996822262486576,1.005347498823441,1.0938329558044524
2023-02-10,1.0926136589728546,1.0021342940460949,1.090286666631726
2023-02-13,1.1050641663063925,1.0099782304389802,1.0941465201938896
2023-02-14,1.1063766609613195,1.012095102284324,1.0931548413426757
2023-02-15,1.1048053733433756,1.0100605019425362,1.0938011844029414
2023-02-16,1.0873376909604275,0.9950512759937912,1.092745386286216
2023-02-17,1.078920182361227,0.9868133298300296,1.0933376655411233
2023-02-20,1.0999008066368106,1.0040042769269213,1.0955140649434398
2023-02-21,1.1048681343894398,1.0099133811361771,1.0940226706833374
2023-02-22,1.1024852027157561,1.0085923464867703,1.0930929691822893
2023-02-23,1.0951047184356244,1.0062587394859046,1.0882933737252418
2023-02-24,1.0978917714424457,1.0031768712988507,1.0944149559797607
2023-02-27,1.0881196545382885,0.9978563247688803,1.0904572407158062
2023-02-28,1.1005620059535244,1.0058189405976643,1.0941949505341022
2023-03-01,1.1173386936665668,1.0128750808103448,1.1031357319726403
2023-03-02,1.1143935280700799,1.009725161804965,1.103660253526823
2023-03-03,1.1130698898225064,1.0110050234756691,1.100953866674129
2023-03-06,1.1112039442189234,1.01178023695533,1.098266109212393
2023-03-07,1.0938529568780928,0.994231762473754,1.1001991669995241
2023-03-08,1.094470303090053,0.9969561032761238,1.0978119292248527
2023-03-09,1.0920815225715372,0.9944927976696522,1.098129141941058
2023-03-10,1.0754566066796616,0.9816699834615645,1.095537833282206
2023-03-13,1.0883525117396664,0.9880141215127007,1.1015556235910295
2023-03-14,1.0768274196709076,0.9792176970248,1.0996813302523836
2023-03-15,1.0846657085983618,0.9847930246273213,1.1014148978246832
2023-03-16,1.0661854771776722,0.9715335385926671,1.0974252918968859
2023-03-17,1.0741350381454613,0.9782336404976508,1.098035268546912
2023-03-20,1.0648579244170189,0.9746217353569178,1.0925858574527436
2023-03-21,1.0761865550598106,0.9863814230498229,1.0910450358364583
2023-03-22,1.0811167001976365,0.9919282348280348,1.0899142319354018
2023-03-23,1.084859895007473,0.9976269324589655,1.0874404646770055
2023-03-24,1.0802219487910767,0.9983135458578739,1.0820467710500883
2023-03-27,1.0787899920868067,0.9985508302758225,1.0803556107292207
2023-03-28,1.0783555042202504,0.9935388204976495,1.0853682633962076
2023-03-29,1.0746536112234748,0.9904743000574991,1.0849888898289324
2023-03-30,1.0758163226514206,0.9945292056019953,1.0817342684272622
2023-03-31,1.0900569254227888,1.0030155298072618,1.086779708816924
2023-04-03,1.113347395622643,1.0147213873670713,1.0971951606455044
2023-04-04,1.1142073216612616,1.0139445359027242,1.0988838957244071
2023-04-06,1.117158240349866,1.015202284780165,1.1004292022370488
2023-04-07,1.1307743376590047,1.0227361953442653,1.1056363731004675
2023-04-10,1.1212157343764804,1.014200880506112,1.1055164276893206
2023-04-11,1.1252036183932272,1.0158399075461866,1.1076584115613397
2023-04-12,1.133404006610812,1.01940907617738,1.111824519809942
2023-04-13,1.122241784448389,1.013272143189046,1.1075423241345466
2023-04-14,1.1261188007161755,1.0174520567466376,1.106802815178345
2023-04-17,1.1232863195844436,1.0219087897161945,1.0992040883574392
2023-04-18,1.1241993014133436,1.0204232120596757,1.1016990677272038
2023-04-19,1.1238964220659198,1.0152212705117547,1.1070457787979402
2023-04-20,1.1323779789208763,1.014397066399207,1.1163064409683918
2023-04-21,1.0988511881944953,0.988890592227508,1.1111959167487857
2023-04-24,1.09220704916241,0.9822837809957875,1.1119058161127207
2023-04-25,1.0756836460562813,0.9679453097760348,1.1113062227711763
2023-04-26,1.073915812969854,0.971742381640156,1.105144566358467
2023-04-27,1.0762821989608595,0.9742404571942843,1.1047397908935597
2023-04-28,1.091713561124452,0.9874192352562193,1.1056231458172576
2023-05-04,1.0867934584976848,0.9907654146085437,1.0969230884256111
2023-05-05,1.0749470815845643,0.9809864971243304,1.0957817306717987
2023-05-08,1.0825063863656779,0.9885804919448739,1.095010871837072
2023-05-09,1.0656192144266048,0.9780437831817526,1.0895414221232036
2023-05-10,1.0659695131415476,0.9767512643566552,1.0913418308638247
2023-05-11,1.063467457604426,0.9736915089628646,1.0922016345168575
2023-05-12,1.051241234987676,0.963752813517899,1.09077890123135
2023-05-15,1.0578244945491344,0.9744698495041992,1.0855384546657294
2023-05-16,1.0415683777249458,0.966787254602903,1.0773501334094007
2023-05-17,1.0441424048073782,0.9685623832796296,1.0780331993400658
2023-05-18,1.0546425038209772,0.9695321446676995,1.0877849791998888
2023-05-19,1.0478558005266072,0.9677760761764123,1.082746129318036
2023-05-22,1.0452913653951124,0.9674976187797611,1.0804071711447385
2023-05-23,1.029623084103162,0.9575478297112392,1.0752706571468686
2023-05-24,1.0220820554028232,0.9501690065153807,1.075684481807267
2023-05-25,1.0191425858006136,0.9473845070027184,1.0757433526382223
2023-05-26,1.0273537633996876,0.9547870809765265,1.0760029999033316
2023-05-29,1.0245992795358045,0.953233526955531,1.0748670190065637
2023-05-30,1.0326941643749048,0.9589527738488883,1.0768978332791566
2023-05-31,1.0297624582334746,0.9568153527411178,1.076239480567881
2023-06-01,1.0330090004648467,0.9573943803276838,1.0789795947113066
2023-06-02,1.0491877721307497,0.96589969026454,1.086228500439211
2023-06-05,1.0463749707855996,0.9646166270783129,1.0847573444332193
2023-06-06,1.0279210699953427,0.9466298427854841,1.0858743550389844
2023-06-07,1.0275016127834864,0.9471978512023428,1.084780346027188
2023-06-08,1.027033593248523,0.9438976098750809,1.0880773322272155
2023-06-09,1.0326988032445563,0.9507685833643731,1.0861726200399537
2023-06-12,1.0379326456113152,0.9536369179114282,1.0883939433516312
2023-06-13,1.0438812616207558,0.9562204664846355,1.091674251083946
2023-06-14,1.0468667410693857,0.9562267950618321,1.094789171852994
2023-06-15,1.053091517223866,0.9645691999762626,1.0917739414132048
2023-06-16,1.0612173745931184,0.9726694809725355,1.0910359534793332
2023-06-19,1.0576622141111938,0.9700384308434288,1.090330218351842
2023-06-20,1.0528685515222636,0.9692046966381614,1.0863221723690601
2023-06-21,1.0304295301958393,0.9478053946132179,1.087174156269008
2023-06-26,1.0088596907334797,0.9313801309032675,1.0831879028330476
2023-06-27,1.021877301830488,0.941026148266352,1.0859180732789282
2023-06-28,1.0154991104407947,0.9401259267735955,1.0801734975290718
2023-06-29,1.0164492015305955,0.9398522344233041,1.0814989466448324
2023-06-30,1.0266124167777086,0.9490520498671022,1.081724039183591
2023-07-03,1.0340537572287516,0.9559467741343441,1.0817064142144703
2023-07-04,1.0375979622324918,0.9579955951613619,1.0830926232575442
2023-07-05,1.0317145424300556,0.9525469135566224,1.0831115273659717
2023-07-06,1.0261008739471629,0.9474414641974876,1.0830229757954515
2023-07-07,1.0218804088940736,0.9431793535901892,1.0834423007716514
2023-07-10,1.027193527988553,0.9467659444221359,1.0849498062749885
2023-07-11,1.034683582597822,0.9538774038448996,1.0847133797563586
2023-07-12,1.023088936170244,0.9433660093905648,1.0845090092139127
2023-07-13,1.0356255769734095,0.9562236680001585,1.0830369626170326
2023-07-14,1.0355352818387455,0.9540814818460281,1.0853740498506632
2023-07-17,1.0335279257887766,0.9512606488548723,1.086482371611753
2023-07-18,1.0338775792381791,0.9495377123265555,1.0888220297274704
2023-07-19,1.03112087607161,0.948210349099952,1.0874389601952321
2023-07-20,1.018734610525449,0.9374632337585056,1.0866928684137378
2023-07-21,1.0183450695883134,0.9374869845364553,1.086249821475483
2023-07-24,1.0171703355134332,0.936075786275459,1.086632461203425
2023-07-25,1.0328604499197982,0.9518839764818144,1.0850696885740998
2023-07-26,1.0268228561665977,0.9494966138017022,1.0814391976136575
2023-07-27,1.019041802217037,0.9431113027718634,1.0805106451614026
2023-07-28,1.027877727601088,0.9560938949407032,1.075080316944014
2023-07-31,1.033498739607282,0.9632133209253497,1.0729697328255485
2023-08-01,1.0343989263648774,0.9648966480058006,1.07203080091813
2023-08-02,1.0298134787643956,0.9615078065977859,1.0710401638945641
2023-08-03,1.0330474473863502,0.9648665686506542,1.0706635310528434
2023-08-04,1.0353566861574663,0.969592303377992,1.0678268407766396
2023-08-07,1.0244797110813393,0.9636072562423768,1.0631714367493839
2023-08-08,1.0244154862860362,0.9597105651277958,1.0674212866976454
2023-08-09,1.021899162782917,0.9526940343629814,1.0726415049572653
2023-08-10,1.0237458087842093,0.9542697756310897,1.0728054423678806
2023-08-11,1.0033783795557776,0.9355441857909429,1.0725077391267044
2023-08-14,1.0011646631481703,0.9360900069606887,1.0695175204345648
2023-08-15,0.9969717647759534,0.9302330948998426,1.0717440287192712
2023-08-16,0.9934794657054896,0.9228669288583774,1.0765143214466062
2023-08-17,0.9972435782642913,0.9293756099166256,1.0730253383276909
2023-08-18,0.9816378897986618,0.9140989457409365,1.0738858133163918
2023-08-21,0.9686149849581743,0.9034958241441754,1.0720746671692503
2023-08-22,0.9737174794014761,0.9082864081743162,1.0720379283872346
2023-08-23,0.9538785842745054,0.890636602003745,1.0710076164941789
2023-08-24,0.9578492774562533,0.8943022628237245,1.0710576471448048
2023-08-25,0.9543333163874935,0.8829966691581389,1.0807892597118944
2023-08-28,0.9674767635915529,0.8929527868038575,1.0834579138886378
2023-08-29,0.9817241546799181,0.9129155762590183,1.0753723347594377
2023-08-30,0.9761952136760681,0.9136796961151229,1.068421699449769
2023-08-31,0.9705946300966529,0.9080237349937318,1.0689088761576844
2023-09-01,0.9727426465330262,0.9098273050409185,1.069150860985952
2023-09-04,0.9859160867126238,0.9223226712194682,1.0689492056061836
2023-09-05,0.97708614267802,0.9158250093309269,1.0668917453912385
2023-09-06,0.9767136597015691,0.9160892460423481,1.066177410029785
2023-09-07,0.9620615073342159,0.9022174515504588,1.0663299692118737
2023-09-08,0.9628157366900532,0.9031540809755583,1.0660592217554399
2023-09-11,0.9752864843450362,0.9136132832814833,1.067504711448631
2023-09-12,0.9724862801487818,0.9130120684478046,1.065140663257703
2023-09-13,0.9631579552040213,0.9042267375834602,1.0651730535839432
2023-09-14,0.9587308481777379,0.9021225973463589,1.0627500641242056
2023-09-15,0.9573178915261356,0.9025275518330931,1.060707664360783
2023-09-18,0.9598682910784481,0.904905458874335,1.0607387563696262
2023-09-19,0.9498317855443708,0.8998760268954091,1.0555140454416927
2023-09-20,0.9414906729494853,0.8940396640969897,1.0530748363389701
2023-09-21,0.9356264399574136,0.8878553040066057,1.0538050915900734
2023-09-22,0.9531862414692999,0.9016036540162362,1.0572120434775154
2023-09-25,0.9523049398704128,0.8965156268578545,1.0622290469248048
2023-09-26,0.9486208969245531,0.8933498491825583,1.0618694319952808
2023-09-27,0.9534486085090915,0.8977322772104419,1.0620634154670021
2023-09-28,0.9553468017596243,0.9003300464688793,1.0611073189287887
2023-10-09,0.9503177884639561,0.8951581842761047,1.0616199518216523
2023-10-10,0.9447389027530009,0.8907742671712338,1.0605817181418349
2023-10-11,0.9449560061712656,0.8906824655749581,1.060934780568822
2023-10-12,0.9524388737762017,0.8973034974919087,1.0614456273026955
2023-10-13,0.945056050293502,0.8912504739918169,1.0603708809945376
2023-10-16,0.9352104137651902,0.8829112705929093,1.0592348800091316
2023-10-17,0.9361944600432508,0.8852322204393817,1.057569345565138
2023-10-18,0.9199487650558986,0.8740404667094859,1.0525242252446783
2023-10-19,0.9094201533330016,0.864457809572217,1.0520121899101527
2023-10-20,0.9013422088587608,0.858072498542378,1.0504266368982642
2023-10-23,0.8783940413112585,0.8369768937690226,1.049484218561553
2023-10-24,0.8893242724999695,0.8467352619908093,1.0502979058755941
2023-10-25,0.8907516442675474,0.8505306958702441,1.0472892378753598
2023-10-26,0.8948415672858735,0.854158385227044,1.047629552975723
2023-10-27,0.913888053476029,0.8688876647021503,1.051790801736499
2023-10-30,0.9212616382672424,0.8774878288431065,1.049885375027763
2023-10-31,0.9180207681698438,0.8746163672343777,1.0496267878826862
2023-11-01,0.914979599361193,0.8717259198940591,1.0496184390988288
2023-11-02,0.9042695672661657,0.8637332247101287,1.0469315540914166
2023-11-03,0.9146349169456786,0.8717875676813391,1.0491488418196866
2023-11-06,0.9318665095173687,0.8867699902443101,1.0508548098934136
2023-11-07,0.9312100533951297,0.88772553094715,1.0489841971781348
2023-11-08,0.9307504434693548,0.8872383049568598,1.049042222669377
2023-11-09,0.929344577247831,0.8847132771092588,1.0504471915289912
2023-11-10,0.926552528754062,0.8817136059719115,1.0508542938188241
2023-11-13,0.9297875979302584,0.8868506982170292,1.0484150261138112
2023-11-14,0.9336824842058483,0.8908027085416934,1.0481361083133123
2023-11-15,0.9388737810881751,0.8961928694208265,1.0476246945536751
2023-11-16,0.9286559171693437,0.8874502750660216,1.0464314939789237
2023-11-17,0.9334234862553668,0.8909403737091821,1.047683452001752
2023-11-20,0.9384427834786185,0.8954255480491989,1.0480411079660819
2023-11-21,0.9366181686469603,0.8924686878752406,1.0494689408956512
2023-11-22,0.9214978555914441,0.8816819630859283,1.045159018980221
2023-11-23,0.9307565697694526,0.8896066819053822,1.0462562711151568
2023-11-24,0.9187754918392506,0.881289591299738,1.0425352811488762
2023-11-27,0.9188338520158065,0.8806710287191557,1.0433338012176403
2023-11-28,0.9229011700334917,0.8846246770285061,1.0432686245352754
2023-11-29,0.9158894342302729,0.8785857997597949,1.042458726832003
2023-11-30,0.9131230767241876,0.8772758587339444,1.0408619679127802
2023-12-01,0.9196199270018246,0.8807279859139252,1.0441588568887605
2023-12-04,0.9188794970923321,0.8794939878144341,1.044782010819394
2023-12-05,0.8994901129131971,0.863885036108998,1.0412150637133004
2023-12-06,0.9032198649343443,0.8672723139861758,1.041448977868261
2023-12-07,0.9000272325443904,0.8671647281738333,1.0378964956747752
2023-12-08,0.9000234163809789,0.8698305482505966,1.034711206902432
2023-12-11,0.9107789099311842,0.8804084299924205,1.0344958986126758
2023-12-12,0.9106466475092229,0.8806188365707457,1.0340985335442172
2023-12-13,0.9008616952647457,0.8713366751695422,1.033884743907352
2023-12-14,0.8986374858163962,0.8684604485144536,1.0347477393513569
2023-12-15,0.8917801360909655,0.86220491054407,1.0343018523615608
2023-12-18,0.8808712374254271,0.8519972877951729,1.03388972012455
2023-12-19,0.8807478193762193,0.8511429298736296,1.0347825123883543
2023-12-20,0.8686005938406592,0.8399765649063696,1.034077175638204
2023-12-21,0.8748204531499644,0.8446389394078918,1.0357330361340318
2023-12-22,0.863629722168098,0.8403562795381667,1.02769473281347
2023-12-25,0.8623896795361793,0.8409384341864062,1.0255086989459898
2023-12-26,0.8528320295683108,0.8319062888113937,1.0251539638999667
2023-12-27,0.859514039178535,0.8362175389592776,1.0278593776545888
2023-12-28,0.8725437490401317,0.8516064795398197,1.0245856155434911
2023-12-29,0.8788628978282432,0.8589520963188584,1.0231803398521466
2024-01-02,0.8800966251960732,0.8558243645605913,1.0283612638767816
2024-01-03,0.8783692006458407,0.8545491934823976,1.0278743545077533
2024-01-04,0.8707187529774426,0.8472588959134424,1.0276891245133613
2024-01-05,0.8579856350976948,0.8356384369188627,1.0267426642810136
2024-01-08,0.8386217071492524,0.8175757841535239,1.025741861982273
2024-01-09,0.841851623361013,0.8196245307266924,1.027118627860752
2024-01-10,0.8401742125466882,0.8160537985646621,1.029557382153543
2024-01-11,0.8506523753679063,0.8264607342683281,1.0292713738191024
2024-01-12,0.8503205259394077,0.8236636520551219,1.032363785651794
2024-01-15,0.8499818470231313,0.8216259246516604,1.0345119616125706
2024-01-16,0.8498993018577895,0.8211671400318303,1.0349894198455694
2024-01-17,0.8276787382956187,0.800780335904496,1.0335902384025706
2024-01-18,0.8254218995784125,0.8016378208877131,1.0296693569976048
2024-01-19,0.8171209546103483,0.7939599165789274,1.0291715457516029
2024-01-22,0.7794673026985616,0.756391695447421,1.0305074836093895
2024-01-23,0.791393389556296,0.7698029928809446,1.0280466520330749
2024-01-24,0.8062689521122915,0.7805548732687508,1.0329433326523954
2024-01-25,0.8277014304223065,0.8026218774148622,1.031247033893746
2024-01-26,0.8178631628027508,0.7953300163150702,1.0283318195283029
2024-01-29,0.7972065837519087,0.7796388675599274,1.0225331456947033
2024-01-30,0.7769560639093628,0.7617739642185206,1.0199299272539684
2024-01-31,0.7540573809047727,0.7431036935884572,1.0147404560236002
2024-02-01,0.7495018052987693,0.7402163733098122,1.0125442131838265
2024-02-02,0.7249900475022618,0.721941675981462,1.0042224623154712
2024-02-05,0.6979176003052494,0.7056525139081635,0.9890386366512388
2024-02-06,0.7595026436446645,0.7603358136640516,0.9989042078455149
2024-02-07,0.8144897527888302,0.8083790957713992,1.007559147743176
2024-02-08,0.8289931639767153,0.814811833903288,1.0174044233077626
2024-02-19,0.8198503793412156,0.8134464992135049,1.0078725277371068
2024-02-20,0.8174351305746304,0.813345241978359,1.0050284779269418
2024-02-21,0.8198507512450306,0.8130414702729213,1.008375072147087
2024-02-22,0.8250812000838006,0.8189426823741437,1.007495662201732
2024-02-23,0.8318115597362931,0.8223236316741249,1.0115379489251113
2024-02-26,0.8359903648785777,0.8219676678202775,1.0170599131903644
2024-02-27,0.8545119588759583,0.8397408440192581,1.0175900874203059
2024-02-28,0.8319539992577331,0.8201624597884047,1.0143770777711167
2024-02-29,0.8574114580234975,0.8459093454397257,1.0135973348039944
2024-03-01,0.857829484722877,0.8510132312680236,1.008009574004739
2024-03-04,0.8557346110216782,0.8525588931809858,1.0037249248891693
2024-03-05,0.8508028965491377,0.8467067461664994,1.0048377438837988
2024-03-06,0.8478721147419535,0.846433053816208,1.0017001473645875
2024-03-07,0.8351911083566222,0.8349154155876111,1.0003302044301303
2024-03-08,0.8407353112033158,0.8463539838281751,0.993361320756777
2024-03-11,0.8627123802267567,0.8608221536535339,1.002195838670276
2024-03-12,0.8668320009907847,0.858080390650411,1.0101990564470773
2024-03-13,0.8642030772751109,0.8567181830223014,1.0087367052563359
2024-03-14,0.8600714552937546,0.8532091731014004,1.008042907189347
2024-03-15,0.8668391492055543,0.8628946510046519,1.0045712396018562
2024-03-18,0.8761796212934134,0.8746495736511972,1.0017493264597719
2024-03-19,0.8687823988079455,0.86670274203848,1.002399504084381
2024-03-20,0.8708327949713344,0.8691059633885083,1.0019869056887993
2024-03-21,0.8627278693496356,0.864742595546064,0.9976701434544737
2024-03-22,0.8475418689940013,0.8518865004673072,0.9948999878846271
2024-03-25,0.8336614786823305,0.8376761643223236,0.9952073536158917
2024-03-26,0.8314092089711353,0.8360419023286089,0.9944587785079071
2024-03-27,0.8085033447655623,0.8158322983627799,0.9910165929788199
2024-03-28,0.8231923236071237,0.826452842160294,0.996054803871631
2024-03-29,0.8318956263062425,0.8363171582097371,0.9947130919650632
2024-04-01,0.8486085458570863,0.8545206776580875,0.9930813472914383
2024-04-02,0.837313659352551,0.8513581014983144,0.9835034844667051
2024-04-03,0.826103548535972,0.850309195668362,0.9715331231795467
2024-04-08,0.8105290636345911,0.8382837077331988,0.9668911087707299
2024-04-09,0.8204859919233214,0.845293984374666,0.9706516396544604
2024-04-10,0.8071770454317666,0.8346259390212526,0.967112340623304
2024-04-11,0.8097002613185027,0.8387931209706018,0.9653158103890569
2024-04-12,0.801221487670726,0.8349027584332176,0.9596584507329955
2024-04-15,0.8095173630657011,0.8447908252606102,0.9582459217830313
2024-04-16,0.7814497277168467,0.8213490307858453,0.9514222315075676
2024-04-17,0.8066296704364018,0.84479559030697,0.9548223022131306
2024-04-18,0.8076594192358467,0.8463919552913544,0.9542380621491438
2024-04-19,0.800670088905393,0.8408593641983726,0.95220452194013
2024-04-22,0.7909189971450193,0.833377645782682,0.9490523307740192
2024-04-23,0.7802552602172982,0.8239943016001819,0.9469182720099601
2024-04-24,0.7869441929364062,0.8326593894977906,0.9450973625734803
2024-04-25,0.7866867621752552,0.8320740333340282,0.9454528451309661
2024-04-26,0.8004302190689215,0.8499168238821716,0.94177476733875
2024-04-29,0.8120172996308727,0.8667454785480193,0.9368578431942584
2024-04-30,0.8103847792322212,0.8608363743387635,0.9413923521234848
2024-05-06,0.8244686086397307,0.8746733244291467,0.9426017526918613
2024-05-07,0.8247374321909215,0.8744328384956752,0.9431684125790074
2024-05-08,0.8155585044098477,0.8636240009130994,0.9443444178804287
2024-05-09,0.830472066618304,0.8791300573987035,0.9446521133353399
2024-05-10,0.8236755567481443,0.8757491825525717,0.9405381965043382
2024-05-13,0.8145569474797678,0.8709807113156944,0.9352181246922294
2024-05-14,0.8149923354764348,0.870265656546326,0.9364868409386107
2024-05-15,0.8067924628536832,0.8617097179918967,0.9362694257804228
2024-05-16,0.8048549115074772,0.8582307129722926,0.9378071646026742
2024-05-17,0.8152914186279896,0.8688654774550367,0.9383402146624941
2024-05-20,0.8191854571298772,0.8738664680635027,0.9374263541032772
2024-05-21,0.8123208219989816,0.8668119658355085,0.9371361425727395
2024-05-22,0.8100469980205137,0.8651823944343042,0.9362730948196877
2024-05-23,0.796075587478352,0.8483647589381635,0.9383647530040521
2024-05-24,0.7894281146940579,0.8406347369348175,0.9390857646122586
2024-05-27,0.7964566195523255,0.8497981444462727,0.9372303584768304
2024-05-28,0.7872336424275789,0.8410586771531414,0.9360032347472447
2024-05-29,0.7880461608691847,0.8429856916825869,0.934827445642946
2024-05-30,0.7876327851629363,0.8398768712020602,0.937795541429364
2024-05-31,0.7881659185676323,0.8398578854704704,0.9384515311493666
2024-06-03,0.7826315537517582,0.834404438819371,0.9379522894906118
2024-06-04,0.7938577133680672,0.8451436620527839,0.9393168865987265
2024-06-05,0.7818276367456228,0.8350166728227566,0.9363018274864748
2024-06-06,0.7728865714875683,0.8272423507790342,0.9342927991533827
2024-06-07,0.7732512474425375,0.8241066524588843,0.9382902627170772
2024-06-11,0.7781641869363554,0.8254497999015545,0.9427153377820934
2024-06-12,0.7829854375503061,0.827898884822796,0.9457500812045384
2024-06-13,0.7799515669908422,0.8218300026527879,0.9490424594785222
2024-06-14,0.7798073210426973,0.8247568579254494,0.9454996506536293
2024-06-17,0.7796482883740302,0.8238139743770028,0.946388763268586
2024-06-18,0.7811737645841684,0.8275730003240949,0.9439333621061157
2024-06-19,0.7714481815899142,0.8177529843150282,0.943375562531392
2024-06-20,0.7602675140927276,0.8060059537765162,0.9432529754036152
2024-06-21,0.760142755754909,0.8072336232988105,0.9416638923544068
2024-06-24,0.7427426596248407,0.7899224332351831,0.9402729032303662
2024-06-25,0.7321098853405228,0.7829169216400756,0.9351054564089368
2024-06-26,0.7465403308978996,0.7942763454387571,0.9398999922193475
2024-06-27,0.731126906847736,0.77966098035319,0.937749772364563
2024-06-28,0.7326784375014955,0.781991460292382,0.9369391799081174
2024-07-01,0.7357673556784164,0.7915441125283539,0.9295342407743075
2024-07-02,0.7273649477843748,0.7830514597458907,0.9288852459586923
2024-07-03,0.7257785320787622,0.7769509346898996,0.9341368929151729
2024-07-04,0.7105481075658052,0.7648605974519335,0.9289903414202986
2024-07-05,0.715842023566929,0.7698852643844997,0.9298035131757242
2024-07-08,0.7008381546412423,0.7568109450732335,0.9260412513899691
2024-07-09,0.7125888599249027,0.7715686659187998,0.9235585779994543
2024-07-10,0.707517211885956,0.7663889116179918,0.9231829964661851
2024-07-11,0.7239120917398498,0.7815089248946022,0.9263004793419087
2024-07-12,0.7236066235214538,0.7782861900245365,0.929743624897984
2024-07-15,0.7175354729462572,0.7726760924743585,0.9286368245825709
2024-07-16,0.7181329523917798,0.7749637614501617,0.9266664947635275
2024-07-17,0.7133032622425507,0.7683538231567675,0.9283525906228428
2024-07-18,0.717416226675354,0.771693599478046,0.9296646067306974
2024-07-19,0.7176621483885088,0.7708013445471723,0.9310598034959559
2024-07-22,0.7153738672354638,0.7698409643441233,0.9292488973289912
2024-07-23,0.6954235762763652,0.7471886784880989,0.9307201732278948
2024-07-24,0.6853459947715903,0.7385282811830006,0.9279888289095428
2024-07-25,0.6865228530549751,0.7381153601343837,0.9301023798366483
2024-07-26,0.6958129854950109,0.7493371187655764,0.9285713573635073
2024-07-29,0.6899494358885956,0.7449800795003287,0.9261313891122522
2024-07-30,0.6910596282508296,0.7434675495503371,0.9295087978874064
2024-07-31,0.7203552836666933,0.7730732293069086,0.9318073066797579
2024-08-01,0.7145209910873273,0.7677826876782351,0.9306292034898956
2024-08-02,0.7060437623652382,0.7576019427689612,0.9319455541319194
2024-08-05,0.693683215109518,0.7426085010362832,0.9341169864625954
2024-08-06,0.7029082355694968,0.7516153321025092,0.9351967762595222
2024-08-07,0.7024481787638324,0.7517988608412111,0.9343565351746361
2024-08-08,0.7043551645073606,0.7524110948445967,0.9361307526344205
2024-08-09,0.6975958723737837,0.7467947431710715,0.9341199556542438
2024-08-12,0.6959786020738168,0.7458217058136293,0.9331702156811891
2024-08-13,0.6973736826472591,0.7486188624806848,0.9315470362800966
2024-08-14,0.6864629392471309,0.7383717047377711,0.9296983278779956
2024-08-15,0.6913796594293226,0.7433251937903377,0.9301173499903369
2024-08-16,0.6837357218014355,0.7388953386604041,0.9253485385914446
2024-08-19,0.6829134109507484,0.7408856389618156,0.9217527983235008
2024-08-20,0.6693154683178355,0.7280786089697948,0.9192901152045834
2024-08-21,0.6652964332926741,0.7257228891756656,0.9167361856925461
2024-08-22,0.6552833705014531,0.717219142769646,0.9136445633213038
2024-08-23,0.6555008516358041,0.7178077004489314,0.9131984112539342
2024-08-26,0.6573914795251192,0.7189578635140296,0.9143671874065135
2024-08-27,0.6507083623817344,0.7111945606400142,0.9149512642449804
2024-08-28,0.6497144454545137,0.711941332749215,0.9125954844419448
2024-08-29,0.6583512557205614,0.7211000496681598,0.9129818476971754
2024-08-30,0.6685424922736449,0.7339481781850338,0.9108851444074304
2024-09-02,0.6554078353259117,0.7193565638774163,0.9111028775398762
2024-09-03,0.6618215982041206,0.7272037017858245,0.9100910743150201
2024-09-04,0.6594376904951353,0.7249254884488916,0.9096627184486517
2024-09-05,0.6620560642111106,0.7279330516942722,0.9095013101413211
2024-09-06,0.6504337473717824,0.7178646576437007,0.9060673769715148
2024-09-09,0.6449163640622358,0.7130772751290829,0.9044130090185409
2024-09-10,0.6439794481807382,0.713159546632639,0.9029949205916796
2024-09-11,0.6478212478045507,0.7143001796050176,0.9069313802535689
2024-09-12,0.6441715915633448,0.7114002021719793,0.9054981845614065
2024-09-13,0.6335066192293853,0.7041811569368731,0.8996358578878824
2024-09-18,0.6331879686750167,0.706065434956779,0.8967836935875165
2024-09-19,0.6421573987757674,0.7151656311501174,0.8979142324597738
2024-09-20,0.6358426278664897,0.7116849881458271,0.8934326822363758
2024-09-23,0.6323739222154637,0.7110996319820647,0.8892901835047123
2024-09-24,0.6583284352288756,0.7419361083226043,0.887311491979071
2024-09-25,0.6618192865066181,0.7485619052859147,0.8841209816225352
2024-09-26,0.6912753136919976,0.7812636739147701,0.8848169149195722
2024-09-27,0.7327468672345342,0.8229500863627389,0.8903904129509441
2024-09-30,0.8180252187572272,0.9086280768890819,0.9002860901656743
2024-10-08,0.8816644299865442,0.9738670711396809,0.9053231761443219
2024-10-09,0.8181892705140577,0.9074288487372476,0.9016566661426146
2024-10-10,0.817315977405272,0.9003474686696301,0.9077783920611816
2024-10-11,0.7826223033100684,0.8655304661801169,0.9042111559215811
2024-10-14,0.8006238902753657,0.8872588542192845,0.9023566081849355
2024-10-15,0.7816421999740869,0.8658072855920819,0.9027900469092972
2024-10-16,0.775125694131133,0.8639926219213389,0.8971438811681234
2024-10-17,0.7721413386944258,0.8573320550103718,0.9006327643786568
2024-10-18,0.8152265192127425,0.8923009433526038,0.9136228368757822
2024-10-21,0.8267631605053002,0.9024595754686141,0.9161220989604908
2024-10-22,0.8318945765621034,0.9103098404386958,0.9138587100862245
2024-10-23,0.8383600702400865,0.9138743184773788,0.9173691100510322
2024-10-24,0.8303402020914692,0.9060145234145773,0.9164755979430577
2024-10-25,0.8439910357664179,0.9191442363897763,0.9182356830974148
2024-10-28,0.8547541611539692,0.9308564225267821,0.9182448984277988
2024-10-29,0.8431347364708194,0.919593565370736,0.9168558461268788
2024-10-30,0.8439942478912577,0.9236120629828893,0.9137973416734092
2024-10-31,0.8508282607144312,0.9336361569930844,0.9113060310931524
2024-11-01,0.8294382935684339,0.922645428656493,0.8989783808675209
2024-11-04,0.8454031073071456,0.9380059278665748,0.9012769346031241
2024-11-05,0.8770647476788734,0.9669675818260787,0.9070260101404564
2024-11-06,0.8823289966829585,0.9691540680205852,0.9104114874996505
2024-11-07,0.8961847299234628,0.9871535094678072,0.9078473827303847
2024-11-08,0.8991427351118094,0.9844465164123412,0.9133484857954419
2024-11-11,0.9163539453847875,1.0015599570520366,0.9149266990285414
2024-11-12,0.908705381758929,0.9910011354956519,0.9169569531365245
2024-11-13,0.9081091909351641,0.9903619491987936,0.91694677049116
2024-11-14,0.8802944405816205,0.9616422702497486,0.9154073898529843
2024-11-15,0.8524863238522723,0.937305019328587,0.909507904335056
2024-11-18,0.8394779750992861,0.9228384130340651,0.9096695187831308
2024-11-19,0.8642567352080919,0.9392225037653127,0.9201831639928926
2024-11-20,0.875223340668306,0.9480490076083598,0.923183647305564
2024-11-21,0.8742025565226401,0.9469288494445585,0.9231977218092178
2024-11-22,0.8355864574446307,0.9097403429448493,0.9184889555846442
2024-11-25,0.8371539625684331,0.9074304867219333,0.9225543717322391
2024-11-26,0.8284750075728204,0.9002841828976634,0.9202372132167009
2024-11-27,0.847127376337552,0.9183927736880646,0.9224020491098527
2024-11-28,0.8400878079162748,0.9109031631643406,0.9222580861372093
2024-11-29,0.8555237943691121,0.9258285540786926,0.9240628738443459
2024-12-02,0.8709506220790054,0.9403331318363943,0.9262149684953773
2024-12-03,0.8673565053781395,0.9385137775731408,0.9241808976113237
2024-12-04,0.8583356592325965,0.9301523869271204,0.9227903634889549
2024-12-05,0.8613986628544589,0.9337469443209498,0.9225183205080206
2024-12-06,0.8719582238173065,0.9459622151181623,0.9217685546862865
2024-12-09,0.8677393619945059,0.940885281583337,0.9222584080965323
2024-12-10,0.8733084956220905,0.9480015060524605,0.9212100297800195
2024-12-11,0.8797474508202437,0.9567062033979351,0.9195586353424313
2024-12-12,0.8890338258843438,0.9651355704084321,0.9211491661302224
2024-12-13,0.8694460378614053,0.9474003656726313,0.9177176507042191
2024-12-16,0.8618825837518277,0.9354255063550411,0.9213802466325949
2024-12-17,0.8485194281490059,0.9252305407605372,0.9170897314430683
2024-12-18,0.8560480317414013,0.9316316360064429,0.9188696461736311
2024-12-19,0.8543862318884029,0.9337358506973935,0.9150192008267375
2024-12-20,0.8553768279753394,0.9361500912171291,0.9137176143018125
2024-12-23,0.8364231829956609,0.9205459790119022,0.9086164103323364
2024-12-24,0.8461426127028131,0.9326821798210814,0.9072143019448818
2024-12-25,0.8394103781862903,0.9239854490374896,0.9084670965984359
2024-12-26,0.8449087830296726,0.931384895949624,0.9071531938127665
2024-12-27,0.8484782636253216,0.9333007424016636,0.9091155991603862
2024-12-30,0.8444137382079052,0.9332548788304504,0.9048050616848846
2024-12-31,0.822703076287936,0.9058609995771721,0.9082001285759608
