datetime,port,bench,excess
2017-01-04,1.0005269908739713,1.0116932748592655,0.9889627772934959
2017-01-05,1.000508765054032,1.0124226247677133,0.988232325688677
2017-01-06,0.9997962722992204,1.0080465253170263,0.9918156029403392
2017-01-09,1.000671436161738,1.0149760939857742,0.9859064091176154
2017-01-10,1.0003752873751235,1.0115761589542032,0.9889273076674133
2017-01-11,0.9978641334924925,1.0017720016150526,0.9960990443771038
2017-01-12,0.9952574532474489,0.9924202258646864,1.002858897177645
2017-01-13,0.9907804116300337,0.9800498676992322,1.0109489774800875
2017-01-16,0.9793715562292518,0.9541953962355685,1.0263847007573152
2017-01-17,0.9836875463333437,0.962237156506235,1.0222922069492644
2017-01-18,0.9826827080078849,0.9601045004448243,1.0235164063418096
2017-01-19,0.9810213448056695,0.9561635092898672,1.0259974735223518
2017-01-20,0.9884263927249054,0.9685544167177481,1.0205171497482812
2017-01-23,0.9940290957200522,0.9764917926915951,1.017959498645777
2017-01-24,0.9935250654083935,0.9753985868212665,1.0185836629579295
2017-01-25,0.9946861679847037,0.9776625050191199,1.0174126172152331
2017-01-26,0.9995280081341934,0.984645903820964,1.0151141687133198
2017-02-03,0.9981888934273427,0.9820164172226941,1.0164686413801383
2017-02-06,1.0054514841745672,0.9902685840716859,1.0153321031759421
2017-02-07,1.0047940403633004,0.9897433866182161,1.0152066221897271
2017-02-08,1.010211586468261,0.9953866905852141,1.0148936046897823
2017-02-09,1.016723008899043,1.0016485571327944,1.0150496415722887
2017-02-10,1.0178001224441078,1.0025867500887307,1.0151741206973168
2017-02-13,1.0236370787234341,1.0077348615035557,1.0157801598687894
2017-02-14,1.0237907305094422,1.0085639051163127,1.0150975315653137
2017-02-15,1.0137192099113468,0.9985666889457406,1.0151742704151325
2017-02-16,1.0226231936744803,1.0061037265715147,1.0164192484996142
2017-02-17,1.0148082320451255,0.9978483582069999,1.0169964440975783
2017-02-20,1.0282159728800637,1.0101728528012408,1.0178614184976251
2017-02-21,1.0370062347767535,1.0179852207619922,1.0186849608686102
2017-02-22,1.0429167250567195,1.0242803681802417,1.018194585638293
2017-02-23,1.0429119249105265,1.024242396717062,1.0182276463592064
2017-02-24,1.044999462860218,1.024587266947353,1.0199223595406186
2017-02-27,1.035981038265418,1.0163730715615409,1.019292095838147
2017-02-28,1.0413196890869472,1.0206004122211827,1.020301066526783
2017-03-01,1.0443009870914242,1.0232377164736366,1.0205849239904659
2017-03-02,1.037680530361961,1.0180153001171384,1.0193172246454054
2017-03-03,1.041084597787012,1.0208962918185869,1.01977508012343
2017-03-06,1.0508778685056697,1.0310975859902876,1.0191837152798537
2017-03-07,1.0522528340383908,1.0320262488535041,1.0195989057520163
2017-03-08,1.048079435202731,1.0278969639134852,1.019634722153868
2017-03-09,1.0382539673557456,1.0187667628188497,1.0191282295890536
2017-03-10,1.0375329960004562,1.0201178768234027,1.0170716733553218
2017-03-13,1.0465558407373245,1.0296072432874084,1.0164612259290264
2017-03-14,1.0436540240636818,1.0273258284349525,1.0158938821324137
2017-03-15,1.0418130280375493,1.026151989045754,1.0152619096965927
2017-03-16,1.0519784599935003,1.0352141393220633,1.0161940607596565
2017-03-17,1.0428165044129063,1.0257073506573045,1.0166803462455813
2017-03-20,1.046076318997289,1.0280947877912658,1.0174901491764725
2017-03-21,1.0477985613398788,1.0308808508347649,1.016410927112881
2017-03-22,1.0422384672961331,1.0283241801011809,1.013531031812928
2017-03-23,1.043955540137899,1.030285964578283,1.0132677489838575
2017-03-24,1.0493220256313716,1.0357330826521856,1.013120120624504
2017-03-27,1.0457398401363693,1.0308935079891581,1.0144014217105413
2017-03-28,1.0408486925511866,1.0281501070013492,1.0123509062182305
2017-03-29,1.0365531569218427,1.0252786453926204,1.010996534044562
2017-03-30,1.0180187796117661,1.0086983687682776,1.0092400375891057
2017-03-31,1.021251875189456,1.01279757435315,1.0083474734244948
2017-04-05,1.0457864503153111,1.0346809753067103,1.0107332359187418
2017-04-06,1.0493062190510425,1.0377945608335968,1.0110924248901432
2017-04-07,1.052745798613523,1.0408131432486845,1.0114647431599424
2017-04-10,1.049701804646952,1.0388845651884024,1.0104123593910435
2017-04-11,1.0598350690335343,1.0487932557320712,1.0105281124197885
2017-04-12,1.0480878345073177,1.0404571793948372,1.0073339444078984
2017-04-13,1.0579908643600948,1.0466621632014972,1.0108236464036742
2017-04-14,1.0434305015347205,1.0328125559567207,1.0102806124080899
2017-04-17,1.0315190132062502,1.0214911036212189,1.0098169328636168
2017-04-18,1.0260016703609658,1.015417456404851,1.0104235099459378
2017-04-19,1.0143722544062959,1.0047288617890109,1.0095980049782924
2017-04-20,1.0122694453369598,1.0042732786847037,1.0079621421997096
2017-04-21,1.0042325491730009,0.996827968201356,1.0074281432783285
2017-04-24,0.9752024430551322,0.9711649175844277,1.0041574045742374
2017-04-25,0.9808849078791937,0.974639157557672,1.0064082694329384
2017-04-26,0.98715142320026,0.97716098388975,1.010223944135327
2017-04-27,0.9932509418565041,0.9796765560984809,1.013855987135267
2017-04-28,0.9969768382672687,0.9827710814399281,1.0144547973537508
2017-05-02,1.0000230203557967,0.9834450376844431,1.0168570505072525
2017-05-03,0.9977392715446838,0.9804960696185181,1.017586201985363
2017-05-04,0.9959204215773508,0.9771467632045201,1.0192127314747104
2017-05-05,0.9802552581789001,0.963441149704429,1.017452138596768
2017-05-08,0.9569296234821123,0.9453831875316007,1.0122134982965578
2017-05-09,0.9642775139839421,0.9511514995116941,1.0138001301359318
2017-05-10,0.940483702865922,0.9311918371182069,1.009978465636545
2017-05-11,0.941689279963545,0.9291034810971724,1.0135461755578723
2017-05-12,0.9423332520526276,0.9277017384750463,1.0157717863088545
2017-05-15,0.9493470654232027,0.9324052859552712,1.0181699736403513
2017-05-16,0.9745662582600796,0.9515834062919007,1.0241522202007889
2017-05-17,0.9798934707835367,0.9536274622725588,1.0275432593440463
2017-05-18,0.9711455204353266,0.9455034304983362,1.027120039028812
2017-05-19,0.9720039713265523,0.9452945874508478,1.0282550902441228
2017-05-22,0.9546984128536528,0.9316617153615931,1.0247264614529306
2017-05-23,0.9295494426549575,0.9120548897602796,1.019181469329413
2017-05-24,0.9398996119343349,0.9174925521953121,1.0244220617218187
2017-05-25,0.9503641815407149,0.9256482268555177,1.0267012391620505
2017-05-26,0.9506917881340307,0.9234538485529776,1.029495723715629
2017-05-31,0.9463085884519995,0.9214240132575496,1.0270066493128114
2017-06-01,0.922699130329334,0.9033723796619179,1.0213940021883878
2017-06-02,0.9347659914438994,0.9132636480048335,1.0235445081888905
2017-06-05,0.9424335268626267,0.9201108707161763,1.0242608329679612
2017-06-06,0.948406282650602,0.9241800713997519,1.026213734747772
2017-06-07,0.970701972220285,0.9421367018835849,1.0303196662220997
2017-06-08,0.9708274883257085,0.9427632310260501,1.029768086382744
2017-06-09,0.9734635737202167,0.9443912388964176,1.030784206403452
2017-06-12,0.9597002190747908,0.9338845350345932,1.027643336056787
2017-06-13,0.9731366798132058,0.9460983167548183,1.0285788089668428
2017-06-14,0.971571294071801,0.9439419099154578,1.029270216595021
2017-06-15,0.9844156441375068,0.9526022327667066,1.0333963224906606
2017-06-16,0.9838088684092825,0.9513097139416092,1.0341625382263973
2017-06-19,0.9906943047988461,0.9583357747991432,1.033765336587257
2017-06-20,0.9928185076268199,0.9598371366717289,1.0343614241364478
2017-06-21,0.9944492446722106,0.9616232845181625,1.0341359872234126
2017-06-22,0.9776798230192625,0.9480411155003302,1.031263103502943
2017-06-23,0.9785944377175501,0.9508841357385989,1.0291416177192054
2017-06-26,0.993890853031439,0.9669153896776728,1.0278984734773522
2017-06-27,0.9948873064870469,0.967157439141981,1.0286715132643416
2017-06-28,0.9883243448545906,0.9628921270191596,1.0264123229609967
2017-06-29,0.9941022819024229,0.9677618554911827,1.027217880371893
2017-06-30,0.9967696184426021,0.9711110874513313,1.026421828895612
2017-07-03,1.0031363517176641,0.977319198319665,1.0264162961726193
2017-07-04,0.9997804677777965,0.972485952233834,1.028066745315206
2017-07-05,1.0068185255488409,0.9799391548252152,1.0274296323310195
2017-07-06,1.006293419777542,0.9811558051778027,1.025620410608674
2017-07-07,1.0100556427967722,0.985009759782844,1.0254270404584112
2017-07-10,1.0088461997049303,0.9819325821883005,1.0274088241950898
2017-07-11,0.9992519101593345,0.9696603541963186,1.0305174444174756
2017-07-12,0.9958381703850093,0.970293137462131,1.0263271293350513
2017-07-13,0.9974208813280532,0.9729732526779737,1.025126722222621
2017-07-14,0.9953787747308426,0.9696207447484527,1.026565056618165
2017-07-17,0.9503213249336594,0.9297078229925242,1.0221720216086652
2017-07-18,0.9569450498341573,0.939512054785524,1.0185553713332747
2017-07-19,0.9713287998211703,0.9586442370970912,1.0132317727820381
2017-07-20,0.9775259088501008,0.9649599337777675,1.0130222765033758
2017-07-21,0.9797557355264503,0.9692046966381623,1.0108862853480651
2017-07-24,0.9891451928552087,0.9756943919648208,1.013785874963677
2017-07-25,0.9854502607182174,0.9735538437953766,1.0122195777857164
2017-07-26,0.9849644118345333,0.9724622014558847,1.0128562430086552
2017-07-27,0.9970575743999301,0.9783665406187808,1.019104326451442
2017-07-28,0.9994633113175895,0.9833406533876233,1.0163958012662482
2017-07-31,1.0103961349488202,0.9963991884828227,1.014047528970101
2017-08-01,1.0078383184257391,0.9945861627967659,1.0133242911722282
2017-08-02,0.9987687427743838,0.9890994352749972,1.0097758700030985
2017-08-03,1.0013053642885124,0.9906989273210554,1.010706014385357
2017-08-04,0.9984208412781029,0.9848689675536819,1.013760077909737
2017-08-07,1.0095408122987626,0.9972566734660399,1.0123179309395125
2017-08-08,1.011969594573417,0.9973041750219391,1.0147050618244482
2017-08-09,1.020832104868391,1.003047172693246,1.0177309030515398
2017-08-10,1.0143027452109277,0.9950101030150897,1.0193893932708595
2017-08-11,0.9941331600090559,0.9747546354780476,1.0198804127989651
2017-08-14,1.0149701409547152,0.9955512335923253,1.019505683592314
2017-08-15,1.0182008505853786,0.9990507878743561,1.0191682574534247
2017-08-16,1.0210370860368236,0.9996899741712144,1.021353732074093
2017-08-17,1.0308101806953052,1.0071621624941853,1.023479851687991
2017-08-18,1.0277848702444197,1.0042716407000174,1.0234132166950494
2017-08-21,1.0370917427154025,1.0131345524754074,1.0236466026960191
2017-08-22,1.0309661191273078,1.0087363402314569,1.0220372539475977
2017-08-23,1.0204813233133678,1.000319630375353,1.0201552507076659
2017-08-24,1.012359571912702,0.9933283394654756,1.0191590551594123
2017-08-25,1.026152595917166,1.0040770927916083,1.0219858647150108
2017-08-28,1.0387587251533872,1.0164252637099498,1.021972556410021
2017-08-29,1.0367043754669443,1.0138274944515124,1.022564865463437
2017-08-30,1.047072446767231,1.020994347538209,1.0255418644499852
2017-08-31,1.0505721189817696,1.0236791533465623,1.0262708931282718
2017-09-01,1.060353504855248,1.0325498827761366,1.026927146613351
2017-09-04,1.0687411790226031,1.0385903235756846,1.0290305568639562
2017-09-05,1.0680017607521233,1.0397262659555528,1.0271951336831757
2017-09-06,1.0739824570410106,1.0453047206197477,1.0274348100181354
2017-09-07,1.065633026184927,1.0376284542956482,1.026989016900359
2017-09-08,1.0696602254716305,1.0400933234329568,1.0284271626137207
2017-09-11,1.081464669253021,1.052030136833518,1.0279787920411645
2017-09-12,1.083276306467242,1.051141008964318,1.0305718235982313
2017-09-13,1.09059987506635,1.0575279579788432,1.0312728536753903
2017-09-14,1.0871769992293119,1.0555978163877242,1.0299159228555932
2017-09-15,1.0776227364380986,1.047665205460237,1.028594565154716
2017-09-18,1.0851804452202418,1.055165835153668,1.028445396037868
2017-09-19,1.0792558045512224,1.0498769315096805,1.0279831589396828
2017-09-20,1.089987983526749,1.0588078196495472,1.0294483694760792
2017-09-21,1.0758150655121388,1.0460846991457686,1.0284206110563017
2017-09-22,1.0701454745653767,1.0397500167335028,1.0292334285575342
2017-09-25,1.0566863115171292,1.0267500023639098,1.0291563760256113
2017-09-26,1.0634007693486336,1.0316354405981505,1.030791234481112
2017-09-27,1.0726381995514114,1.0415108502711499,1.029886725877275
2017-09-28,1.0699879518854767,1.0390823890661842,1.0297431302315374
2017-09-29,1.0757670348238952,1.0446940501471988,1.029743621754444
2017-10-09,1.0907395489235288,1.0565771078685136,1.032333126281652
2017-10-10,1.0956609271866589,1.0608661707692846,1.0327984409118662
2017-10-11,1.0902325699235347,1.0546943933794444,1.0336952360486331
2017-10-12,1.0877703712405615,1.0535284460982792,1.0325021362917124
2017-10-13,1.0954460167841469,1.0615527841681929,1.0319279767538945
2017-10-16,1.0780302286457977,1.0472174400101135,1.0294234869077301
2017-10-17,1.0744924081965963,1.0462254913749307,1.0270179966505286
2017-10-18,1.0630183547928957,1.0383941376825894,1.0237137481970582
2017-10-19,1.0528239467436846,1.0285788867198824,1.023571415218447
2017-10-20,1.0669420187287306,1.0396566516063899,1.0262445943862155
2017-10-23,1.0711323580176535,1.0461970500044706,1.0238342365934565
2017-10-24,1.0685487077097826,1.044652877168496,1.0228744217945924
2017-10-25,1.0753268582338333,1.0517548809523896,1.0224120445821927
2017-10-26,1.0821004128789133,1.055558206939858,1.0251451845711126
2017-10-27,1.0718252421344667,1.0490526529432833,1.0217077656944018
2017-10-30,1.043184581896815,1.0302179137599572,1.0125863353409705
2017-10-31,1.0512692601847673,1.0378831609143497,1.012897501158632
2017-11-01,1.0507535771261372,1.0367345613800882,1.0135222806958293
2017-11-02,1.040684920815448,1.0259731508995624,1.0143393322749104
2017-11-03,1.0293566425139662,1.0168049783417472,1.0123442198254073
2017-11-06,1.0438887603901228,1.0301135294631376,1.0133725366505617
2017-11-07,1.049765531480885,1.036574783419336,1.0127253221596195
2017-11-08,1.0543958017132207,1.0381173182706245,1.015680774375014
2017-11-09,1.060298797721675,1.0459739118179028,1.0136952611742251
2017-11-10,1.0637496543712393,1.0506996465452405,1.012420302860963
2017-11-13,1.0653975651319,1.055444292550319,1.009430410161706
2017-11-14,1.0563199392400386,1.0464738694164357,1.009408806193215
2017-11-15,1.0431606689704405,1.034315555813993,1.008551658250452
2017-11-16,1.0441289717945985,1.0375825162705856,1.0063093348445606
2017-11-17,1.009466157357211,1.0065150840892942,1.0029319712288136
2017-11-20,1.0174355193685247,1.017784269822537,0.9996573434426599
2017-11-21,1.0192450594545264,1.0214515686272028,0.9978398298652164
2017-11-22,1.0163767558941577,1.0187762929115691,0.9976446870288336
2017-11-23,0.9897877722381381,0.9926828990452709,0.9970835331102035
2017-11-24,0.9917711325985004,0.9932397393847239,0.9985213974753635
2017-11-27,0.9799434499137276,0.9800325199523288,0.9999091152213955
2017-11-28,0.9954655513194355,0.996606467999475,0.9988551983990935
2017-11-29,0.9951482200827699,0.9996219233528891,0.9955246046874265
2017-11-30,0.9860957560054233,0.9909283196309709,0.9951231955633811
2017-12-01,0.9979131585789989,0.9993118230702548,0.9986003723172626
2017-12-04,0.9903297396995002,0.9934913189417517,0.9968177082356199
2017-12-05,0.9665219536463729,0.9702804803077386,0.996126350331016
2017-12-06,0.974815338709794,0.9765914863959043,0.9981812787528332
2017-12-07,0.9711651113156156,0.9706855092483222,1.0004940859451634
2017-12-08,0.9849796183928459,0.9813915260649152,1.0036561272770694
2017-12-11,0.999344192956258,0.9945275676173106,1.0048431290351125
2017-12-12,0.992275613454876,0.9861488292243866,1.0062128393290373
2017-12-13,1.0006616825999188,0.9931464487114606,1.0075670953646452
2017-12-14,1.0014879195346436,0.9941969180722496,1.0073335587043775
2017-12-15,0.9944964351303218,0.9865522946341332,1.0080524271641724
2017-12-18,0.989177172280144,0.9808931319972191,1.008445405531648
2017-12-19,0.9966681884166864,0.9890013795553748,1.0077520709473209
2017-12-20,0.9900376900942347,0.9807935127467594,1.0094252023767842
2017-12-21,0.9989757368594336,0.9869857649451768,1.0121480697494385
2017-12-22,0.9992508771732013,0.9876787069212818,1.0117165330899878
2017-12-25,0.9886091549520545,0.9786149186602863,1.0102126343071187
2017-12-26,0.9926837287415208,0.9840826604504651,1.0087401888446226
2017-12-27,0.9837145990150054,0.9766468056059876,1.007236795705928
2017-12-28,0.9868520196375827,0.9815702897572572,1.0053808982764054
2017-12-29,0.9971678422624359,0.9889348922678858,1.008325067766261
2018-01-02,1.0081504069277383,1.001814663670743,1.0063242668397172
2018-01-03,1.0176208202462154,1.010677575446133,1.0068698910204052
2018-01-04,1.0227230907690419,1.015311508577195,1.007299811072006
2018-01-05,1.0203492650101103,1.0152655705521325,1.0050072558406695
2018-01-08,1.0230166951749708,1.0198426209422744,1.0031123176924728
2018-01-09,1.0234010100949424,1.0197745701239485,1.0035561192416802
2018-01-10,1.0174237333000387,1.0134762956440253,1.003894948182784
2018-01-11,1.0226657730891993,1.0166404353346352,1.0059267146428037
2018-01-12,1.0175868593887825,1.012436845452943,1.005086750802254
2018-01-15,0.9920707413187605,0.9893399212084691,1.0027602445345132
2018-01-16,0.9955876973887556,0.9968943810349962,0.9986892456501922
2018-01-17,0.9945368907637617,0.9915675059278292,1.0029946370954885
2018-01-18,0.996145027533903,0.9946272613216197,1.001525964822507
2018-01-19,0.9924277645334825,0.9923459209230131,1.0000824748797206
2018-01-22,1.0033543573985495,1.004252654968428,0.999105506402762
2018-01-23,1.0026808358437198,1.0054171131726057,0.997278465531334
2018-01-24,1.0109320924060385,1.0116346796798097,0.999305493091643
2018-01-25,1.0094324458462636,1.009802668262163,0.9996333715214513
2018-01-26,1.0072381329419755,1.0099465875529992,0.997318219949051
2018-01-29,0.9930565886581186,0.9982787014563695,0.9947688828874818
2018-01-30,0.9939743527837887,0.9988419448268686,0.9951267644813178
2018-01-31,0.9723471841600017,0.9792082413859318,0.9929932603342684
2018-02-01,0.9387031024756286,0.9468386858329738,0.9914076352402226
2018-02-02,0.9415811709560048,0.950020247724337,0.991116950624424
2018-02-05,0.9399986838916912,0.9489713418943847,0.9905448588312669
2018-02-06,0.8905702633714171,0.9024642660611288,0.9868205278180997
2018-02-07,0.8957515893296158,0.9035828606940934,0.9913330899631474
2018-02-08,0.906377495405669,0.9123080328481452,0.9934994133242896
2018-02-09,0.8688304060270876,0.8788342522551515,0.988616913596172
2018-02-12,0.8942265339645707,0.9016479540566146,0.9917690490410874
2018-02-13,0.9011802537050154,0.9076361282539034,0.9928871556035261
2018-02-14,0.9036723589705037,0.910464927806942,0.9925394503083169
2018-02-22,0.926169757560979,0.9295923450721494,0.9963181844931126
2018-02-23,0.9315619648751673,0.9330650215145568,0.9983891190809513
2018-02-26,0.9575366540211989,0.9539485817249009,1.0037612847956754
2018-02-27,0.9565172404814,0.9509236707326164,1.0058822489343169
2018-02-28,0.9564753315095158,0.9529993695992577,1.0036473916155053
2018-03-01,0.9701394003429893,0.9635265482696594,1.0068631757840045
2018-03-02,0.9654826210895769,0.9581664667456725,1.00763557753044
2018-03-05,0.9699197822220585,0.9593941362679669,1.0109711385093891
2018-03-06,0.9838323167707009,0.9722850012943804,1.0118764718790765
2018-03-07,0.9735826941276232,0.9629364270595371,1.011056043544428
2018-03-08,0.9810756972110781,0.9700589801058573,1.0113567497762028
2018-03-09,0.9948746762736431,0.981999069475791,1.0131116283080852
2018-03-12,1.0110133385025795,0.9960479896753361,1.015024726702296
2018-03-13,1.004146130773425,0.9894617277060422,1.0148407994530793
2018-03-14,0.9930765506913789,0.979205039870409,1.0141660941847335
2018-03-15,0.9901883546896659,0.9777479780381995,1.012723500258653
2018-03-16,0.9831025806873542,0.9724004792147564,1.0110058578758006
2018-03-19,0.9831856833138544,0.9735902517277205,1.0098557186343085
2018-03-20,0.9839004164956306,0.9767338421559039,1.0073372847652216
2018-03-21,0.9772379840896296,0.9696935606131397,1.0077802140623884
2018-03-22,0.9736668334158078,0.965268470529566,1.0087005461616645
2018-03-23,0.9194953449936893,0.9155781948202609,1.00427833493151
2018-03-26,0.9385316061262812,0.9339003937045105,1.0049590003955347
2018-03-27,0.9615539240022547,0.9547554380905451,1.007120656914305
2018-03-28,0.9518876087817603,0.9450351157857875,1.0072510458939665
2018-03-29,0.9632836803269674,0.9547680952449383,1.008919008840408
2018-03-30,0.976041876875918,0.9674058171834873,1.008927028904554
2018-04-02,0.9780881996308229,0.968548088140552,1.0098499099911356
2018-04-03,0.9692380595003255,0.9586996307610253,1.0109924197331073
2018-04-04,0.9632455558196706,0.9520517210044515,1.0117575910722678
2018-04-09,0.96351334240094,0.9533110334127289,1.0107019730503781
2018-04-10,0.9698218555922292,0.9593371790731975,1.010929083900575
2018-04-11,0.9749521269511796,0.9629554127911272,1.0124582239226216
2018-04-12,0.9676251668984531,0.9573738310652586,1.0107077669146105
2018-04-13,0.9647873106536189,0.953554646407874,1.0117797803073576
2018-04-16,0.9610352229390765,0.9512163488144979,1.0103224404593296
2018-04-17,0.9417003717276985,0.9319860363294585,1.0104232628167895
2018-04-18,0.9558330816859156,0.9446111011136141,1.011880000731594
2018-04-19,0.9616637439633623,0.9500012619927474,1.012276280503198
2018-04-20,0.9410759970782205,0.9304008394224799,1.011473718856882
2018-04-23,0.9313856132208379,0.9213955718870906,1.010842293623451
2018-04-24,0.953734050615572,0.9424800830368896,1.0119408014887907
2018-04-25,0.9559923596055243,0.9428328453752141,1.013957420230808
2018-04-26,0.9360199955134041,0.925202099390082,1.0116924681974386
2018-04-27,0.9388968599692217,0.9272588125251334,1.0125510238208415
2018-05-02,0.9364478775402436,0.9263632816248873,1.010886221545469
2018-05-03,0.9473966189967158,0.9351107154799013,1.0131384480077412
2018-05-04,0.9476254944713461,0.9349018724324129,1.0136095802288096
2018-05-07,0.9666491768535628,0.9522811133143664,1.0150880484116598
2018-05-08,0.9708083308791042,0.955867704146313,1.0156304336551834
2018-05-09,0.9693539163223431,0.9538774038449014,1.0162248444245128
2018-05-10,0.9693681902709578,0.9556715182532178,1.0143319872530834
2018-05-11,0.9607246776955597,0.947882901070416,1.0135478513333682
2018-05-14,0.9537495100610284,0.944119110076964,1.0102004078524365
2018-05-15,0.964559136984471,0.9525073041087583,1.0126527458883787
2018-05-16,0.9624010120938405,0.9498968776959276,1.013163675648922
2018-05-17,0.9580852645893866,0.9451047301349501,1.0137344931630836
2018-05-18,0.9627018981928224,0.9484856794349312,1.014988332524283
2018-05-21,0.9792840412947214,0.960675635923357,1.0193701231461738
2018-05-22,0.9832000064544125,0.9639521264726693,1.0199676721002482
2018-05-23,0.9737850192712469,0.9514441775935757,1.0234809799710756
2018-05-24,0.9699451105771698,0.9480854155407074,1.023056672614245
2018-05-25,0.9585397392540983,0.9362482213906059,1.0238094101053488
2018-05-28,0.9529187167686142,0.9320493221014243,1.0223908694232373
2018-05-29,0.9449010072987721,0.9232196911967036,1.0234844602089939
2018-05-30,0.9199067317830518,0.8990358896590975,1.0232146929438692
2018-05-31,0.9325723947287371,0.9104079706121724,1.0243455954165923
2018-06-01,0.9189527979892756,0.8994361535533213,1.021698754668524
2018-06-04,0.91793408603417,0.8991244897398503,1.0209199020924924
2018-06-05,0.936689862288849,0.9143014602112303,1.0244868930565267
2018-06-06,0.9370631544264689,0.9135389038859626,1.0257506828011813
2018-06-07,0.929264181863315,0.9078054363073753,1.023638044781078
2018-06-08,0.9186465108509232,0.8969333129528333,1.0242082634065703
2018-06-11,0.9103860561777449,0.8910890580463805,1.0216555213613228
2018-06-12,0.9226647619623533,0.9007382024711384,1.024342877243421
2018-06-13,0.9069255933568453,0.8870800905269467,1.022371714844947
2018-06-14,0.9040326814446521,0.8839016556972572,1.0227751872820225
2018-06-15,0.8871355569952358,0.8676077285775988,1.022507669969298
2018-06-19,0.8276714100863584,0.81346392141426,1.0174654195448491
2018-06-20,0.8407158730754494,0.8224312174864695,1.0222324435165069
2018-06-21,0.820412461968579,0.8051642530093689,1.0189380103528176
2018-06-22,0.8360632739773499,0.8163765560016915,1.0241147517416187
2018-06-25,0.830393212847414,0.8108249791771198,1.0241337331394913
2018-06-26,0.8377513558319708,0.8164018703104778,1.0261507062855868
2018-06-27,0.8293737489369635,0.8083680021478447,1.025985376379701
2018-06-28,0.8206219104510128,0.7997629985066791,1.0260813665839525
2018-06-29,0.8454760667013287,0.8254956634727703,1.0242041286377
2018-07-02,0.8325821122398191,0.8130003717480699,1.0240857706493363
2018-07-03,0.8427598253103297,0.8222318300778512,1.024966188952494
2018-07-04,0.8306898286484186,0.8102411865441941,1.0252377223520828
2018-07-05,0.8094136715256735,0.7883166126119312,1.0267621645620804
2018-07-06,0.8123033907334103,0.7905109909144713,1.0275674849172296
2018-07-09,0.8299126165531335,0.8080594653960472,1.027043988831163
2018-07-10,0.8337650164210504,0.8126444078942227,1.0259899758389488
2018-07-11,0.815967753039999,0.7967649653540181,1.0241009438428919
2018-07-12,0.8384910090524949,0.8183351389632705,1.0246303368015692
2018-07-13,0.8423360678430887,0.8233487867261297,1.0230610422011526
2018-07-16,0.8406464861373036,0.8219264948415769,1.0227757486992008
2018-07-17,0.8420610411753882,0.8220847092714922,1.024299602800785
2018-07-18,0.8385559454915532,0.8158259697855856,1.0278613044298424
2018-07-19,0.8285213697979388,0.8086575531680523,1.0245639412530887
2018-07-20,0.8392079346782934,0.8187702472590002,1.0249614436866905
2018-07-23,0.8479558893220241,0.8249008516701377,1.0279488590722243
2018-07-24,0.8674931157917005,0.8392408864207274,1.0336640288004388
2018-07-25,0.8688822069600063,0.8398768712020628,1.0345352238554086
2018-07-26,0.8695704472650652,0.8343110736922611,1.0422616631669084
2018-07-27,0.8626996142769456,0.830483996926843,1.0387913764374925
2018-07-30,0.8492697175161408,0.8203365328882384,1.0352698965216562
2018-07-31,0.8497925394047585,0.8209013397895742,1.0351944846655874
2018-08-01,0.8337982094891148,0.8077145951657565,1.0322931075895756
2018-08-02,0.8100090802001292,0.7904128607409993,1.0247923843758802
2018-08-03,0.7996649162706244,0.779929982110974,1.0253034690450487
2018-08-06,0.7813099783054922,0.763397132588681,1.023464648938448
2018-08-07,0.8057857261141627,0.7842206085425819,1.027498789673046
2018-08-08,0.7944051025978774,0.7721492570362055,1.028823242862524
2018-08-09,0.8157701504496719,0.7917988191470585,1.0302745226728625
2018-08-10,0.8213436018907099,0.7958710724384583,1.0320058491059445
2018-08-13,0.8228420115275151,0.799789950800152,1.0288226436257428
2018-08-14,0.8199583941688888,0.7970370941734728,1.028758134549792
2018-08-15,0.8023402044432958,0.7804140810395904,1.0280954994744553
2018-08-16,0.7950739750237846,0.7733832551356965,1.0280465341653697
2018-08-17,0.7790295565800374,0.759881719636734,1.0251984439794881
2018-08-20,0.7849110439876,0.7645679193700552,1.0266073478917426
2018-08-21,0.7953679926481029,0.7739543906142289,1.0276677828739749
2018-08-22,0.7855398740151818,0.7652592978153233,1.026501574378457
2018-08-23,0.7905050721241834,0.7694755448514087,1.0273296889205694
2018-08-24,0.787878517678371,0.7676751018658957,1.0263176645476313
2018-08-27,0.8072773748217241,0.7847268947183113,1.028736723891065
2018-08-28,0.8092173118513595,0.7869639350765414,1.028277505210774
2018-08-29,0.8047275503291162,0.7818616872329296,1.0292454067894166
2018-08-30,0.791922144408167,0.7700213660211545,1.0284417801290087
2018-08-31,0.782450107157774,0.7617470119250499,1.0271784397032346
2018-09-03,0.7839666712409336,0.7655519758972045,1.0240541412255486
2018-09-04,0.7919673058761995,0.7736854633102972,1.0236295541700906
2018-09-05,0.7791528563700857,0.7617802183418697,1.0228053152470016
2018-09-06,0.7745850107183008,0.7583502784090018,1.0214079598458894
2018-09-07,0.7782472208066109,0.7581019003674969,1.0265733675503892
2018-09-10,0.7634592633215307,0.7443535503578663,1.0256675244639846
2018-09-11,0.7643452595830821,0.7440403230135584,1.0272901023526297
2018-09-12,0.7621872650799645,0.7426274867678758,1.0263386134510295
2018-09-13,0.7668223735207945,0.7469370989310736,1.026622421912338
2018-09-14,0.7587693913619938,0.7388479115583572,1.0269628965474353
2018-09-17,0.7478101729613471,0.728138693226241,1.0270161164598266
2018-09-18,0.7617963442645003,0.740972601057885,1.0281032566884192
2018-09-19,0.7702847826934246,0.7494178267382983,1.027844221488493
2018-09-20,0.7707861213986505,0.7488783341457489,1.0292541341550387
2018-09-21,0.7824674982354892,0.7602282278517108,1.0292534130791529
2018-09-25,0.7800507226162725,0.7582237068650693,1.0287870394364858
2018-09-26,0.7848110864823495,0.761875146999819,1.0301045907230992
2018-09-27,0.7739433393858389,0.752343118480123,1.028710598096986
2018-09-28,0.781366122698458,0.7595178636748531,1.0287659580748953
2018-10-08,0.7527941486333665,0.7351157634508885,1.0240484370781133
2018-10-09,0.7508433611108588,0.7332805505177188,1.0239510110840115
2018-10-10,0.7496728141368231,0.7324894783681416,1.0234588158275841
2018-10-11,0.6939847355341795,0.681471839432233,1.0183615747238677
2018-10-12,0.6868932139209678,0.6768236856159409,1.0148776239942952
2018-10-15,0.673702210726007,0.6643426145764706,1.0140885078635267
2018-10-16,0.6602782455329436,0.6486056022501147,1.0179965193676013
2018-10-17,0.6651311716483813,0.6539372424036415,1.0171177423747804
2018-10-18,0.6479173921496035,0.6357558357485544,1.0191292878762643
2018-10-19,0.665943513460656,0.653084448012935,1.0196897437794543
2018-10-22,0.7024604662251054,0.6855410401158087,1.0246803985745891
2018-10-23,0.6910864528654937,0.6729507452793098,1.0269495319135975
2018-10-24,0.6888779909637173,0.6716740106702792,1.025613586382879
2018-10-25,0.6860037653519414,0.6699226327715023,1.0240044622972517
2018-10-26,0.6874235048732676,0.6698498169068166,1.0262352657609157
2018-10-29,0.676614796920294,0.6585489882875908,1.0274327482905703
2018-10-30,0.6848810329550944,0.6651953345133278,1.0295938612620743
2018-10-31,0.697577762708949,0.6759551070091675,1.031988301405774
2018-11-01,0.7030085291972639,0.6801365840975961,1.0336284588043652
2018-11-02,0.72880221177854,0.7021228802709883,1.0379980944322091
2018-11-05,0.7322703278506812,0.7025785378291448,1.0422611685709604
2018-11-06,0.7344076003163428,0.702146631048938,1.04594619961248
2018-11-07,0.7308733315381516,0.6985141021919289,1.0463258068014372
2018-11-08,0.7284369732872821,0.6933233287214139,1.0506454104618443
2018-11-09,0.727112304453257,0.6911527011968235,1.0520284492763534
2018-11-12,0.7489034737272832,0.7090429188470168,1.0562174077488626
2018-11-13,0.7671424934937395,0.7219923045990367,1.0625355541978765
2018-11-14,0.7662525630494489,0.7191398287218977,1.0655126200022644
2018-11-15,0.7809584504134994,0.7308947513684433,1.0684964544502784
2018-11-16,0.7884334223424958,0.7371107543448104,1.0696268066843009
2018-11-19,0.788632296724077,0.7389522958551767,1.0672303221027366
2018-11-20,0.7658467486685772,0.7178646576437041,1.0668400241103495
2018-11-21,0.7719885929866763,0.7205889984460739,1.0713299740232558
2018-11-22,0.7724123341779666,0.7200605994770811,1.0727046233871207
2018-11-23,0.738152737129998,0.6921256641004165,1.066501035024333
2018-11-26,0.7369248063345393,0.6909707359889585,1.066506536314897
2018-11-27,0.7407057930455335,0.6941649550347148,1.0670457903028125
2018-11-28,0.7503951540632806,0.7027414428515708,1.0678111582808343
2018-11-29,0.7317487965228056,0.6875281389016973,1.0643183240350704
2018-11-30,0.7387897010552282,0.6924246707594944,1.0669603962043666
2018-12-03,0.7631433032834266,0.7143397890528872,1.0683197477985173
2018-12-04,0.768995355352511,0.7176684717506092,1.0715189333547008
2018-12-05,0.762217532184747,0.7123669109522286,1.0699788556516228
2018-12-06,0.7463741167940355,0.697873352364234,1.0694979458170915
2018-12-07,0.7452026926111126,0.6978528031018073,1.0678508265623425
2018-12-10,0.7347418827386472,0.6896813442255348,1.0653353014263598
2018-12-11,0.7408549702285088,0.6954180133196451,1.0653376185813277
2018-12-12,0.739978267787094,0.6950619750119483,1.0646219968721113
2018-12-13,0.7461443538590967,0.7029471588373856,1.061451553617708
2018-12-14,0.7244726327816928,0.6861674948044245,1.055824763293671
2018-12-17,0.7236322151723297,0.6851470303449323,1.0561706949353955
2018-12-18,0.7199863052470392,0.6814481631081328,1.056553299612888
2018-12-19,0.7110512304959821,0.6720552888329131,1.0580249010922733
2018-12-20,0.7144102889732767,0.6739316747447854,1.060063379932128
2018-12-21,0.708337474540309,0.6694036894413796,1.058161892013801
2018-12-24,0.7133732017009814,0.6762984137086215,1.054820161101743
2018-12-25,0.7035936590949546,0.6685129980413427,1.052475660393132
2018-12-26,0.7043719215500165,0.6658076429705627,1.0579210512024098
2018-12-27,0.6926564860834764,0.6583496753328217,1.0521103177172697
2018-12-28,0.6949331452412546,0.6594206939560375,1.053854014001545
2019-01-02,0.6909026108961815,0.6537125406862366,1.056890556468298
2019-01-03,0.6885753422652541,0.6506828646475924,1.0582349400551436
2019-01-04,0.7043267514579846,0.6661983767720667,1.057232764316631
2019-01-07,0.7162101871130482,0.678450055501622,1.0556564647688145
2019-01-08,0.7156086560928291,0.6767066441647279,1.0574872616717377
2019-01-09,0.7183766667046216,0.6785213078354709,1.0587385516252865
2019-01-10,0.7173587797240176,0.6774280275112929,1.0589446414837906
2019-01-11,0.7223944300543542,0.6826520818524773,1.0582175741616875
2019-01-14,0.7180577486745929,0.678170034574134,1.0588166861803425
2019-01-15,0.7270828412396881,0.687790737628432,1.0571279917882277
2019-01-16,0.7257547938076049,0.6861327248567676,1.0577469453291395
2019-01-17,0.7203678954704585,0.6808880467993073,1.0579828781790732
2019-01-18,0.7267527910894487,0.6878619155084317,1.0565387830088993
2019-01-21,0.7321607804112806,0.6919469004080742,1.058117002879109
2019-01-22,0.7232953288568258,0.6816031760225251,1.061167779583414
2019-01-23,0.7254801034190844,0.6827786533964098,1.0625406928149568
2019-01-24,0.7302649150181895,0.6863368028578961,1.0640037252517676
2019-01-25,0.7252554379383642,0.6832153252229762,1.0615327425532612
2019-01-28,0.7225574238319515,0.6814401965462498,1.0603387171671068
2019-01-29,0.7084663275468918,0.6730662231996855,1.0525952768494578
2019-01-30,0.7007274431567676,0.6663154926771289,1.0516451303591607
2019-01-31,0.6922351892091514,0.660754460213687,1.0476436117968595
2019-02-01,0.714837763235406,0.6793914499730812,1.0521736228263239
2019-02-11,0.7355738071309207,0.6965729414311027,1.055989636375612
2019-02-12,0.7448889251504054,0.7023649297352964,1.060544018664393
2019-02-13,0.7574536438038068,0.71390311722632,1.0610034128253854
2019-02-14,0.7617902202347193,0.7170292854537503,1.0624255322467664
2019-02-15,0.7599431166051746,0.7123716015447386,1.0667790728283943
2019-02-18,0.7879382699836293,0.7374113245347248,1.0685193510972792
2019-02-19,0.7931941106114527,0.7384049111545937,1.0741993974162345
2019-02-20,0.7953626157383585,0.7384586668338403,1.077057730459709
2019-02-21,0.7945235291012551,0.7371170829220068,1.0778796849364598
2019-02-22,0.8135712460248968,0.7558110298761705,1.0764215046692154
2019-02-25,0.8591493561671042,0.7980606856946383,1.0765463974951903
2019-02-26,0.8617602290932591,0.7971414784702919,1.0810630890102093
2019-02-27,0.8587862575012366,0.793872880029013,1.081767974577808
2019-02-28,0.8601268048929684,0.795045230341224,1.0818589585448015
2019-03-01,0.8654335959041688,0.8016805573972541,1.0795242418175839
2019-03-04,0.8809798306538835,0.8160806764042868,1.0795254147366253
2019-03-05,0.9079634986115397,0.8377616373414047,1.0837969395363067
2019-03-06,0.9252310523301215,0.8527503140277229,1.084996436952402
2019-03-07,0.9408003934097586,0.8636018881198383,1.0893913113807456
2019-03-08,0.9048829978396825,0.8299160629638332,1.0903307433382166
2019-03-11,0.9427747601152747,0.8632474877968277,1.0921256921597489
2019-03-12,0.9614230227298659,0.878217178751556,1.0947440405306037
2019-03-13,0.9396606961903747,0.8582607178735917,1.0948429499586767
2019-03-14,0.9160297719497517,0.8382694870479708,1.0927628717294955
2019-03-15,0.9267509179231584,0.8478426885463693,1.0930694224798678
2019-03-18,0.9509838939263118,0.870335270895491,1.092663856938535
2019-03-19,0.9553531087318015,0.8736576250160164,1.0935097243777703
2019-03-20,0.9553815082436159,0.8726466906492438,1.0948090658921974
2019-03-21,0.9723585078365441,0.8843050466531539,1.0995736273547774
2019-03-22,0.976482977904327,0.889472218253418,1.0978229087601687
2019-03-25,0.9634606671186616,0.8780067721732308,1.0973271478691633
2019-03-26,0.9361662140791769,0.8535176353993502,1.0968328892714168
2019-03-27,0.9445200033939973,0.861902702369471,1.0958545562015316
2019-03-28,0.9327062567756759,0.8496003950223427,1.0978175884100756
2019-03-29,0.9643014896111968,0.877688779782563,1.098682712851919
2019-04-01,1.0019784502314286,0.9109411346275244,1.0999376492545028
2019-04-02,1.0074207649494893,0.9137429818870905,1.1025209330406376
2019-04-03,1.0148554405337342,0.9233130563238156,1.099145553702442
2019-04-04,1.0185537928560093,0.9289326095128638,1.0964775942036777
2019-04-08,1.0101099180127553,0.9251467057261484,1.0918375558824687
2019-04-09,1.0178396450065648,0.9267952628589425,1.0982357008027555
2019-04-10,1.0162102382546045,0.9256418982783214,1.097843820752646
2019-04-11,0.99496305872254,0.9060888283562545,1.0980855602507684
2019-04-12,0.991191179928035,0.9040637581071862,1.096373094308376
2019-04-15,0.9813450705864027,0.8948259712002082,1.0966881853799444
2019-04-16,1.002824047459154,0.9139740121816916,1.0972128683017737
2019-04-17,1.012607181301057,0.9188341361071456,1.1020565535268452
2019-04-18,1.0048782298730525,0.913682897630647,1.099810702902388
2019-04-19,1.0105516964339405,0.9192217428469761,1.099355736847674
2019-04-22,0.9964326602869147,0.9054354213741658,1.1005010813191334
2019-04-23,0.978845903114829,0.8904087732246678,1.0993219435269947
2019-04-24,0.9898135820761128,0.8985834336164634,1.1015266307464429
2019-04-25,0.950729094899258,0.863570245233855,1.1009285001960674
2019-04-26,0.9409369052922822,0.8555980993123512,1.0997416965378
2019-04-29,0.9088498114625815,0.8330644184383762,1.0909718280445455
2019-04-30,0.9159878640013603,0.8397028725560798,1.0908476009056238
2019-05-06,0.8437943253681884,0.7766155200984811,1.0865020122971383
2019-05-07,0.8539283103407811,0.7868358000017716,1.0852687566311274
2019-05-08,0.8533422632812077,0.7827761294109156,1.0901485510594162
2019-05-09,0.8434203588283946,0.7733895837128925,1.0905504503684909
2019-05-10,0.8748297107381113,0.8012201347927375,1.091871849881076
2019-05-13,0.8651723100774361,0.7919775828393998,1.0924202008036874
2019-05-14,0.8603270784998768,0.7856033654331173,1.0951163352330637
2019-05-15,0.8829414004681545,0.803156604961053,1.099339026802837
2019-05-16,0.886822480984481,0.8081876749246651,1.0972977050994321
2019-05-17,0.8535112457260647,0.7819598174064011,1.0915026919886817
2019-05-20,0.8490881342632454,0.7789506906301835,1.0900409287477741
2019-05-21,0.8648915828170372,0.7926056755127016,1.0912003402670276
2019-05-22,0.8576250721421192,0.7873088053068314,1.0893121813973412
2019-05-23,0.837084364008432,0.7709389352608137,1.085798531793236
2019-05-24,0.8343333499364348,0.7660091969861967,1.0891949512082284
2019-05-27,0.8585812633670249,0.7851824778226172,1.0934799076871267
2019-05-28,0.8578559288335346,0.7840022354023727,1.094200870987642
2019-05-29,0.8594346526205646,0.7842190450117439,1.0959114779056334
2019-05-30,0.8544624994006317,0.7793999451572937,1.096308133853139
2019-05-31,0.8523550407763868,0.7771217318203608,1.0968101982938974
2019-06-03,0.838917352827718,0.7679171513302028,1.0924581530371176
2019-06-04,0.826548765136585,0.7586761629077019,1.089461888414623
2019-06-05,0.8239991267670824,0.7568425879592183,1.0887325051156909
2019-06-06,0.8023638336108212,0.7402242654178464,1.0839469483723259
2019-06-10,0.8104580332293493,0.7475778487587676,1.0841118882468013
2019-06-11,0.8430012210768777,0.7754558269406627,1.087104115785287
2019-06-12,0.8393287249678371,0.7694470290270978,1.0908206716050342
2019-06-13,0.8475750150459344,0.771687270900851,1.0983400232279246
2019-06-14,0.8299744186148039,0.7586951486392916,1.0939498164754984
2019-06-17,0.8300811512314006,0.7598153068030928,1.0924775321044133
2019-06-18,0.8286073048834658,0.7589514932426792,1.0917790033499726
2019-06-19,0.8396356300019366,0.7687240076958466,1.0922458796605543
2019-06-20,0.8535924730847122,0.7838819924356367,1.0889298151019833
2019-06-21,0.8686457703564573,0.7944155741370844,1.0934400062586938
2019-06-24,0.8697809561027071,0.7948727952260777,1.0942391805664
2019-06-25,0.8589873483036464,0.7870873051049495,1.091349514510477
2019-06-26,0.856498801403042,0.7851255206278475,1.09090684088083
2019-06-27,0.8658768480176909,0.7922275244117409,1.0929648634218274
2019-06-28,0.8562558260749856,0.7832096741758079,1.093265129770066
2019-07-01,0.8796796635457239,0.8069061752692743,1.0901882901716102
2019-07-02,0.8786582326688288,0.8043985696224264,1.0923170003661977
2019-07-03,0.8710842072395014,0.7974864231544314,1.0922871937981795
2019-07-04,0.8676205683100601,0.7950024938316836,1.0913432033758512
2019-07-05,0.869661633616195,0.7977933219215426,1.0900838722509638
2019-07-08,0.8395958212555373,0.770600393607719,1.089534638471702
2019-07-09,0.8419408956948866,0.772315363574153,1.0901516859622185
2019-07-10,0.8349925594351391,0.7663414100620942,1.0895829828215629
2019-07-11,0.8364862432349878,0.7664505594052735,1.091376649113621
2019-07-12,0.8398083831260807,0.7691432573216602,1.0918751157625606
2019-07-15,0.8481854450295818,0.7792290735729848,1.0884930680787008
2019-07-16,0.8501062736315178,0.7802938380728532,1.0894694179965398
2019-07-17,0.8476178408409488,0.7798255233603035,1.086932673335088
2019-07-18,0.8327026151128203,0.7663809450561107,1.086538777463803
2019-07-19,0.8377898344515831,0.771851813907963,1.0854283417561323
2019-07-22,0.8180182520495409,0.7556955519557935,1.0824706456620683
2019-07-23,0.8255923479519661,0.7631867260103543,1.081769794749765
2019-07-24,0.8341691029554049,0.7709563574615663,1.0819926379516105
2019-07-25,0.8342149436182995,0.773900634934981,1.0779354686643794
2019-07-26,0.8346422781839621,0.7749242264561468,1.077063085252755
2019-07-29,0.8341525935847309,0.7747517913410014,1.0766707517267098
2019-07-30,0.8397557700530034,0.7788494333950371,1.0782003992639155
2019-07-31,0.8353433828459573,0.7757295192909541,1.0768487753431022
2019-08-01,0.828448303648394,0.770551328520983,1.075137077809651
2019-08-02,0.8172000359610271,0.7609717984453878,1.073890041169081
2019-08-05,0.807151051083051,0.7518051894184095,1.073617291345723
2019-08-06,0.7877702829184609,0.7357596403402561,1.0706897194770728
2019-08-07,0.785870970298943,0.7319310000440012,1.0736954306508388
2019-08-08,0.790979753939232,0.7366361110550629,1.0737727109336717
2019-08-09,0.7823293418104386,0.7278160102430618,1.0748998796401463
2019-08-12,0.7984783886536742,0.7412162885068784,1.0772542387892552
2019-08-13,0.7960789986631054,0.7369984034861069,1.0801638034730319
2019-08-14,0.8002531407361972,0.7410248676601431,1.0799275107501765
2019-08-15,0.8039116229143357,0.7446177870692863,1.0796298945240375
2019-08-16,0.805344410443427,0.7471664912409876,1.0778647328064863
2019-08-19,0.8312488639635387,0.7712743498522341,1.0777602861067466
2019-08-20,0.8327108182958143,0.7708899446279266,1.0801941627319134
2019-08-21,0.8339914827367176,0.7724894366739847,1.079615387787741
2019-08-22,0.83604607647958,0.7733105137248587,1.0811259664019548
2019-08-23,0.8337863159116771,0.7733089501940219,1.078205955979795
2019-08-26,0.8287280304382015,0.7681766229952639,1.0788248504710236
2019-08-27,0.8463770497303592,0.7809377894160716,1.083795740456123
2019-08-28,0.8480477422268206,0.7796831676003045,1.0876825067763451
2019-08-29,0.8482084277826933,0.7806308161951109,1.0865679527192686
2019-08-30,0.8368785868547388,0.7730858864613035,1.082516964169968
2019-09-02,0.856745190887059,0.7923572974711962,1.0812611856057317
2019-09-03,0.86308773304575,0.7980338078550139,1.0815177559527092
2019-09-04,0.8718801887114535,0.8058003122445522,1.082005275330356
2019-09-05,0.880270719387945,0.8129418510224622,1.082821259947192
2019-09-06,0.8843672986605383,0.8155095409257533,1.0844352570745142
2019-09-09,0.9041076652484157,0.832725876785281,1.085720632026835
2019-09-10,0.9044864484095042,0.8298543407227028,1.089933984826549
2019-09-11,0.8997085001507941,0.8254213585310957,1.0899990542429123
2019-09-12,0.9042163262268483,0.8294271989888559,1.0901696102191571
2019-09-16,0.9049841485465253,0.8306501034647904,1.089488997559471
2019-09-17,0.8850506101469603,0.8132646084594898,1.0882689360151179
2019-09-18,0.8862005826093226,0.8133578991327528,1.0895579714099275
2019-09-19,0.8935519960203907,0.8213680165174362,1.0878826275814968
2019-09-20,0.8956440387403699,0.8233946502973413,1.0877457588738744
2019-09-23,0.8883590318636779,0.81817379747168,1.0857827940822407
2019-09-24,0.8886689996344037,0.8196388258657722,1.0842202340716547
2019-09-25,0.871342187304347,0.8048099271402062,1.0826682896426925
2019-09-26,0.850772985415852,0.7863358424032378,1.0819460840239437
2019-09-27,0.8580180146174132,0.7919348463298593,1.0834452083953743
2019-09-30,0.847443129235525,0.7816940171641423,1.084111059606046
2019-10-08,0.8477209981025284,0.7818300443469449,1.084277848148726
2019-10-09,0.8546001408795822,0.7883466919670761,1.084041005800622
2019-10-10,0.8644987625963386,0.7983786780853047,1.0828179488330087
2019-10-11,0.8641880774222517,0.7998279222633301,1.0804675022807368
2019-10-14,0.8797232429646796,0.8117900499726777,1.0836832047821827
2019-10-15,0.8689161045125537,0.8006948628854174,1.0852025469244195
2019-10-16,0.8649980434120129,0.7971130370998306,1.0851635880391206
2019-10-17,0.8638907535557799,0.7957666881416372,1.0856080889402817
2019-10-18,0.8505959666283609,0.7850021505994377,1.083558772391687
2019-10-21,0.8473288591579484,0.7832982742565601,1.0817448308081117
2019-10-22,0.8581303692793067,0.7919221891754661,1.0836044007969714
2019-10-23,0.8519849809771326,0.7858533070054581,1.0841526953976606
2019-10-24,0.8498817324241649,0.7844389072289387,1.0834262867281859
2019-10-25,0.8558163672399128,0.7901850319619194,1.083058185897346
2019-10-28,0.8746083044070937,0.8044080252612963,1.0872694912796204
2019-10-29,0.8608394847914178,0.7922639323440835,1.0865564487385393
2019-10-30,0.849448339131783,0.7828014437197011,1.0851389531110092
2019-10-31,0.8428849316648757,0.7779792912574266,1.0834284937103453
2019-11-01,0.8496013304309528,0.7850875491646673,1.0821739961803345
2019-11-04,0.852748907425664,0.7891203419159001,1.0806322713152732
2019-11-05,0.8578855927384319,0.7950467938720596,1.0790378621116539
2019-11-06,0.8470212314896985,0.7870462065800957,1.0762026732460965
2019-11-07,0.8539174484372699,0.7921626751089375,1.077957186407249
2019-11-08,0.8500849078159219,0.7891915197958996,1.0771592021614353
2019-11-11,0.8301220958012981,0.771451550013739,1.0760521458366559
2019-11-12,0.8330530655768733,0.7723138000433158,1.0786458373916805
2019-11-13,0.8297740927212255,0.7713534942941161,1.0757377763363494
2019-11-14,0.8348645101682362,0.7771391540211131,1.0742793048689383
2019-11-15,0.8261891567799607,0.7702302090686411,1.0726522370227272
2019-11-18,0.8312642973572529,0.7740303335405865,1.0739427918216922
2019-11-19,0.8478889079503901,0.7871062908365387,1.0772228831372335
2019-11-20,0.8422981999155892,0.7825451735701624,1.0763572869190654
2019-11-21,0.8420792830112401,0.7824565734894098,1.0761993847862246
2019-11-22,0.8331177724526568,0.7758687479892791,1.0737869963337778
2019-11-25,0.8307861341393602,0.7754605919870219,1.0713453948840566
2019-11-26,0.8284756967077074,0.7724008365932313,1.072598134877483
2019-11-27,0.8287891816982751,0.7758972638135885,1.068168712987489
2019-11-28,0.8259847266650715,0.7735241218187063,1.0678202571408115
2019-11-29,0.8265764300119546,0.7744227053267766,1.0673452938898158
2019-12-02,0.8269679309233146,0.776080718098441,1.065569484769004
2019-12-03,0.8304865775253772,0.7794079117191757,1.0655352159481355
2019-12-04,0.8302417069667963,0.7784934695411891,1.0664722819783001
2019-12-05,0.8382170097449013,0.7859181563082608,1.0665449105824287
2019-12-06,0.8459778289492593,0.7927069327478464,1.067201249289891
2019-12-09,0.8493393484323843,0.7949360809980432,1.0684372853802757
2019-12-10,0.8525367423728802,0.7988042562883145,1.0672661489489759
2019-12-11,0.8503996137144194,0.7953600956702165,1.0692007536508648
2019-12-12,0.8475622009276257,0.792942653634958,1.0688820900758513
2019-12-13,0.8584905329108053,0.8027025853875815,1.0695001468025507
2019-12-16,0.8722138273424459,0.8173131109729396,1.0671721958603502
2019-12-17,0.8860423070868263,0.8283909503132962,1.0695943826423095
2019-12-18,0.8869410419824274,0.828242191522251,1.0708716013999384
2019-12-19,0.8911135780837341,0.8292895338213665,1.0745506144005972
2019-12-20,0.8821084546446744,0.8202621534927138,1.0753982137157203
2019-12-23,0.8649936919154847,0.804389039529706,1.0753424641653644
2019-12-24,0.8763128759632118,0.8166850182996376,1.0730120625791828
2019-12-25,0.8795370625165484,0.8200122119203722,1.0725902001590635
2019-12-26,0.8843223207805123,0.8257140366129764,1.0709789122732407
2019-12-27,0.8797662264898551,0.8193935748859404,1.0736796741569747
2019-12-30,0.8875091045891452,0.8293211767073496,1.0701633209377566
2019-12-31,0.8901434640296019,0.833390302937076,1.0680991378139553
2020-01-02,0.9036674731843131,0.8489707388182027,1.0644271137568888
2020-01-03,0.9060310834015157,0.8512647363712025,1.0643352704398081
2020-01-06,0.9138323093062398,0.8598412241880584,1.062791924368554
2020-01-07,0.9246595221007993,0.8701232263324782,1.062676519966245
2020-01-08,0.9116669998196435,0.8580930478048046,1.062433732742496
2020-01-09,0.9224503752302943,0.8697593703705973,1.060581129280902
2020-01-10,0.9194468717589668,0.8670207344291481,1.0604669937499667
2020-01-13,0.9298455622054405,0.8795825134413375,1.0571442110274003
2020-01-14,0.9277949157555854,0.8768455154845746,1.0581053325486354
2020-01-15,0.9234461684425661,0.8748995896773888,1.055488171829042
2020-01-16,0.9199900579268223,0.8745262036227883,1.0519868405494275
2020-01-17,0.9161693110405226,0.8717385770484524,1.0509679566350092
2020-01-20,0.925413801867864,0.8839981478860409,1.0468503854684117
2020-01-21,0.9134018603005128,0.873936082412666,1.0451586548285021
2020-01-22,0.9201580501378491,0.8820948841345453,1.0431508749091647
2020-01-23,0.8860698585865561,0.8508059517513722,1.0414476494464968
2020-02-03,0.8086470117386839,0.7769477331743776,1.0407997568057668
2020-02-04,0.8133566848483805,0.790485676605683,1.028932855989124
2020-02-05,0.8344821352531562,0.8106557455774953,1.0293915016400548
2020-02-06,0.8579903172481155,0.8357998528643009,1.0265499740252018
2020-02-07,0.8667131322328402,0.8427847407431324,1.0283920559223803
2020-02-10,0.8787996016460641,0.8524971709398566,1.0308533935393707
2020-02-11,0.8734698610666506,0.8482018539157382,1.0297900871523238
2020-02-12,0.8878860386873505,0.8638122946981617,1.0278691842393848
2020-02-13,0.8767881317256874,0.8563590921067806,1.023855693023178
2020-02-14,0.876933265075829,0.857618404515058,1.022521508935775
2020-02-17,0.9057975429060314,0.8850897902255327,1.0233962168688242
2020-02-18,0.9168119992620254,0.895590091056311,1.0236960060385258
2020-02-19,0.9038904611556388,0.8864852042704621,1.0196340072020722
2020-02-20,0.9176350395328174,0.9028518728009566,1.016373856196364
2020-02-21,0.9294162782741842,0.9150846402527714,1.015661543633225
2020-02-24,0.9415725931611045,0.9279691022481389,1.01465942225879
2020-02-25,0.9476317931817949,0.9330713500917507,1.0156048549648562
2020-02-26,0.923987682147772,0.9086550291825561,1.0168740088072912
2020-02-27,0.9275669108358512,0.9102908547071077,1.018978611110294
2020-02-28,0.8811142503710027,0.8624421949620185,1.0216502108988377
2020-03-02,0.9109503523153993,0.8948955855493692,1.017940379889319
2020-03-03,0.9204580462179309,0.9033755811774391,1.0189095935250174
2020-03-04,0.9201974946825265,0.904402374214128,1.017464704780462
2020-03-05,0.933602796191589,0.9177884317927144,1.0172309476248076
2020-03-06,0.93098332485053,0.9118935482686886,1.020934216080468
2020-03-09,0.894733300906612,0.8742335255409066,1.0234488552163699
2020-03-10,0.9156549472314289,0.8978525201771769,1.019827785359158
2020-03-11,0.9029892594170257,0.8843130132150346,1.0211194971948803
2020-03-12,0.8874993912409845,0.8691803427840311,1.021076234188956
2020-03-13,0.8790626317894565,0.8633771864024317,1.0181675467386206
2020-03-16,0.840116311706181,0.8227033463059217,1.021165545853735
2020-03-17,0.8408250382781609,0.8245938784491748,1.0196838228529084
2020-03-18,0.8287153174112933,0.8099453814006371,1.0231743231601587
2020-03-19,0.8371980961353997,0.8160126255859589,1.0259621847569185
2020-03-20,0.8477378608346401,0.8257361494062394,1.02664496576082
2020-03-23,0.8091667236292021,0.7908717198146762,1.0231327070574896
2020-03-24,0.8226690408208854,0.8062385476019547,1.0203791957948438
2020-03-25,0.8451074993915118,0.8254419077935213,1.023824319328005
2020-03-26,0.834182726312571,0.8173242045964954,1.0206264804361183
2020-03-27,0.8270977176703644,0.8127725429689894,1.0176250721377058
2020-03-30,0.8042144193772257,0.795393302087036,1.0110902584508117
2020-03-31,0.801887377524655,0.7976019010748061,1.0053729516492802
2020-04-01,0.8008191365556596,0.7940849245920223,1.0084804682157857
2020-04-02,0.8287960438173618,0.814332500021031,1.0177612262754554
2020-04-03,0.8219607437017962,0.8079788318771751,1.0173047996717153
2020-04-07,0.8520984093865227,0.8332969378099631,1.0225627513116429
2020-04-08,0.8566254814198948,0.8340452734500008,1.027073120235418
2020-04-09,0.8668965829241311,0.842060155881044,1.0294948370014025
2020-04-10,0.8459508640709259,0.824032273063362,1.026599190012402
2020-04-13,0.8388802842517508,0.8178099415097984,1.025764351437271
2020-04-14,0.8612893549704627,0.8367016378878941,1.0293864813562883
2020-04-15,0.860759424926179,0.8335627380522211,1.0326270424917363
2020-04-16,0.8692623315190586,0.8411915772742707,1.033370227428746
2020-04-17,0.8680518472972394,0.8414257346305455,1.0316440436402685
2020-04-20,0.8779475507230525,0.8514467015790671,1.0311244956317733
2020-04-21,0.872216406153824,0.8454489972890586,1.0316605838443187
2020-04-22,0.8821220113098873,0.852369035865087,1.034906213380456
2020-04-23,0.8760380007465709,0.8476497041687954,1.033490599286663
2020-04-24,0.8590981426756973,0.8343221673158151,1.029695933214374
2020-04-27,0.856149583638631,0.8330834041699643,1.0276877193246319
2020-04-28,0.8483351887011005,0.8270920284571525,1.0256841554664415
2020-04-29,0.8465770637450571,0.8269274854500405,1.0237621540470658
2020-04-30,0.8682219148190571,0.84702794007269,1.0250215769087243
2020-05-06,0.8839023056004682,0.8624469600083783,1.0248772928504282
2020-05-07,0.883507131337187,0.8615657242472117,1.0254668987779736
2020-05-08,0.8939042283362998,0.8713667545246884,1.0258645096276424
2020-05-11,0.8933803893117243,0.8695457622767487,1.0274104343543333
2020-05-12,0.8932474604322189,0.8721198552110859,1.024225575297812
2020-05-13,0.8990252704966734,0.8758883367970483,1.0264153919256789
2020-05-14,0.8923883143655851,0.868109249706966,1.0279677525228703
2020-05-15,0.8949412749347497,0.8714031624570313,1.0270117363487066
2020-05-18,0.8928574761435776,0.8667976706964293,1.030064461786348
2020-05-19,0.9022744362515418,0.8777236241840671,1.027971005212828
2020-05-20,0.8950493261836839,0.8685189692400598,1.0305466637842553
2020-05-21,0.8860100524132043,0.8584679973902413,1.0320827976193538
2020-05-22,0.8695867249050103,0.8429730345281936,1.031571223854998
2020-05-25,0.8667813809168082,0.8411330565486641,1.0304925887390328
2020-05-26,0.88638724202808,0.8575250393879453,1.0336575625368734
2020-05-27,0.8789034369467699,0.849502339302718,1.034609790089789
2020-05-28,0.8766159654759171,0.8481844317149847,1.0335204617036478
2020-05-29,0.88684326648123,0.8553307355392546,1.0368425097247416
2020-06-01,0.9172719043702071,0.881140906962542,1.0410047894975338
2020-06-02,0.9190335975227447,0.880659935095599,1.0435737574719806
2020-06-03,0.9229902361319198,0.881588672412665,1.0469624497396843
2020-06-04,0.9233268631080321,0.8822910700276402,1.046510493503132
2020-06-05,0.9243636420360966,0.88366273329462,1.046059324681181
2020-06-08,0.9241950708829973,0.8820616777177251,1.04776694672224
2020-06-09,0.9317486569264414,0.8876116165576107,1.0497256227222507
2020-06-10,0.9322730502428144,0.8883805759139243,1.0494072872808318
2020-06-11,0.9277543883504381,0.8842449623967088,1.0492051725528624
2020-06-12,0.9304597777158022,0.8846231134976691,1.0518149068442286
2020-06-15,0.9315501127481182,0.884488575391854,1.0532076260401833
2020-06-16,0.951222206194695,0.9010467392229334,1.0556857538988855
2020-06-17,0.959037060723352,0.9073940787895926,1.0569135099522007
2020-06-18,0.9617088623504703,0.9072327372980035,1.0600464718840639
2020-06-19,0.9707319738019096,0.9155781948202583,1.0602392884558363
2020-06-22,0.9685183962798459,0.9150846402527715,1.0583921461213845
2020-06-23,0.9733246499405802,0.9182978450301176,1.0599226113926663
2020-06-24,0.9699190943621356,0.9158851680412188,1.0589963984638793
2020-06-29,0.9642030805544349,0.9116688465512841,1.0576242505180258
2020-06-30,0.9803527128702593,0.9278029957101901,1.0566388742039412
2020-07-01,0.9877840663185898,0.9305669459604258,1.0614863020941616
2020-07-02,1.0037859275508354,0.9453420145528958,1.0618230355767917
2020-07-03,1.01669678040767,0.9574022724357157,1.0619327002651706
2020-07-06,1.0569709077929856,0.9966935045493882,1.0604773713969866
2020-07-07,1.0728022226261953,1.00937709005915,1.0628359145374782
2020-07-08,1.0966742067624786,1.0339611554909798,1.0606531985640402
2020-07-09,1.1227689444494968,1.059010334119836,1.0602058433949577
2020-07-10,1.123159905999238,1.0562717726322362,1.063324738102502
2020-07-13,1.155741081654698,1.0915649819423323,1.0587927432393174
2020-07-14,1.1434371964267205,1.0770429819838776,1.0616449069846283
2020-07-15,1.1204277622512924,1.0503231334289636,1.0667457724114482
2020-07-16,1.0699956276322529,0.9998798314871106,1.070124222868722
2020-07-17,1.0717378366534378,1.0037701195706454,1.067712433113535
2020-07-20,1.1014532201589473,1.032602149378393,1.066677249143827
2020-07-21,1.109363623413316,1.038375151950997,1.0683649558918462
2020-07-22,1.1214472217656533,1.0474515973663858,1.0706434785008827
2020-07-23,1.1211847225076863,1.0473566687084366,1.0704898875473738
2020-07-24,1.0687823469322184,0.9941811338561803,1.0750378482708465
2020-07-27,1.0653599061963746,0.9965163043878829,1.069084270378074
2020-07-28,1.0764800776364922,1.0061543551890844,1.0698955603429174
2020-07-29,1.1051692775126631,1.033146332563453,1.069712239862969
2020-07-30,1.1030282478406463,1.0301672851423815,1.0707273117183047
2020-07-31,1.1150032890592039,1.0409619020397272,1.0711278547989078
2020-08-03,1.143514741581616,1.066297430173268,1.0724162970136772
2020-08-04,1.1372041360267324,1.0596368632623008,1.0732017500086073
2020-08-05,1.1465358840159303,1.071523048045289,1.0700058072548997
2020-08-06,1.1467468991148473,1.0711212206202285,1.0706042201748445
2020-08-07,1.1339706422143636,1.0582398856865345,1.0715629391333126
2020-08-10,1.141822538011659,1.0640018690894313,1.0731395979490395
2020-08-11,1.1211447832647743,1.0443127719845617,1.073571839147581
2020-08-12,1.1080651030615165,1.0328505274198976,1.0728223238937662
2020-08-13,1.113607376301498,1.036688697808872,1.0741965053300957
2020-08-14,1.128992120835926,1.047905691393705,1.0773795104923771
2020-08-17,1.1533209982218517,1.0670473293441423,1.0808527105641483
2020-08-18,1.1636881805043195,1.074143004550839,1.083364296536032
2020-08-19,1.13957163932976,1.054662750493458,1.0805080949304169
2020-08-20,1.124952796967989,1.0431958153362835,1.0783716541322115
2020-08-21,1.1344798239047853,1.0511299897946074,1.0792954581444913
2020-08-24,1.143200772386443,1.0582525428409275,1.0802721714397852
2020-08-25,1.1343828111734622,1.0524921229688675,1.0778064618418213
2020-08-26,1.1072905983574093,1.0324518270565104,1.0724864534496124
2020-08-27,1.116562552806541,1.0408226733414012,1.072769244372808
2020-08-28,1.1349400387955106,1.058608506694775,1.0721055344048394
2020-08-31,1.1343925817354839,1.0550044936620755,1.0752490520659685
2020-09-01,1.144695347152769,1.0616540414033355,1.0782188005799576
2020-09-02,1.143697901727074,1.0627773266288105,1.0761406675422294
2020-09-03,1.1329412903305727,1.054026765712123,1.074869564213707
2020-09-04,1.1230054711386173,1.047117820759651,1.0724728859297916
2020-09-07,1.0990378900017759,1.0250049530423264,1.0722269065527066
2020-09-08,1.1053271062581427,1.0323284570281015,1.0707126193539136
2020-09-09,1.074588680364516,1.0045026709946163,1.0697718496860773
2020-09-10,1.0599887117460256,0.9865222152789842,1.0744701896512947
2020-09-11,1.0751835152346794,0.9986093510014272,1.076680800311415
2020-09-14,1.08046923326114,1.0048222269161207,1.075283969958732
2020-09-15,1.0894997079163575,1.0106189802666743,1.078051896105166
2020-09-16,1.0847882108016993,1.0052335844339009,1.0791404382023306
2020-09-17,1.0882737569467047,1.0073187389394125,1.0803668341289157
2020-09-18,1.1070593728277014,1.0235272674938412,1.081611998025605
2020-09-21,1.1067266601432009,1.0198077765407656,1.0852306538564238
2020-09-22,1.0884093871164346,1.005994577228332,1.0819237118704634
2020-09-23,1.092343157070877,1.011275588764286,1.0801636756659483
2020-09-24,1.0657468561235732,0.9879571643179303,1.07873791963374
2020-09-25,1.0651337743542675,0.9867310583264727,1.0794570266803685
2020-09-28,1.056264626751329,0.977488506373135,1.080590329057151
2020-09-29,1.0654360558664926,0.9854464316094086,1.0811709512473924
2020-09-30,1.0593547048901637,0.9797081989844615,1.081296151229786
2020-10-09,1.087203101566531,1.0058869914159894,1.0808402045602288
2020-10-12,1.1189512091206277,1.034872396153443,1.0812455847500624
2020-10-13,1.1212616237583375,1.0364893104002542,1.0817879282569227
2020-10-14,1.1150867095687005,1.029681622682928,1.0829431981734723
2020-10-15,1.1061378899141545,1.0220353612601254,1.082289255188132
2020-10-16,1.0989951720625315,1.0170739056456761,1.0805460310820272
2020-10-19,1.0862818826295662,1.005942385079922,1.0798649095030042
2020-10-20,1.0998229012174012,1.016192744338359,1.0822975339520788
2020-10-21,1.0866841651437706,1.004627679007712,1.0816785042366215
2020-10-22,1.0819993340557075,0.9994273009906279,1.0826193490844551
2020-10-23,1.0648713551547766,0.9829925816418074,1.0832954134569501
2020-10-26,1.0653520714768923,0.9831697818033127,1.0835891126788317
2020-10-27,1.0673413012155053,0.9842708797816749,1.0843979265669799
2020-10-28,1.0736714369864981,0.9881723359426156,1.0865224596298024
2020-10-29,1.0737487318844328,0.9896262707131515,1.0850042724822375
2020-10-30,1.048922577124431,0.9668900753688847,1.0848416007623716
2020-11-02,1.0567209874880965,0.9718958310237104,1.0872780330532323
2020-11-03,1.0732821850294836,0.9875031447444603,1.086864574296845
2020-11-04,1.071343655941686,0.9862991515462661,1.0862258720004896
2020-11-05,1.0949604072450252,1.0049393428211832,1.0895786049843807
2020-11-06,1.0833955782007905,0.9969133667665836,1.0867499767955822
2020-11-09,1.1037283669332,1.015961714043758,1.0863877562276545
2020-11-10,1.095475184386687,1.0082791191424618,1.0864800863062454
2020-11-11,1.08121623011855,0.9958628974057946,1.08570791515087
2020-11-12,1.0849696590195526,0.9991662657947302,1.0858749901414806
2020-11-13,1.084878451382733,0.9978183533057001,1.0872504477278946
2020-11-16,1.0971233615969607,1.010538346747805,1.085682067511649
2020-11-17,1.086438790129957,1.0025598722491047,1.0836647468172464
2020-11-18,1.0867700454335087,1.0032037491384735,1.083299425831293
2020-11-19,1.0919634745343803,1.0063030395262806,1.0851238957286906
2020-11-20,1.1036228167844861,1.0161737586067696,1.0860571899609117
2020-11-23,1.1101385273232838,1.0240746521944244,1.084040626280944
2020-11-24,1.1086241497290679,1.024432254032958,1.082183956396009
2020-11-25,1.0882437472984774,1.0046845617486329,1.083169572551619
2020-11-26,1.0862120532428068,1.0021421861541282,1.0838901587521321
2020-11-27,1.087098044495562,1.004880747641728,1.0818179640188976
2020-11-30,1.0789479147951384,1.0000285158243074,1.0789171485832871
2020-12-01,1.0956904258091529,1.0167480211469757,1.0776420539015397
2020-12-02,1.0977563499369707,1.0180706193272195,1.0782713193927653
2020-12-03,1.0977725393805975,1.019004047236796,1.0772994890034007
2020-12-04,1.102706770004079,1.0227773683229675,1.078149364814525
2020-12-07,1.0939481992395204,1.0164411223798646,1.0762533856148824
2020-12-08,1.0950844405709435,1.0162781429035894,1.077544024947932
2020-12-09,1.0735996265472956,0.9978578882997171,1.0759043338091332
2020-12-10,1.074188397028459,0.9998956157031785,1.0743005371346026
2020-12-11,1.0575365643774777,0.9823866762156191,1.0764972591559907
2020-12-14,1.0689933499828574,0.9902322505931905,1.0795380067075029
2020-12-15,1.0713882625116362,0.9912700627995863,1.080823786290667
2020-12-16,1.0656953242600693,0.9865016660165584,1.0802772676130297
2020-12-17,1.0801376986369036,0.998123688541975,1.0821681831985492
2020-12-18,1.0757376247470036,0.995437319202785,1.0806683695649755
2020-12-21,1.0923242429536708,1.0123150389553688,1.0790358741295254
2020-12-22,1.0643873631173553,0.9888146493011482,1.0764275831366563
2020-12-23,1.0698848831833545,0.9979179725561602,1.072117060325962
2020-12-24,1.0559718313316935,0.9817206120791374,1.0756337580559738
2020-12-25,1.070917104571276,0.9933141187802444,1.0781253224169665
2020-12-28,1.060608983120794,0.9879318500091447,1.0735649256686852
2020-12-29,1.0544844829531201,0.9808710192039539,1.0750490760843447
2020-12-30,1.0721537596297137,0.9918507283708384,1.0809628192649279
2020-12-31,1.0883236012992699,1.007333034078493,1.0804009840646862
2021-01-04,1.0994687902619187,1.0256346092464663,1.0719887768507523
2021-01-05,1.1083525172114428,1.034643003843529,1.0712414940168686
2021-01-06,1.100443449123817,1.0328093544411963,1.0654855558693255
2021-01-07,1.0971110142416056,1.0343882972248275,1.0606374967553844
2021-01-08,1.1003710520363044,1.0374702398657307,1.0606290279504444
2021-01-11,1.0853780504570565,1.0213012463053186,1.0627403563674709
2021-01-12,1.0979853191426314,1.0351967171213081,1.060653787809458
2021-01-13,1.0889489003475228,1.0278685225430226,1.0594243100794476
2021-01-14,1.083197111431936,1.0188474707915667,1.063159248548141
2021-01-15,1.0841783526190483,1.0153051799999964,1.0678349465517867
2021-01-18,1.0990101096899623,1.0306450554938023,1.0663322972654294
2021-01-19,1.0953304457932627,1.0246189098333336,1.0690125228817329
2021-01-20,1.1046249118893476,1.0339611554909804,1.06834275738803
2021-01-21,1.1180208372872176,1.047737946871071,1.0670806002837225
2021-01-22,1.1146451275288276,1.0501601539526892,1.0614048946090975
2021-01-25,1.1151235538283124,1.0513467249501303,1.0606620321960933
2021-01-26,1.1006438389098647,1.033571985220313,1.0648932581848713
2021-01-27,1.104937477558128,1.0374006255165678,1.065101996644672
2021-01-28,1.085632513634827,1.01481155097866,1.0697873044388084
2021-01-29,1.0695453403507056,1.0040153705504773,1.0652678950166867
2021-02-01,1.0752209028363642,1.0114733381882182,1.063024463662416
2021-02-02,1.0867567195535273,1.021204754116532,1.0641908149886217
2021-02-03,1.071105179409779,1.0124305168757441,1.0579542611132453
2021-02-04,1.0521072440954375,1.0012704804856807,1.0507722584461872
2021-02-05,1.0356773449568262,0.9872025001006962,1.049103243611301
2021-02-08,1.0451864644810416,1.0003797146317945,1.0447897425286545
2021-02-09,1.0701682466685818,1.0216936180915086,1.0474453669071775
2021-02-10,1.0792751794990918,1.032339476197809,1.0454653768294813
2021-02-18,1.0987424182172314,1.046478634462793,1.0499425234622854
2021-02-19,1.1206414004944507,1.060549741909451,1.0566608582420742
2021-02-22,1.1187611474485382,1.053205688661249,1.062243737850123
2021-02-23,1.1157750880926562,1.0491191402307698,1.063535155642308
2021-02-24,1.1071807762510286,1.0340829619885523,1.0706885394590666
2021-02-25,1.1024707664709423,1.0282229228660327,1.0722098700133564
2021-02-26,1.0830918018735156,1.0068963622519256,1.075673567288672
2021-03-01,1.1034545611102817,1.0265285021620254,1.0749380643462294
2021-03-02,1.0961681242612824,1.0178095841313208,1.0769874260879937
2021-03-03,1.1110860478063023,1.032273063364169,1.0763489693175587
2021-03-04,1.0878518905267984,1.0128513300323942,1.07404893321511
2021-03-05,1.089454832900436,1.013090252435029,1.075377865182159
2021-03-08,1.0606441517870848,0.9898193295445727,1.0715532826330028
2021-03-09,1.0313495451039676,0.9663394891527788,1.0672745517294189
2021-03-10,1.0250581521146103,0.9591030217169195,1.0687675139211035
2021-03-11,1.0504914099926352,0.983082745253397,1.0685686581975997
2021-03-12,1.0500844627732817,0.9844354227887869,1.0666869948650557
2021-03-15,1.0427179845339414,0.9767607199955243,1.0675265325357466
2021-03-16,1.0501453805111307,0.9801416692955054,1.071422033578005
2021-03-17,1.058031280959567,0.9849069390168597,1.0742449251253126
2021-03-18,1.0666157941689192,0.9925800038254362,1.0745892422355343
2021-03-19,1.0517619994802938,0.9819389107654954,1.0711073651825918
2021-03-22,1.0690432952686784,0.9976158388354082,1.0715981579809848
2021-03-23,1.0507402820779457,0.9839275730822208,1.067904092560827
2021-03-24,1.0333924764889977,0.9718040294274347,1.0633753773359527
2021-03-25,1.0370806122549168,0.9741566221598902,1.0645932991303926
2021-03-26,1.054202691665192,0.9890883416514389,1.06583269387751
2021-03-29,1.0571880995579341,0.9895867357191348,1.0683127222695374
2021-03-30,1.0624371184714405,0.993608434846811,1.0692714365244302
2021-03-31,1.058325183360832,0.9894490705516459,1.0696105690116882
2021-04-01,1.0694142004263483,0.9985603603685409,1.0709559911147055
2021-04-02,1.071745089903659,1.0009255358015403,1.070754068678452
2021-04-06,1.078029275173401,1.0035343986835341,1.0742325092070502
2021-04-07,1.0825061865902257,1.0043222693175882,1.0778474396726874
2021-04-08,1.0802200689047676,1.0056940070384175,1.0741041125280397
2021-04-09,1.0775693180095192,1.0022908704913236,1.0751063885090504
2021-04-12,1.0609152256966536,0.9850746090856454,1.07698971825231
2021-04-13,1.0551611754732866,0.9824419954257019,1.0740188025208295
2021-04-14,1.0654077066911247,0.9931100407791152,1.072799249774265
2021-04-15,1.0633593956809477,0.9929913613432164,1.0708646994094135
2021-04-16,1.0747113199876774,1.0029791218749182,1.071519133896493
2021-04-19,1.08960924742853,1.0165328495222905,1.071887886299573
2021-04-20,1.0903485917639615,1.0170517928524132,1.0720679118080907
2021-04-21,1.0867808352315398,1.0157417773727133,1.0699381077369623
2021-04-22,1.0927959376191292,1.0197302700835698,1.0716519551092383
2021-04-23,1.0945374158550762,1.0224657045094958,1.0704881454974131
2021-04-26,1.0895305790271652,1.0192841426181327,1.0689174229951204
2021-04-27,1.0885454873271763,1.0198584051583388,1.067349626008302
2021-04-28,1.0968767270661113,1.026734143693991,1.0683162080494966
2021-04-29,1.0979208265816531,1.0270806519089681,1.06897235824764
2021-04-30,1.093661771870258,1.0260965953818189,1.0658467992122103
2021-05-06,1.0987070520452733,1.026672495906711,1.0701631303319805
2021-05-07,1.0917008685913916,1.0195672906072946,1.0707492076772407
2021-05-10,1.0962483447816047,1.0245588255768903,1.069971110896779
2021-05-11,1.0974613588388995,1.0214025035404644,1.0744651154023943
2021-05-12,1.1084878456673286,1.030263777331168,1.0759262531182014
2021-05-13,1.098569142847102,1.0187113691549143,1.0783909712899689
2021-05-14,1.1124873704559857,1.0324391699021183,1.0775330914279981
2021-05-17,1.1190292720515806,1.0407198525754193,1.07524543639902
2021-05-18,1.1259676373341418,1.044114948106781,1.0783943275362338
2021-05-19,1.1243848996521797,1.041708599695079,1.0793660530222187
2021-05-20,1.1162294812362175,1.0360637321972443,1.0773753066994833
2021-05-21,1.118207847010011,1.0327650544008193,1.0827320717767344
2021-05-24,1.1234658097253645,1.0353375838043197,1.0851202808626148
2021-05-25,1.1352894974480015,1.047290255874797,1.0840256472163001
2021-05-26,1.1378464326718665,1.04864136987935,1.0850672740507843
2021-05-27,1.1504735620551367,1.057690863001266,1.0877219443785247
2021-05-28,1.14698731561147,1.0549633951372226,1.087229491467121
2021-05-31,1.158950177482362,1.0645856617223572,1.0886396643811036
2021-06-01,1.1661120414226396,1.0662895380652349,1.0936166958352898
2021-06-02,1.1575578915116265,1.0570612067971272,1.0950717745276095
2021-06-03,1.1565314179068784,1.0548937807880598,1.0963486930815822
2021-06-04,1.157499244996154,1.058901184776657,1.0931135611490448
2021-06-07,1.164574717008959,1.063400654255753,1.0951419978427748
2021-06-08,1.1629769718892424,1.0575563993493002,1.0996831682970345
2021-06-09,1.1682302463948273,1.0588758704678705,1.1032740276522102
2021-06-10,1.1796757980247192,1.070383978603748,1.1021052459730722
2021-06-11,1.176166198170413,1.0640999248090548,1.1053155542525461
2021-06-15,1.1635111143915227,1.054249829444842,1.1036388926941698
2021-06-16,1.14310383784258,1.0388450301943837,1.1003603084366567
2021-06-17,1.1531096539963603,1.0467364681431681,1.1016236551324998
2021-06-18,1.1650297108969694,1.0533164015352654,1.1060586441062494
2021-06-21,1.1790774282281633,1.0611350980732135,1.111147327394134
2021-06-22,1.1858140538289152,1.0662943031115948,1.1120888955033759
2021-06-23,1.194554815907891,1.0742300411007557,1.1120102493911261
2021-06-24,1.1896070962515313,1.0686801022608703,1.113155465077745
2021-06-25,1.1978434809808338,1.077941639945798,1.1112322194372832
2021-06-28,1.1992633416848353,1.0803321296875839,1.1100876376153366
2021-06-29,1.1916091183262498,1.0703492086560913,1.1132900446784186
2021-06-30,1.1963665926016824,1.0771141598638778,1.1107147572480853
2021-07-01,1.1883374648964196,1.0626364599457994,1.11829163565217
2021-07-02,1.1751428632343703,1.0533622651064787,1.115611316412195
2021-07-05,1.181800481020645,1.0617410034994028,1.1130779324953421
2021-07-06,1.1782358089110245,1.0615021555506174,1.1099702461742582
2021-07-07,1.1864023189174737,1.0701450562011134,1.1086369198667885
2021-07-08,1.1812311234339126,1.0676960457337212,1.1063365160467276
2021-07-09,1.1902104328804326,1.0765383337928354,1.1055903868161483
2021-07-12,1.2051168285391747,1.0923338668447977,1.1032495330572787
2021-07-13,1.2130965325840772,1.1014260964762534,1.1013871347928712
2021-07-14,1.2054508287509131,1.0914431754447609,1.1044558762848047
2021-07-15,1.2074183646056258,1.096768487021091,1.100887178008796
2021-07-16,1.2054572242657589,1.0956151224404698,1.1002561023259856
2021-07-19,1.20166029346471,1.0899543962727187,1.102486762358121
2021-07-20,1.206125511574646,1.0918196885610347,1.1046929490383717
2021-07-21,1.2176189798690544,1.1050158888237227,1.1019017845663708
2021-07-22,1.222605974877413,1.1116622350494598,1.0997998639604925
2021-07-23,1.2115665732808172,1.1052073096704582,1.0962346726082297
2021-07-26,1.187870772690171,1.0866114928897668,1.0931881177983054
2021-07-27,1.1655137106628177,1.0630462539327432,1.0963904029114404
2021-07-28,1.1475240921783603,1.047655675367515,1.095325610464346
2021-07-29,1.167291607944348,1.0693160870422063,1.0916244710889444
2021-07-30,1.170039231128338,1.0706497788460065,1.0928309651261106
2021-08-02,1.187715315653957,1.0872110697387596,1.0924422577295383
2021-08-03,1.185643501321283,1.0783529230097295,1.0994948648278347
2021-08-04,1.20338451533029,1.0965991789676195,1.0973786397170224
2021-08-05,1.1987591056771927,1.0935125457342056,1.0962463214103524
2021-08-06,1.1989149149949612,1.0977905150114202,1.092116299604291
2021-08-09,1.2124618794939515,1.1042232531433092,1.0980224117202093
2021-08-10,1.220480796856111,1.1105041798763287,1.0990330509084891
2021-08-11,1.2311643976194544,1.1190933248475778,1.1001445279705702
2021-08-12,1.2355012475673415,1.1225232647804457,1.10064645101943
2021-08-13,1.2340282046236606,1.1215249875680664,1.1003127155459533
2021-08-16,1.2378826991336533,1.1157662056806927,1.1094463094788405
2021-08-17,1.2050647636321399,1.0907549240611667,1.1047988297365348
2021-08-18,1.2107604448710412,1.0981290566645148,1.1025666223136248
2021-08-19,1.212987894613666,1.0990862353520408,1.1036330504358853
2021-08-20,1.2091430942991221,1.0948082660748262,1.1044336545194495
2021-08-23,1.2280633722174772,1.1113474441743156,1.105021997085598
2021-08-24,1.2359218662798026,1.1218239942271442,1.1017074627034196
2021-08-25,1.2488514505445842,1.1316677610141606,1.103549551880322
2021-08-26,1.2426118211579475,1.1262633049959478,1.103304898282572
2021-08-27,1.2528749546914488,1.1359568239149316,1.1029248016430533
2021-08-30,1.2596129275674797,1.1433561963732166,1.1016802388993345
2021-08-31,1.2571252396864772,1.1478588673678358,1.0951914694610505
2021-09-01,1.2495077429792993,1.1380118990652965,1.0979742338420009
2021-09-02,1.263961038438821,1.1560335277596314,1.0933601907622443
2021-09-03,1.2611233850831962,1.1515514060274388,1.0951516176197058
2021-09-06,1.2766959301396767,1.1636892448213043,1.0971107070218955
2021-09-07,1.3010354828536153,1.1863969243412615,1.0966274913229448
2021-09-08,1.3082475213250673,1.1935336980728117,1.096112764505504
2021-09-09,1.3148149716255157,1.2051478284901946,1.0909989136127074
2021-09-10,1.3190346781413973,1.2036005285925464,1.0959073602965563
2021-09-13,1.3240902293317274,1.2100997540119243,1.0941992384858215
2021-09-14,1.3185939604397998,1.195523998374223,1.1029422765523218
2021-09-15,1.3254921086053828,1.2011705038567437,1.103500380961291
2021-09-16,1.296562282101378,1.1781716353318927,1.100486756953824
2021-09-17,1.2895176532367738,1.1700429129651597,1.1021114174084756
2021-09-22,1.29698444404262,1.179228507723728,1.0998584545299002
2021-09-23,1.3090137983049237,1.1870155613756928,1.102777285234442
2021-09-24,1.2872261029899843,1.167641255145968,1.1024157439770033
2021-09-27,1.250954112533884,1.134450622542136,1.1026959549201718
2021-09-28,1.25210946391988,1.1389295427588055,1.0993739444908253
2021-09-29,1.2110444710977482,1.109078686476252,1.0919373763690836
2021-09-30,1.2317857071839549,1.1238538295225715,1.0960372913506327
2021-10-08,1.229398510788332,1.121912594307896,1.095805962983011
2021-10-11,1.2283053857005666,1.1217749291404073,1.0949659809582224
2021-10-12,1.1993413741024295,1.0998978567640438,1.0904115929736908
2021-10-13,1.2009941935235242,1.1045492120958589,1.0873161470503094
2021-10-14,1.2065557971362357,1.1087796798171743,1.0881835400655824
2021-10-15,1.2087968308190382,1.1112841584023487,1.0877477391173107
2021-10-18,1.2258450134659906,1.1182358398643604,1.0962311971816991
2021-10-19,1.2395759609822325,1.126506992444942,1.10037129755572
2021-10-20,1.2391097633250439,1.1262569764187509,1.1002016318381795
2021-10-21,1.2414165423831502,1.123005800178225,1.1054408999366994
2021-10-22,1.2220537583483804,1.1115862921231003,1.0993782192242494
2021-10-25,1.2346678546909502,1.1239139137790148,1.0985430819514812
2021-10-26,1.2323082429620316,1.1236670992683466,1.0966844573134023
2021-10-27,1.2174465762319624,1.115150770161783,1.0917327134655868
2021-10-28,1.1946508691953992,1.099595648589443,1.0864456136470646
2021-10-29,1.2043916176173686,1.1110214852217641,1.0840398980915904
2021-11-01,1.213816781246861,1.1170745831757054,1.0866031682469486
2021-11-02,1.1926008824821803,1.105104488904475,1.0791747698576841
2021-11-03,1.2045030107460255,1.1102858067361199,1.0848585143017127
2021-11-04,1.2092096623698891,1.1191455169959867,1.0804758130253274
2021-11-05,1.1786119456425346,1.1061819105587367,1.0654775081679044
2021-11-08,1.1844523623529857,1.1117287223369485,1.0654149151271057
2021-11-09,1.1915822173528743,1.1203953737653938,1.0635372523435525
2021-11-10,1.1873955476037406,1.11732296121721,1.0627147108032162
2021-11-11,1.1989172243299597,1.1264247209413851,1.064356278800407
2021-11-12,1.2058382510344008,1.1322388964926917,1.0650033793837113
2021-11-15,1.2004015317956378,1.1229994716010276,1.068924395916465
2021-11-16,1.1917309137984735,1.1147298825512828,1.0690759550385054
2021-11-17,1.2030045551019832,1.123999386798093,1.0702893339906083
2021-11-18,1.199933537389356,1.1208589234315833,1.070548230740476
2021-11-19,1.215010532051692,1.1343383461372825,1.0711182745334489
2021-11-22,1.2299785207942335,1.1478161308582953,1.07158149090874
2021-11-23,1.2317816202597813,1.1488144080706746,1.072219856929234
2021-11-24,1.2338062712157805,1.1479806738654073,1.0747622318948862
2021-11-25,1.2300218263491962,1.1444098672495275,1.0748088264088707
2021-11-26,1.2247246744584568,1.1422455683021338,1.0722078583144974
2021-11-29,1.2239508306870432,1.1425683257391612,1.071227692134064
2021-11-30,1.226590903444118,1.147450636911728,1.0689705195034704
2021-12-01,1.2338917370616567,1.1506275082105808,1.072364191066982
2021-12-02,1.2217954211651936,1.1438482618637147,1.0681446673481645
2021-12-03,1.233399296807066,1.1552282349248228,1.0676672016134805
2021-12-06,1.2245530849069852,1.1455047111045422,1.069007462855584
2021-12-07,1.2220957302550974,1.1401841645745718,1.0718406448936155
2021-12-08,1.238018172978189,1.1553974685244452,1.0715084693402162
2021-12-09,1.243799156842808,1.158139231527568,1.0739634087019536
2021-12-10,1.243299629023153,1.1559765705648604,1.0755405089357675
2021-12-13,1.2534245516447466,1.1633142952358655,1.077459940772593
2021-12-14,1.244931605785637,1.1587420098920835,1.0743820411772078
2021-12-15,1.2455386222144829,1.1571804893092053,1.076356397054382
2021-12-16,1.2609568670546702,1.1677393853194393,1.0798272995731244
2021-12-17,1.2500241350886656,1.1572279908651046,1.080188299069909
2021-12-20,1.2320168147639123,1.138465993092615,1.0821726975060262
2021-12-21,1.250363080245463,1.1510435563208714,1.086286503563819
2021-12-22,1.263204854608464,1.1553136334900527,1.0933869539758532
2021-12-23,1.2689499421622594,1.1608082531198547,1.093160682439806
2021-12-24,1.2566682677381855,1.151564063181831,1.0912708271443852
2021-12-27,1.2534517596396357,1.150613287525351,1.0893770941368683
2021-12-28,1.2525957073533405,1.1527143007007785,1.0866488830682852
2021-12-29,1.2446918646326859,1.1466612027468375,1.085492263670398
2021-12-30,1.2565036666025158,1.1566584189174094,1.0863221553157913
2021-12-31,1.2602894529827307,1.1643220280871156,1.0824234383448723
2022-01-04,1.260922781712121,1.163540486030258,1.083694806369918
2022-01-05,1.2379254203167704,1.142690132236734,1.083343056348636
2022-01-06,1.2443081020691062,1.1438434968173552,1.0878307264335418
2022-01-07,1.2377705642240233,1.1352559153769428,1.0903009158186525
2022-01-10,1.2414294667544519,1.1377508638693976,1.0911259276327436
2022-01-11,1.2316645826100903,1.128854820131037,1.091074388526878
2022-01-12,1.2428225789773966,1.1386178789453343,1.0915185875428057
2022-01-13,1.2269037445639883,1.1229282937210283,1.0925931347748112
2022-01-14,1.2255198483141134,1.1202988815766077,1.0939222277803466
2022-01-17,1.2389245963676594,1.1324366459166237,1.0940343557717012
2022-01-18,1.2428864332759912,1.1332751451682508,1.0967208083359732
2022-01-19,1.2383774476809666,1.1262506478415535,1.0995575896487189
2022-01-20,1.2263679141998507,1.1164464905024032,1.0984565087825953
2022-01-21,1.2124531126765192,1.1037629049926412,1.0984724230106309
2022-01-24,1.2142278001676026,1.1041789531029318,1.0996657713456814
2022-01-25,1.1681632182990054,1.0669540386708796,1.09485805007515
2022-01-26,1.1741288499356966,1.073064019365741,1.0941834119363094
2022-01-27,1.144087214824576,1.0451148633038463,1.094699975089681
2022-01-28,1.1405899818378178,1.0410979292225297,1.0955645476017675
2022-02-07,1.159099984850764,1.0562986504718594,1.0973222244797738
2022-02-08,1.169717275069351,1.0666740177433915,1.096602387994744
2022-02-09,1.1950132108282336,1.0826277652252694,1.1038080208293748
2022-02-10,1.1936030505002224,1.0822259378002088,1.102914843204003
2022-02-11,1.1704287903757056,1.0671217087396652,1.0968090900878142
2022-02-14,1.1595375104237209,1.0593188708716332,1.0946066782229842
2022-02-15,1.1709948849555116,1.0695359492594008,1.0948625763971431
2022-02-16,1.1723393939243134,1.07139491297052,1.0942178087012915
2022-02-17,1.1690982678475776,1.0708823726714434,1.0917149237699404
2022-02-18,1.1820659658014707,1.081360486255109,1.0931284995396104
2022-02-21,1.190092388302216,1.0864374197899342,1.095408135456457
2022-02-22,1.1729605388557565,1.0734089640498814,1.092743379401524
2022-02-23,1.191755823367205,1.0896506245672803,1.0937045292296992
2022-02-24,1.1702867747866355,1.0702637356370117,1.093456440519393
2022-02-25,1.1798250850633416,1.0788940535869636,1.0935504567300338
2022-02-28,1.1857853814658712,1.0842541351109505,1.0936415578848875
2022-03-01,1.1880055464287442,1.0875338271757857,1.0923849141445772
2022-03-02,1.1898015948461094,1.0877236844916842,1.0938454423764141
2022-03-03,1.1871434796990095,1.0852413931536227,1.093898083125329
2022-03-04,1.1779723370588702,1.076425982934132,1.0943365876843125
2022-03-07,1.149796474931248,1.0535743096694894,1.0913292630416775
2022-03-08,1.1123401701333475,1.0172654009462605,1.093461125384436
2022-03-09,1.0951550169869604,0.9976031816810144,1.097786211088026
2022-03-10,1.110829162492631,1.0149001510594118,1.0945206396245808
2022-03-11,1.1203671683534733,1.024264509510322,1.0938260165717308
2022-03-14,1.0916531962161502,1.000446201919283,1.0911663157118225
2022-03-15,1.0273730191625334,0.9437125176055403,1.0886504099460956
2022-03-16,1.0595553572013992,0.9739762949367107,1.0878656520796017
2022-03-17,1.0814296075272347,0.9915769615666964,1.0906159072298036
2022-03-18,1.0944417527362849,1.001813100139903,1.092461011523453
2022-03-21,1.0972790106726473,1.006040440799545,1.0906907577200287
2022-03-22,1.0969254411466818,1.0059091042092527,1.0904816713126155
2022-03-23,1.1046313505305014,1.0122358945134853,1.0912785809294232
2022-03-24,1.0932690319763863,1.0036958146289723,1.0892433903199306
2022-03-25,1.0838410976602153,0.9916908759562358,1.0929223248274054
2022-03-28,1.0857382170095635,0.9940703465283147,1.0922146715284176
2022-03-29,1.080485887088758,0.9892908561217304,1.0921822236632561
2022-03-30,1.1041353058191148,1.0090353468905326,1.094248392012871
2022-03-31,1.0950598721875897,1.000664500605642,1.0943326874540027
2022-04-01,1.0994997897595342,1.0069232400915487,1.0919400267885053
2022-04-06,1.0994071767675713,1.0057224484088774,1.0931516727173682
2022-04-07,1.073697606677545,0.9843104892295406,1.0908119119181299
2022-04-08,1.0666860857431866,0.9847107531237643,1.0832481338904594
2022-04-11,1.0337807635604264,0.9539818625955673,1.0836482370301512
2022-04-12,1.0522302158428483,0.9693312681820927,1.0855217925820408
2022-04-13,1.0357512501058315,0.9562664045096969,1.0831199812325192
2022-04-14,1.0535188647149991,0.9692647808946037,1.0869257662933254
2022-04-15,1.0430906818721444,0.9604462436134393,1.0860479582363465
2022-04-18,1.0432900289624325,0.9609619854280389,1.0856725289686902
2022-04-19,1.0460272361383456,0.9638714929537968,1.0852351623480236
2022-04-20,1.026206237964208,0.9424373465273471,1.0888853691394222
2022-04-21,0.9919878708692941,0.9112512349101567,1.0885997547834296
2022-04-22,0.9870051504071357,0.9082737510199222,1.0866824559212507
2022-04-25,0.9204491628927959,0.8495371092503747,1.0834714020968352
2022-04-26,0.900295284386766,0.8280665548915821,1.0872257538582037
2022-04-27,0.9290984272418487,0.860187732403035,1.0801112271693338
2022-04-28,0.926889719977205,0.8572956470780302,1.0811786145612383
2022-04-29,0.9664295226389045,0.8903834589158794,1.085408217056972
2022-05-05,0.9794803271745722,0.8996861695795098,1.088691101734237
2022-05-06,0.9604944704700652,0.8802375584081117,1.0911764231091163
2022-05-09,0.9718271118846694,0.8873173749448924,1.0952418371668036
2022-05-10,0.9869593757822559,0.900222460656536,1.096350534358432
2022-05-11,0.9972216514423394,0.9077737934213892,1.0985354046009879
2022-05-12,0.996849548313901,0.9086090911574933,1.0971159743118977
2022-05-13,1.0084307060154807,0.9171049454554794,1.0995804907743076
2022-05-16,1.007674612334375,0.9161999589163631,1.0998413638068743
2022-05-17,1.008059230817678,0.9201963437352529,1.0954827604788917
2022-05-18,1.0063197383750926,0.9172140947986587,1.0971481403106804
2022-05-19,1.0144868033483512,0.9236880059092502,1.0983002884721031
2022-05-20,1.0319894645238477,0.9380976550090027,1.100087457860604
2022-05-23,1.0400922948411506,0.94383112258759,1.1019898263045753
2022-05-24,0.9994245240255729,0.9090173216135998,1.0994559732387619
2022-05-25,1.0178553230752656,0.9246119781799567,1.100845919256695
2022-05-26,1.0283402763528702,0.9352609633479307,1.0995222901977495
2022-05-27,1.025714938492189,0.9334194218375644,1.0988789331948206
2022-05-30,1.0360886086883658,0.9402081982771501,1.1019778497857264
2022-05-31,1.0524976695377422,0.953404398539838,1.1039362427419759
2022-06-01,1.0566853111496914,0.952993041022058,1.108806954158266
2022-06-02,1.0706012420493871,0.9616612559813401,1.1132831185518415
2022-06-06,1.0913537284666561,0.9789075967421647,1.114868994886459
2022-06-07,1.090283604952096,0.9787700060285252,1.113932382721913
2022-06-08,1.0921386840411702,0.9837156029730583,1.11021791332823
2022-06-09,1.0721317565576258,0.969929281500248,1.1053710584954144
2022-06-10,1.0931676592690398,0.9872389080330386,1.107297990764011
2022-06-13,1.092412505454419,0.986213752981036,1.107683301061636
2022-06-14,1.0966604574176402,0.9928505691140533,1.1045574143108152
2022-06-15,1.1004702378647502,0.9905549335763674,1.1109633605998377
2022-06-16,1.106653693822308,0.9911498198328494,1.1165352317865904
2022-06-17,1.1118094744432339,0.9992960388541847,1.1125926964726685
2022-06-20,1.1197058309909174,1.0015235491196952,1.1180024992673416
2022-06-21,1.1148773092103408,0.9930768343622945,1.1226495983327016
2022-06-22,1.0968013953892888,0.9776625050191168,1.1218609589286053
2022-06-23,1.1206322125409924,0.9967899967381736,1.1242410299140957
2022-06-24,1.1339561148549853,1.0075181263480302,1.1254945049626623
2022-06-27,1.1423833422635796,1.0137610071640206,1.1268763882124229
2022-06-28,1.1610432700012217,1.0285709946118462,1.1287925443001305
2022-06-29,1.1488955459500918,1.0084705399891967,1.13924552120521
2022-06-30,1.159017164988091,1.0210924032578292,1.1350756907897934
2022-07-01,1.1536682245162098,1.0186338626977174,1.1325641791063883
2022-07-04,1.1673523096560745,1.032016718760781,1.1311370139989603
2022-07-05,1.1630191271918124,1.0301815058276114,1.1289458416917357
2022-07-06,1.1479080435287337,1.0154712865379443,1.1304190071610072
2022-07-07,1.152194056961839,1.0209199681426837,1.1285841132659757
2022-07-08,1.1477456356793965,1.0132389367722243,1.1327492401107846
2022-07-11,1.1381419091917637,0.9997437298504585,1.1384336557549672
2022-07-12,1.1249934596513298,0.9874572067193972,1.139283253994232
2022-07-13,1.129853631386623,0.9917304854041015,1.1392748816491614
2022-07-14,1.135326199068794,0.9971000970208079,1.1386281101175155
2022-07-15,1.117815073189013,0.9803884838061729,1.1401756463410375
2022-07-18,1.1401175740639675,0.9986710732425566,1.1416347229945816
2022-07-19,1.1489368913893894,1.0023652498868456,1.1462257809906018
2022-07-20,1.1596337338212988,1.0142308854074071,1.1433626706758044
2022-07-21,1.1516808491224984,1.0042463263912285,1.1468111148198845
2022-07-22,1.1398918822675426,0.9950591681018236,1.1455518614455882
2022-07-25,1.1334468213179618,0.9858371654109126,1.1497302608240816
2022-07-26,1.1463340887221347,0.9979749297509287,1.1486602063322702
2022-07-27,1.1533904908633057,1.00181466367074,1.1513012662813082
2022-07-28,1.1599483840276312,1.0043365644566673,1.1549399126528346
2022-07-29,1.1506282311179232,0.9957837529639115,1.1555001050108753
2022-08-01,1.1588798748702138,1.0041862421347854,1.1540487473783423
2022-08-02,1.125194503063271,0.9761484859921381,1.1526878535488845
2022-08-03,1.1158904660046527,0.9689199106643123,1.1516849367246198
2022-08-04,1.1236777480918667,0.9743654652073782,1.1532405326503539
2022-08-05,1.1417374541277765,0.992050041325606,1.1508869578818361
2022-08-08,1.1529858387716987,1.000365493946564,1.1525645833934444
2022-08-09,1.1534231564968316,1.0032781285339956,1.1496544414680205
2022-08-10,1.149665479359295,1.0002057159858118,1.1494290234346185
2022-08-11,1.167958914339199,1.0187636357571728,1.1464473930414099
2022-08-12,1.1647356117630234,1.015835142499825,1.1465793641444375
2022-08-15,1.168378790929967,1.0193094569269188,1.1462454144715504
2022-08-16,1.1773283643743297,1.022850109733803,1.1510272650610849
2022-08-17,1.183353783674938,1.0273290299504725,1.1518741797182421
2022-08-18,1.1792712145957223,1.0234228831970213,1.1522814605355058
2022-08-19,1.164187026102396,1.0112265236775495,1.1512623520480572
2022-08-22,1.1741866517290016,1.024035117200407,1.1466273294797658
2022-08-23,1.173240889127176,1.0230416050343873,1.146816398623143
2022-08-24,1.1356186543855342,0.994276062514129,1.1421562855631926
2022-08-25,1.1410050657020527,1.0003069732209575,1.1406549151887362
2022-08-26,1.1370160315939941,0.9964577092084267,1.1410579908074827
2022-08-29,1.1394229130311313,0.9983609729599224,1.141293523977596
2022-08-30,1.1378973369378846,0.994489596154128,1.1442023539897657
2022-08-31,1.1101615133173457,0.9738940234331549,1.1399202445085586
2022-09-01,1.1042942758044603,0.9693090809349796,1.139259187316471
2022-09-02,1.1121973695432277,0.9728941082360893,1.1431844022158824
2022-09-05,1.116463644992924,0.9781498054632568,1.1414035342614632
2022-09-06,1.1384042086863804,0.9953819255388512,1.1436858350327226
2022-09-07,1.1431823760589221,0.9969624318533195,1.1466654505062792
2022-09-08,1.136395103435843,0.9923775638089936,1.1451237360446502
2022-09-09,1.1424359452239254,0.9994004231510047,1.1431213343115711
2022-09-13,1.1420148068114842,0.9967820301762913,1.1457016401163522
2022-09-14,1.1336404163175346,0.9887988650850805,1.1464823194553235
2022-09-15,1.106780522018168,0.9663078462667957,1.1453705217173493
2022-09-16,1.0815242844195785,0.9420545048338762,1.1480485246554781
2022-09-19,1.0717000660544445,0.9355125429049587,1.1455753043423613
2022-09-20,1.078022682192587,0.9426540816828687,1.1436036857423373
2022-09-21,1.082647005857411,0.9458641593985413,1.1446115122343228
2022-09-22,1.080255273317853,0.9438564368963768,1.1445122701816686
2022-09-23,1.0627857205027453,0.9317867233746867,1.140589035926177
2022-09-26,1.0480441319193774,0.9186110723744254,1.1409008267344236
2022-09-27,1.0709428278057278,0.9366041852444508,1.1434316060911207
2022-09-28,1.0457911782359255,0.9127890047150855,1.1457096578002217
2022-09-29,1.0435337708900656,0.913162390769686,1.1427691081435059
2022-09-30,1.0319544707350945,0.9040147674742975,1.1415239085288886
2022-10-10,1.0186309727039764,0.891619095000057,1.1424508272828222
2022-10-11,1.0253462181579018,0.8993396613645328,1.1401100854400041
2022-10-12,1.0510920956011385,0.920846549201819,1.1414410973383298
2022-10-13,1.0565064560928394,0.9224112713002203,1.145374616469723
2022-10-14,1.0846879345784584,0.945050974455701,1.1477560088260645
2022-10-17,1.0941579510009656,0.9517209970055384,1.149662510802626
2022-10-18,1.0991726655254432,0.9548963047735541,1.1510911289850505
2022-10-19,1.087371828459979,0.9449370600661618,1.1507346620354209
2022-10-20,1.0846384499144255,0.9411621754491536,1.152445857056251
2022-10-21,1.0863796069896186,0.9424310179501507,1.1527417776980275
2022-10-24,1.0714072680435103,0.9329416514861449,1.1484183028346888
2022-10-25,1.0684303393440795,0.9286510250545371,1.15051866688171
2022-10-26,1.085082553796244,0.9447598599046566,1.148527366420657
2022-10-27,1.086621454316942,0.9433992158073838,1.151815091755175
2022-10-28,1.0526554233223375,0.9147318034605978,1.1507803919574562
2022-10-31,1.0547811183828015,0.9187360803875211,1.1480784753091409
2022-11-01,1.0782366422315124,0.9399423980348925,1.1471305523463429
2022-11-02,1.0943257548464256,0.9489049290607422,1.1532512070831225
2022-11-03,1.0969246066972984,0.9487340574764336,1.1561981970111217
2022-11-04,1.1220639899727405,0.970367516857652,1.1563288862000742
2022-11-07,1.125780067053372,0.9716252657350926,1.1586566413561221
2022-11-08,1.1238713572432917,0.9704940884015842,1.1580403947584283
2022-11-09,1.1222359394877657,0.968369324448207,1.1588924918984134
2022-11-10,1.1152938161233996,0.9634442767661006,1.1576111281360222
2022-11-11,1.1228100540579422,0.9711839033160156,1.1561250657308193
2022-11-14,1.1240960599964676,0.9697426256998729,1.1591694849808176
2022-11-15,1.143996902358257,0.9866503503537537,1.1594754939762484
2022-11-16,1.139165498268257,0.981514896093322,1.1606196735295862
2022-11-17,1.1397934354564134,0.9836175472534359,1.1587770456505875
2022-11-18,1.1352925813256123,0.9795736608786466,1.1589660141609879
2022-11-21,1.134767959131088,0.9792667621115354,1.1587935004393026
2022-11-22,1.1206071141854796,0.9690923457794582,1.156347090208576
2022-11-23,1.1191291135968602,0.9675419188201364,1.156672482946864
2022-11-24,1.1203643128816414,0.9682490814814715,1.157103408936289
2022-11-25,1.1116484283951749,0.9631531622150563,1.154176170525786
2022-11-28,1.1076633414122132,0.9579987222230347,1.156226324437972
2022-11-29,1.1275625872878123,0.975170758042186,1.1562719431328907
2022-11-30,1.1268003773781807,0.9739573092051217,1.1569299462394294
2022-12-01,1.1316649458460144,0.9786956266330032,1.1562991751983913
2022-12-02,1.129304663482428,0.9758336206631447,1.1572717311328025
2022-12-05,1.133496443845628,0.9832868232545258,1.1527627717962619
2022-12-06,1.1323723106387233,0.98267458925114,1.1523370228812595
2022-12-07,1.1336925730659533,0.9815291912324017,1.1550268531927168
2022-12-08,1.131349977533259,0.9787241424573127,1.155943670391888
2022-12-09,1.1360548927123513,0.9796765560984789,1.159622413785875
2022-12-12,1.1325214567384099,0.9737452646421103,1.1630572161546338
2022-12-13,1.1249326180747987,0.9685006610384994,1.1615197214925606
2022-12-14,1.1206983236378396,0.9645027126887727,1.1619441904042298
2022-12-15,1.1222124343857105,0.9653712912955461,1.1624671714441401
2022-12-16,1.1166849223814197,0.9607800946740236,1.162269002627799
2022-12-19,1.0882166956469355,0.9392035180337254,1.15865909225423
2022-12-20,1.07722289451694,0.9299562754878773,1.158358648584637
2022-12-21,1.0715741072186582,0.9248634832831357,1.1586294913652773
2022-12-22,1.0611759979304913,0.9142983331495544,1.1606452286476079
2022-12-23,1.0595837323600303,0.9118128402959699,1.1620627452626076
2022-12-26,1.0688290488749772,0.9244553272808786,1.1561716584172306
2022-12-27,1.0730592204948328,0.931163395747745,1.15238552696022
2022-12-28,1.0689062957056388,0.9274359382327867,1.152539223078223
2022-12-29,1.068539796435223,0.9266923676391089,1.1530685195535733
2022-12-30,1.070254418386163,0.9278109622720734,1.1535263775772453
2023-01-03,1.0852694172679418,0.9422759305819092,1.1517533049981719
2023-01-04,1.087922165649035,0.9417301094121633,1.1552377425079103
2023-01-05,1.0958161978868395,0.9509078120626979,1.152389520819908
2023-01-06,1.0923178922439842,0.9512811981172983,1.148259730567381
2023-01-09,1.0968955493480796,0.9555844817032995,1.1478791989096533
2023-01-10,1.096463846338501,0.9568944227291499,1.1458566590985935
2023-01-11,1.0897619310181532,0.9514932426803098,1.145317572564517
2023-01-12,1.0877027621528197,0.9516720063726519,1.1429386961781678
2023-01-13,1.0977855224634498,0.9583800748395183,1.1454594594396958
2023-01-16,1.1103970262695086,0.9692157902617173,1.1456654311932621
2023-01-17,1.1098046762417668,0.9702378182520465,1.1438480910187154
2023-01-18,1.1110129563447975,0.973215302142281,1.141590102312603
2023-01-19,1.1185590810823582,0.9815797453961256,1.1395498800058812
2023-01-20,1.1266403256076818,0.9890313844566699,1.1391350601342223
2023-01-30,1.1301032389957473,0.9940783130901983,1.1368352212439892
2023-01-31,1.1300320353863178,0.9949990838453814,1.1357116340439968
2023-02-01,1.1426358893841306,1.0071431767625942,1.134531728703232
2023-02-02,1.1456166104391476,1.0078123679607496,1.1367360104512678
2023-02-03,1.141358991207057,1.0036277638106472,1.1372333771172907
2023-02-06,1.1363742983163767,0.9970842383508929,1.1396973842409341
2023-02-07,1.140447940894152,0.9994431596605451,1.1410833421297297
2023-02-08,1.1299506360606508,0.9916972045334334,1.1394109319812613
2023-02-09,1.144384920877585,1.005347498823441,1.1382978743338592
2023-02-10,1.141796780878478,1.0021342940460949,1.1393650408554514
2023-02-13,1.1534450362140014,1.0099782304389802,1.1420494040873181
2023-02-14,1.1574257751257555,1.012095102284324,1.1435938900538265
2023-02-15,1.1550204332263256,1.0100605019425362,1.1435160874076398
2023-02-16,1.1380612319124768,0.9950512759937912,1.1437211924338841
2023-02-17,1.1309591442578673,0.9868133298300296,1.1460720179496011
2023-02-20,1.1516982133340645,1.0040042769269213,1.1471048876994907
2023-02-21,1.1573509815472312,1.0099133811361771,1.1459903425036146
2023-02-22,1.1561401237058269,1.0085923464867703,1.1462907960118969
2023-02-23,1.154113020216141,1.0062587394859046,1.1469346550031205
2023-02-24,1.1501498243041355,1.0031768712988507,1.1465075174779433
2023-02-27,1.1414608811621985,0.9978563247688803,1.1439130592538753
2023-02-28,1.1512424285579388,1.0058189405976643,1.1445821728847767
2023-03-01,1.1614268155455207,1.0128750808103448,1.14666343120647
2023-03-02,1.1577533414768877,1.009725161804965,1.1466024471523621
2023-03-03,1.1579790900967768,1.0110050234756691,1.1453742199181514
2023-03-06,1.1583727081416457,1.01178023695533,1.144885683503213
2023-03-07,1.1389094250244232,0.994231762473754,1.1455170393980332
2023-03-08,1.1427694287285928,0.9969561032761238,1.146258521286251
2023-03-09,1.1396745154114687,0.9944927976696522,1.1459856904766068
2023-03-10,1.1249231336791392,0.9816699834615645,1.1459280131113263
2023-03-13,1.1325915992799778,0.9880141215127007,1.146331388002756
2023-03-14,1.1223525174406854,0.9792176970248,1.1461726241782375
2023-03-15,1.1295299545703648,0.9847930246273213,1.146971928439295
2023-03-16,1.113382912073923,0.9715335385926671,1.146005637321316
2023-03-17,1.1229982881977492,0.9782336404976508,1.1479857589302012
2023-03-20,1.119427345248174,0.9746217353569178,1.1485762164315232
2023-03-21,1.132791825584163,0.9863814230498229,1.1484318328721654
2023-03-22,1.138458129377919,0.9919282348280348,1.1477222740567388
2023-03-23,1.1436606626451538,0.9976269324589655,1.1463811024289834
2023-03-24,1.1466068193166452,0.9983135458578739,1.1485437857415222
2023-03-27,1.147258852683539,0.9985508302758225,1.148923838325426
2023-03-28,1.1439663152873631,0.9935388204976495,1.151405754547534
2023-03-29,1.1395877798885958,0.9904743000574991,1.150547550625433
2023-03-30,1.1439675892258825,0.9945292056019953,1.1502604275290549
2023-03-31,1.1527597493884811,1.0030155298072618,1.1492940190168282
2023-04-03,1.1599303799483913,1.0147213873670713,1.1431023277809274
2023-04-04,1.157840747516711,1.0139445359027242,1.1419172415440602
2023-04-06,1.1588204567688312,1.015202284780165,1.1414675421261151
2023-04-07,1.1682884485167,1.0227361953442653,1.1423165170402911
2023-04-10,1.1600658940660251,1.014200880506112,1.1438226059191772
2023-04-11,1.1617513294288917,1.0158399075461866,1.143636237165718
2023-04-12,1.1682687895557597,1.01940907617738,1.146025493452128
2023-04-13,1.1614749999411167,1.013272143189046,1.146261651174615
2023-04-14,1.164130273929868,1.0174520567466376,1.1441622887394247
2023-04-17,1.1663631704522475,1.0219087897161945,1.1413574109448368
2023-04-18,1.165754059021942,1.0204232120596757,1.1424221296073056
2023-04-19,1.1626768129222325,1.0152212705117547,1.1452447330384914
2023-04-20,1.1663056721348346,1.014397066399207,1.1497526075019673
2023-04-21,1.1361922040517856,0.988890592227508,1.148956429540376
2023-04-24,1.1289028128221081,0.9822837809957875,1.1492634151789476
2023-04-25,1.1149327667952578,0.9679453097760348,1.1518551260434675
2023-04-26,1.1125374489574333,0.971742381640156,1.1448892936825872
2023-04-27,1.1150984280267193,0.9742404571942843,1.144582345962199
2023-04-28,1.134788705993862,0.9874192352562193,1.1492471135620552
2023-05-04,1.136983332117549,0.9907654146085437,1.1475807646826033
2023-05-05,1.1288184751741168,0.9809864971243304,1.1506972608523582
2023-05-08,1.1345532511286158,0.9885804919448739,1.1476589517729243
2023-05-09,1.1193760588177464,0.9780437831817526,1.14450506006614
2023-05-10,1.119780267358133,0.9767512643566552,1.1464333942743192
2023-05-11,1.1187404597327884,0.9736915089628646,1.1489680760638694
2023-05-12,1.1070616381613312,0.963752813517899,1.1486987354364497
2023-05-15,1.1138394014372346,0.9744698495041992,1.143020896956376
2023-05-16,1.1003102197254941,0.966787254602903,1.1381099766126253
2023-05-17,1.1032888215244845,0.9685623832796296,1.1390993916041425
2023-05-18,1.112967433450902,0.9695321446676995,1.147942788253157
2023-05-19,1.1121525071733684,0.9677760761764123,1.1491837156869729
2023-05-22,1.1090368185389092,0.9674976187797611,1.1462941065815353
2023-05-23,1.0950168611502429,0.9575478297112392,1.143563618624105
2023-05-24,1.0880838990962063,0.9501690065153807,1.1451477491216118
2023-05-25,1.0850049857811543,0.9473845070027184,1.145263594413035
2023-05-26,1.0972691677556745,0.9547870809765265,1.149229173307856
2023-05-29,1.0966254876176322,0.953233526955531,1.150426896040964
2023-05-30,1.1085359275549178,0.9589527738488883,1.155985944026896
2023-05-31,1.1097771774789364,0.9568153527411178,1.1598655626705907
2023-06-01,1.1145858649191274,0.9573943803276838,1.1641867633875627
2023-06-02,1.1239667585574822,0.96589969026454,1.1636474986855527
2023-06-05,1.1241722063653237,0.9646166270783129,1.1654082822211784
2023-06-06,1.1017771373384289,0.9466298427854841,1.1638943624431062
2023-06-07,1.1072966734707976,0.9471978512023428,1.1690236333045207
2023-06-08,1.1022990486939188,0.9438976098750809,1.1678163363924625
2023-06-09,1.1120185650755197,0.9507685833643731,1.1695996108122864
2023-06-12,1.1146805006774552,0.9536369179114282,1.168873058227161
2023-06-13,1.118997608111711,0.9562204664846355,1.1702297193297848
2023-06-14,1.1208754602150368,0.9562267950618321,1.1721857889817426
2023-06-15,1.132020392200488,0.9645691999762626,1.1736020518054548
2023-06-16,1.1414920688619654,0.9726694809725355,1.1735662434074015
2023-06-19,1.136382496661549,0.9700384308434288,1.17148193363173
2023-06-20,1.1339709592500133,0.9692046966381614,1.1700015107060144
2023-06-21,1.1104778356736218,0.9478053946132179,1.1716306342894234
2023-06-26,1.0904711687782134,0.9313801309032675,1.1708121448979771
2023-06-27,1.1032439741889086,0.941026148266352,1.1723839727741994
2023-06-28,1.1009231983728291,0.9401259267735955,1.171038014185048
2023-06-29,1.101614173931895,0.9398522344233041,1.1721142256025474
2023-06-30,1.1119729944845493,0.9490520498671022,1.171667027788688
2023-07-03,1.1189625119985276,0.9559467741343441,1.170528048501238
2023-07-04,1.123142185576057,0.9579955951613619,1.1723876302237886
2023-07-05,1.1179156796138523,0.9525469135566224,1.1736069517455845
2023-07-06,1.1133646961041068,0.9474414641974876,1.1751276866979443
2023-07-07,1.108625387745985,0.9431793535901892,1.1754131210845844
2023-07-10,1.1145493112117617,0.9467659444221359,1.1772173658950453
2023-07-11,1.1212155552799667,0.9538774038448996,1.1754294113274502
2023-07-12,1.1093392334115366,0.9433660093905648,1.1759372527405287
2023-07-13,1.1232149501191444,0.9562236680001585,1.1746362150481287
2023-07-14,1.123948291309296,0.9540814818460281,1.17804224554762
2023-07-17,1.1205647259315183,0.9512606488548723,1.1779786405339634
2023-07-18,1.1177252838684002,0.9495377123265555,1.1771257416724943
2023-07-19,1.1165399445941475,0.948210349099952,1.1775234742522849
2023-07-20,1.1056457713878645,0.9374632337585056,1.1794017424609564
2023-07-21,1.1084835673643045,0.9374869845364553,1.182398887289512
2023-07-24,1.108669140414707,0.936075786275459,1.1843796802243736
2023-07-25,1.1247502739124302,0.9518839764818144,1.1816043779511172
2023-07-26,1.120935768307998,0.9494966138017022,1.1805579419813497
2023-07-27,1.1143623944797088,0.9431113027718634,1.1815809981330174
2023-07-28,1.1266633448368175,0.9560938949407032,1.1784024046160164
2023-07-31,1.135212374151537,0.9632133209253497,1.1785679760543069
2023-08-01,1.1352123055091856,0.9648966480058006,1.1765118138355903
2023-08-02,1.1319739703004827,0.9615078065977859,1.1772904624725586
2023-08-03,1.1339585125997664,0.9648665686506542,1.1752490442130084
2023-08-04,1.140868080873123,0.969592303377992,1.176647212336998
2023-08-07,1.1342243508071959,0.9636072562423768,1.1770608237531823
2023-08-08,1.131043414674623,0.9597105651277958,1.178525542775506
2023-08-09,1.1230656346631491,0.9526940343629814,1.1788313919841922
2023-08-10,1.1244094418858488,0.9542697756310897,1.1782930473117417
2023-08-11,1.1029712804234422,0.9355441857909429,1.1789622523183663
2023-08-14,1.104333290484491,0.9360900069606887,1.1797298147323003
2023-08-15,1.0966580117214162,0.9302330948998426,1.1789066823509353
2023-08-16,1.0876355814398004,0.9228669288583774,1.1785399903594425
2023-08-17,1.0949682647360501,0.9293756099166256,1.178176243332101
2023-08-18,1.080668476967191,0.9140989457409365,1.1822226488744487
2023-08-21,1.0684835890692443,0.9034958241441754,1.1826104343994632
2023-08-22,1.0729139988721417,0.9082864081743162,1.1812507477996197
2023-08-23,1.055089618754123,0.890636602003745,1.1846465959072345
2023-08-24,1.0574225776861792,0.8943022628237245,1.1823995327345016
2023-08-25,1.047312993978369,0.8829966691581389,1.1860894050448587
2023-08-28,1.059485890121861,0.8929527868038575,1.1864970979194485
2023-08-29,1.0818842941791655,0.9129155762590183,1.1850869043253198
2023-08-30,1.0807183337393242,0.9136796961151229,1.182819688709767
2023-08-31,1.073337417401747,0.9080237349937318,1.1820587678901988
2023-09-01,1.0762824228764665,0.9098273050409185,1.182952431646423
2023-09-04,1.0923307767087878,0.9223226712194682,1.1843260615772784
2023-09-05,1.0835439976165535,0.9158250093309269,1.1831343177755724
2023-09-06,1.0824932269477139,0.9160892460423481,1.1816460368072843
2023-09-07,1.0680106490086994,0.9022174515504588,1.183761904819426
2023-09-08,1.066820890426834,0.9031540809755583,1.1812169295348673
2023-09-11,1.079867993807474,0.9136132832814833,1.1819749269941031
2023-09-12,1.0782640090623126,0.9130120684478046,1.1809964471723247
2023-09-13,1.0699974022856027,0.9042267375834602,1.183328647353609
2023-09-14,1.0684877946055737,0.9021225973463589,1.1844152865127056
2023-09-15,1.0702147893360308,0.9025275518330931,1.1857973611579544
2023-09-18,1.0730035470690247,0.904905458874335,1.1857631496706813
2023-09-19,1.0671704239249773,0.8998760268954091,1.185908271839108
2023-09-20,1.0606932627412369,0.8940396640969897,1.1864051510651634
2023-09-21,1.0532351175672683,0.8878553040066057,1.1862688805420845
2023-09-22,1.0697122366804628,0.9016036540162362,1.186455081360173
2023-09-25,1.064841653053101,0.8965156268578545,1.1877558194776847
2023-09-26,1.0613873776897715,0.8933498491825583,1.1880982334759138
2023-09-27,1.0676892864168783,0.8977322772104419,1.1893181447530776
2023-09-28,1.0697257006147134,0.9003300464688793,1.1881483960356636
2023-10-09,1.064085445078423,0.8951581842761047,1.1887121893868693
2023-10-10,1.0570542071920541,0.8907742671712338,1.1866689981389598
2023-10-11,1.0583305948995332,0.8906824655749581,1.1882243513308124
2023-10-12,1.0651582050875141,0.8973034974919087,1.1870657008077905
2023-10-13,1.057605459949281,0.8912504739918169,1.186653461414026
2023-10-16,1.0468721977965598,0.8829112705929093,1.185704875070339
2023-10-17,1.047663681108578,0.8852322204393817,1.1834902265403016
2023-10-18,1.031317410452988,0.8740404667094859,1.179942405110378
2023-10-19,1.019809414919519,0.864457809572217,1.1797098755162831
2023-10-20,1.0108396794175256,0.858072498542378,1.1780352838887806
2023-10-23,0.985499200173924,0.8369768937690226,1.177450903974284
2023-10-24,0.9973825612843752,0.8467352619908093,1.1779154666824316
2023-10-25,1.0005371370120377,0.8505306958702441,1.1763680509946914
2023-10-26,1.0038286260067646,0.854158385227044,1.1752253953930765
2023-10-27,1.024995086093193,0.8688876647021503,1.1796635258305288
2023-10-30,1.0362895382039894,0.8774878288431065,1.1809731191032582
2023-10-31,1.0340533848999958,0.8746163672343777,1.182293658841274
2023-11-01,1.0308864545975147,0.8717259198940591,1.1825809363599036
2023-11-02,1.0191972535230278,0.8637332247101287,1.1799907938762844
2023-11-03,1.0298383681222576,0.8717875676813391,1.1812950841467953
2023-11-06,1.0489546270621712,0.8867699902443101,1.18289369126393
2023-11-07,1.04834223000811,0.88772553094715,1.1809305843548192
2023-11-08,1.0492975614513105,0.8872383049568598,1.1826558384472934
2023-11-09,1.0468178945458069,0.8847132771092588,1.1832284217167102
2023-11-10,1.0433936695628006,0.8817136059719115,1.183370271815948
2023-11-13,1.0490077619512155,0.8868506982170292,1.182845955988077
2023-11-14,1.0531315855755572,0.8908027085416934,1.1822276419653097
2023-11-15,1.059063054540154,0.8961928694208265,1.1817356404817012
2023-11-16,1.0467718743775902,0.8874502750660216,1.1795273535745041
2023-11-17,1.04993709288504,0.8909403737091821,1.178459438889181
2023-11-20,1.0550732747768048,0.8954255480491989,1.1782925750503983
2023-11-21,1.0521889655056735,0.8924686878752406,1.1789645729876412
2023-11-22,1.03757806879137,0.8816819630859283,1.1768167119579016
2023-11-23,1.048029509926884,0.8896066819053822,1.1780818773552686
2023-11-24,1.0372042133770065,0.881289591299738,1.176916445645663
2023-11-27,1.0364980878120802,0.8806710287191557,1.176941280014126
2023-11-28,1.0428304879738182,0.8846246770285061,1.1788394728900538
2023-11-29,1.0351480529285304,0.8785857997597949,1.1781980237007468
2023-11-30,1.0321130778488996,0.8772758587339444,1.1764977544673476
2023-12-01,1.033207889574805,0.8807279859139252,1.1731293953406652
2023-12-04,1.0294284078493212,0.8794939878144341,1.1704780500063203
2023-12-05,1.0104725233575749,0.863885036108998,1.169684021740691
2023-12-06,1.0150822661943668,0.8672723139861758,1.1704308437206115
2023-12-07,1.0126588059865615,0.8671647281738333,1.167781360433242
2023-12-08,1.0135531804047317,0.8698305482505966,1.1652306100805383
2023-12-11,1.02511125047655,0.8804084299924205,1.1643587402785038
2023-12-12,1.0257912821286301,0.8806188365707457,1.1648527598196814
2023-12-13,1.014197458887019,0.8713366751695422,1.1639558941894412
2023-12-14,1.012793701860807,0.8684604485144536,1.1661943886946642
2023-12-15,1.005185982869441,0.86220491054407,1.1658318928329308
2023-12-18,0.9904609185810072,0.8519972877951729,1.1625165159200859
2023-12-19,0.9893773717678875,0.8511429298736296,1.162410374383045
2023-12-20,0.9749993013001398,0.8399765649063696,1.1607458374851456
2023-12-21,0.9816178326455033,0.8446389394078918,1.162174494741666
2023-12-22,0.9759129470216418,0.8403562795381667,1.1613085673114416
2023-12-25,0.9756117816572202,0.8409384341864062,1.1601465006188094
2023-12-26,0.9648262534743797,0.8319062888113937,1.159777569241481
2023-12-27,0.9690921503508277,0.8362175389592776,1.1588995748126982
2023-12-28,0.9866230931675669,0.8516064795398197,1.1585434315867416
2023-12-29,0.9931578237149369,0.8589520963188584,1.156243553012133
2024-01-02,0.9910213575395362,0.8558243645605913,1.1579728254737869
2024-01-03,0.9895600988644423,0.8545491934823976,1.157990793756247
2024-01-04,0.9834173862223665,0.8472588959134424,1.1607047042712129
2024-01-05,0.971167445164491,0.8356384369188627,1.162186182753089
2024-01-08,0.9517665398387157,0.8175757841535239,1.1641324979116474
2024-01-09,0.953425514198812,0.8196245307266924,1.1632466799810024
2024-01-10,0.9505433508524054,0.8160537985646621,1.164804762289317
2024-01-11,0.9617483106471139,0.8264607342683281,1.1636951046422754
2024-01-12,0.9586107262312055,0.8236636520551219,1.1638375978342341
2024-01-15,0.9559138712993035,0.8216259246516604,1.1634417106599653
2024-01-16,0.9547367762441805,0.8211671400318303,1.162658281975546
2024-01-17,0.9318802711427336,0.800780335904496,1.163715227959685
2024-01-18,0.9304225914691291,0.8016378208877131,1.160652064093986
2024-01-19,0.9215399605637913,0.7939599165789274,1.1606882681616852
2024-01-22,0.8788784343719914,0.756391695447421,1.1619355945627048
2024-01-23,0.8914521114898007,0.7698029928809446,1.1580262998895225
2024-01-24,0.903761704528351,0.7805548732687508,1.1578451886971681
2024-01-25,0.9295684396174033,0.8026218774148622,1.158164841720262
2024-01-26,0.9206149983218086,0.7953300163150702,1.1575257810427046
2024-01-29,0.9028386548405523,0.7796388675599274,1.1580216077043581
2024-01-30,0.8816639121912737,0.7617739642185206,1.1573825748898419
2024-01-31,0.8591457083601267,0.7431036935884572,1.156158576216061
2024-02-01,0.854977559005615,0.7402163733098122,1.1550373510148908
2024-02-02,0.8318006543872106,0.721941675981462,1.1521715424676073
2024-02-05,0.8112024513388248,0.7056525139081635,1.1495777813446548
2024-02-06,0.877375038564406,0.7603358136640516,1.1539309641832383
2024-02-07,0.9382578625412281,0.8083790957713992,1.160665667196517
2024-02-08,0.9483579615370606,0.814811833903288,1.1638981198812872
2024-02-19,0.9393765907061835,0.8134464992135049,1.154810539616848
2024-02-20,0.9384376883105188,0.813345241978359,1.1537999362089932
2024-02-21,0.9406849496965406,0.8130414702729213,1.1569950415699854
2024-02-22,0.9475313343823691,0.8189426823741437,1.1570178899888848
2024-02-23,0.9532544236098669,0.8223236316741249,1.1592205147615506
2024-02-26,0.9531481930055696,0.8219676678202775,1.1595932909784168
2024-02-27,0.9728008450783658,0.8397408440192581,1.1584536491308934
2024-02-28,0.9473427364312661,0.8201624597884047,1.1550671761734532
2024-02-29,0.9786555800074556,0.8459093454397257,1.1569272585571506
2024-03-01,0.9829859750505133,0.8510132312680236,1.155077193789159
2024-03-04,0.9806151064131652,0.8525588931809858,1.1502021904368254
2024-03-05,0.9712922296912037,0.8467067461664994,1.147141243516448
2024-03-06,0.9693368693506911,0.846433053816208,1.145202051101811
2024-03-07,0.9531357749073327,0.8349154155876111,1.1415956120974464
2024-03-08,0.9634070650809472,0.8463539838281751,1.1383027474193776
2024-03-11,0.9848583052355723,0.8608221536535339,1.1440903339390134
2024-03-12,0.9873547258143931,0.858080390650411,1.150655272597471
2024-03-13,0.9850593354291801,0.8567181830223014,1.1498055661129092
2024-03-14,0.9793953353990945,0.8532091731014004,1.1478959278403087
2024-03-15,0.9872839724924498,0.8628946510046519,1.1441535433589416
2024-03-18,0.9996060994104875,0.8746495736511972,1.1428646734916512
2024-03-19,0.9923911060983399,0.86670274203848,1.1450189989756367
2024-03-20,0.996741759488356,0.8691059633885083,1.1468587277921964
2024-03-21,0.9891226754350346,0.864742595546064,1.1438348018584972
2024-03-22,0.9702189757784919,0.8518865004673072,1.1389063862923907
2024-03-25,0.953470961219751,0.8376761643223236,1.138233367295469
2024-03-26,0.951591485849038,0.8360419023286089,1.1382102777367873
2024-03-27,0.9281102217272333,0.8158322983627799,1.137623778305632
2024-03-28,0.9393050067269467,0.826452842160294,1.1365500350530158
2024-03-29,0.9491434434480546,0.8363171582097371,1.1349084903146542
2024-04-01,0.9702622249820656,0.8545206776580875,1.1354461633873871
2024-04-02,0.9651232661337352,0.8513581014983144,1.133627864038886
2024-04-03,0.9616030294843109,0.850309195668362,1.130886310982994
2024-04-08,0.9438374357912993,0.8382837077331988,1.1259164732469011
2024-04-09,0.9561541154057619,0.845293984374666,1.1311497929481993
2024-04-10,0.9425523347664425,0.8346259390212526,1.1293110969828626
2024-04-11,0.9446961396355806,0.8387931209706018,1.126256422492395
2024-04-12,0.9372979189537227,0.8349027584332176,1.1226432174121215
2024-04-15,0.9468203973154579,0.8447908252606102,1.1207749528096171
2024-04-16,0.9182924366343882,0.8213490307858453,1.1180294883355375
2024-04-17,0.9477075063295277,0.84479559030697,1.1218187182832748
2024-04-18,0.9482560882827833,0.8463919552913544,1.1203510174625468
2024-04-19,0.94039345559592,0.8408593641983726,1.118371865302871
2024-04-22,0.9357934077122146,0.833377645782682,1.1228923795206278
2024-04-23,0.9293511562845927,0.8239943016001819,1.1278611447673967
2024-04-24,0.9372716463049363,0.8326593894977906,1.1256363143520682
2024-04-25,0.9374476880085107,0.8320740333340282,1.126639758546799
2024-04-26,0.9568982682153143,0.8499168238821716,1.1258728399380102
2024-04-29,0.9823580607167507,0.8667454785480193,1.1333870034861984
2024-04-30,0.9735305012320812,0.8608363743387635,1.130912366452779
2024-05-06,0.9925099796316126,0.8746733244291467,1.134720760209958
2024-05-07,0.9932555404865441,0.8744328384956752,1.1358854525583517
2024-05-08,0.9800652861879885,0.8636240009130994,1.1348286814073916
2024-05-09,0.9996345440692772,0.8791300573987035,1.137072422511795
2024-05-10,0.9929331751430029,0.8757491825525717,1.133809993688914
2024-05-13,0.9826245060636308,0.8709807113156944,1.1281817074677676
2024-05-14,0.9812651415542429,0.870265656546326,1.127546668276468
2024-05-15,0.9710615134900665,0.8617097179918967,1.126900965853095
2024-05-16,0.9673037272752472,0.8582307129722926,1.1270905511237232
2024-05-17,0.9817182868094005,0.8688654774550367,1.1298852495381875
2024-05-20,0.9871837211268375,0.8738664680635027,1.1296734194578344
2024-05-21,0.9785053765491981,0.8668119658355085,1.1288554093805452
2024-05-22,0.9812969942001722,0.8651823944343042,1.1342082322904745
2024-05-23,0.9605093855597129,0.8483647589381635,1.1321891620791893
2024-05-24,0.9510976109099933,0.8406347369348175,1.1314041272883315
2024-05-27,0.9614086374518944,0.8497981444462727,1.1313376520471776
2024-05-28,0.9524508310216453,0.8410586771531414,1.1324427853780068
2024-05-29,0.9549503418281258,0.8429856916825869,1.1328191584391654
2024-05-30,0.9530434630581857,0.8398768712020602,1.1347418838837144
2024-05-31,0.9533645541015403,0.8398578854704704,1.135149851653159
2024-06-03,0.9457826281847762,0.834404438819371,1.1334822589426756
2024-06-04,0.9573697866144497,0.8451436620527839,1.1327894056367622
2024-06-05,0.9459899900786817,0.8350166728227566,1.1328995226895076
2024-06-06,0.9338474711021271,0.8272423507790342,1.1288680641443227
2024-06-07,0.9320640189763337,0.8241066524588843,1.130999265926731
2024-06-11,0.9387881606889323,0.8254497999015545,1.1373049709393532
2024-06-12,0.9411696487661434,0.827898884822796,1.1368171476249687
2024-06-13,0.9364125167814664,0.8218300026527879,1.139423620163315
2024-06-14,0.9368486921174428,0.8247568579254494,1.135908944696675
2024-06-17,0.9357546685892716,0.8238139743770028,1.1358810334540905
2024-06-18,0.9378316785131624,0.8275730003240949,1.1332313622434371
2024-06-19,0.925729396173618,0.8177529843150282,1.1320403764090616
2024-06-20,0.9134395620598308,0.8060059537765162,1.1332913333703525
2024-06-21,0.9149155690367905,0.8072336232988105,1.1333962593108189
2024-06-24,0.893218693708393,0.7899224332351831,1.1307675996112085
2024-06-25,0.8859775534519854,0.7829169216400756,1.1316367407106434
2024-06-26,0.898891748356482,0.7942763454387571,1.131711593223811
2024-06-27,0.8803415933932089,0.77966098035319,1.1291338358300427
2024-06-28,0.8793854140550638,0.781991460292382,1.1245460579918185
2024-07-01,0.889185671330462,0.7915441125283539,1.1233558019782637
2024-07-02,0.8809675827648136,0.7830514597458907,1.125044301750868
2024-07-03,0.8760064989898584,0.7769509346898996,1.1274926895344997
2024-07-04,0.8612061292827985,0.7648605974519335,1.1259648256843557
2024-07-05,0.865865837991936,0.7698852643844997,1.1246686721354122
2024-07-08,0.8497243624082986,0.7568109450732335,1.122769653293101
2024-07-09,0.8621199360192157,0.7715686659187998,1.11735996302103
2024-07-10,0.8580907670951506,0.7663889116179918,1.1196544653595768
2024-07-11,0.8751142409710988,0.7815089248946022,1.1197751082485983
2024-07-12,0.8751080830356939,0.7782861900245365,1.1244039715109233
2024-07-15,0.866770243534124,0.7726760924743585,1.1217769670580147
2024-07-16,0.8675706186493286,0.7749637614501617,1.1194983066380744
2024-07-17,0.8630729720725596,0.7683538231567675,1.123275431267642
2024-07-18,0.8699420949560143,0.771693599478046,1.1273154209707337
2024-07-19,0.8724311699411675,0.7708013445471723,1.1318495694292028
2024-07-22,0.8711959970758204,0.7698409643441233,1.1316571050724067
2024-07-23,0.846039470116043,0.7471886784880989,1.1322969612280047
2024-07-24,0.8342042383298688,0.7385282811830006,1.129549483187849
2024-07-25,0.8369653089951262,0.7381153601343837,1.1339220861665114
2024-07-26,0.8466471399942869,0.7493371187655764,1.1298614719487199
2024-07-29,0.8406375999069903,0.7449800795003287,1.1284027896032076
2024-07-30,0.841909861292892,0.7434675495503371,1.1324096953553584
2024-07-31,0.8751044554590544,0.7730732293069086,1.1319813211532637
2024-08-01,0.8689721399697455,0.7677826876782351,1.1317943917145437
2024-08-02,0.859113818407384,0.7576019427689612,1.1339910445152857
2024-08-05,0.8435552480229068,0.7426085010362832,1.1359353506534817
2024-08-06,0.8566170456739473,0.7516153321025092,1.1397013992220124
2024-08-07,0.8540149269488571,0.7517988608412111,1.1359619858871204
2024-08-08,0.8570302642320391,0.7524110948445967,1.1390452242188833
2024-08-09,0.8490607023945653,0.7467947431710715,1.136939848812068
2024-08-12,0.8470910137147067,0.7458217058136293,1.135782194473143
2024-08-13,0.8489344722464719,0.7486188624806848,1.1340009112692848
2024-08-14,0.8372383068150027,0.7383717047377711,1.1338981456668136
2024-08-15,0.8444216010174068,0.7433251937903377,1.1360056245525083
2024-08-16,0.8363882779954084,0.7388953386604041,1.1319441796882304
2024-08-19,0.8364694557462844,0.7408856389618156,1.1290129161072795
2024-08-20,0.8210889628322264,0.7280786089697948,1.1277476809736766
2024-08-21,0.8181070431982217,0.7257228891756656,1.1272994904811304
2024-08-22,0.8066683257582636,0.717219142769646,1.1247166697798898
2024-08-23,0.8069657974336492,0.7178077004489314,1.124208888994861
2024-08-26,0.8100930170868925,0.7189578635140296,1.1267600762128456
2024-08-27,0.8006419546712996,0.7111945606400142,1.1257706385588642
2024-08-28,0.8005958711324835,0.711941332749215,1.1245250616942304
2024-08-29,0.8161408568160595,0.7211000496681598,1.1317997512157103
2024-08-30,0.8296261583340375,0.7339481781850338,1.1303606753076272
2024-09-02,0.8122954779853655,0.7193565638774163,1.1291972837600834
2024-09-03,0.8224034436930397,0.7272037017858245,1.1309120699928084
2024-09-04,0.8210175652224669,0.7249254884488916,1.13255441877093
2024-09-05,0.8257502403272717,0.7279330516942722,1.134376627638117
2024-09-06,0.8126378113747887,0.7178646576437007,1.132020921662544
2024-09-09,0.8072165152434069,0.7130772751290829,1.1320182866538309
2024-09-10,0.8074512188094425,0.713159546632639,1.1322167986420784
2024-09-11,0.8096428337151995,0.7143001796050176,1.133477012651604
2024-09-12,0.8064590965732351,0.7114002021719793,1.133622248224039
2024-09-13,0.7962476592777257,0.7041811569368731,1.1307426383593304
2024-09-18,0.7961601489420025,0.706065434956779,1.1276010827392202
2024-09-19,0.8083466335882081,0.7151656311501174,1.1302928977280948
2024-09-20,0.8022013496171781,0.7116849881458271,1.1271859923688652
2024-09-23,0.8013587745258901,0.7110996319820647,1.1269289681563242
2024-09-24,0.8371750725233275,0.7419361083226043,1.1283654524053868
2024-09-25,0.8445088070195335,0.7485619052859147,1.128174972645678
2024-09-26,0.884310810685194,0.7812636739147701,1.1318980265063054
2024-09-27,0.9356088614364847,0.8229500863627389,1.1368962430901164
2024-09-30,1.0397225376405566,0.9086280768890819,1.144277360655979
2024-10-08,1.1178459674833539,0.9738670711396809,1.1478424526410773
2024-10-09,1.032215603996438,0.9074288487372476,1.137516848216629
2024-10-10,1.028530766582608,0.9003474686696301,1.1423709205318073
2024-10-11,0.9862701650747552,0.8655304661801169,1.1394979190362924
2024-10-14,1.0095053162069378,0.8872588542192845,1.137779929054887
2024-10-15,0.9842989748169617,0.8658072855920819,1.1368568862802413
2024-10-16,0.9811660610881537,0.8639926219213389,1.1356185645500603
2024-10-17,0.9712052333247979,0.8573320550103718,1.1328227232948247
2024-10-18,1.0094496497188858,0.8923009433526038,1.131288336338774
2024-10-21,1.0216952867133553,0.9024595754686141,1.1321230495923615
2024-10-22,1.0341895795764304,0.9103098404386958,1.1360852466211226
2024-10-23,1.0425257373816275,0.9138743184773788,1.1407758335069498
2024-10-24,1.0313662385693092,0.9060145234145773,1.1383550836274763
2024-10-25,1.0526275799649574,0.9191442363897763,1.1452256765483058
2024-10-28,1.0662444044870198,0.9308564225267821,1.1454445376148676
2024-10-29,1.0489638845479372,0.919593565370736,1.1406820622163067
2024-10-30,1.049245614931891,0.9236120629828893,1.1360241566608134
2024-10-31,1.0593106138566921,0.9336361569930844,1.1346075298415619
2024-11-01,1.0429561716332076,0.922645428656493,1.130397592878019
2024-11-04,1.0611191024943483,0.9380059278665748,1.131249889761129
2024-11-05,1.0932580875356825,0.9669675818260787,1.1306046945970096
2024-11-06,1.0947321182678693,0.9691540680205852,1.1295749090789728
2024-11-07,1.1182021834207283,0.9871535094678072,1.1327540982187987
2024-11-08,1.1188508091593075,0.9844465164123412,1.1365277752587122
2024-11-11,1.1405171377658971,1.0015599570520366,1.138740751100776
2024-11-12,1.1293087666527644,0.9910011354956519,1.1395635445845755
2024-11-13,1.129195941087306,0.9903619491987936,1.140185103033118
2024-11-14,1.0952622610203564,0.9616422702497486,1.1389497892349358
2024-11-15,1.0630952922726307,0.937305019328587,1.134204202847596
2024-11-18,1.0459634449133508,0.9228384130340651,1.1334199250272656
2024-11-19,1.0689570745879742,0.9392225037653127,1.1381297512597492
2024-11-20,1.0804791401292713,0.9480490076083598,1.1396870113866715
2024-11-21,1.0777919414477157,0.9469288494445585,1.1381973862977328
2024-11-22,1.0333964864260712,0.9097403429448493,1.1359246563485843
2024-11-25,1.032944296166866,0.9074304867219333,1.1383178229974924
2024-11-26,1.0238428843898542,0.9002841828976634,1.1372441100703374
2024-11-27,1.047557797642946,0.9183927736880646,1.140642465462988
2024-11-28,1.0401281977983414,0.9109031631643406,1.1418647336618006
2024-11-29,1.0597376194108605,0.9258285540786926,1.144637000816445
2024-12-02,1.076612051963108,0.9403331318363943,1.1449262133947913
2024-12-03,1.073085843133082,0.9385137775731408,1.1433884816352136
2024-12-04,1.0605540638786854,0.9301523869271204,1.1401938852002131
2024-12-05,1.066256035017167,0.9337469443209498,1.1419111371685204
2024-12-06,1.0789395107297117,0.9459622151181623,1.1405735805155166
2024-12-09,1.0715618552636652,0.940885281583337,1.1388868294978785
2024-12-10,1.0792843424571925,0.9480015060524605,1.1384837846422864
2024-12-11,1.0876803873567178,0.9567062033979351,1.1369011547051764
2024-12-12,1.0983539511888727,0.9651355704084321,1.138030743933792
2024-12-13,1.0733785664210767,0.9474003656726313,1.132972505936288
2024-12-16,1.0591681416763001,0.9354255063550411,1.1322848633916687
2024-12-17,1.0431356614494034,0.9252305407605372,1.127433234739472
2024-12-18,1.0508545836522003,0.9316316360064429,1.127972197420025
2024-12-19,1.0508615159919297,0.9337358506973935,1.12543768690798
2024-12-20,1.0562691137054823,0.9361500912171291,1.128311713704136
2024-12-23,1.0347915158726795,0.9205459790119022,1.1241062798225532
2024-12-24,1.0511433981904859,0.9326821798210814,1.127011345271043
2024-12-25,1.0393784873395324,0.9239854490374896,1.1248862072690073
2024-12-26,1.0466112027434336,0.931384895949624,1.1237150261883158
2024-12-27,1.0492996716878913,0.9333007424016636,1.1242889071187574
2024-12-30,1.0457433174686053,0.9332548788304504,1.1205334589615268
2024-12-31,1.0196043643990977,0.9058609995771721,1.1255638170481095
