datetime,port,bench,excess
2017-01-04,1.0026349543698572,1.0116932748592655,0.991046376688954
2017-01-05,1.0026534209841291,1.0124226247677133,0.9903506662686192
2017-01-06,0.9989495168178053,1.0080465253170263,0.9909756065114553
2017-01-09,1.0032871084507808,1.0149760939857742,0.9884834868483542
2017-01-10,1.0013927315808329,1.0115761589542032,0.9899331085620896
2017-01-11,0.9901325879981391,1.0017720016150526,0.9883811749598227
2017-01-12,0.9800320709020163,0.9924202258646864,0.987517228448386
2017-01-13,0.9653817308019893,0.9800498676992322,0.9850332749580613
2017-01-16,0.9367843775812922,0.9541953962355685,0.9817531936090185
2017-01-17,0.9487969192315113,0.962237156506235,0.986032302760451
2017-01-18,0.9473623323908008,0.9601045004448243,0.9867283529572876
2017-01-19,0.9435377548337682,0.9561635092898672,0.9867954023203878
2017-01-20,0.957492796420695,0.9685544167177481,0.9885792474783823
2017-01-23,0.9675621658489192,0.9764917926915951,0.9908554000048865
2017-01-24,0.9662891687381272,0.9753985868212665,0.9906608250142888
2017-01-25,0.9676636704367453,0.9776625050191199,0.9897727134557758
2017-01-26,0.9751565713630183,0.984645903820964,0.9903626954409479
2017-02-03,0.9736495972579629,0.9820164172226941,0.9914799591758415
2017-02-06,0.9832182937908281,0.9902685840716859,0.9928804261851173
2017-02-07,0.9828967393285084,0.9897433866182161,0.9930824015777447
2017-02-08,0.9900488069100413,0.9953866905852141,0.9946373768851233
2017-02-09,0.9976317233619234,1.0016485571327944,0.9959897773103481
2017-02-10,1.000789612397459,1.0025867500887307,0.9982074990606921
2017-02-13,1.0066622360263764,1.0077348615035557,0.9989356074517667
2017-02-14,1.0065066750015472,1.0085639051163127,0.9979602382116499
2017-02-15,0.9950564049605756,0.9985666889457406,0.9964846774641851
2017-02-16,1.001607286015478,1.0061037265715147,0.9955308379868952
2017-02-17,0.995130387370083,0.9978483582069999,0.99727616845329
2017-02-20,1.009328869679486,1.0101728528012408,0.9991645161326456
2017-02-21,1.0189435296551899,1.0179852207619922,1.000941378002011
2017-02-22,1.0268721335136337,1.0242803681802417,1.002530328037036
2017-02-23,1.0279119874553357,1.024242396717062,1.0035827366158985
2017-02-24,1.0288224346087265,1.024587266947353,1.0041335353249037
2017-02-27,1.0204738909277413,1.0163730715615409,1.0040347579849789
2017-02-28,1.026974780271991,1.0206004122211827,1.0062457039743258
2017-03-01,1.0309783545785987,1.0232377164736366,1.0075648483048871
2017-03-02,1.025523137503688,1.0180153001171384,1.0073749749985936
2017-03-03,1.0275443072559165,1.0208962918185869,1.0065119400379907
2017-03-06,1.0378673395934113,1.0310975859902876,1.0065655799170763
2017-03-07,1.038489611280441,1.0320262488535041,1.0062627887944875
2017-03-08,1.0351340916637979,1.0278969639134852,1.0070407132274806
2017-03-09,1.024150719907191,1.0187667628188497,1.0052847788962456
2017-03-10,1.023767844932486,1.0201178768234027,1.0035779866150853
2017-03-13,1.033102300683044,1.0296072432874084,1.003394554009232
2017-03-14,1.0304379788796556,1.0273258284349525,1.0030293703891824
2017-03-15,1.0297706897695116,1.026151989045754,1.003526476352809
2017-03-16,1.0399173037267118,1.0352141393220633,1.0045431802233
2017-03-17,1.0298804080787163,1.0257073506573045,1.0040684678907075
2017-03-20,1.0336326817484902,1.0280947877912658,1.0053865597053768
2017-03-21,1.03554209343372,1.0308808508347649,1.0045216113920252
2017-03-22,1.0304485062927662,1.0283241801011809,1.0020658137119525
2017-03-23,1.0308822433184568,1.030285964578283,1.000578750716475
2017-03-24,1.0369386051377685,1.0357330826521856,1.0011639316207763
2017-03-27,1.033531951724931,1.0308935079891581,1.0025593756438718
2017-03-28,1.0291380083650195,1.0281501070013492,1.0009608532420926
2017-03-29,1.023021015829915,1.0252786453926204,0.9977980331758095
2017-03-30,1.0048808270885896,1.0086983687682776,0.9962153783550284
2017-03-31,1.0077171883545157,1.01279757435315,0.9949838090776638
2017-04-05,1.0318084966870071,1.0346809753067103,0.9972238026133111
2017-04-06,1.0378246540654001,1.0377945608335968,1.000028997291891
2017-04-07,1.0384947113495555,1.0408131432486845,0.9977724801861241
2017-04-10,1.0388471541640023,1.0388845651884024,0.9999639892384066
2017-04-11,1.052227273818227,1.0487932557320712,1.0032742564536792
2017-04-12,1.0401993222723356,1.0404571793948372,0.9997521694043655
2017-04-13,1.0497642830302858,1.0466621632014972,1.0029638215059766
2017-04-14,1.0341148268960085,1.0328125559567207,1.001260897664128
2017-04-17,1.019413785276784,1.0214911036212189,0.9979663862591943
2017-04-18,1.0142641811922137,1.015417456404851,0.9988642353887429
2017-04-19,1.0058739541734194,1.0047288617890109,1.0011397028869755
2017-04-20,0.998922673212536,1.0042732786847037,0.9946721618649703
2017-04-21,0.9903260284994932,0.996827968201356,0.9934773703093477
2017-04-24,0.9604458282855847,0.9711649175844277,0.9889626477390632
2017-04-25,0.968017119512772,0.974639157557672,0.99320565155468
2017-04-26,0.9823542754813598,0.97716098388975,1.0053146735054208
2017-04-27,0.9889268125261341,0.9796765560984809,1.0094421535047158
2017-04-28,0.993514763488181,0.9827710814399281,1.0109320290870907
2017-05-02,0.9961834554622716,0.9834450376844431,1.012952851750436
2017-05-03,0.9937136983013843,0.9804960696185181,1.0134805524391433
2017-05-04,0.9911335061402522,0.9771467632045201,1.0143138609904034
2017-05-05,0.9762636449495432,0.963441149704429,1.013309059146008
2017-05-08,0.9568795892870146,0.9453831875316007,1.0121605735187982
2017-05-09,0.965799890110353,0.9511514995116941,1.015400691273871
2017-05-10,0.9413278098194612,0.9311918371182069,1.0108849458266542
2017-05-11,0.9457040385431652,0.9291034810971724,1.0178672858123288
2017-05-12,0.9459627267301698,0.9277017384750463,1.0196841155920877
2017-05-15,0.9531335662914023,0.9324052859552712,1.0222309768599118
2017-05-16,0.974728517892565,0.9515834062919007,1.02432273560849
2017-05-17,0.9800903576497815,0.9536274622725588,1.0277497203301589
2017-05-18,0.9721240700685195,0.9455034304983362,1.028154989936052
2017-05-19,0.9745321095949564,0.9452945874508478,1.0309295351229637
2017-05-22,0.9584371308688319,0.9316617153615931,1.0287394180374223
2017-05-23,0.9322525676731638,0.9120548897602796,1.0221452438221046
2017-05-24,0.9396533967145119,0.9174925521953121,1.0241537050804117
2017-05-25,0.9496914060826372,0.9256482268555177,1.0259744236844657
2017-05-26,0.9503265584447311,0.9234538485529776,1.0291002197173817
2017-05-31,0.9471890216441631,0.9214240132575496,1.0279621629303162
2017-06-01,0.9227066424447031,0.9033723796619179,1.0214023178238203
2017-06-02,0.9341823191518344,0.9132636480048335,1.0229054021724187
2017-06-05,0.9437736995798255,0.9201108707161763,1.025717366913871
2017-06-06,0.94962741036502,0.9241800713997519,1.0275350440382531
2017-06-07,0.9705811771689111,0.9421367018835849,1.0301914522897346
2017-06-08,0.9697200593810001,0.9427632310260501,1.0285934235318148
2017-06-09,0.9719739111809214,0.9443912388964176,1.0292068277938875
2017-06-12,0.9568425962454163,0.9338845350345932,1.0245834044248014
2017-06-13,0.9701965443297788,0.9460983167548183,1.0254711663134748
2017-06-14,0.9708029123804929,0.9439419099154578,1.0284562028477375
2017-06-15,0.9832518365649582,0.9526022327667066,1.0321746083979184
2017-06-16,0.9811107224459545,0.9513097139416092,1.031326294757224
2017-06-19,0.989607699908155,0.9583357747991432,1.0326314908942704
2017-06-20,0.9923636893291959,0.9598371366717289,1.0338875746881957
2017-06-21,0.9958642017117669,0.9616232845181625,1.0356074127414265
2017-06-22,0.9796739944273741,0.9480411155003302,1.033366568611689
2017-06-23,0.979438890189342,0.9508841357385989,1.0300296885577582
2017-06-26,0.9959073107167337,0.9669153896776728,1.0299839275996274
2017-06-27,0.9965302433034423,0.967157439141981,1.0303702406378836
2017-06-28,0.9903993326976872,0.9628921270191596,1.0285672765480824
2017-06-29,0.9957481594951737,0.9677618554911827,1.0289185855437408
2017-06-30,0.9977999371924114,0.9711110874513313,1.0274827978857957
2017-07-03,1.0041472476511297,0.977319198319665,1.0274506521283846
2017-07-04,0.9993825103776856,0.972485952233834,1.027657528709869
2017-07-05,1.0071352929298965,0.9799391548252152,1.0277528844222292
2017-07-06,1.0045646596677424,0.9811558051778027,1.0238584477270638
2017-07-07,1.0062544153432802,0.985009759782844,1.021567964529732
2017-07-10,1.0029838375573326,0.9819325821883005,1.0214385954299612
2017-07-11,0.9943698793358557,0.9696603541963186,1.0254826600186382
2017-07-12,0.9917440411645593,0.970293137462131,1.02210765270229
2017-07-13,0.9939670605361338,0.9729732526779737,1.021576962984725
2017-07-14,0.992855419421161,0.9696207447484527,1.0239626418870977
2017-07-17,0.9439893508824302,0.9297078229925242,1.0153613076460268
2017-07-18,0.9539564263283177,0.939512054785524,1.0153743333778629
2017-07-19,0.9708531323954691,0.9586442370970912,1.012735585137765
2017-07-20,0.977274198244851,0.9649599337777675,1.012761425667565
2017-07-21,0.9817345562267795,0.9692046966381623,1.0129279806753713
2017-07-24,0.9914200852042077,0.9756943919648208,1.0161174373542508
2017-07-25,0.9866873569783532,0.9735538437953766,1.0134902792143226
2017-07-26,0.9890898147509483,0.9724622014558847,1.0170984674470331
2017-07-27,0.9986734032906528,0.9783665406187808,1.0207558842507314
2017-07-28,1.0052059535196374,0.9833406533876233,1.0222357329138054
2017-07-31,1.0228492374779299,0.9963991884828227,1.0265456348227076
2017-08-01,1.0182503410127335,0.9945861627967659,1.023792989588176
2017-08-02,1.0123514461037637,0.9890994352749972,1.0235082641840776
2017-08-03,1.0172109909471274,0.9906989273210554,1.0267609693469268
2017-08-04,1.0141741376395448,0.9848689675536819,1.02975540000885
2017-08-07,1.0272771380403933,0.9972566734660399,1.030103047062112
2017-08-08,1.02879367471213,0.9973041750219391,1.0315746193376742
2017-08-09,1.0395058051938466,1.003047172693246,1.0363478742507264
2017-08-10,1.0352821450334562,0.9950101030150897,1.0404740031245248
2017-08-11,1.0099968910313522,0.9747546354780476,1.036155001751821
2017-08-14,1.030707157224782,0.9955512335923253,1.035313023023035
2017-08-15,1.0362613211195117,0.9990507878743561,1.0372458874931945
2017-08-16,1.0378421006646188,0.9996899741712144,1.0381639583062081
2017-08-17,1.0495864137495086,1.0071621624941853,1.0421225626171875
2017-08-18,1.0459513737848654,1.0042716407000174,1.0415024495322756
2017-08-21,1.0594198552954928,1.0131345524754074,1.0456852475389333
2017-08-22,1.052588026050157,1.0087363402314569,1.0434719005053772
2017-08-23,1.0429043609606445,1.000319630375353,1.0425711235610886
2017-08-24,1.032408811966235,0.9933283394654756,1.0393429553432343
2017-08-25,1.0455716730776514,1.0040770927916083,1.0413260899824703
2017-08-28,1.0596078246469351,1.0164252637099498,1.0424847379131144
2017-08-29,1.0571087841136495,1.0138274944515124,1.0426909803679694
2017-08-30,1.066066094518954,1.020994347538209,1.0441449525057809
2017-08-31,1.0684169012263105,1.0236791533465623,1.0437029002041252
2017-09-01,1.0760152045933544,1.0325498827761366,1.0420951302617516
2017-09-04,1.0836562143912458,1.0385903235756846,1.0433914025507258
2017-09-05,1.0842325167726437,1.0397262659555528,1.042805738658711
2017-09-06,1.0893793512048262,1.0453047206197477,1.0421643849067737
2017-09-07,1.0825849089537463,1.0376284542956482,1.0433261582910378
2017-09-08,1.084528271708064,1.0400933234329568,1.0427220781770277
2017-09-11,1.0917572967106433,1.052030136833518,1.037762378173594
2017-09-12,1.0941863451269382,1.051141008964318,1.040951057751074
2017-09-13,1.099464806886224,1.0575279579788432,1.0396555463058688
2017-09-14,1.0937193177768454,1.0555978163877242,1.0361136607117791
2017-09-15,1.0845266002244869,1.047665205460237,1.0351843266075225
2017-09-18,1.0951149141804861,1.055165835153668,1.03786047434051
2017-09-19,1.08867421286445,1.0498769315096805,1.036954123088485
2017-09-20,1.1019406333065944,1.0588078196495472,1.0407371506486642
2017-09-21,1.0861272823076904,1.0460846991457686,1.0382785286837868
2017-09-22,1.0777609164716933,1.0397500167335028,1.0365577293834591
2017-09-25,1.0604946608175465,1.0267500023639098,1.0328655060880891
2017-09-26,1.070416327305628,1.0316354405981505,1.0375916580424884
2017-09-27,1.0812558997800599,1.0415108502711499,1.0381609557870306
2017-09-28,1.0781152916068208,1.0390823890661842,1.0375647811486008
2017-09-29,1.0832549609615827,1.0446940501471988,1.0369111997995495
2017-10-09,1.0981658494315663,1.0565771078685136,1.0393617666456467
2017-10-10,1.1011254481113593,1.0608661707692846,1.0379494402322968
2017-10-11,1.0959907108190405,1.0546943933794444,1.0391547709922633
2017-10-12,1.0902039783926403,1.0535284460982792,1.0348120949464517
2017-10-13,1.0998143428617286,1.0615527841681929,1.0360430110157137
2017-10-16,1.0827098382892584,1.0472174400101135,1.033892100076945
2017-10-17,1.078585224482171,1.0462254913749307,1.0309299796019247
2017-10-18,1.0676397305685108,1.0383941376825894,1.028164250764348
2017-10-19,1.059752385445344,1.0285788867198824,1.0303073484474032
2017-10-20,1.0741102543628798,1.0396566516063899,1.0331394049210911
2017-10-23,1.0797814538238943,1.0461970500044706,1.0321014132273458
2017-10-24,1.0753832765720386,1.044652877168496,1.0294168523106322
2017-10-25,1.0854475887248962,1.0517548809523896,1.032034752947376
2017-10-26,1.0912811325490854,1.055558206939858,1.0338426866224564
2017-10-27,1.0838010356239172,1.0490526529432833,1.0331235830567147
2017-10-30,1.057825423067091,1.0302179137599572,1.0267977375838626
2017-10-31,1.066235678088906,1.0378831609143497,1.0273176386729104
2017-11-01,1.0644368951610528,1.0367345613800882,1.0267207584399305
2017-11-02,1.0566261044226162,1.0259731508995624,1.0298769548659024
2017-11-03,1.0437647386226112,1.0168049783417472,1.0265141898939472
2017-11-06,1.0609353620767263,1.0301135294631376,1.029920811378579
2017-11-07,1.066167447977137,1.036574783419336,1.028548509023328
2017-11-08,1.0717484489052809,1.0381173182706245,1.0323962716378547
2017-11-09,1.0784917705012347,1.0459739118179028,1.031088594386466
2017-11-10,1.0831076034109592,1.0506996465452405,1.0308441684284162
2017-11-13,1.0869204365957694,1.055444292550319,1.0298226484027815
2017-11-14,1.0769171664518302,1.0464738694164357,1.029091311235866
2017-11-15,1.0625484644186913,1.034315555813993,1.0272962235228875
2017-11-16,1.0663893347917779,1.0375825162705856,1.027763400085743
2017-11-17,1.0318461922843498,1.0065150840892942,1.0251671421476762
2017-11-20,1.0447676291636467,1.017784269822537,1.026511865177298
2017-11-21,1.0481936633164057,1.0214515686272028,1.0261804822769458
2017-11-22,1.0456419204814897,1.0187762929115691,1.0263704875710653
2017-11-23,1.0161219474336538,0.9926828990452709,1.0236118184476894
2017-11-24,1.0161332518177826,0.9932397393847239,1.023049331923872
2017-11-27,1.0020661024375823,0.9800325199523288,1.0224825013830412
2017-11-28,1.022281104574612,0.996606467999475,1.0257620609533817
2017-11-29,1.0185585439288425,0.9996219233528891,1.0189437827778296
2017-11-30,1.007437746039496,0.9909283196309709,1.0166605657356462
2017-12-01,1.0201977123923236,0.9993118230702548,1.020900272407365
2017-12-04,1.0143356127310523,0.9934913189417517,1.020980851459783
2017-12-05,0.9883597677146196,0.9702804803077386,1.018633052786084
2017-12-06,0.998675435650181,0.9765914863959043,1.0226132928270522
2017-12-07,0.9916369276472978,0.9706855092483222,1.0215841466668232
2017-12-08,1.0051732483306655,0.9813915260649152,1.024232654994595
2017-12-11,1.0204491205566113,0.9945275676173106,1.0260641874426906
2017-12-12,1.012433484589257,0.9861488292243866,1.0266538422862028
2017-12-13,1.0214248638574104,0.9931464487114606,1.0284735601508106
2017-12-14,1.020574611694685,0.9941969180722496,1.026531659013369
2017-12-15,1.0168658147260092,0.9865522946341332,1.030726724023401
2017-12-18,1.014919673244644,0.9808931319972191,1.0346893460025994
2017-12-19,1.0235744502658193,0.9890013795553748,1.0349575555961181
2017-12-20,1.013711336213519,0.9807935127467594,1.0335624400436456
2017-12-21,1.0234479126323388,0.9869857649451768,1.0369429316837082
2017-12-22,1.024859060002775,0.9876787069212818,1.0376441780317296
2017-12-25,1.014368704992938,0.9786149186602863,1.0365350922522194
2017-12-26,1.019440512289328,0.9840826604504651,1.035929757996831
2017-12-27,1.0090068149880917,0.9766468056059876,1.033133789202357
2017-12-28,1.012014267379114,0.9815702897572572,1.0310155858826835
2017-12-29,1.0223351488982793,0.9889348922678858,1.0337739692385592
2018-01-02,1.034477935340586,1.001814663670743,1.032604106182836
2018-01-03,1.0469963339666073,1.010677575446133,1.0359350592145498
2018-01-04,1.0531397528310662,1.015311508577195,1.0372577715649867
2018-01-05,1.0511450463375012,1.0152655705521325,1.035339990664567
2018-01-08,1.0527414406858322,1.0198426209422744,1.032258722147895
2018-01-09,1.05496234932501,1.0197745701239485,1.0345054487844159
2018-01-10,1.0482868713334303,1.0134762956440253,1.0343476959836384
2018-01-11,1.05374400826656,1.0166404353346352,1.0364962592892655
2018-01-12,1.0482753474733089,1.012436845452943,1.0353982593396553
2018-01-15,1.017420638127998,0.9893399212084691,1.0283832849737111
2018-01-16,1.0222792953204025,0.9968943810349962,1.0254639957535434
2018-01-17,1.021428463803107,0.9915675059278292,1.030114901604542
2018-01-18,1.025903802175154,0.9946272613216197,1.0314454892498879
2018-01-19,1.0227732980191004,0.9923459209230131,1.030662066981427
2018-01-22,1.0339757489281343,1.004252654968428,1.029597227164553
2018-01-23,1.0322412027645456,1.0054171131726057,1.026679563377727
2018-01-24,1.0389472129228559,1.0116346796798097,1.0269984153288327
2018-01-25,1.0366775943547888,1.009802668262163,1.026614037511781
2018-01-26,1.0360932996387562,1.0099465875529992,1.0258892028628048
2018-01-29,1.0200162062783429,0.9982787014563695,1.0217749860737897
2018-01-30,1.0226710065934284,0.9988419448268686,1.0238566891288192
2018-01-31,1.0022989146667072,0.9792082413859318,1.0235809629707506
2018-02-01,0.9696468138602347,0.9468386858329738,1.0240887158166712
2018-02-02,0.974957582144963,0.950020247724337,1.0262492662449674
2018-02-05,0.9775896960732269,0.9489713418943847,1.0301572375428247
2018-02-06,0.9283916991813141,0.9024642660611288,1.0287295952817583
2018-02-07,0.9365775822557874,0.9035828606940934,1.0365154353817079
2018-02-08,0.9436370678362079,0.9123080328481452,1.0343404133911396
2018-02-09,0.9017876043359159,0.8788342522551515,1.0261179534387337
2018-02-12,0.9286024372971652,0.9016479540566146,1.0298946868556396
2018-02-13,0.9381119904904671,0.9076361282539034,1.0335771806430765
2018-02-14,0.9433281164653399,0.910464927806942,1.0360949528693613
2018-02-22,0.9655432182830688,0.9295923450721494,1.0386738051378093
2018-02-23,0.9699264561242898,0.9330650215145568,1.0395057512175296
2018-02-26,0.998836994117955,0.9539485817249009,1.0470553793495747
2018-02-27,1.0030975953922059,0.9509236707326164,1.0548665747476802
2018-02-28,1.0021842144280344,0.9529993695992577,1.0516105743589939
2018-03-01,1.0179466092732525,0.9635265482696594,1.0564800846446036
2018-03-02,1.0156649478996387,0.9581664667456725,1.060008863959991
2018-03-05,1.0199280238803172,0.9593941362679669,1.0630959532938429
2018-03-06,1.0380366706789155,0.9722850012943804,1.0676259217173991
2018-03-07,1.0260431143324518,0.9629364270595371,1.065535673487418
2018-03-08,1.034519413405016,0.9700589801058573,1.0664500145054319
2018-03-09,1.048657096921865,0.981999069475791,1.067879929338077
2018-03-12,1.068086820936036,0.9960479896753361,1.0723246590600328
2018-03-13,1.0615561211573319,0.9894617277060422,1.0728622355292432
2018-03-14,1.0507765165250629,0.979205039870409,1.0730914096031674
2018-03-15,1.0476900694529507,0.9777479780381995,1.0715338645394965
2018-03-16,1.0425455399041672,0.9724004792147564,1.0721359791451925
2018-03-19,1.045543243547087,0.9735902517277205,1.0739047989559054
2018-03-20,1.0492560517791807,0.9767338421559039,1.0742497152174042
2018-03-21,1.0414283051997855,0.9696935606131397,1.0739767154288284
2018-03-22,1.0364146388261457,0.965268470529566,1.0737060936607072
2018-03-23,0.9824958401702817,0.9155781948202609,1.073087853914168
2018-03-26,1.0011620656211941,0.9339003937045105,1.0720223188362479
2018-03-27,1.02549353931059,0.9547554380905451,1.0740902836453248
2018-03-28,1.013487410164895,0.9450351157857875,1.0724335987474816
2018-03-29,1.0253910044280974,0.9547680952449383,1.0739686522150087
2018-03-30,1.0413128574963315,0.9674058171834873,1.076397142750307
2018-04-02,1.0437712053049102,0.968548088140552,1.0776658568484438
2018-04-03,1.0317217067906357,0.9586996307610253,1.07616783577109
2018-04-04,1.0277674256256004,0.9520517210044515,1.079528982460392
2018-04-09,1.0269381718105284,0.9533110334127289,1.0772330706529472
2018-04-10,1.0345626009203062,0.9593371790731975,1.0784139544344387
2018-04-11,1.0394901071832086,0.9629554127911272,1.0794789596438796
2018-04-12,1.0332784419007992,0.9573738310652586,1.0792841922063845
2018-04-13,1.0294823065715306,0.953554646407874,1.0796259138893434
2018-04-16,1.0291417867166681,0.9512163488144979,1.0819218866447038
2018-04-17,1.0078952126596645,0.9319860363294585,1.0814488343936646
2018-04-18,1.024792927092537,0.9446111011136141,1.0848834254482036
2018-04-19,1.0309420292685263,0.9500012619927474,1.0852006944769688
2018-04-20,1.007739564443703,0.9304008394224799,1.0831240920517968
2018-04-23,0.9950960124484004,0.9213955718870906,1.0799878388935227
2018-04-24,1.020695425766369,0.9424800830368896,1.0829888547643909
2018-04-25,1.0232672804145666,0.9428328453752141,1.0853114477649985
2018-04-26,1.004840372965005,0.925202099390082,1.086076624369338
2018-04-27,1.005077251898592,0.9272588125251334,1.0839231057416878
2018-05-02,1.0008897010204398,0.9263632816248873,1.0804505326083622
2018-05-03,1.0107003972753914,0.9351107154799013,1.0808350076030273
2018-05-04,1.008091116779217,0.9349018724324129,1.078285482685345
2018-05-07,1.0307322627637585,0.9522811133143664,1.0823823431469168
2018-05-08,1.0353043303373677,0.955867704146313,1.0831042055783229
2018-05-09,1.0330628750870405,0.9538774038449014,1.0830143065796058
2018-05-10,1.031451700046981,0.9556715182532178,1.079295218436848
2018-05-11,1.0211369190848476,0.947882901070416,1.0772817168995328
2018-05-14,1.0152483373584666,0.944119110076964,1.075339251713382
2018-05-15,1.027400552483363,0.9525073041087583,1.0786274793395738
2018-05-16,1.0250799803085648,0.9498968776959276,1.079148699588319
2018-05-17,1.0204187949561074,0.9451047301349501,1.0796885915600098
2018-05-18,1.0254102964419685,0.9484856794349312,1.0811025602968152
2018-05-21,1.0438989737574023,0.960675635923357,1.086630007800765
2018-05-22,1.0508845260022488,0.9639521264726693,1.090183316310205
2018-05-23,1.0405012409226324,0.9514441775935757,1.0936019846737648
2018-05-24,1.0365829086230154,0.9480854155407074,1.0933433756407238
2018-05-25,1.0292826136417952,0.9362482213906059,1.0993693660779462
2018-05-28,1.0266399440853546,0.9320493221014243,1.1014867129248735
2018-05-29,1.0196606309129588,0.9232196911967036,1.1044615281019903
2018-05-30,0.9927594655488812,0.8990358896590975,1.104248981567713
2018-05-31,1.0099332366957556,0.9104079706121724,1.10931941425849
2018-06-01,0.9948508075576857,0.8994361535533213,1.1060827426465107
2018-06-04,0.9937695623475223,0.8991244897398503,1.1052635910685253
2018-06-05,1.0158689686204243,0.9143014602112303,1.1110875491610053
2018-06-06,1.0170635702058468,0.9135389038859626,1.11332266844851
2018-06-07,1.0084234559154976,0.9078054363073753,1.1108365466695156
2018-06-08,0.9957696799285093,0.8969333129528333,1.110193662726488
2018-06-11,0.9862758758302426,0.8910890580463805,1.106820768277134
2018-06-12,0.9973494667427399,0.9007382024711384,1.1072578736047305
2018-06-13,0.9798757984071027,0.8870800905269467,1.104608038069069
2018-06-14,0.9733906015502469,0.8839016556972572,1.1012431024155025
2018-06-15,0.9565982476608522,0.8676077285775988,1.1025699935028808
2018-06-19,0.8928925704883834,0.81346392141426,1.0976424976980312
2018-06-20,0.9060202526216802,0.8224312174864695,1.1016365057137265
2018-06-21,0.8847530317666599,0.8051642530093689,1.098847879125062
2018-06-22,0.9011418828428939,0.8163765560016915,1.103831162492406
2018-06-25,0.8962882772520785,0.8108249791771198,1.1054028924487411
2018-06-26,0.9030453924048911,0.8164018703104778,1.106128519844599
2018-06-27,0.8958820958261151,0.8083680021478447,1.1082602149587122
2018-06-28,0.8847070124132561,0.7997629985066791,1.1062114827332408
2018-06-29,0.9122480620252145,0.8254956634727703,1.10509128320249
2018-07-02,0.8964941138667433,0.8130003717480699,1.1026982828299938
2018-07-03,0.9092968115499833,0.8222318300778512,1.105888604998287
2018-07-04,0.8958079944474847,0.8102411865441941,1.1056065889074913
2018-07-05,0.8702439355589994,0.7883166126119312,1.1039269268671354
2018-07-06,0.8738070962432339,0.7905109909144713,1.1053699522032006
2018-07-09,0.8928473133973891,0.8080594653960472,1.104927733208082
2018-07-10,0.8978517810500443,0.8126444078942227,1.1048519774800598
2018-07-11,0.871782400508495,0.7967649653540181,1.0941525273028856
2018-07-12,0.8993133963964938,0.8183351389632705,1.0989548823918434
2018-07-13,0.9035183224329423,0.8233487867261297,1.0973700781482774
2018-07-16,0.9010444764290968,0.8219264948415769,1.0962591935946409
2018-07-17,0.9053233450953141,0.8220847092714922,1.1012531128301675
2018-07-18,0.8998822181501821,0.8158259697855856,1.1030320821813113
2018-07-19,0.8871204703097827,0.8086575531680523,1.09702860850596
2018-07-20,0.8999373749936368,0.8187702472590002,1.099132971680835
2018-07-23,0.9097299475863797,0.8249008516701377,1.102835505314963
2018-07-24,0.9318628242584908,0.8392408864207274,1.1103639483447787
2018-07-25,0.9342865468663493,0.8398768712020628,1.112408948146368
2018-07-26,0.9334297752361087,0.8343110736922611,1.1188030516066336
2018-07-27,0.9260631001950524,0.830483996926843,1.1150884347222754
2018-07-30,0.9121985877901166,0.8203365328882384,1.1119809385770625
2018-07-31,0.9111822441960216,0.8209013397895742,1.1099777769026293
2018-08-01,0.8955069677388469,0.8077145951657565,1.1086923191663682
2018-08-02,0.8738048956766884,0.7904128607409993,1.1055044003933723
2018-08-03,0.8618248132208374,0.779929982110974,1.1050027989540872
2018-08-06,0.8427668123425304,0.763397132588681,1.1039690566883669
2018-08-07,0.8712730115506534,0.7842206085425819,1.1110049928040684
2018-08-08,0.8596269239874569,0.7721492570362055,1.1132911365958222
2018-08-09,0.8818678084402938,0.7917988191470585,1.1137523662769027
2018-08-10,0.8878698232173373,0.7958710724384583,1.1155950429219714
2018-08-13,0.887626256806068,0.799789950800152,1.1098242181188196
2018-08-14,0.8856538040999468,0.7970370941734728,1.1111826671233784
2018-08-15,0.8662204789721852,0.7804140810395904,1.109949833065918
2018-08-16,0.8583385903476117,0.7733832551356965,1.1098489457171
2018-08-17,0.8418212491875069,0.759881719636734,1.1078319525701243
2018-08-20,0.8486205956315902,0.7645679193700552,1.109934871882655
2018-08-21,0.8609173945942225,0.7739543906142289,1.1123619234345032
2018-08-22,0.8500449370623794,0.7652592978153233,1.1107933474171483
2018-08-23,0.8558029628610532,0.7694755448514087,1.1121899436405285
2018-08-24,0.8515665092525949,0.7676751018658957,1.1092798335946996
2018-08-27,0.8727563041278492,0.7847268947183113,1.1121784024506225
2018-08-28,0.8756294401547605,0.7869639350765414,1.1126678124958742
2018-08-29,0.8695786188267193,0.7818616872329296,1.1121898323272839
2018-08-30,0.8567175557673464,0.7700213660211545,1.1125893300781606
2018-08-31,0.8449259128807457,0.7617470119250499,1.10919491596756
2018-09-03,0.8468313891729209,0.7655519758972045,1.106170992740838
2018-09-04,0.8550934764099443,0.7736854633102972,1.1052210710426613
2018-09-05,0.8408305265499681,0.7617802183418697,1.1037704922033331
2018-09-06,0.8364039140088747,0.7583502784090018,1.102925571232897
2018-09-07,0.8400844403197195,0.7581019003674969,1.1081418473063855
2018-09-10,0.8215294523329958,0.7443535503578663,1.1036817812422943
2018-09-11,0.8229983595657228,0.7440403230135584,1.1061206417313025
2018-09-12,0.8196175549999822,0.7426274867678758,1.103672527079746
2018-09-13,0.8243365769443406,0.7469370989310736,1.103622484576053
2018-09-14,0.8125813696747071,0.7388479115583572,1.0997951770085312
2018-09-17,0.7999412544290434,0.728138693226241,1.0986111050968315
2018-09-18,0.8166086335190723,0.740972601057885,1.1020766926512557
2018-09-19,0.8248870763315163,0.7494178267382983,1.1007038355648462
2018-09-20,0.8246266777777904,0.7488783341457489,1.1011490654465899
2018-09-21,0.8373390829384343,0.7602282278517108,1.1014311916628339
2018-09-25,0.8323721316826888,0.7582237068650693,1.097792279700923
2018-09-26,0.8383470142493051,0.761875146999819,1.1003732272284035
2018-09-27,0.8254409556979876,0.752343118480123,1.0971602390217061
2018-09-28,0.8312648021828047,0.7595178636748531,1.0944637933343808
2018-10-08,0.8007827203041162,0.7351157634508885,1.0893287290493736
2018-10-09,0.7984174923359306,0.7332805505177188,1.0888294961215366
2018-10-10,0.7978661917587412,0.7324894783681416,1.0892527678844581
2018-10-11,0.7412558894795467,0.681471839432233,1.0877278364093852
2018-10-12,0.7338652893677452,0.6768236856159409,1.08427837997409
2018-10-15,0.7184061542921161,0.6643426145764706,1.081379003136976
2018-10-16,0.7046182892495945,0.6486056022501147,1.0863586234919387
2018-10-17,0.7114744372414228,0.6539372424036415,1.0879858052223712
2018-10-18,0.6913654162847161,0.6357558357485544,1.0874700276572147
2018-10-19,0.7083981832639596,0.653084448012935,1.0846961452218338
2018-10-22,0.7447534515256853,0.6855410401158087,1.0863732554944832
2018-10-23,0.7320934844128311,0.6729507452793098,1.0878856878432819
2018-10-24,0.7312645020514854,0.6716740106702792,1.0887193645050215
2018-10-25,0.7288098459176233,0.6699226327715023,1.0879015131978773
2018-10-26,0.7319724405361343,0.6698498169068166,1.0927411220565575
2018-10-29,0.7186925971066292,0.6585489882875908,1.0913274636947337
2018-10-30,0.7292510088043773,0.6651953345133278,1.0962960366189491
2018-10-31,0.7419001958796599,0.6759551070091675,1.097558385441118
2018-11-01,0.747292063279884,0.6801365840975961,1.0987382251630966
2018-11-02,0.7744694047561458,0.7021228802709883,1.103039690797763
2018-11-05,0.7776352004199997,0.7025785378291448,1.1068302809572976
2018-11-06,0.7788076601907514,0.702146631048938,1.1091809399231745
2018-11-07,0.7758637945600739,0.6985141021919289,1.1107346181350135
2018-11-08,0.7725390580132432,0.6933233287214139,1.1142551043795315
2018-11-09,0.7706985086308116,0.6911527011968235,1.1150915091502123
2018-11-12,0.7931164630357366,0.7090429188470168,1.1185732794926333
2018-11-13,0.8125952697821558,0.7219923045990367,1.125490208975892
2018-11-14,0.811812068273781,0.7191398287218977,1.128865397034936
2018-11-15,0.8275369783112053,0.7308947513684433,1.1322245463684344
2018-11-16,0.8350510950940209,0.7371107543448104,1.1328705898969902
2018-11-19,0.8348204109539692,0.7389522958551767,1.1297351880987743
2018-11-20,0.8119415833269342,0.7178646576437041,1.1310510618979701
2018-11-21,0.8189151801411516,0.7205889984460739,1.1364525157990406
2018-11-22,0.818689654081196,0.7200605994770811,1.1369732695772283
2018-11-23,0.7836342973694957,0.6921256641004165,1.1322138998963673
2018-11-26,0.7816882673211542,0.6909707359889585,1.1312899759819137
2018-11-27,0.7860216615719939,0.6941649550347148,1.1323269143321784
2018-11-28,0.7967990120438502,0.7027414428515708,1.133843777322445
2018-11-29,0.7734984086527484,0.6875281389016973,1.125042547187066
2018-11-30,0.7798791746354372,0.6924246707594944,1.1263018311869466
2018-12-03,0.8045849121775269,0.7143397890528872,1.1263336083298565
2018-12-04,0.8138310962239863,0.7176684717506092,1.1339931016320217
2018-12-05,0.8036183353020933,0.7123669109522286,1.1280961018078282
2018-12-06,0.7880406270806257,0.697873352364234,1.1292029197144808
2018-12-07,0.7862270489326593,0.6978528031018073,1.1266373731509671
2018-12-10,0.7750236800856887,0.6896813442255348,1.1237416911080689
2018-12-11,0.7807117158994012,0.6954180133196451,1.1226509824969853
2018-12-12,0.7797831180450925,0.6950619750119483,1.121890055964704
2018-12-13,0.7869634221390973,0.7029471588373856,1.119520026854746
2018-12-14,0.7637029953742069,0.6861674948044245,1.1129979212901684
2018-12-17,0.7620608031528358,0.6851470303449323,1.1122587844673015
2018-12-18,0.7571842013322948,0.6814481631081328,1.111139837663843
2018-12-19,0.7461132370100017,0.6720552888329131,1.1101962136265562
2018-12-20,0.7490463715104615,0.6739316747447854,1.1114574363849594
2018-12-21,0.7433914630885291,0.6694036894413796,1.1105278844651911
2018-12-24,0.7506577047568614,0.6762984137086215,1.1099504147000367
2018-12-25,0.7410803410643781,0.6685129980413427,1.1085503845634244
2018-12-26,0.7408002628841732,0.6658076429705627,1.1126340628638987
2018-12-27,0.7318870516810552,0.6583496753328217,1.1116995710692155
2018-12-28,0.733982875247942,0.6594206939560375,1.1130722495901462
2019-01-02,0.7277437878756197,0.6537125406862366,1.1132474024617434
2019-01-03,0.7252251078989403,0.6506828646475924,1.114560021942056
2019-01-04,0.7436480738663146,0.6661983767720667,1.1162562080524951
2019-01-07,0.7576921459731766,0.678450055501622,1.1167987088054194
2019-01-08,0.7553265213107374,0.6767066441647279,1.116180146632152
2019-01-09,0.7595734211862997,0.6785213078354709,1.1194540428058044
2019-01-10,0.7592575187900743,0.6774280275112929,1.120794369225323
2019-01-11,0.7644492081196976,0.6826520818524773,1.1198225691266506
2019-01-14,0.7575970487063335,0.678170034574134,1.1171196161477066
2019-01-15,0.7677961435028064,0.687790737628432,1.1163223077854185
2019-01-16,0.7659267212869658,0.6861327248567676,1.1162952786530558
2019-01-17,0.7602468100469362,0.6808880467993073,1.1165518525705886
2019-01-18,0.7662730595930237,0.6878619155084317,1.113992564956347
2019-01-21,0.7701660564341539,0.6919469004080742,1.1130421365858423
2019-01-22,0.7597818216137907,0.6816031760225251,1.1146981826690932
2019-01-23,0.7592292593421076,0.6827786533964098,1.1119698244305127
2019-01-24,0.7629601938350273,0.6863368028578961,1.111641093203909
2019-01-25,0.7543087125377755,0.6832153252229762,1.104057073502555
2019-01-28,0.7495735943714331,0.6814401965462498,1.099984412675543
2019-01-29,0.7337953366070725,0.6730662231996855,1.0902275456918449
2019-01-30,0.7238270799872275,0.6663154926771289,1.0863128472055001
2019-01-31,0.7112425141653631,0.660754460213687,1.076409705861612
2019-02-01,0.7344180636197674,0.6793914499730812,1.0809939743116672
2019-02-11,0.7571326116386038,0.6965729414311027,1.0869394525763258
2019-02-12,0.7680899853536862,0.7023649297352964,1.0935767901212834
2019-02-13,0.7812652900693423,0.71390311722632,1.0943575832876875
2019-02-14,0.7852853384107648,0.7170292854537503,1.0951928384819327
2019-02-15,0.785315202085107,0.7123716015447386,1.1023954357279182
2019-02-18,0.811528267089312,0.7374113245347248,1.1005096342958278
2019-02-19,0.8150174297580285,0.7384049111545937,1.1037540750963328
2019-02-20,0.8153425686193102,0.7384586668338403,1.1041140218654506
2019-02-21,0.8119512736313628,0.7371170829220068,1.101522800709903
2019-02-22,0.8283000576409397,0.7558110298761705,1.095908930803306
2019-02-25,0.8713085304390493,0.7980606856946383,1.0917822993381205
2019-02-26,0.8774172982803464,0.7971414784702919,1.10070460762386
2019-02-27,0.8744257503231647,0.793872880029013,1.1014682228358876
2019-02-28,0.8782416611682267,0.795045230341224,1.1046436449801678
2019-03-01,0.887878284942589,0.8016805573972541,1.1075212898079823
2019-03-04,0.90479665259183,0.8160806764042868,1.108709811116264
2019-03-05,0.9371054711816443,0.8377616373414047,1.1185824576015468
2019-03-06,0.9536488975590551,0.8527503140277229,1.1183213677808765
2019-03-07,0.965578159333641,0.8636018881198383,1.1180825014588804
2019-03-08,0.9303349982028689,0.8299160629638332,1.1209989054560712
2019-03-11,0.9695580724422858,0.8632474877968277,1.1231519189436427
2019-03-12,0.9875035178216882,0.878217178751556,1.1244411310941218
2019-03-13,0.9680913436814584,0.8582607178735917,1.1279688368820848
2019-03-14,0.9436092081111004,0.8382694870479708,1.1256633131596994
2019-03-15,0.9531252697944299,0.8478426885463693,1.1241770232501127
2019-03-18,0.9795327802237476,0.870335270895491,1.1254660278399413
2019-03-19,0.988682426986347,0.8736576250160164,1.1316589000962727
2019-03-20,0.98801248413885,0.8726466906492438,1.1322021784140093
2019-03-21,1.011724253416262,0.8843050466531539,1.1440896523720565
2019-03-22,1.0159823477392456,0.889472218253418,1.1422305575032403
2019-03-25,1.001132356029393,0.8780067721732308,1.1402330685347715
2019-03-26,0.9756492851932382,0.8535176353993502,1.1430921222110944
2019-03-27,0.9853748530670021,0.861902702369471,1.143255323783174
2019-03-28,0.969345923998427,0.8496003950223427,1.1409433536962224
2019-03-29,1.0048949129517506,0.877688779782563,1.1449330743417974
2019-04-01,1.0450569846327407,0.9109411346275244,1.1472277899274523
2019-04-02,1.0524549298114045,0.9137429818870905,1.1518063073248912
2019-04-03,1.0576702104459714,0.9233130563238156,1.1455163589444959
2019-04-04,1.0616443005254297,0.9289326095128638,1.142864713385571
2019-04-08,1.0579054395534837,0.9251467057261484,1.1435001962452354
2019-04-09,1.063873425162224,0.9267952628589425,1.1479055491505512
2019-04-10,1.0623427799608465,0.9256418982783214,1.1476822537276958
2019-04-11,1.03752038162854,0.9060888283562545,1.145053717868608
2019-04-12,1.0308962301125213,0.9040637581071862,1.1402915124823505
2019-04-15,1.0200082781597963,0.8948259712002082,1.1398957014978948
2019-04-16,1.044224291283923,0.9139740121816916,1.142509827813724
2019-04-17,1.0559489833571774,0.9188341361071456,1.1492269843510068
2019-04-18,1.046420785137539,0.913682897630647,1.1452778506099943
2019-04-19,1.0534993985334002,0.9192217428469761,1.1460775451965974
2019-04-22,1.0350439852410236,0.9054354213741658,1.1431450115681943
2019-04-23,1.0180492950634965,0.8904087732246678,1.1433504764071125
2019-04-24,1.027698992096772,0.8985834336164634,1.1436878910182737
2019-04-25,0.9810034768456136,0.863570245233855,1.1359857316296924
2019-04-26,0.9701806161059371,0.8555980993123512,1.1339209576151192
2019-04-29,0.9354187714109828,0.8330644184383762,1.122864871800041
2019-04-30,0.9437007455413532,0.8397028725560798,1.1238508005441268
2019-05-06,0.8677522634554706,0.7766155200984811,1.117351174420816
2019-05-07,0.8765346161125503,0.7868358000017716,1.1139994089117156
2019-05-08,0.8747693114873799,0.7827761294109156,1.1175217008031333
2019-05-09,0.8661535374609303,0.7733895837128925,1.119944663985124
2019-05-10,0.8986110380210994,0.8012201347927375,1.1215532398640424
2019-05-13,0.8867850964432122,0.7919775828393998,1.1197098448972613
2019-05-14,0.8806517966218599,0.7856033654331173,1.120987810606362
2019-05-15,0.9031097883085678,0.803156604961053,1.12445042813582
2019-05-16,0.9093407714595083,0.8081876749246651,1.1251604047837924
2019-05-17,0.8760346824420203,0.7819598174064011,1.1203065207975087
2019-05-20,0.8714299984194477,0.7789506906301835,1.1187229293223258
2019-05-21,0.8883733251857634,0.7926056755127016,1.1208263486267795
2019-05-22,0.8808942266844804,0.7873088053068314,1.1188674897916029
2019-05-23,0.8590935810278509,0.7709389352608137,1.114347118474713
2019-05-24,0.852671439784134,0.7660091969861967,1.1131347288503886
2019-05-27,0.8795918663253448,0.7851824778226172,1.1202387867397825
2019-05-28,0.8821379400402962,0.7840022354023727,1.1251727357480779
2019-05-29,0.8863938988128851,0.7842190450117439,1.1302886667329166
2019-05-30,0.8792884889637086,0.7793999451572937,1.1281608299141668
2019-05-31,0.8767855658419214,0.7771217318203608,1.1282473902616312
2019-06-03,0.8633806154705937,0.7679171513302028,1.1243147961665227
2019-06-04,0.8489654444540129,0.7586761629077019,1.1190089869177757
2019-06-05,0.8468415810317151,0.7568425879592183,1.118913753671254
2019-06-06,0.8283947967550507,0.7402242654178464,1.1191132680410487
2019-06-10,0.8380865896098169,0.7475778487587676,1.1210693187355998
2019-06-11,0.8716003411255716,0.7754558269406627,1.1239845144554774
2019-06-12,0.8679653111681382,0.7694470290270978,1.128037770534521
2019-06-13,0.8756411590514155,0.771687270900851,1.13470986508461
2019-06-14,0.8608824481900877,0.7586951486392916,1.1346882206035818
2019-06-17,0.8607783488445437,0.7598153068030928,1.1328783997077538
2019-06-18,0.8597901752961897,0.7589514932426792,1.132865779896775
2019-06-19,0.8692092995694075,0.7687240076958466,1.1307169944838238
2019-06-20,0.8852335620834784,0.7838819924356367,1.129294422662941
2019-06-21,0.901009321342148,0.7944155741370844,1.1341788236224455
2019-06-24,0.9022559095835774,0.7948727952260777,1.135094715786515
2019-06-25,0.8910229039996005,0.7870873051049495,1.1320509150897717
2019-06-26,0.8859904038183802,0.7851255206278475,1.1284697548869298
2019-06-27,0.8944934306103149,0.7922275244117409,1.1290865351775177
2019-06-28,0.8838282086202132,0.7832096741758079,1.1284694734526726
2019-07-01,0.9077607529980428,0.8069061752692743,1.1249892252901796
2019-07-02,0.9061060890780087,0.8043985696224264,1.1264392097356941
2019-07-03,0.8991274271412405,0.7974864231544314,1.127451704550369
2019-07-04,0.8952093514998413,0.7950024938316836,1.126045966453752
2019-07-05,0.8979518836572478,0.7977933219215426,1.1255444975328524
2019-07-08,0.8650212265805063,0.770600393607719,1.122528918692524
2019-07-09,0.8680883531601589,0.772315363574153,1.1240076193004678
2019-07-10,0.8602261534406158,0.7663414100620942,1.122510335662162
2019-07-11,0.8642576389295505,0.7664505594052735,1.1276104222562906
2019-07-12,0.8681296273762932,0.7691432573216602,1.1286969223384042
2019-07-15,0.8781181912762613,0.7792290735729848,1.1269063502082155
2019-07-16,0.8784021255076866,0.7802938380728532,1.1257324903104942
2019-07-17,0.8762252528421137,0.7798255233603035,1.1236170484218309
2019-07-18,0.857734595325958,0.7663809450561107,1.1192013591402104
2019-07-19,0.8629503121611868,0.771851813907963,1.1180258912549328
2019-07-22,0.8438799867499815,0.7556955519557935,1.1166930711262764
2019-07-23,0.850112641257766,0.7631867260103543,1.1138986204618977
2019-07-24,0.8592433148781662,0.7709563574615663,1.1145161545943942
2019-07-25,0.8589698038817075,0.773900634934981,1.1099225987246717
2019-07-26,0.8576987849010188,0.7749242264561468,1.1068163255437418
2019-07-29,0.857333407100377,0.7747517913410014,1.1065910613984342
2019-07-30,0.8619147120538041,0.7788494333950371,1.106651266723893
2019-07-31,0.8549231928528866,0.7757295192909541,1.1020892870421104
2019-08-01,0.8466295107407067,0.770551328520983,1.0987321407462243
2019-08-02,0.8332524160993482,0.7609717984453878,1.0949846207200118
2019-08-05,0.8226768053102593,0.7518051894184095,1.0942685909719188
2019-08-06,0.8028849054987879,0.7357596403402561,1.0912326002653385
2019-08-07,0.8005916098783034,0.7319310000440012,1.0938074898182677
2019-08-08,0.8042564111674054,0.7366361110550629,1.0917960701322285
2019-08-09,0.7950266287704917,0.7278160102430618,1.0923456169987031
2019-08-12,0.8129144734892342,0.7412162885068784,1.096730449794602
2019-08-13,0.8098570203082628,0.7369984034861069,1.0988585816163567
2019-08-14,0.8133173857623952,0.7410248676601431,1.097557479184906
2019-08-15,0.8156022774478864,0.7446177870692863,1.0953301030559388
2019-08-16,0.8177688011060361,0.7471664912409876,1.0944934103613018
2019-08-19,0.8443991486936472,0.7712743498522341,1.094810360094852
2019-08-20,0.8455279076073093,0.7708899446279266,1.096820516987554
2019-08-21,0.8467564435991902,0.7724894366739847,1.0961398349276699
2019-08-22,0.8481554729395692,0.7733105137248587,1.0967851307933207
2019-08-23,0.8450843071459735,0.7733089501940219,1.092815888053466
2019-08-26,0.8392955078529907,0.7681766229952639,1.092581422981112
2019-08-27,0.8555104959676367,0.7809377894160716,1.0954912255012337
2019-08-28,0.8562789414804713,0.7796831676003045,1.0982396145807687
2019-08-29,0.8586175282829949,0.7806308161951109,1.09990216946341
2019-08-30,0.84693160052949,0.7730858864613035,1.0955207116847072
2019-09-02,0.8667589822021252,0.7923572974711962,1.0938991600990886
2019-09-03,0.8757651180938549,0.7980338078550139,1.097403530368933
2019-09-04,0.8838220679583498,0.8058003122445522,1.0968251743368882
2019-09-05,0.8920691201459173,0.8129418510224622,1.0973344760439314
2019-09-06,0.8939811997229252,0.8155095409257533,1.0962240842799853
2019-09-09,0.9106819631873644,0.832725876785281,1.0936155445331315
2019-09-10,0.9136098527673334,0.8298543407227028,1.1009279676378987
2019-09-11,0.9075168391739623,0.8254213585310957,1.0994588761174804
2019-09-12,0.9114882056156453,0.8294271989888559,1.0989369612267705
2019-09-16,0.9127115835302989,0.8306501034647904,1.0987918736459736
2019-09-17,0.8960662669266113,0.8132646084594898,1.1018139208393278
2019-09-18,0.8953047271751358,0.8133578991327528,1.100751253697492
2019-09-19,0.9031383951300087,0.8213680165174362,1.0995538868913781
2019-09-20,0.9070353477958438,0.8233946502973413,1.1015803266007358
2019-09-23,0.9000982382041748,0.81817379747168,1.100130853598169
2019-09-24,0.8984480343422276,0.8196388258657722,1.0961511411971125
2019-09-25,0.8802445512236804,0.8048099271402062,1.0937297385874973
2019-09-26,0.8589444992496105,0.7863358424032378,1.0923379718066297
2019-09-27,0.8669503200309923,0.7919348463298593,1.0947242996678128
2019-09-30,0.8534123730330085,0.7816940171641423,1.0917473516415652
2019-10-08,0.8526914681216992,0.7818300443469449,1.090635329618145
2019-10-09,0.8598432318575703,0.7883466919670761,1.0906917484642407
2019-10-10,0.872027905555718,0.7983786780853047,1.0922484899609806
2019-10-11,0.8713758918507037,0.7998279222633301,1.089454203330273
2019-10-14,0.8881360987715923,0.8117900499726777,1.0940465441791065
2019-10-15,0.8766713409911535,0.8006948628854174,1.0948881797891699
2019-10-16,0.8727971501305044,0.7971130370998306,1.0949477796850977
2019-10-17,0.8707860125157368,0.7957666881416372,1.0942730143043473
2019-10-18,0.8574779812858081,0.7850021505994377,1.0923256460266089
2019-10-21,0.8537487012808539,0.7832982742565601,1.0899407407620798
2019-10-22,0.8662585496288667,0.7919221891754661,1.0938682631570131
2019-10-23,0.8588164113407615,0.7858533070054581,1.0928457050251958
2019-10-24,0.8582853010031296,0.7844389072289387,1.0941391268251293
2019-10-25,0.8617777606019665,0.7901850319619194,1.0906024864357307
2019-10-28,0.8782988226577407,0.8044080252612963,1.0918573597925536
2019-10-29,0.8667517365933629,0.7922639323440835,1.0940189262798965
2019-10-30,0.8549554756248263,0.7828014437197011,1.0921741170561274
2019-10-31,0.8482211436837013,0.7779792912574266,1.0902875606274105
2019-11-01,0.8553400964786638,0.7850875491646673,1.0894837109424869
2019-11-04,0.8554730334050533,0.7891203419159001,1.0840843759369527
2019-11-05,0.8596210386122125,0.7950467938720596,1.0812206844148904
2019-11-06,0.8465612706522724,0.7870462065800957,1.0756182592262071
2019-11-07,0.854344775523652,0.7921626751089375,1.0784966300086827
2019-11-08,0.8476749900263137,0.7891915197958996,1.0741055482267967
2019-11-11,0.8259396002145576,0.771451550013739,1.0706305537915481
2019-11-12,0.8280451634906624,0.7723138000433158,1.0721615533015476
2019-11-13,0.8251553310640833,0.7713534942941161,1.0697499099543233
2019-11-14,0.8314494847756907,0.7771391540211131,1.069884949784813
2019-11-15,0.8242215899165548,0.7702302090686411,1.0700977191133543
2019-11-18,0.8296280431866754,0.7740303335405865,1.0718288511921394
2019-11-19,0.8450751631491215,0.7871062908365387,1.0736480866529134
2019-11-20,0.8398417990329028,0.7825451735701624,1.0732182976751863
2019-11-21,0.8377722113827146,0.7824565734894098,1.0706948344067475
2019-11-22,0.8276452074997634,0.7758687479892791,1.0667335288921829
2019-11-25,0.8230316361336567,0.7754605919870219,1.0613455340454374
2019-11-26,0.8205347345373257,0.7724008365932313,1.062317252472686
2019-11-27,0.8238380024969418,0.7758972638135885,1.0617874825949525
2019-11-28,0.8209356129792678,0.7735241218187063,1.061292841196843
2019-11-29,0.821079156762602,0.7744227053267766,1.0602467504050495
2019-12-02,0.8212803015277842,0.776080718098441,1.058240827758344
2019-12-03,0.8233973586223725,0.7794079117191757,1.056439569372817
2019-12-04,0.8238130740386332,0.7784934695411891,1.0582144953947443
2019-12-05,0.8310230665830965,0.7859181563082608,1.0573913580094774
2019-12-06,0.8377838059599771,0.7927069327478464,1.056864487176712
2019-12-09,0.8428405175657679,0.7949360809980432,1.0602619980559702
2019-12-10,0.8427155480191482,0.7988042562883145,1.0549712791151986
2019-12-11,0.8405615858603565,0.7953600956702165,1.056831478516722
2019-12-12,0.8357077381403074,0.792942653634958,1.0539321277639795
2019-12-13,0.8460981721611815,0.8027025853875815,1.0540618500096728
2019-12-16,0.8610612858631218,0.8173131109729396,1.053526823811873
2019-12-17,0.8758299702828152,0.8283909503132962,1.0572664633185305
2019-12-18,0.8761071173558221,0.828242191522251,1.057790977474353
2019-12-19,0.881032263168366,0.8292895338213665,1.0623940460318715
2019-12-20,0.8732679736679391,0.8202621534927138,1.0646205849550952
2019-12-23,0.8547798154507464,0.804389039529706,1.0626447818713467
2019-12-24,0.8663551567112923,0.8166850182996376,1.0608192109548789
2019-12-25,0.8689651778018137,0.8200122119203722,1.059697849824455
2019-12-26,0.8755445986445176,0.8257140366129764,1.0603484497319955
2019-12-27,0.8702915988612008,0.8193935748859404,1.0621166989042419
2019-12-30,0.876770664921983,0.8293211767073496,1.0572148517936342
2019-12-31,0.8797223685780712,0.833390302937076,1.0555946781210548
2020-01-02,0.8987544494075098,0.8489707388182027,1.0586400782889265
2020-01-03,0.8990756157829555,0.8512647363712025,1.0561645248169949
2020-01-06,0.9123517238537359,0.8598412241880584,1.0610699954695273
2020-01-07,0.9246127237406794,0.8701232263324782,1.0626227363655967
2020-01-08,0.9113684082202201,0.8580930478048046,1.0620857616218964
2020-01-09,0.9239980209971437,0.8697593703705973,1.0623605246166372
2020-01-10,0.9205274598264498,0.8670207344291481,1.06171331696298
2020-01-13,0.9314325945233619,0.8795825134413375,1.0589485128338474
2020-01-14,0.9307578276085221,0.8768455154845746,1.06148439054758
2020-01-15,0.9234316490174662,0.8748995896773888,1.0554715762959417
2020-01-16,0.9190967184856335,0.8745262036227883,1.050965328057877
2020-01-17,0.9111331945537537,0.8717385770484524,1.0451908617359627
2020-01-20,0.9223788272098518,0.8839981478860409,1.043417149024116
2020-01-21,0.9100448745421172,0.873936082412666,1.0413174291073624
2020-01-22,0.916855348175292,0.8820948841345453,1.0394067176513007
2020-01-23,0.8797168051470903,0.8508059517513722,1.0339805490737406
2020-02-03,0.7981168319039333,0.7769477331743776,1.027246490112102
2020-02-04,0.8116026033348953,0.790485676605683,1.0267138638360755
2020-02-05,0.8352061886521631,0.8106557455774953,1.0302846716483562
2020-02-06,0.8624812918104952,0.8357998528643009,1.031923239582726
2020-02-07,0.8744644058889625,0.8427847407431324,1.0375892723424207
2020-02-10,0.8810811338667653,0.8524971709398566,1.033529686550626
2020-02-11,0.8714707102697757,0.8482018539157382,1.0274331590371046
2020-02-12,0.8851589733645258,0.8638122946981617,1.0247121727687647
2020-02-13,0.8713149185090687,0.8563590921067806,1.0174644334837322
2020-02-14,0.8657056326686634,0.857618404515058,1.009429867772227
2020-02-17,0.8933758702844548,0.8850897902255327,1.0093618524927406
2020-02-18,0.9079571309597123,0.895590091056311,1.0138088172556876
2020-02-19,0.8907036669695367,0.8864852042704621,1.0047586385861298
2020-02-20,0.8998212869164939,0.9028518728009566,0.9966433188258659
2020-02-21,0.9108525609775453,0.9150846402527714,0.995375204555879
2020-02-24,0.9189612868069156,0.9279691022481389,0.9902929791310933
2020-02-25,0.9238254756721649,0.9330713500917507,0.9900909245378967
2020-02-26,0.9029895340784674,0.9086550291825561,0.9937649658867947
2020-02-27,0.9075710597461502,0.9102908547071077,0.9970121693007312
2020-02-28,0.8607610742020414,0.8624421949620185,0.9980507438413875
2020-03-02,0.8947289207321318,0.8948955855493692,0.9998137605996402
2020-03-03,0.903651246619178,0.9033755811774391,1.0003051504241232
2020-03-04,0.8999044620194052,0.904402374214128,0.9950266470732885
2020-03-05,0.9114660632346122,0.9177884317927144,0.9931113006668075
2020-03-06,0.9069071721619878,0.9118935482686886,0.9945318440774497
2020-03-09,0.8603107263151808,0.8742335255409066,0.9840742789895738
2020-03-10,0.8940591176124305,0.8978525201771769,0.9957750271013354
2020-03-11,0.8786734899642696,0.8843130132150346,0.993622706930138
2020-03-12,0.86503620224962,0.8691803427840311,0.9952321280976774
2020-03-13,0.8602880412968811,0.8633771864024317,0.9964220213897212
2020-03-16,0.8215381235593033,0.8227033463059217,0.9985836659692094
2020-03-17,0.8241859616929436,0.8245938784491748,0.9995053119276142
2020-03-18,0.811670059396914,0.8099453814006371,1.002129375678758
2020-03-19,0.8199937683996545,0.8160126255859589,1.0048787760003552
2020-03-20,0.8313939425556645,0.8257361494062394,1.0068518171978946
2020-03-23,0.7922807732156856,0.7908717198146762,1.001781645955604
2020-03-24,0.8047557922577391,0.8062385476019547,0.9981608974804965
2020-03-25,0.8249774845235708,0.8254419077935213,0.9994373640766653
2020-03-26,0.8137928507340183,0.8173242045964954,0.9956793719767293
2020-03-27,0.8083188875675604,0.8127725429689894,0.9945204160254232
2020-03-30,0.787256645636595,0.795393302087036,0.9897702728586083
2020-03-31,0.7846885697657274,0.7976019010748061,0.9838098037483645
2020-04-01,0.784684218689276,0.7940849245920223,0.9881615862338954
2020-04-02,0.8102126656845661,0.814332500021031,0.9949408450032898
2020-04-03,0.8044214285101359,0.8079788318771751,0.9955971577141763
2020-04-07,0.8334580360922659,0.8332969378099631,1.0001933263822211
2020-04-08,0.8367728738628126,0.8340452734500008,1.0032703265633642
2020-04-09,0.8467366339457841,0.842060155881044,1.005553615180672
2020-04-10,0.8279813720530917,0.824032273063362,1.0047924081602397
2020-04-13,0.8179244630986572,0.8178099415097984,1.0001400344787292
2020-04-14,0.8377319956332432,0.8367016378878941,1.0012314518087355
2020-04-15,0.8353412114593248,0.8335627380522211,1.0021335807443355
2020-04-16,0.8390306132757737,0.8411915772742707,0.9974310679554124
2020-04-17,0.8395899640090588,0.8414257346305455,0.9978182618549304
2020-04-20,0.8505608365158586,0.8514467015790671,0.9989595766105317
2020-04-21,0.8444422131054803,0.8454489972890586,0.9988091721832936
2020-04-22,0.8529761300950707,0.852369035865087,1.0007122434115259
2020-04-23,0.8558285139860405,0.8476497041687954,1.0096488086729947
2020-04-24,0.8390348514637981,0.8343221673158151,1.0056485184411972
2020-04-27,0.8363311212756159,0.8330834041699643,1.0038984297243172
2020-04-28,0.8270937761571384,0.8270920284571525,1.0000021130659296
2020-04-29,0.8255837779813574,0.8269274854500405,0.9983750600961682
2020-04-30,0.8454109370152156,0.84702794007269,0.9980909684545523
2020-05-06,0.8602427087637777,0.8624469600083783,0.9974441892118454
2020-05-07,0.8613357007370948,0.8615657242472117,0.9997330168742288
2020-05-08,0.8721607073174562,0.8713667545246884,1.0009111580039578
2020-05-11,0.8716713416469258,0.8695457622767487,1.0024444709667857
2020-05-12,0.8737639284257006,0.8721198552110859,1.0018851459518907
2020-05-13,0.8809018494410025,0.8758883367970483,1.0057239175741142
2020-05-14,0.8742551264391523,0.868109249706966,1.0070796120813836
2020-05-15,0.8759876822166993,0.8714031624570313,1.0052610777160154
2020-05-18,0.8721525125777856,0.8667976706964293,1.0061777298928987
2020-05-19,0.8820476674596098,0.8777236241840671,1.0049264291815803
2020-05-20,0.8775287185563432,0.8685189692400598,1.0103736931896454
2020-05-21,0.8654193920317164,0.8584679973902413,1.0080974417946942
2020-05-22,0.8474783705794834,0.8429730345281936,1.0053445790870539
2020-05-25,0.8438974273741039,0.8411330565486641,1.0032864845863776
2020-05-26,0.8638979036038142,0.8575250393879453,1.0074316946131596
2020-05-27,0.8581289377444873,0.849502339302718,1.0101548848574686
2020-05-28,0.8570859303789307,0.8481844317149847,1.0104947678017948
2020-05-29,0.8644613771830599,0.8553307355392546,1.010674983681077
2020-06-01,0.8949491795061669,0.881140906962542,1.0156709017076788
2020-06-02,0.8978751187380648,0.880659935095599,1.0195480490895694
2020-06-03,0.9019060093412039,0.881588672412665,1.0230462772087758
2020-06-04,0.9041093823945184,0.8822910700276402,1.0247291547065014
2020-06-05,0.9052915696125041,0.88366273329462,1.0244763477093166
2020-06-08,0.9036471858437038,0.8820616777177251,1.0244716539344842
2020-06-09,0.9124417517539917,0.8876116165576107,1.0279740989563417
2020-06-10,0.9130488994613986,0.8883805759139243,1.0277677430329863
2020-06-11,0.9108161959031253,0.8842449623967088,1.0300496294990433
2020-06-12,0.9145428917187903,0.8846231134976691,1.0338220624858228
2020-06-15,0.9133181952741326,0.884488575391854,1.0325946775168986
2020-06-16,0.9347447206051694,0.9010467392229334,1.0373987052117821
2020-06-17,0.9413540212199947,0.9073940787895926,1.037425792413923
2020-06-18,0.946213615307788,0.9072327372980035,1.0429667894545789
2020-06-19,0.9595695258272536,0.9155781948202583,1.0480475957770397
2020-06-22,0.9547171813228063,0.9150846402527715,1.0433102462074844
2020-06-23,0.9610633084720115,0.9182978450301176,1.0465703624083875
2020-06-24,0.9537477926161695,0.9158851680412188,1.0413399254580424
2020-06-29,0.9475754525810306,0.9116688465512841,1.03938557971524
2020-06-30,0.964231997443022,0.9278029957101901,1.0392637250593777
2020-07-01,0.9722137443102876,0.9305669459604258,1.0447542205648395
2020-07-02,0.9890831727435401,0.9453420145528958,1.0462701937682648
2020-07-03,1.003621594255498,0.9574022724357157,1.0482757594696284
2020-07-06,1.0414749700873616,0.9966935045493882,1.0449300264660792
2020-07-07,1.0589325475178368,1.00937709005915,1.0490950883933603
2020-07-08,1.0811855140670226,1.0339611554909798,1.045673242486192
2020-07-09,1.1096136706045152,1.059010334119836,1.0477836097102269
2020-07-10,1.1049858559217132,1.0562717726322362,1.046118891512249
2020-07-13,1.136927002904718,1.0915649819423323,1.0415568671703526
2020-07-14,1.126619688660241,1.0770429819838776,1.046030388299866
2020-07-15,1.1053666170313312,1.0503231334289636,1.05240623751918
2020-07-16,1.05692169519114,0.9998798314871106,1.0570487191637736
2020-07-17,1.0535410685579587,1.0037701195706454,1.049584011335785
2020-07-20,1.0906170461477096,1.032602149378393,1.0561832035738454
2020-07-21,1.0946990559015162,1.038375151950997,1.054242345692395
2020-07-22,1.108904722827986,1.0474515973663858,1.0586691791927305
2020-07-23,1.109707034202979,1.0473566687084366,1.0595311677075876
2020-07-24,1.0540254558398685,0.9941811338561803,1.0601945862235054
2020-07-27,1.052551010674523,0.9965163043878829,1.056230596569175
2020-07-28,1.0652545452834739,1.0061543551890844,1.0587386913246357
2020-07-29,1.0937836224609456,1.033146332563453,1.0586918696667478
2020-07-30,1.0921092985518996,1.0301672851423815,1.0601281115240977
2020-07-31,1.1034419210308002,1.0409619020397272,1.0600214271710096
2020-08-03,1.1348145699408851,1.066297430173268,1.0642570617060227
2020-08-04,1.1259579930231203,1.0596368632623008,1.0625885452461863
2020-08-05,1.1380301188919009,1.071523048045289,1.0620677930987452
2020-08-06,1.1370416917776869,1.0711212206202285,1.0615434274743314
2020-08-07,1.124431506801725,1.0582398856865345,1.0625487869154058
2020-08-10,1.1318107447246655,1.0640018690894313,1.063730034321523
2020-08-11,1.1111050767866142,1.0443127719845617,1.0639581422289068
2020-08-12,1.0994825037721874,1.0328505274198976,1.0645127001278096
2020-08-13,1.1035840437367619,1.036688697808872,1.0645279012583804
2020-08-14,1.1196232455426034,1.047905691393705,1.0684389394369207
2020-08-17,1.1462667747503967,1.0670473293441423,1.074241735326723
2020-08-18,1.1583518569505258,1.074143004550839,1.0783963141247652
2020-08-19,1.132557039884166,1.054662750493458,1.0738570593815535
2020-08-20,1.1166436951460903,1.0431958153362835,1.0704066089319293
2020-08-21,1.1255192292556595,1.0511299897946074,1.0707707326242188
2020-08-24,1.1332679833631436,1.0582525428409275,1.0708861424710907
2020-08-25,1.1228765328678356,1.0524921229688675,1.0668740490906743
2020-08-26,1.0983565668057698,1.0324518270565104,1.0638332346576904
2020-08-27,1.109378499716074,1.0408226733414012,1.0658669609440625
2020-08-28,1.1245357007187635,1.058608506694775,1.0622772192052647
2020-08-31,1.1229941867468116,1.0550044936620755,1.0644449322189462
2020-09-01,1.1322605705286266,1.0616540414033355,1.066506155839581
2020-09-02,1.1314468450068609,1.0627773266288105,1.0646132700213637
2020-09-03,1.1200614404528193,1.054026765712123,1.062649903103819
2020-09-04,1.1088489730181306,1.047117820759651,1.0589533966805145
2020-09-07,1.0875869402634246,1.0250049530423264,1.0610553022552214
2020-09-08,1.0932976670760668,1.0323284570281015,1.0590598947775647
2020-09-09,1.0616717776285591,1.0045026709946163,1.0569128468093931
2020-09-10,1.0504450327576373,0.9865222152789842,1.064796125711752
2020-09-11,1.0667233442353223,0.9986093510014272,1.0682088477997818
2020-09-14,1.0735057246884327,1.0048222269161207,1.0683538798530634
2020-09-15,1.0822505074931408,1.0106189802666743,1.0708788659476443
2020-09-16,1.0774419031632998,1.0052335844339009,1.0718323779144956
2020-09-17,1.0839066682149465,1.0073187389394125,1.0760314747605828
2020-09-18,1.1026690886577408,1.0235272674938412,1.0773226309423904
2020-09-21,1.1018891127082382,1.0198077765407656,1.08048706634293
2020-09-22,1.0853373308438812,1.005994577228332,1.0788699615401014
2020-09-23,1.0888423348549832,1.011275588764286,1.0767018871537073
2020-09-24,1.0620149581701435,0.9879571643179303,1.0749605312122428
2020-09-25,1.057773362822432,0.9867310583264727,1.0719976369411635
2020-09-28,1.047032801333965,0.977488506373135,1.0711458953301318
2020-09-29,1.0577296432712175,0.9854464316094086,1.0733507264760782
2020-09-30,1.0508608926758538,0.9797081989844615,1.0726264144417157
2020-10-09,1.0810890043393202,1.0058869914159894,1.0747618903167928
2020-10-12,1.1119868990029604,1.034872396153443,1.0745159530161856
2020-10-13,1.1106416740367493,1.0364893104002542,1.0715418508347763
2020-10-14,1.1027885593735054,1.029681622682928,1.0709995546973936
2020-10-15,1.0923556603243856,1.0220353612601254,1.0688041742289214
2020-10-16,1.0852265298052237,1.0170739056456761,1.0670085268939054
2020-10-19,1.0736623599688113,1.005942385079922,1.0673199339179937
2020-10-20,1.085806647776072,1.016192744338359,1.0685046255501838
2020-10-21,1.0686999636046772,1.004627679007712,1.063777144444448
2020-10-22,1.0616861166026401,0.9994273009906279,1.062294491605644
2020-10-23,1.043127452576395,0.9829925816418074,1.061175304938873
2020-10-26,1.0476418009599933,0.9831697818033127,1.06557567202526
2020-10-27,1.0527054155054254,0.9842708797816749,1.0695281523912707
2020-10-28,1.0600915648608042,0.9881723359426156,1.0727800468625597
2020-10-29,1.0591350869009544,0.9896262707131515,1.0702374403801074
2020-10-30,1.035496286319056,0.9668900753688847,1.070955543652671
2020-11-02,1.041900102705792,0.9718958310237104,1.0720285749228342
2020-11-03,1.058431675085082,0.9875031447444603,1.0718261311046013
2020-11-04,1.0547817720410515,0.9862991515462661,1.0694339241673503
2020-11-05,1.079591902016849,1.0049393428211832,1.074285636967991
2020-11-06,1.0663990943296149,0.9969133667665836,1.0697008685803895
2020-11-09,1.0864078946047022,1.015961714043758,1.069339404809412
2020-11-10,1.077730699206465,1.0082791191424618,1.0688813035452638
2020-11-11,1.064228200268451,0.9958628974057946,1.0686493121098768
2020-11-12,1.0671553003893692,0.9991662657947302,1.0680457666778422
2020-11-13,1.0678678602523546,0.9978183533057001,1.0702026643572806
2020-11-16,1.0786654899966528,1.010538346747805,1.067416682868196
2020-11-17,1.0719454067562044,1.0025598722491047,1.0692083699215318
2020-11-18,1.0705345669144422,1.0032037491384735,1.0671157956036255
2020-11-19,1.0760970234421352,1.0063030395262806,1.0693568251057954
2020-11-20,1.0897841626851283,1.0161737586067696,1.0724387964704802
2020-11-23,1.0953594545429723,1.0240746521944244,1.0696089901217614
2020-11-24,1.0951478055684707,1.024432254032958,1.0690290170551753
2020-11-25,1.073960080984986,1.0046845617486329,1.0689525069597772
2020-11-26,1.072364572876396,1.0021421861541282,1.0700722788567127
2020-11-27,1.0737820466138657,1.004880747641728,1.0685666424934863
2020-11-30,1.066484493874158,1.0000285158243074,1.0664540830568936
2020-12-01,1.0826784229534843,1.0167480211469757,1.0648443866476707
2020-12-02,1.0860138786760614,1.0180706193272195,1.0667372754492623
2020-12-03,1.0861663139800934,1.019004047236796,1.0659097153985004
2020-12-04,1.0892521465951681,1.0227773683229675,1.0649943773992558
2020-12-07,1.0765768635176525,1.0164411223798646,1.0591630344480631
2020-12-08,1.0742853009961413,1.0162781429035894,1.0570780337032741
2020-12-09,1.0530691210369374,0.9978578882997171,1.0553297552533223
2020-12-10,1.0511118643671218,0.9998956157031785,1.0512215953941606
2020-12-11,1.0331657785502872,0.9823866762156191,1.0516895267047808
2020-12-14,1.0418009646943323,0.9902322505931905,1.0520773930259795
2020-12-15,1.0431434776811102,0.9912700627995863,1.0523302547189015
2020-12-16,1.0366810312870778,0.9865016660165584,1.050865971137323
2020-12-17,1.0498223709988292,0.998123688541975,1.0517958676367796
2020-12-18,1.044701741851507,0.995437319202785,1.0494902307743257
2020-12-21,1.0617134843751181,1.0123150389553688,1.0487975022782678
2020-12-22,1.0319707682898305,0.9888146493011482,1.0436442957425673
2020-12-23,1.0377903963013473,0.9979179725561602,1.039955612426795
2020-12-24,1.0231664013204114,0.9817206120791374,1.0422174992878044
2020-12-25,1.0351392731819753,0.9933141187802444,1.0421066746268448
2020-12-28,1.0256022792983448,0.9879318500091447,1.0381305950292536
2020-12-29,1.0158917536855634,0.9808710192039539,1.035703710065806
2020-12-30,1.0313883022363435,0.9918507283708384,1.0398624235830802
2020-12-31,1.0470962791223262,1.007333034078493,1.0394737824519065
2021-01-04,1.059794680696935,1.0256346092464663,1.0333062780277724
2021-01-05,1.0664275369361689,1.034643003843529,1.0307202899691639
2021-01-06,1.0595169424190662,1.0328093544411963,1.0258591654529698
2021-01-07,1.0517386097581114,1.0343882972248275,1.0167735004154952
2021-01-08,1.061857999657286,1.0374702398657307,1.0235069487821755
2021-01-11,1.0454085243417093,1.0213012463053186,1.0236044733359542
2021-01-12,1.0577097066689143,1.0351967171213081,1.021747547277981
2021-01-13,1.0452462802879945,1.0278685225430226,1.0169065958961152
2021-01-14,1.0361247019348694,1.0188474707915667,1.016957622842092
2021-01-15,1.0368241149004565,1.0153051799999964,1.0211945485203378
2021-01-18,1.0518294190089883,1.0306450554938023,1.0205544706223193
2021-01-19,1.0428620473539558,1.0246189098333336,1.0178048026886306
2021-01-20,1.0557157141617217,1.0339611554909804,1.0210400154350199
2021-01-21,1.0713725067013975,1.047737946871071,1.0225577014757439
2021-01-22,1.06666928544873,1.0501601539526892,1.0157205845545578
2021-01-25,1.0671094271836632,1.0513467249501303,1.0149928675854112
2021-01-26,1.0477388827971954,1.033571985220313,1.0137067352632074
2021-01-27,1.048185612430193,1.0374006255165678,1.010396163881485
2021-01-28,1.0296970980121485,1.01481155097866,1.014668286953507
2021-01-29,1.0143456036255325,1.0040153705504773,1.0102889192516957
2021-02-01,1.0244029031863582,1.0114733381882182,1.0127829024354709
2021-02-02,1.0403590487027623,1.021204754116532,1.0187565662116418
2021-02-03,1.0266437541371418,1.0124305168757441,1.0140387286085155
2021-02-04,1.0099825237999625,1.0012704804856807,1.0087009888777065
2021-02-05,0.9937090322766917,0.9872025001006962,1.0065908789486775
2021-02-08,1.00366380115008,1.0003797146317945,1.0032828399759128
2021-02-09,1.0275796349192667,1.0216936180915086,1.0057610390468652
2021-02-10,1.0335925583845966,1.032339476197809,1.0012138276368183
2021-02-18,1.0537862294205202,1.046478634462793,1.006983033114172
2021-02-19,1.0740401845605279,1.060549741909451,1.0127202356645604
2021-02-22,1.072481776422071,1.053205688661249,1.0183023012203098
2021-02-23,1.0660106012950241,1.0491191402307698,1.0161006128060335
2021-02-24,1.0572670361472916,1.0340829619885523,1.0224199363213142
2021-02-25,1.0523717894037883,1.0282229228660327,1.0234860223408013
2021-02-26,1.0334168964966228,1.0068963622519256,1.0263388917061773
2021-03-01,1.053299209924007,1.0265285021620254,1.0260788742890221
2021-03-02,1.0376263136409305,1.0178095841313208,1.0194699773106606
2021-03-03,1.0564230203178249,1.032273063364169,1.0233949308673729
2021-03-04,1.0327246962295913,1.0128513300323942,1.019621207582915
2021-03-05,1.0305638074472827,1.013090252435029,1.0172477772540551
2021-03-08,1.0074465928495506,0.9898193295445727,1.0178085664513021
2021-03-09,0.9835221842288158,0.9663394891527788,1.017781220025585
2021-03-10,0.9739350450572373,0.9591030217169195,1.0154644735804987
2021-03-11,1.004082857573977,0.983082745253397,1.021361490090203
2021-03-12,1.003394196806441,0.9844354227887869,1.0192585248140973
2021-03-15,0.9953270183750975,0.9767607199955243,1.01900803134227
2021-03-16,1.0019201355500051,0.9801416692955054,1.0222197126565933
2021-03-17,1.0094563760632012,0.9849069390168597,1.0249256412700747
2021-03-18,1.0139313514115795,0.9925800038254362,1.0215109588182862
2021-03-19,1.0020997239002711,0.9819389107654954,1.0205316368602388
2021-03-22,1.017263838875878,0.9976158388354082,1.0196949559896786
2021-03-23,0.9980067510111337,0.9839275730822208,1.014309160871271
2021-03-24,0.9797766375342372,0.9718040294274347,1.008203925755998
2021-03-25,0.9821557076010634,0.9741566221598902,1.008211292988429
2021-03-26,0.9971908289038576,0.9890883416514389,1.008191874184757
2021-03-29,1.0036295016182515,0.9895867357191348,1.014190535697623
2021-03-30,1.0063366569661054,0.993608434846811,1.0128100986997526
2021-03-31,1.0036991408049607,0.9894490705516459,1.0144020250030352
2021-04-01,1.0156413196232799,0.9985603603685409,1.0171055851330157
2021-04-02,1.013861006501642,1.0009255358015403,1.0129235095293507
2021-04-06,1.019706309418139,1.0035343986835341,1.016114954062182
2021-04-07,1.0213741370588303,1.0043222693175882,1.0169784821687051
2021-04-08,1.018942274796204,1.0056940070384175,1.013173259127595
2021-04-09,1.0146052436986095,1.0022908704913236,1.012286227052282
2021-04-12,1.0016349497258479,0.9850746090856454,1.0168112551957602
2021-04-13,0.9980069832937271,0.9824419954257019,1.0158431621820896
2021-04-14,1.007617526832452,0.9931100407791152,1.0146081355113028
2021-04-15,1.001419541612847,0.9929913613432164,1.0084876672625127
2021-04-16,1.0093880196232137,1.0029791218749182,1.006389861571909
2021-04-19,1.0240609133801792,1.0165328495222905,1.0074056277290266
2021-04-20,1.0254561298202716,1.0170517928524132,1.0082634306599938
2021-04-21,1.0213947658458187,1.0157417773727133,1.0055653795078974
2021-04-22,1.0282832184549369,1.0197302700835698,1.0083874614908372
2021-04-23,1.0338711705703894,1.0224657045094958,1.0111548641784176
2021-04-26,1.0265869361309716,1.0192841426181327,1.0071646297705377
2021-04-27,1.0221985271479674,1.0198584051583388,1.0022945557714606
2021-04-28,1.034912592205869,1.026734143693991,1.0079654977504242
2021-04-29,1.031078120788839,1.0270806519089681,1.0038920691110684
2021-04-30,1.0277857979563585,1.0260965953818189,1.001646241281905
2021-05-06,1.0350750271035352,1.026672495906711,1.008184237164553
2021-05-07,1.0285364876861232,1.0195672906072946,1.0087970624023122
2021-05-10,1.0312822992926551,1.0245588255768903,1.0065623110629878
2021-05-11,1.0318770259558503,1.0214025035404644,1.010255038908832
2021-05-12,1.0441062684606326,1.030263777331168,1.013435870923583
2021-05-13,1.0389161383724974,1.0187113691549143,1.0198336543886264
2021-05-14,1.0535789548478214,1.0324391699021183,1.0204755743117604
2021-05-17,1.0608023458160023,1.0407198525754193,1.0192967331130331
2021-05-18,1.0654732692173512,1.044114948106781,1.0204559097150152
2021-05-19,1.0595744519856372,1.041708599695079,1.0171505277923094
2021-05-20,1.0415937505387476,1.0360637321972443,1.0053375271903162
2021-05-21,1.0471171339815128,1.0327650544008193,1.0138967517534956
2021-05-24,1.0511577944118418,1.0353375838043197,1.0152802437147033
2021-05-25,1.06352437741879,1.047290255874797,1.0155010718880724
2021-05-26,1.0691197506514727,1.04864136987935,1.01952848834724
2021-05-27,1.0782576848199017,1.057690863001266,1.0194450217337379
2021-05-28,1.0721254565931593,1.0549633951372226,1.0162679212710546
2021-05-31,1.0822679638882529,1.0645856617223572,1.0166095625760054
2021-06-01,1.0863589991161375,1.0662895380652349,1.0188217743253098
2021-06-02,1.0766800452961718,1.0570612067971272,1.0185597942417064
2021-06-03,1.0750736292997367,1.0548937807880598,1.0191297445100127
2021-06-04,1.075364930990654,1.058901184776657,1.01554795334134
2021-06-07,1.0828771709691565,1.063400654255753,1.0183153138334624
2021-06-08,1.083679020612756,1.0575563993493002,1.0247009249620433
2021-06-09,1.0850859477696053,1.0588758704678705,1.024752738288534
2021-06-10,1.0946250795451036,1.070383978603748,1.0226471074174492
2021-06-11,1.0874226644440492,1.0640999248090548,1.0219178096823751
2021-06-15,1.081970258790559,1.054249829444842,1.0262939851366297
2021-06-16,1.0648669456680577,1.0388450301943837,1.0250488905634028
2021-06-17,1.0744165089940674,1.0467364681431681,1.0264441353610252
2021-06-18,1.088910450133415,1.0533164015352654,1.0337923614844213
2021-06-21,1.1044753834656351,1.0611350980732135,1.0408433247294506
2021-06-22,1.1104352340711385,1.0662943031115948,1.041396573939047
2021-06-23,1.1198319245666326,1.0742300411007557,1.0424507616815006
2021-06-24,1.1139003811050683,1.0686801022608703,1.042314139421639
2021-06-25,1.1237057388084524,1.077941639945798,1.042455080281485
2021-06-28,1.1256202651054805,1.0803321296875839,1.0419205669935905
2021-06-29,1.1169406605100527,1.0703492086560913,1.0435292066151576
2021-06-30,1.1212972927049423,1.0771141598638778,1.0410199164465985
2021-07-01,1.1072151273087578,1.0626364599457994,1.0419510049233887
2021-07-02,1.098421452402437,1.0533622651064787,1.0427765345205369
2021-07-05,1.1071313650525278,1.0617410034994028,1.042750879360901
2021-07-06,1.1017657528794764,1.0615021555506174,1.0379307730260554
2021-07-07,1.1119161129629398,1.0701450562011134,1.0390330792258282
2021-07-08,1.1094291371352998,1.0676960457337212,1.0390870525074387
2021-07-09,1.1172567302017042,1.0765383337928354,1.0378234523850263
2021-07-12,1.1349289727894696,1.0923338668447977,1.0389945851149958
2021-07-13,1.1372845630639874,1.1014260964762534,1.0325563982027068
2021-07-14,1.1302204305275168,1.0914431754447609,1.0355284232428814
2021-07-15,1.1359911063697583,1.096768487021091,1.0357619860643508
2021-07-16,1.1338951814082008,1.0956151224404698,1.0349393305949106
2021-07-19,1.130178994426679,1.0899543962727187,1.036904845093992
2021-07-20,1.1340723504679773,1.0918196885610347,1.0386993038773915
2021-07-21,1.148310033913936,1.1050158888237227,1.039179658435771
2021-07-22,1.1502842277207659,1.1116622350494598,1.0347425606929859
2021-07-23,1.143332433950274,1.1052073096704582,1.034495903118107
2021-07-26,1.1208304522954904,1.0866114928897668,1.031491438871791
2021-07-27,1.1004126891681822,1.0630462539327432,1.0351503380941345
2021-07-28,1.0867241483707148,1.047655675367515,1.037291329510046
2021-07-29,1.107854167294184,1.0693160870422063,1.0360399331114305
2021-07-30,1.105102970509959,1.0706497788460065,1.0321797027792672
2021-08-02,1.1206127369334395,1.0872110697387596,1.0307223391339326
2021-08-03,1.1054780672124356,1.0783529230097295,1.0251542362652466
2021-08-04,1.125482995010764,1.0965991789676195,1.026339447080689
2021-08-05,1.1173686292305398,1.0935125457342056,1.0218160126185993
2021-08-06,1.120188455361763,1.0977905150114202,1.0204027453726996
2021-08-09,1.131678365983204,1.1042232531433092,1.0248637336351507
2021-08-10,1.136018444508783,1.1105041798763287,1.0229753882018668
2021-08-11,1.1435227720907846,1.1190933248475778,1.0218296782768623
2021-08-12,1.1469215535061683,1.1225232647804457,1.021735218762254
2021-08-13,1.14224192404057,1.1215249875680664,1.0184721131514212
2021-08-16,1.145941017567415,1.1157662056806927,1.0270440274432882
2021-08-17,1.1142846090752758,1.0907549240611667,1.021571926465848
2021-08-18,1.1189627460254343,1.0981290566645148,1.0189719862474091
2021-08-19,1.1225661128212425,1.0990862353520408,1.021363089368216
2021-08-20,1.1190364774373254,1.0948082660748262,1.0221300953904593
2021-08-23,1.1356801279611903,1.1113474441743156,1.0218947583983988
2021-08-24,1.14412721722651,1.1218239942271442,1.0198812140889633
2021-08-25,1.1602168993885076,1.1316677610141606,1.0252274911045998
2021-08-26,1.1516184095222484,1.1262633049959478,1.022512590451832
2021-08-27,1.156184818568853,1.1359568239149316,1.0178070101152332
2021-08-30,1.1608023269234569,1.1433561963732166,1.0152587011865422
2021-08-31,1.1597393820690916,1.1478588673678358,1.0103501528271495
2021-09-01,1.1567304151515385,1.1380118990652965,1.0164484361733093
2021-09-02,1.1708260789047082,1.1560335277596314,1.0127959533956983
2021-09-03,1.1646596612922797,1.1515514060274388,1.011383126446835
2021-09-06,1.1756785320353131,1.1636892448213043,1.0103028254900215
2021-09-07,1.2010396077013878,1.1863969243412615,1.0123421454149981
2021-09-08,1.206264867027533,1.1935336980728117,1.0106667863465257
2021-09-09,1.2134586458950654,1.2051478284901946,1.006896097896374
2021-09-10,1.2205665352626132,1.2036005285925464,1.0140960445488556
2021-09-13,1.2273529063059507,1.2100997540119243,1.0142576281309255
2021-09-14,1.2276911856347774,1.195523998374223,1.0269063501061444
2021-09-15,1.2365826139543643,1.2011705038567437,1.029481335067685
2021-09-16,1.215504798802767,1.1781716353318927,1.03168737249421
2021-09-17,1.2116197415743568,1.1700429129651597,1.0355344476245165
2021-09-22,1.2260804052518859,1.179228507723728,1.0397309742948773
2021-09-23,1.2358124684484713,1.1870155613756928,1.0411089025793607
2021-09-24,1.2055960949597604,1.167641255145968,1.032505565940326
2021-09-27,1.1539066990884534,1.134450622542136,1.017150218933918
2021-09-28,1.1589911709788518,1.1389295427588055,1.0176144594260426
2021-09-29,1.1085775142146412,1.109078686476252,0.9995481183907671
2021-09-30,1.1324890021609701,1.1238538295225715,1.0076835371394044
2021-10-08,1.118493802321835,1.121912594307896,0.9969527109300612
2021-10-11,1.1135946754846449,1.1217749291404073,0.9927077585322478
2021-10-12,1.0834476291574127,1.0998978567640438,0.9850438588406485
2021-10-13,1.0770265743551393,1.1045492120958589,0.9750824703514152
2021-10-14,1.0821337272395193,1.1087796798171743,0.9759682170744249
2021-10-15,1.0845715057711098,1.1112841584023487,0.9759623563160995
2021-10-18,1.1017854123495967,1.1182358398643604,0.9852889462774158
2021-10-19,1.11509379985765,1.126506992444942,0.9898685115460126
2021-10-20,1.1139688387566153,1.1262569764187509,0.9890894015136678
2021-10-21,1.1106699347724793,1.123005800178225,0.9890153146103181
2021-10-22,1.1039480771860737,1.1115862921231003,0.9931285452230273
2021-10-25,1.1114699954745355,1.1239139137790148,0.9889280503142467
2021-10-26,1.106437352464801,1.1236670992683466,0.9846665023699952
2021-10-27,1.0915144775348669,1.115150770161783,0.9788043973430721
2021-10-28,1.0746360975389453,1.099595648589443,0.9773011551268727
2021-10-29,1.0806042387601382,1.1110214852217641,0.9726222698064615
2021-11-01,1.0905565423690342,1.1170745831757054,0.9762611725250397
2021-11-02,1.077729838613967,1.105104488904475,0.9752289031803271
2021-11-03,1.0873188265506206,1.1102858067361199,0.9793143530736336
2021-11-04,1.0953150132129357,1.1191455169959867,0.9787065190172793
2021-11-05,1.0675825820326716,1.1061819105587367,0.9651058038848526
2021-11-08,1.0742979103514516,1.1117287223369485,0.9663309841389955
2021-11-09,1.0859092272291482,1.1203953737653938,0.9692196635725605
2021-11-10,1.0836012881159145,1.11732296121721,0.9698192248152144
2021-11-11,1.0907984772904837,1.1264247209413851,0.968372281796934
2021-11-12,1.0983395619082519,1.1322388964926917,0.9700599098922948
2021-11-15,1.094737275338649,1.1229994716010276,0.9748332951376317
2021-11-16,1.088862982903134,1.1147298825512828,0.9767953653588731
2021-11-17,1.1004499451327212,1.123999386798093,0.9790485280134746
2021-11-18,1.097523016110851,1.1208589234315833,0.9791803349798135
2021-11-19,1.1139072130815582,1.1343383461372825,0.9819885018210858
2021-11-22,1.1286247891078571,1.1478161308582953,0.9832801254186178
2021-11-23,1.1321726704961388,1.1488144080706746,0.9855139895028963
2021-11-24,1.1327472552791946,1.1479806738654073,0.9867302482236747
2021-11-25,1.1264609770443506,1.1444098672495275,0.9843160298431232
2021-11-26,1.1242402378248668,1.1422455683021338,0.9842369005606819
2021-11-29,1.1222877955316721,1.1425683257391612,0.9822500503903178
2021-11-30,1.1243309696412118,1.147450636911728,0.9798512750555083
2021-12-01,1.1291882000477642,1.1506275082105808,0.9813672904481848
2021-12-02,1.1195184683906518,1.1438482618637147,0.9787298767815397
2021-12-03,1.1306827174854512,1.1552282349248228,0.9787526683495846
2021-12-06,1.1200637062271352,1.1455047111045422,0.9777905715875443
2021-12-07,1.119467935968718,1.1401841645745718,0.98183080483881
2021-12-08,1.130927026753753,1.1553974685244452,0.978820758710902
2021-12-09,1.1351998987437717,1.158139231527568,0.9801929404001454
2021-12-10,1.132513934633202,1.1559765705648604,0.9797031907660607
2021-12-13,1.138858463596824,1.1633142952358655,0.978977451116009
2021-12-14,1.1264173895039258,1.1587420098920835,0.9721036951174591
2021-12-15,1.1291045970721962,1.1571804893092053,0.9757376723022964
2021-12-16,1.1426218569291733,1.1677393853194393,0.9784904673884961
2021-12-17,1.1320761228020273,1.1572279908651046,0.9782654167876853
2021-12-20,1.1173515959487725,1.138465993092615,0.981453642645499
2021-12-21,1.1363904030466863,1.1510435563208714,0.987269679593167
2021-12-22,1.1465970869183388,1.1553136334900527,0.9924552551627195
2021-12-23,1.154426010875187,1.1608082531198547,0.9945018979426494
2021-12-24,1.1418866588270604,1.151564063181831,0.9915962952785872
2021-12-27,1.135551491368147,1.150613287525351,0.9869097668864943
2021-12-28,1.1361640346203283,1.1527143007007785,0.9856423520811803
2021-12-29,1.126059299409883,1.1466612027468375,0.982033138221122
2021-12-30,1.1396799656944907,1.1566584189174094,0.9853211173279576
2021-12-31,1.1401977146071989,1.1643220280871156,0.9792803769936819
2022-01-04,1.1420149634325463,1.163540486030258,0.9814999797117915
2022-01-05,1.1183258477682538,1.142690132236734,0.9786781352344499
2022-01-06,1.122457140652221,1.1438434968173552,0.9813030749183435
2022-01-07,1.1137968079923917,1.1352559153769428,0.9810975595071654
2022-01-10,1.1181052148812052,1.1377508638693976,0.9827329078693211
2022-01-11,1.1093705561020855,1.128854820131037,0.9827397964011971
2022-01-12,1.118859151578607,1.1386178789453343,0.9826467441517526
2022-01-13,1.100532987330905,1.1229282937210283,0.9800563343934346
2022-01-14,1.1006700698534981,1.1202988815766077,0.9824789508889933
2022-01-17,1.1115420853997957,1.1324366459166237,0.9815490247580999
2022-01-18,1.1122752754604475,1.1332751451682508,0.9814697518097553
2022-01-19,1.1108103914805625,1.1262506478415535,0.9862905682757368
2022-01-20,1.100518831173092,1.1164464905024032,0.9857336115391041
2022-01-21,1.0812984936483616,1.1037629049926412,0.9796474304013421
2022-01-24,1.0802167415055393,1.1041789531029318,0.9782986158810085
2022-01-25,1.0358891559076873,1.0669540386708796,0.9708845164484402
2022-01-26,1.040412227198318,1.073064019365741,0.9695714406800048
2022-01-27,1.0110835530438236,1.0451148633038463,0.9674377320092434
2022-01-28,1.007230545545242,1.0410979292225297,0.967469550436452
2022-02-07,1.0217574078561316,1.0562986504718594,0.9672997380046846
2022-02-08,1.0299181133439275,1.0666740177433915,0.965541577100356
2022-02-09,1.057123617991664,1.0826277652252694,0.9764423673096002
2022-02-10,1.0546080396622284,1.0822259378002088,0.9744804692131867
2022-02-11,1.034640127702285,1.0671217087396652,0.9695615028994744
2022-02-14,1.0270316220559506,1.0593188708716332,0.9695207461100773
2022-02-15,1.03953497732652,1.0695359492594008,0.9719495432073555
2022-02-16,1.0401843244273978,1.07139491297052,0.9708692022285335
2022-02-17,1.0383060359557152,1.0708823726714434,0.969579911345013
2022-02-18,1.0507078776288905,1.081360486255109,0.9716536631254463
2022-02-21,1.056483431246308,1.0864374197899342,0.9724291634308602
2022-02-22,1.0408060046267242,1.0734089640498814,0.9696267121711477
2022-02-23,1.0581663636345415,1.0896506245672803,0.9711060956393782
2022-02-24,1.0397653171621557,1.0702637356370117,0.9715038289541749
2022-02-25,1.0491121294319528,1.0788940535869636,0.9723958770038672
2022-02-28,1.0525819290492968,1.0842541351109505,0.970788946026558
2022-03-01,1.0571549268735456,1.0875338271757857,0.9720662479243234
2022-03-02,1.0584543532373034,1.0877236844916842,0.9730912071956409
2022-03-03,1.0582867625307861,1.0852413931536227,0.9751625483575515
2022-03-04,1.048196477525803,1.076425982934132,0.9737747826084793
2022-03-07,1.0229230258123305,1.0535743096694894,0.9709073355568301
2022-03-08,0.9900897856225839,1.0172654009462605,0.9732856191723439
2022-03-09,0.9739411115624061,0.9976031816810144,0.9762810799392837
2022-03-10,0.9872224394504179,1.0149001510594118,0.9727286358366365
2022-03-11,0.9976485305255852,1.024264509510322,0.974014545327299
2022-03-14,0.9716181996207719,1.000446201919283,0.9711848550744591
2022-03-15,0.9140307018241619,0.9437125176055403,0.9685478202019727
2022-03-16,0.9418924066681237,0.9739762949367107,0.9670588612521911
2022-03-17,0.9617773980139757,0.9915769615666964,0.9699473014120484
2022-03-18,0.974768726439564,1.001813100139903,0.9730045717144622
2022-03-21,0.9795479278505939,1.006040440799545,0.9736665526806295
2022-03-22,0.9782162395137443,1.0059091042092527,0.9724698140422162
2022-03-23,0.9868351099106524,1.0122358945134853,0.9749062597557446
2022-03-24,0.9760753968213296,1.0036958146289723,0.9724812862571786
2022-03-25,0.9675452250637105,0.9916908759562358,0.9756520388783018
2022-03-28,0.9695631358475337,0.9940703465283147,0.9753466032194101
2022-03-29,0.965291138825885,0.9892908561217304,0.9757404840575093
2022-03-30,0.9898116075336207,1.0090353468905326,0.9809483984717163
2022-03-31,0.9789616324434626,1.000664500605642,0.9783115438300809
2022-04-01,0.982767536052643,1.0069232400915487,0.9760103818472703
2022-04-06,0.9813213810128195,1.0057224484088774,0.9757377719522299
2022-04-07,0.9578511072040263,0.9843104892295406,0.9731188661351917
2022-04-08,0.9522371440017391,0.9847107531237643,0.9670221849218054
2022-04-11,0.9247735197070925,0.9539818625955673,0.969382706282271
2022-04-12,0.9374545397542997,0.9693312681820927,0.9671147217941547
2022-04-13,0.921943432940338,0.9562664045096969,0.9641073121386532
2022-04-14,0.9386194504400956,0.9692647808946037,0.968382911399893
2022-04-15,0.9316328445756492,0.9604462436134393,0.9699999877875654
2022-04-18,0.9246927429617873,0.9609619854280389,0.9622573597954592
2022-04-19,0.9280340336491449,0.9638714929537968,0.9628192559209034
2022-04-20,0.9044848784158372,0.9424373465273471,0.9597294523064525
2022-04-21,0.8744358677540344,0.9112512349101567,0.9595991031389361
2022-04-22,0.8713113313890132,0.9082737510199222,0.9593047585164681
2022-04-25,0.8124037944330967,0.8495371092503747,0.9562899437670896
2022-04-26,0.7925902102012885,0.8280665548915821,0.9571576167631375
2022-04-27,0.8181451746570381,0.860187732403035,0.9511239742648432
2022-04-28,0.8177130429509818,0.8572956470780302,0.9538285254778092
2022-04-29,0.8502565485740762,0.8903834589158794,0.9549330011244129
2022-05-05,0.8607512460926696,0.8996861695795098,0.9567238835014689
2022-05-06,0.84560659158178,0.8802375584081117,0.9606572492896566
2022-05-09,0.8533521856908338,0.8873173749448924,0.961721487470965
2022-05-10,0.8654926639502991,0.900222460656536,0.9614208729241123
2022-05-11,0.8745923261606376,0.9077737934213892,0.9634474276507906
2022-05-12,0.8770356192058416,0.9086090911574933,0.9652507637674749
2022-05-13,0.884095749179895,0.9171049454554794,0.9640071766713781
2022-05-16,0.8831095753077712,0.9161999589163631,0.9638830112503721
2022-05-17,0.886929739079051,0.9201963437352529,0.9638483624905894
2022-05-18,0.8866409636668517,0.9172140947986587,0.9666673993507283
2022-05-19,0.8941272978792543,0.9236880059092502,0.9679970857682652
2022-05-20,0.9106663680916985,0.9380976550090027,0.970758601974076
2022-05-23,0.9163277158954807,0.94383112258759,0.9708598222352464
2022-05-24,0.8809627069411159,0.9090173216135998,0.9691374256513792
2022-05-25,0.8978047632858166,0.9246119781799567,0.9710070650967464
2022-05-26,0.9073136888445666,0.9352609633479307,0.9701182070046825
2022-05-27,0.9057047259741055,0.9334194218375644,0.9703084216858282
2022-05-30,0.9151636329922481,0.9402081982771501,0.9733627452613219
2022-05-31,0.9307479042113116,0.953404398539838,0.9762362179540754
2022-06-01,0.9332302228428849,0.952993041022058,0.9792623688437662
2022-06-02,0.9463416603553134,0.9616612559813401,0.984069654953091
2022-06-06,0.963348380735838,0.9789075967421647,0.984105531453522
2022-06-07,0.9651038424812437,0.9787700060285252,0.9860374107674861
2022-06-08,0.9673057995644281,0.9837156029730583,0.9833185492239472
2022-06-09,0.9523806345026968,0.969929281500248,0.9819072922817551
2022-06-10,0.9695488204685712,0.9872389080330386,0.9820812496139228
2022-06-13,0.9666799930740494,0.986213752981036,0.980193178357185
2022-06-14,0.9705633308623924,0.9928505691140533,0.9775522732775906
2022-06-15,0.9757712504203782,0.9905549335763674,0.9850753525575677
2022-06-16,0.9800751517268056,0.9911498198328494,0.988826443909447
2022-06-17,0.9814829202756332,0.9992960388541847,0.9821743328443727
2022-06-20,0.9796159123652789,1.0015235491196952,0.9781256898315848
2022-06-21,0.9766382707046442,0.9930768343622945,0.9834468360464712
2022-06-22,0.9634113653326374,0.9776625050191168,0.98542325228459
2022-06-23,0.9853933524279976,0.9967899967381736,0.9885666546138409
2022-06-24,0.9956655125122059,1.0075181263480302,0.9882358306755367
2022-06-27,1.0070681921890283,1.0137610071640206,0.9933980347165696
2022-06-28,1.0213900505737157,1.0285709946118462,0.9930185236840745
2022-06-29,1.0088220978072389,1.0084705399891967,1.0003486049459074
2022-06-30,1.0184573440859894,1.0210924032578292,0.9974193724647911
2022-07-01,1.0146559568839886,1.0186338626977174,0.9960948619917329
2022-07-04,1.028581992689352,1.032016718760781,0.9966718309800705
2022-07-05,1.0231091226918696,1.0301815058276114,0.9931348183832324
2022-07-06,1.012045209731276,1.0154712865379443,0.9966261214353497
2022-07-07,1.0156670181257663,1.0209199681426837,0.9948546897104248
2022-07-08,1.0098359826921095,1.0132389367722243,0.9966415087728909
2022-07-11,0.9998450406813592,0.9997437298504585,1.0001013368004976
2022-07-12,0.9867829143961014,0.9874572067193972,0.9993171427392424
2022-07-13,0.9899857771447867,0.9917304854041015,0.9982407435437424
2022-07-14,0.9985822668507266,0.9971000970208079,1.0014864804790884
2022-07-15,0.98537040194356,0.9803884838061729,1.0050815755383475
2022-07-18,1.0045267828510807,0.9986710732425566,1.0058635017729225
2022-07-19,1.0074683293658002,1.0023652498868456,1.0050910379021327
2022-07-20,1.0165989556925903,1.0142308854074071,1.0023348433963652
2022-07-21,1.010816421241568,1.0042463263912285,1.0065423140495313
2022-07-22,1.0023118210637092,0.9950591681018236,1.0072886650305637
2022-07-25,0.9944688243757475,0.9858371654109126,1.0087556639855804
2022-07-26,1.006500804320396,0.9979749297509287,1.0085431750991933
2022-07-27,1.013615563907686,1.00181466367074,1.0117795243620278
2022-07-28,1.016603011183041,1.0043365644566673,1.0122134821736872
2022-07-29,1.0113409107279703,0.9957837529639115,1.0156230283108691
2022-08-01,1.019942747525723,1.0041862421347854,1.0156908198198784
2022-08-02,0.9896302817081691,0.9761484859921381,1.0138112140821778
2022-08-03,0.980327332828342,0.9689199106643123,1.0117733385788392
2022-08-04,0.9862079703462878,0.9743654652073782,1.0121540690447082
2022-08-05,1.0036200124774348,0.992050041325606,1.011662689047791
2022-08-08,1.0128322059944053,1.000365493946564,1.0124621572048218
2022-08-09,1.0152238119006352,1.0032781285339956,1.0119066518315263
2022-08-10,1.0094991085485385,1.0002057159858118,1.009291481156521
2022-08-11,1.0243960184581586,1.0187636357571728,1.0055286452159236
2022-08-12,1.0180180680317645,1.015835142499825,1.0021488974348411
2022-08-15,1.020987073978742,1.0193094569269188,1.0016458368363237
2022-08-16,1.0269744806183931,1.022850109733803,1.0040322338975587
2022-08-17,1.0307614116601298,1.0273290299504725,1.0033410734142525
2022-08-18,1.0288699161177592,1.0234228831970213,1.0053223677232253
2022-08-19,1.0094789345044715,1.0112265236775495,0.9982718123663108
2022-08-22,1.0168500230437465,1.024035117200407,0.9929835471108611
2022-08-23,1.0160696087926782,1.0230416050343873,0.9931850315691952
2022-08-24,0.9815075222276064,0.994276062514129,0.987157952637182
2022-08-25,0.985042988309093,1.0003069732209575,0.9847406992848255
2022-08-26,0.9820219217025649,0.9964577092084267,0.9855128949553419
2022-08-29,0.9837249195793347,0.9983609729599224,0.9853399183491769
2022-08-30,0.9837956085739873,0.994489596154128,0.9892467577122009
2022-08-31,0.9544911844849382,0.9738940234331549,0.9800770530659813
2022-09-01,0.948798972806273,0.9693090809349796,0.9788404869694165
2022-09-02,0.9571034387232071,0.9728941082360893,0.9837693851990619
2022-09-05,0.9686428572835348,0.9781498054632568,0.9902806828497814
2022-09-06,0.9887477491572636,0.9953819255388512,0.9933350443569726
2022-09-07,0.9898087391052662,0.9969624318533195,0.992824511215779
2022-09-08,0.9845243669184325,0.9923775638089936,0.9920864828297623
2022-09-09,0.9918907456384409,0.9994004231510047,0.9924858171573646
2022-09-13,0.9902185516610519,0.9967820301762913,0.9934153322225536
2022-09-14,0.9826595957978604,0.9887988650850805,0.9937911849376042
2022-09-15,0.9617352275859415,0.9663078462667957,0.9952679483059981
2022-09-16,0.9374524774391841,0.9420545048338762,0.9951149032555143
2022-09-19,0.9290519057930954,0.9355125429049587,0.9930940133717484
2022-09-20,0.9329673471955825,0.9426540816828687,0.9897239775698069
2022-09-21,0.9399828976424459,0.9458641593985413,0.99378212854599
2022-09-22,0.9387985163192648,0.9438564368963768,0.9946412183258043
2022-09-23,0.9237760068375471,0.9317867233746867,0.9914028432299111
2022-09-26,0.910487657266422,0.9186110723744254,0.991156850431809
2022-09-27,0.9312707496819185,0.9366041852444508,0.9943055608264869
2022-09-28,0.9085445705007144,0.9127890047150855,0.9953500379688557
2022-09-29,0.9098012793194565,0.913162390769686,0.9963192620675098
2022-09-30,0.898998506786392,0.9040147674742975,0.9944511297067411
2022-10-10,0.8854260042167478,0.891619095000057,0.9930541070530697
2022-10-11,0.891532458744965,0.8993396613645328,0.9913189610611387
2022-10-12,0.9121203703099949,0.920846549201819,0.9905237426372637
2022-10-13,0.9196996445436079,0.9224112713002203,0.9970602844512186
2022-10-14,0.950578045094137,0.945050974455701,1.0058484365265263
2022-10-17,0.9582462216343485,0.9517209970055384,1.0068562369111755
2022-10-18,0.9623916425918061,0.9548963047735541,1.0078493735715413
2022-10-19,0.9523714877525317,0.9449370600661618,1.0078676432543023
2022-10-20,0.9502363835525561,0.9411621754491536,1.009641492550497
2022-10-21,0.9492844110966541,0.9424310179501507,1.0072720369087702
2022-10-24,0.9350980105052143,0.9329416514861449,1.0023113546443494
2022-10-25,0.9342164671311374,0.9286510250545371,1.0059930392865
2022-10-26,0.9509937393133439,0.9447598599046566,1.006598374542835
2022-10-27,0.9526834620005225,0.9433992158073838,1.009841269780146
2022-10-28,0.9181550040539508,0.9147318034605978,1.003742299743381
2022-10-31,0.9223810414458291,0.9187360803875211,1.00396736466121
2022-11-01,0.942925631178135,0.9399423980348925,1.0031738467692057
2022-11-02,0.9565078339929958,0.9489049290607422,1.0080122936444005
2022-11-03,0.9588372048231684,0.9487340574764336,1.01064908260341
2022-11-04,0.9799354858123721,0.970367516857652,1.0098601496737072
2022-11-07,0.9808276069790501,0.9716252657350926,1.0094710806403284
2022-11-08,0.9802933526739789,0.9704940884015842,1.0100971911003953
2022-11-09,0.9796857137996505,0.968369324448207,1.011686026256451
2022-11-10,0.9707107556041071,0.9634442767661006,1.007542189012111
2022-11-11,0.9754638306771583,0.9711839033160156,1.004406917522551
2022-11-14,0.9775637535174309,0.9697426256998729,1.008065158331999
2022-11-15,0.9956280116363867,0.9866503503537537,1.0090991315002464
2022-11-16,0.9893345452311773,0.981514896093322,1.0079669184532802
2022-11-17,0.9915147094204864,0.9836175472534359,1.0080286918315984
2022-11-18,0.9881001439188596,0.9795736608786466,1.0087042796072783
2022-11-21,0.989184768283587,0.9792667621115354,1.0101279922445912
2022-11-22,0.9751128693459004,0.9690923457794582,1.006212538560089
2022-11-23,0.9735943851627517,0.9675419188201364,1.0062555081334315
2022-11-24,0.9762750398527961,0.9682490814814715,1.0082891463827102
2022-11-25,0.9717937842266475,0.9631531622150563,1.0089711816879878
2022-11-28,0.9705775819986433,0.9579987222230347,1.013130351308214
2022-11-29,0.9956722417438676,0.975170758042186,1.0210234807930887
2022-11-30,0.9955794053132095,0.9739573092051217,1.0222002503638834
2022-12-01,1.002544894072958,0.9786956266330032,1.0243684213875597
2022-12-02,0.9999986512944394,0.9758336206631447,1.0247634741410867
2022-12-05,1.0090427785457374,0.9832868232545258,1.0261937358277247
2022-12-06,1.004986005825675,0.98267458925114,1.0227047863235557
2022-12-07,1.005446066438342,0.9815291912324017,1.0243669525263028
2022-12-08,1.0058701599830353,0.9787241424573127,1.0277361274215289
2022-12-09,1.0091260079715436,0.9796765560984789,1.0300603823677745
2022-12-12,1.0041589742931716,0.9737452646421103,1.0312337433160608
2022-12-13,1.0011502342608143,0.9685006610384994,1.0337114619904395
2022-12-14,0.9967446436710283,0.9645027126887727,1.0334285539668144
2022-12-15,0.9985093445885882,0.9653712912955461,1.0343267441158004
2022-12-16,0.9961402277982447,0.9607800946740236,1.0368035654779237
2022-12-19,0.9686523105281262,0.9392035180337254,1.031355070470832
2022-12-20,0.9570785535268183,0.9299562754878773,1.0291651110421423
2022-12-21,0.9534710412486987,0.9248634832831357,1.03093165476056
2022-12-22,0.9474392072368951,0.9142983331495544,1.0362473307516353
2022-12-23,0.9462262498343552,0.9118128402959699,1.0377417470094137
2022-12-26,0.9500530489292744,0.9244553272808786,1.0276895171599985
2022-12-27,0.9528248705481581,0.931163395747745,1.0232628074721715
2022-12-28,0.9481698585852791,0.9274359382327867,1.0223561752329768
2022-12-29,0.9496233263904109,0.9266923676391089,1.0247449526423986
2022-12-30,0.9496151243016263,0.9278109622720734,1.0235006514432183
2023-01-03,0.9632405666342805,0.9422759305819092,1.0222489351281896
2023-01-04,0.9655003137028615,0.9417301094121633,1.0252409942648386
2023-01-05,0.9770784518371803,0.9509078120626979,1.02752174232086
2023-01-06,0.9773459160426401,0.9512811981172983,1.02739959328212
2023-01-09,0.9845073354224804,0.9555844817032995,1.030267186494727
2023-01-10,0.9837027014835219,0.9568944227291499,1.0280159212109443
2023-01-11,0.975936026743834,0.9514932426803098,1.0256888677366431
2023-01-12,0.9728296978177413,0.9516720063726519,1.0222321254627769
2023-01-13,0.9789516214560208,0.9583800748395183,1.0214649147624937
2023-01-16,0.9905607021562038,0.9692157902617173,1.0220228684973474
2023-01-17,0.9896694700265735,0.9702378182520465,1.0200277204299606
2023-01-18,0.9899481827391734,0.973215302142281,1.0171934006381314
2023-01-19,0.9955446302688825,0.9815797453961256,1.0142269488936135
2023-01-20,1.0043801987772334,0.9890313844566699,1.0155190366673708
2023-01-30,1.0077702192553908,0.9940783130901983,1.0137734683323185
2023-01-31,1.0097143980531769,0.9949990838453814,1.0147892741276958
2023-02-01,1.0203984984697418,1.0071431767625942,1.0131613081565582
2023-02-02,1.0228425262527225,1.0078123679607496,1.0149136473909182
2023-02-03,1.020472840782611,1.0036277638106472,1.0167841879025
2023-02-06,1.0153260931284058,0.9970842383508929,1.018295199217755
2023-02-07,1.017662883466253,0.9994431596605451,1.0182298749354552
2023-02-08,1.0078296062005843,0.9916972045334334,1.0162674671194023
2023-02-09,1.0220236436084507,1.005347498823441,1.0165874434506732
2023-02-10,1.0166206180380588,1.0021342940460949,1.0144554717646432
2023-02-13,1.0265575476980788,1.0099782304389802,1.0164155194235154
2023-02-14,1.028273301451043,1.012095102284324,1.0159848606422501
2023-02-15,1.026647658766168,1.0100605019425362,1.0164219438258715
2023-02-16,1.0099951614589824,0.9950512759937912,1.015018206423851
2023-02-17,1.0026796823192339,0.9868133298300296,1.0160783726866935
2023-02-20,1.022821415275188,1.0040042769269213,1.0187420898303965
2023-02-21,1.0288018546129467,1.0099133811361771,1.018703062885967
2023-02-22,1.0261120901697511,1.0085923464867703,1.0173704904107268
2023-02-23,1.0205364406952058,1.0062587394859046,1.0141888966018775
2023-02-24,1.0207789667451663,1.0031768712988507,1.017546352941257
2023-02-27,1.0119384201233947,0.9978563247688803,1.0141123476446132
2023-02-28,1.0213066856231499,1.0058189405976643,1.015398144139424
2023-03-01,1.0351984495560393,1.0128750808103448,1.0220396070242292
2023-03-02,1.0323330601605911,1.009725161804965,1.0223901505189914
2023-03-03,1.0315832578007698,1.0110050234756691,1.0203542354857507
2023-03-06,1.032318719911264,1.01178023695533,1.0202993517819037
2023-03-07,1.0171263433159488,0.994231762473754,1.0230274084034798
2023-03-08,1.0181908307981358,0.9969561032761238,1.0212995611865276
2023-03-09,1.01499211269873,0.9944927976696522,1.0206128340769414
2023-03-10,1.0008642767138842,0.9816699834615645,1.0195526944652384
2023-03-13,1.0088329015107305,0.9880141215127007,1.0210713385008658
2023-03-14,0.9989403799912475,0.9792176970248,1.0201412648345427
2023-03-15,1.006991619919518,0.9847930246273213,1.0225413815259274
2023-03-16,0.991832735247322,0.9715335385926671,1.0208939741638354
2023-03-17,0.9976005827224476,0.9782336404976508,1.0197978697757157
2023-03-20,0.9931496792303051,0.9746217353569178,1.0190103947010807
2023-03-21,1.0036306372460828,0.9863814230498229,1.0174873672528488
2023-03-22,1.0067367481404648,0.9919282348280348,1.0149290168305343
2023-03-23,1.0090376216006651,0.9976269324589655,1.0114378318892958
2023-03-24,1.005645886858253,0.9983135458578739,1.0073447275465728
2023-03-27,1.0034936830143508,0.9985508302758225,1.004950026166583
2023-03-28,1.0022993017394168,0.9935388204976495,1.0088174523843763
2023-03-29,0.9989948001232235,0.9904743000574991,1.008602444369561
2023-03-30,0.9996374863974259,0.9945292056019953,1.0051363808791705
2023-03-31,1.0120862753372861,1.0030155298072618,1.009043474662618
2023-04-03,1.0282234920400763,1.0147213873670713,1.013306218673521
2023-04-04,1.0274733512371352,1.0139445359027242,1.0133427567834037
2023-04-06,1.0271330945435762,1.015202284780165,1.011752150228853
2023-04-07,1.038347064800943,1.0227361953442653,1.015263828079755
2023-04-10,1.030507137288491,1.014200880506112,1.0160779359353758
2023-04-11,1.035520827974371,1.0158399075461866,1.019374037465928
2023-04-12,1.0421350194395014,1.01940907617738,1.022293251838938
2023-04-13,1.034121975889499,1.013272143189046,1.0205767353228847
2023-04-14,1.0338283776133181,1.0174520567466376,1.0160954226374506
2023-04-17,1.0329554310607085,1.0219087897161945,1.0108098114584003
2023-04-18,1.032800181714471,1.0204232120596757,1.0121292513817017
2023-04-19,1.0313519317170596,1.0152212705117547,1.0158888132802555
2023-04-20,1.0409309616647877,1.014397066399207,1.0261573067830014
2023-04-21,1.0091113903965074,0.988890592227508,1.0204479629272754
2023-04-24,1.0033079673520673,0.9822837809957875,1.0214033732033798
2023-04-25,0.9905503061149578,0.9679453097760348,1.023353588380064
2023-04-26,0.9844358768268223,0.971742381640156,1.0130626135347123
2023-04-27,0.9860955352627855,0.9742404571942843,1.0121685339393958
2023-04-28,1.0049439866581618,0.9874192352562193,1.01774803525819
2023-05-04,1.0030004676201072,0.9907654146085437,1.0123490917538716
2023-05-05,0.994998190388247,0.9809864971243304,1.0142832682253942
2023-05-08,1.0004085308683157,0.9885804919448739,1.0119646695639037
2023-05-09,0.9852714240492296,0.9780437831817526,1.007389895004459
2023-05-10,0.9846471477168546,0.9767512643566552,1.0080838220008859
2023-05-11,0.9808762982339236,0.9736915089628646,1.007378917454782
2023-05-12,0.9721391444335454,0.963752813517899,1.0087017446776987
2023-05-15,0.9776554300855914,0.9744698495041992,1.003269039655781
2023-05-16,0.9634729935634527,0.966787254602903,0.9965718817416438
2023-05-17,0.9662871404304096,0.9685623832796296,0.9976509072740201
2023-05-18,0.97676034203475,0.9695321446676995,1.0074553457632165
2023-05-19,0.9703963406465705,0.9677760761764123,1.0027075111016492
2023-05-22,0.9688110155318614,0.9674976187797611,1.0013575193639823
2023-05-23,0.956100543388138,0.9575478297112392,0.9984885493150377
2023-05-24,0.9491950674483621,0.9501690065153807,0.9989749833341856
2023-05-25,0.9473192129736985,0.9473845070027184,0.9999310796951636
2023-05-26,0.9571872367411254,0.9547870809765265,1.002513812568708
2023-05-29,0.9547865836054314,0.953233526955531,1.0016292509715439
2023-05-30,0.9636295087587854,0.9589527738488883,1.0048769189030304
2023-05-31,0.9616276705377202,0.9568153527411178,1.0050295156560938
2023-06-01,0.963378245136661,0.9573943803276838,1.006250156604146
2023-06-02,0.9800225175409762,0.96589969026454,1.0146214223058383
2023-06-05,0.9760795078192187,0.9646166270783129,1.011883353882905
2023-06-06,0.9583817086001866,0.9466298427854841,1.0124144256641248
2023-06-07,0.9583788687794828,0.9471978512023428,1.0118043105386558
2023-06-08,0.9567266356537671,0.9438976098750809,1.013591543875595
2023-06-09,0.9633184471858658,0.9507685833643731,1.0131997039459213
2023-06-12,0.968176394020287,0.9536369179114282,1.0152463435881884
2023-06-13,0.9726644627872133,0.9562204664846355,1.0171968671231553
2023-06-14,0.9740886027088298,0.9562267950618321,1.0186794678200193
2023-06-15,0.981315345052059,0.9645691999762626,1.017361268715825
2023-06-16,0.9872585228872538,0.9726694809725355,1.0149989715932397
2023-06-19,0.9821175947189927,0.9700384308434288,1.0124522529123525
2023-06-20,0.9770160543497359,0.9692046966381614,1.0080595541258408
2023-06-21,0.9587638704584562,0.9478053946132179,1.0115619471122659
2023-06-26,0.940486183176969,0.9313801309032675,1.0097769449568033
2023-06-27,0.9504026636001347,0.941026148266352,1.0099641389891842
2023-06-28,0.9458428339983477,0.9401259267735955,1.0060810015572828
2023-06-29,0.947349622655579,0.9398522344233041,1.0079771989230577
2023-06-30,0.9571819452796907,0.9490520498671022,1.0085663324932779
2023-07-03,0.964688970325223,0.9559467741343441,1.0091450658419716
2023-07-04,0.9698842280178482,0.9579955951613619,1.0124099034656666
2023-07-05,0.9646677610979127,0.9525469135566224,1.0127246725266617
2023-07-06,0.9601469102835327,0.9474414641974876,1.013410270255384
2023-07-07,0.9550845042024404,0.9431793535901892,1.0126223613429775
2023-07-10,0.9609133570490234,0.9467659444221359,1.0149428828848743
2023-07-11,0.9671070181079995,0.9538774038448996,1.0138693025013212
2023-07-12,0.9565655910411477,0.9433660093905648,1.0139920047141724
2023-07-13,0.9670546272151995,0.9562236680001585,1.0113268051999726
2023-07-14,0.967396477395643,0.9540814818460281,1.0139558264183601
2023-07-17,0.965738923856753,0.9512606488548723,1.0152200924313537
2023-07-18,0.9651618980484795,0.9495377123265555,1.0164545183609839
2023-07-19,0.9646754265461999,0.948210349099952,1.0173643722217085
2023-07-20,0.9535537169410698,0.9374632337585056,1.017163855181876
2023-07-21,0.9552691909579049,0.9374869845364553,1.0189679501846547
2023-07-24,0.9549839491015722,0.936075786275459,1.020199393151004
2023-07-25,0.9673876217202515,0.9518839764818144,1.016287326629595
2023-07-26,0.964410921655679,0.9494966138017022,1.0157075945687275
2023-07-27,0.959279356294289,0.9431113027718634,1.017143314341485
2023-07-28,0.9691651667573411,0.9560938949407032,1.0136715356993766
2023-07-31,0.9780718919352469,0.9632133209253497,1.015426043937622
2023-08-01,0.9792579162677052,0.9648966480058006,1.0148837373324757
2023-08-02,0.9739867574823308,0.9615078065977859,1.0129785226900034
2023-08-03,0.9774376412897423,0.9648665686506542,1.0130288197845516
2023-08-04,0.9793885747930379,0.969592303377992,1.0101034954391823
2023-08-07,0.969945339970973,0.9636072562423768,1.0065774553766975
2023-08-08,0.9694883079700563,0.9597105651277958,1.0101882204880785
2023-08-09,0.9663982247553264,0.9526940343629814,1.0143846711515396
2023-08-10,0.9683313570706192,0.9542697756310897,1.0147354362451961
2023-08-11,0.9486969786218675,0.9355441857909429,1.0140589755467346
2023-08-14,0.947830421501371,0.9360900069606887,1.0125419718759752
2023-08-15,0.9433182047169181,0.9302330948998426,1.0140664849367504
2023-08-16,0.9399344405914942,0.9228669288583774,1.018494011649361
2023-08-17,0.9444044308659698,0.9293756099166256,1.016170879447431
2023-08-18,0.9307594793157228,0.9140989457409365,1.0182261818071368
2023-08-21,0.9189772963888285,0.9034958241441754,1.017135078913417
2023-08-22,0.9217220727488962,0.9082864081743162,1.0147923215118744
2023-08-23,0.9046815998760862,0.890636602003745,1.015769616744633
2023-08-24,0.9066706160939754,0.8943022628237245,1.0138301710555873
2023-08-25,0.9015564867251528,0.8829966691581389,1.0210191252303467
2023-08-28,0.912904959047755,0.8929527868038575,1.0223440393923986
2023-08-29,0.9274651781030415,0.9129155762590183,1.0159375107867532
2023-08-30,0.9239655711396249,0.9136796961151229,1.0112576377347953
2023-08-31,0.9178760248132155,0.9080237349937318,1.0108502558245922
2023-09-01,0.9213927601535808,0.9098273050409185,1.0127117036921003
2023-09-04,0.9350819298456556,0.9223226712194682,1.0138338338895188
2023-09-05,0.9264670073334453,0.9158250093309269,1.0116201216325083
2023-09-06,0.9262593279371713,0.9160892460423481,1.0111016278585951
2023-09-07,0.9118945507233517,0.9022174515504588,1.0107259055522178
2023-09-08,0.9120082868281659,0.9031540809755583,1.0098036492765925
2023-09-11,0.9224075285856438,0.9136132832814833,1.0096257852913146
2023-09-12,0.9212209743025846,0.9130120684478046,1.0089910157143223
2023-09-13,0.9128033552361976,0.9042267375834602,1.0094850299114781
2023-09-14,0.9087086141491141,0.9021225973463589,1.0073005784603204
2023-09-15,0.908505187847511,0.9025275518330931,1.0066232172106846
2023-09-18,0.9112762554758896,0.904905458874335,1.0070402897220663
2023-09-19,0.9021041876334783,0.8998760268954091,1.002476075227558
2023-09-20,0.8949465065781268,0.8940396640969897,1.001014320189086
2023-09-21,0.8896429852217961,0.8878553040066057,1.0020134826104243
2023-09-22,0.9054894432015145,0.9016036540162362,1.0043098640605201
2023-09-25,0.9034528213943517,0.8965156268578545,1.0077379516080618
2023-09-26,0.8999694328111643,0.8933498491825583,1.0074098446814124
2023-09-27,0.9056930979295613,0.8977322772104419,1.0088677002277966
2023-09-28,0.9066419557500768,0.9003300464688793,1.00701066159677
2023-10-09,0.9003458208873741,0.8951581842761047,1.0057952177641816
2023-10-10,0.8929422143759466,0.8907742671712338,1.002433778438164
2023-10-11,0.8935961439327103,0.8906824655749581,1.0032712874344858
2023-10-12,0.899954300666723,0.8973034974919087,1.0029541879444621
2023-10-13,0.8927379849304806,0.8912504739918169,1.0016690155933397
2023-10-16,0.882941097807031,0.8829112705929093,1.00003378279915
2023-10-17,0.8829553365075496,0.8852322204393817,0.9974279246967515
2023-10-18,0.8680116711312559,0.8740404667094859,0.9931023839194463
2023-10-19,0.8591303524476624,0.864457809572217,0.9938372271433457
2023-10-20,0.8516526031430063,0.858072498542378,0.9925182366172121
2023-10-23,0.8277029006186085,0.8369768937690226,0.988919654509634
2023-10-24,0.8390295641271042,0.8467352619908093,0.9908995193543874
2023-10-25,0.840579385961961,0.8505306958702441,0.988299881525027
2023-10-26,0.8429757836595426,0.854158385227044,0.9869080468436437
2023-10-27,0.8590183667949435,0.8688876647021503,0.9886414569936495
2023-10-30,0.8669469912052309,0.8774878288431065,0.9879874827987383
2023-10-31,0.864482208651191,0.8746163672343777,0.9884130243123257
2023-11-01,0.8614030272406129,0.8717259198940591,0.9881580982991756
2023-11-02,0.8509318788071114,0.8637332247101287,0.9851790511968398
2023-11-03,0.8604971924979301,0.8717875676813391,0.9870491670196243
2023-11-06,0.8788139019174969,0.8867699902443101,0.9910280135611926
2023-11-07,0.8777639374332633,0.88772553094715,0.9887785208754126
2023-11-08,0.8779131230112592,0.8872383049568598,0.9894896535761561
2023-11-09,0.8757500796494506,0.8847132771092588,0.9898688109563645
2023-11-10,0.8721711868992547,0.8817136059719115,0.9891774165579102
2023-11-13,0.8745150542184812,0.8868506982170292,0.9860905065268052
2023-11-14,0.8797990758348035,0.8908027085416934,0.9876475087004354
2023-11-15,0.8856898993273956,0.8961928694208265,0.9882804578659294
2023-11-16,0.8748851413574501,0.8874502750660216,0.9858413095791347
2023-11-17,0.8776381953842685,0.8909403737091821,0.9850695077724071
2023-11-20,0.8831605775800787,0.8954255480491989,0.9863026351036767
2023-11-21,0.8817018427898213,0.8924686878752406,0.9879358847747896
2023-11-22,0.8683618538887213,0.8816819630859283,0.9848923877827942
2023-11-23,0.8767374763331363,0.8896066819053822,0.9855338254152022
2023-11-24,0.8660717268020469,0.881289591299738,0.9827322770540753
2023-11-27,0.8663966530356596,0.8806710287191557,0.9837914780684262
2023-11-28,0.8703756510429919,0.8846246770285061,0.9838925746075982
2023-11-29,0.862574370580294,0.8785857997597949,0.9817759071636732
2023-11-30,0.859602998208398,0.8772758587339444,0.9798548422943596
2023-12-01,0.8623845730401927,0.8807279859139252,0.9791724423804954
2023-12-04,0.8615650398970934,0.8794939878144341,0.9796144735885067
2023-12-05,0.8436191225398897,0.863885036108998,0.976540960055996
2023-12-06,0.8474044264310178,0.8672723139861758,0.9770915233488305
2023-12-07,0.845687164116614,0.8671647281738333,0.9752324289037344
2023-12-08,0.8457944120684847,0.8698305482505966,0.9723668750994624
2023-12-11,0.8547822287768955,0.8804084299924205,0.9708928261673441
2023-12-12,0.8560685418694839,0.8806188365707457,0.9721215426223857
2023-12-13,0.8466548653766152,0.8713366751695422,0.9716736245629458
2023-12-14,0.845017497670474,0.8684604485144536,0.9730063114744258
2023-12-15,0.8382074620245062,0.86220491054407,0.972167348821499
2023-12-18,0.8277177277393336,0.8519972877951729,0.9715027730678923
2023-12-19,0.8271360696042468,0.8511429298736296,0.9717945606703834
2023-12-20,0.8161795376841149,0.8399765649063696,0.9716694152950477
2023-12-21,0.8217529338037078,0.8446389394078918,0.9729043919994649
2023-12-22,0.8134749352411903,0.8403562795381667,0.9680119671245278
2023-12-25,0.8119560260807661,0.8409384341864062,0.9655356362280193
2023-12-26,0.802062704500836,0.8319062888113937,0.9641262667298772
2023-12-27,0.8071745668110257,0.8362175389592776,0.9652686402818128
2023-12-28,0.8193037821832843,0.8516064795398197,0.9620685162306529
2023-12-29,0.8251545697129973,0.8589520963188584,0.9606526059477537
2024-01-02,0.8253705703222174,0.8558243645605913,0.9644158363567857
2024-01-03,0.8245505337308482,0.8545491934823976,0.9648953389923628
2024-01-04,0.8167872313504101,0.8472588959134424,0.9640350019220745
2024-01-05,0.8039422814503949,0.8356384369188627,0.9620695338221434
2024-01-08,0.7851370533638271,0.8175757841535239,0.9603232734892189
2024-01-09,0.7874950642481645,0.8196245307266924,0.9607997744405705
2024-01-10,0.7852974322762397,0.8160537985646621,0.9623108594770111
2024-01-11,0.7964775286215379,0.8264607342683281,0.9637209556321698
2024-01-12,0.7955809065563348,0.8236636520551219,0.9659050810015497
2024-01-15,0.7956683098733791,0.8216259246516604,0.9684070158943848
2024-01-16,0.7949113604278774,0.8211671400318303,0.9680262661229537
2024-01-17,0.7735247965130282,0.800780335904496,0.9659637753708298
2024-01-18,0.7708748709766156,0.8016378208877131,0.9616248770834797
2024-01-19,0.7636436877724191,0.7939599165789274,0.9618164240115079
2024-01-22,0.727597460574068,0.756391695447421,0.961932111303363
2024-01-23,0.7378329206686495,0.7698029928809446,0.9584698000554026
2024-01-24,0.7512269427088747,0.7805548732687508,0.9624268176854002
2024-01-25,0.7712513456927779,0.8026218774148622,0.9609149306730529
2024-01-26,0.7617159051740715,0.7953300163150702,0.9577356437561104
2024-01-29,0.7460994416464465,0.7796388675599274,0.956980818544295
2024-01-30,0.725929193672576,0.7617739642185206,0.9529456607476516
2024-01-31,0.7042574012684432,0.7431036935884572,0.9477242642511642
2024-02-01,0.6998579251782276,0.7402163733098122,0.9454774987600919
2024-02-02,0.6804590655682099,0.721941675981462,0.9425402192540588
2024-02-05,0.6573064888258421,0.7056525139081635,0.9314874897638168
2024-02-06,0.7112195536646904,0.7603358136640516,0.9354018854344498
2024-02-07,0.7630769812408692,0.8083790957713992,0.9439593196218165
2024-02-08,0.7790101395775401,0.814811833903288,0.9560613962192437
2024-02-19,0.768488037562076,0.8134464992135049,0.9447308929414562
2024-02-20,0.7646177290658228,0.813345241978359,0.940090000657024
2024-02-21,0.7674243581947727,0.8130414702729213,0.9438932529938038
2024-02-22,0.7722046959405127,0.8189426823741437,0.9429288673803935
2024-02-23,0.7769311709968826,0.8223236316741249,0.9447997613970667
2024-02-26,0.7795229148333683,0.8219676678202775,0.9483620163558676
2024-02-27,0.7951560705915115,0.8397408440192581,0.9469065084242537
2024-02-28,0.7740014741783734,0.8201624597884047,0.9437172659402864
2024-02-29,0.7982965624943373,0.8459093454397257,0.9437140833092014
2024-03-01,0.8010552989005152,0.8510132312680236,0.9412959393203907
2024-03-04,0.7999528801294109,0.8525588931809858,0.9382963294708048
2024-03-05,0.793404012666871,0.8467067461664994,0.9370469956204331
2024-03-06,0.7912484698600429,0.846433053816208,0.9348033684325521
2024-03-07,0.7801086223663376,0.8349154155876111,0.9343564722868357
2024-03-08,0.7868060009983611,0.8463539838281751,0.9296417527800007
2024-03-11,0.8039908494161015,0.8608221536535339,0.9339802025351848
2024-03-12,0.8055389305560383,0.858080390650411,0.9387686041228059
2024-03-13,0.8038259418214128,0.8567181830223014,0.9382617968789956
2024-03-14,0.8002864963470697,0.8532091731014004,0.9379722131186685
2024-03-15,0.8074753700889298,0.8628946510046519,0.9357751483901325
2024-03-18,0.8163738662462703,0.8746495736511972,0.9333725080758265
2024-03-19,0.809263016768795,0.86670274203848,0.9337261525969249
2024-03-20,0.8109893314753547,0.8691059633885083,0.9331305567314646
2024-03-21,0.803814586822199,0.864742595546064,0.9295420289948936
2024-03-22,0.7878283051435601,0.8518865004673072,0.9248043075120833
2024-03-25,0.7747654952821329,0.8376761643223236,0.924898580478191
2024-03-26,0.7723988732258703,0.8360419023286089,0.9238757902857799
2024-03-27,0.7505665208202558,0.8158322983627799,0.9200009883483405
2024-03-28,0.7634392645261793,0.826452842160294,0.923754176379379
2024-03-29,0.7703946259685658,0.8363171582097371,0.9211752005874322
2024-04-01,0.7875654306163687,0.8545206776580875,0.9216458433455147
2024-04-02,0.779556829172402,0.8513581014983144,0.9156626662745694
2024-04-03,0.7724409378269915,0.850309195668362,0.9084235966892439
2024-04-08,0.7576813666850051,0.8382837077331988,0.9038483745960537
2024-04-09,0.7679942135666038,0.845293984374666,0.9085527967346801
2024-04-10,0.7558648432472145,0.8346259390212526,0.9056330601629761
2024-04-11,0.7580717539569162,0.8387931209706018,0.9037648676466498
2024-04-12,0.7501126722939859,0.8349027584332176,0.8984431596580791
2024-04-15,0.7561079722148077,0.8447908252606102,0.895023891839208
2024-04-16,0.7314594015715825,0.8213490307858453,0.8905585495994818
2024-04-17,0.7560349173397553,0.84479559030697,0.8949323670889876
2024-04-18,0.7563512038555434,0.8463919552913544,0.893618138886001
2024-04-19,0.748607008338026,0.8408593641983726,0.8902880079734917
2024-04-22,0.745599849369561,0.833377645782682,0.8946722451012196
2024-04-23,0.7397985215241988,0.8239943016001819,0.8978199486179983
2024-04-24,0.7450322479815673,0.8326593894977906,0.8947623210385286
2024-04-25,0.7443711815425005,0.8320740333340282,0.8945972975023483
2024-04-26,0.7585479873003931,0.8499168238821716,0.892496731427868
2024-04-29,0.7748428984901797,0.8667454785480193,0.893968203662515
2024-04-30,0.769516105091431,0.8608363743387635,0.8939168093152678
2024-05-06,0.7855609683698965,0.8746733244291467,0.8981192708518816
2024-05-07,0.7861628427020854,0.8744328384956752,0.8990545735388386
2024-05-08,0.7774230805788761,0.8636240009130994,0.9001869792373949
2024-05-09,0.7924179781785664,0.8791300573987035,0.901366039654345
2024-05-10,0.7837137389047278,0.8757491825525717,0.8949066176920822
2024-05-13,0.7728967337734701,0.8709807113156944,0.8873867397200339
2024-05-14,0.7729271223421208,0.870265656546326,0.8881507807736594
2024-05-15,0.765148630666512,0.8617097179918967,0.8879424412777799
2024-05-16,0.7626323423473591,0.8582307129722926,0.8886099399847278
2024-05-17,0.7755097535313317,0.8688654774550367,0.8925544559588787
2024-05-20,0.7795409821044984,0.8738664680635027,0.8920596116154559
2024-05-21,0.7726108224953075,0.8668119658355085,0.891324592814773
2024-05-22,0.7706531065716817,0.8651823944343042,0.890740624785332
2024-05-23,0.7551838624152117,0.8483647589381635,0.8901641121448991
2024-05-24,0.7498991890736186,0.8406347369348175,0.8920630520313194
2024-05-27,0.7580703157332997,0.8497981444462727,0.8920592739435285
2024-05-28,0.7502038175303009,0.8410586771531414,0.8919755992169646
2024-05-29,0.7510156840745816,0.8429856916825869,0.8908996813167321
2024-05-30,0.7493450223945158,0.8398768712020602,0.8922081891861456
2024-05-31,0.7489463274066162,0.8398578854704704,0.8917536411378366
2024-06-03,0.7430170240486424,0.834404438819371,0.8904758765425123
2024-06-04,0.7533247728638898,0.8451436620527839,0.8913570635247104
2024-06-05,0.7411942138241021,0.8350166728227566,0.8876400171969147
2024-06-06,0.7332550681709886,0.8272423507790342,0.886384827228036
2024-06-07,0.7318106338768419,0.8241066524588843,0.8880047645451483
2024-06-11,0.7362488871037404,0.8254497999015545,0.891936598920428
2024-06-12,0.7394033967252082,0.827898884822796,0.8931083376002741
2024-06-13,0.7364437086913194,0.8218300026527879,0.8961022429385033
2024-06-14,0.7357578584053012,0.8247568579254494,0.892090622024033
2024-06-17,0.7355995860023816,0.8238139743770028,0.8929195290219106
2024-06-18,0.7368507638780374,0.8275730003240949,0.8903755482470685
2024-06-19,0.7273922121602776,0.8177529843150282,0.8895011404569325
2024-06-20,0.7172521600394699,0.8060059537765162,0.8898844440029343
2024-06-21,0.716618420472971,0.8072336232988105,0.8877460004013028
2024-06-24,0.6998291083091048,0.7899224332351831,0.885946618129207
2024-06-25,0.6901598989986728,0.7829169216400756,0.8815237989145861
2024-06-26,0.7012130954535896,0.7942763454387571,0.8828326557632035
2024-06-27,0.6868740923142801,0.77966098035319,0.8809907249726965
2024-06-28,0.6869867018701358,0.781991460292382,0.8785092123810093
2024-07-01,0.6913301063810504,0.7915441125283539,0.8733942877457588
2024-07-02,0.6839199277517194,0.7830514597458907,0.8734035538017634
2024-07-03,0.6804388755439182,0.7769509346898996,0.8757810115969528
2024-07-04,0.6673462207070897,0.7648605974519335,0.8725069939938017
2024-07-05,0.6725203687375362,0.7698852643844997,0.8735332391056948
2024-07-08,0.6582774821036123,0.7568109450732335,0.8698043895756732
2024-07-09,0.6692663433371583,0.7715686659187998,0.8674099570129409
2024-07-10,0.6632067801790676,0.7663889116179918,0.8653658346633862
2024-07-11,0.6785598432985257,0.7815089248946022,0.8682688344090751
2024-07-12,0.6783388789614656,0.7782861900245365,0.8715802588506422
2024-07-15,0.6722227583539613,0.7726760924743585,0.8699929568175027
2024-07-16,0.6718100411725659,0.7749637614501617,0.8668922014049174
2024-07-17,0.6680398864055641,0.7683538231567675,0.8694430433897428
2024-07-18,0.6713005247150754,0.771693599478046,0.8699055236030544
2024-07-19,0.6713087684425174,0.7708013445471723,0.8709231933642975
2024-07-22,0.6694453079111337,0.7698409643441233,0.8695890955627139
2024-07-23,0.6504555902881455,0.7471886784880989,0.8705372672459541
2024-07-24,0.6413836812468042,0.7385282811830006,0.8684619094334658
2024-07-25,0.6436917603001636,0.7381153601343837,0.872074739351002
2024-07-26,0.6521332941253016,0.7493371187655764,0.8702802487611933
2024-07-29,0.646418126203349,0.7449800795003287,0.8676985385124836
2024-07-30,0.6477558484380306,0.7434675495503371,0.8712631086989677
2024-07-31,0.6750308137044075,0.7730732293069086,0.8731783589370957
2024-08-01,0.670054919945849,0.7677826876782351,0.8727142858249206
2024-08-02,0.6613383484364002,0.7576019427689612,0.8729364473634703
2024-08-05,0.6491215401118743,0.7426085010362832,0.8741100313369006
2024-08-06,0.6575619816107344,0.7516153321025092,0.8748650453568085
2024-08-07,0.6559070819641785,0.7517988608412111,0.8724502205686554
2024-08-08,0.6582021190919067,0.7524110948445967,0.874790554793523
2024-08-09,0.6516608617567367,0.7467947431710715,0.872610402946366
2024-08-12,0.6490636025731112,0.7458217058136293,0.8702664423865715
2024-08-13,0.6505623640992284,0.7486188624806848,0.8690167943985163
2024-08-14,0.6400489715316627,0.7383717047377711,0.866838433034176
2024-08-15,0.6450535906671298,0.7433251937903377,0.8677946019532786
2024-08-16,0.6378086264013639,0.7388953386604041,0.8631921099376435
2024-08-19,0.6360315126794427,0.7408856389618156,0.8584746136673639
2024-08-20,0.6233510780622837,0.7280786089697948,0.8561590333553449
2024-08-21,0.6200921574069431,0.7257228891756656,0.8544475675988304
2024-08-22,0.6109469021527023,0.717219142769646,0.8518273784403495
2024-08-23,0.6104965071868769,0.7178077004489314,0.8505014738697566
2024-08-26,0.6122266717337262,0.7189578635140296,0.8515473615398872
2024-08-27,0.6055476578822778,0.7111945606400142,0.8514514753000034
2024-08-28,0.6040340570579693,0.711941332749215,0.8484323486676162
2024-08-29,0.6122987630250255,0.7211000496681598,0.8491176270294211
2024-08-30,0.6227040001497751,0.7339481781850338,0.8484304732381076
2024-09-02,0.608889900340881,0.7193565638774163,0.8464368449755889
2024-09-03,0.6152977552093156,0.7272037017858245,0.8461147181983579
2024-09-04,0.6139587875137836,0.7249254884488916,0.8469267494338747
2024-09-05,0.6169975840205081,0.7279330516942722,0.847602101023493
2024-09-06,0.6056728991453457,0.7178646576437007,0.8437146092877589
2024-09-09,0.6010659955320378,0.7130772751290829,0.8429184556796195
2024-09-10,0.6004655068375531,0.713159546632639,0.8419792032130832
2024-09-11,0.6029213368731462,0.7143001796050176,0.8440727779272575
2024-09-12,0.5998061964952937,0.7114002021719793,0.8431347006425111
2024-09-13,0.5909283178521373,0.7041811569368731,0.8391708753222312
2024-09-18,0.5895051995034297,0.706065434956779,0.8349158170297851
2024-09-19,0.5981991925517919,0.7151656311501174,0.8364484624209051
2024-09-20,0.5924638446484236,0.7116849881458271,0.8324804576698832
2024-09-23,0.5907488103085179,0.7110996319820647,0.8307539249625399
2024-09-24,0.6150979430434677,0.7419361083226043,0.8290443559002717
2024-09-25,0.6193589876002656,0.7485619052859147,0.8273984866538195
2024-09-26,0.6482094414555032,0.7812636739147701,0.8296935632594353
2024-09-27,0.6856711209329771,0.8229500863627389,0.8331867658748234
2024-09-30,0.7643987778610284,0.9086280768890819,0.8412669576292877
2024-10-08,0.8203704876250022,0.9738670711396809,0.8423844608124523
2024-10-09,0.7555647150564246,0.9074288487372476,0.8326434806517857
2024-10-10,0.7565992057639147,0.9003474686696301,0.8403413483039827
2024-10-11,0.7260799620890839,0.8655304661801169,0.8388843494943905
2024-10-14,0.7400850454313831,0.8872588542192845,0.834125285886944
2024-10-15,0.7204733576279526,0.8658072855920819,0.8321405578555017
2024-10-16,0.7176487647625064,0.8639926219213389,0.8306190892771812
2024-10-17,0.710624335486102,0.8573320550103718,0.8288787656230876
2024-10-18,0.7434816614429631,0.8923009433526038,0.8332185088245134
2024-10-21,0.7504091491127332,0.9024595754686141,0.831515526579762
2024-10-22,0.7581936134759859,0.9103098404386958,0.8328962071975382
2024-10-23,0.7652400980633379,0.9138743184773788,0.83735813841264
2024-10-24,0.7577504438106774,0.9060145234145773,0.8363557362798953
2024-10-25,0.7719005611756371,0.9191442363897763,0.8398035157218803
2024-10-28,0.7816559715240102,0.9308564225267821,0.8397170096353079
2024-10-29,0.77189675474352,0.919593565370736,0.839389034254854
2024-10-30,0.7700317303582015,0.9236120629828893,0.833717705972044
2024-10-31,0.7770012067214642,0.9336361569930844,0.8322312722162704
2024-11-01,0.7594015256726778,0.922645428656493,0.8230697319754543
2024-11-04,0.7733096667764434,0.9380059278665748,0.8244187417187002
2024-11-05,0.8028263454534058,0.9669675818260787,0.8302515622471036
2024-11-06,0.8061436061799477,0.9691540680205852,0.8318012922614332
2024-11-07,0.8197771378282661,0.9871535094678072,0.8304454474058682
2024-11-08,0.8225022337753612,0.9844465164123412,0.8354971245902113
2024-11-11,0.8373516528964808,1.0015599570520366,0.8360474547735696
2024-11-12,0.8271856395361729,0.9910011354956519,0.8346969644211898
2024-11-13,0.8274538928028206,0.9903619491987936,0.8355065473509293
2024-11-14,0.8037374300752131,0.9616422702497486,0.8357966937814351
2024-11-15,0.7806457533054677,0.937305019328587,0.8328620216550874
2024-11-18,0.7712964517597892,0.9228384130340651,0.835787111661246
2024-11-19,0.791410578959638,0.9392225037653127,0.842623101327852
2024-11-20,0.8012821129330226,0.9480490076083598,0.8451906035473994
2024-11-21,0.8001001145057579,0.9469288494445585,0.8449421674871073
2024-11-22,0.7657259953970287,0.9097403429448493,0.8416973055392454
2024-11-25,0.766803348652603,0.9074304867219333,0.8450270955989788
2024-11-26,0.760602743229067,0.9002841828976634,0.8448473911659578
2024-11-27,0.7777465602150878,0.9183927736880646,0.8468561409644239
2024-11-28,0.7700657388482788,0.9109031631643406,0.8453870509936382
2024-11-29,0.785146895017301,0.9258285540786926,0.8480478286809956
2024-12-02,0.7989000634241094,0.9403331318363943,0.849592592642059
2024-12-03,0.7973513114127194,0.9385137775731408,0.8495893512341962
2024-12-04,0.7908221604477939,0.9301523869271204,0.8502070967751616
2024-12-05,0.7926675499737352,0.9337469443209498,0.8489104620847654
2024-12-06,0.8019722566758641,0.9459622151181623,0.8477846618595521
2024-12-09,0.7983911787673782,0.940885281583337,0.8485531598749558
2024-12-10,0.804693012040838,0.9480015060524605,0.8488309426760635
2024-12-11,0.8115867654084666,0.9567062033979351,0.8483134765155201
2024-12-12,0.8188899626602157,0.9651355704084321,0.848471435275847
2024-12-13,0.8001632008482232,0.9474003656726313,0.8445882330646207
2024-12-16,0.7923436431718878,0.9354255063550411,0.8470408790319573
2024-12-17,0.7808439088737184,0.9252305407605372,0.8439452379423906
2024-12-18,0.7890212138084693,0.9316316360064429,0.8469240237382972
2024-12-19,0.7868796954002838,0.9337358506973935,0.8427219484103293
2024-12-20,0.7882302754668572,0.9361500912171291,0.8419913461120802
2024-12-23,0.7719607207488549,0.9205459790119022,0.8385900740965312
2024-12-24,0.7828681448074092,0.9326821798210814,0.8393728986626383
2024-12-25,0.776792051937817,0.9239854490374896,0.8406972780220694
2024-12-26,0.7804886557844406,0.931384895949624,0.8379872372620643
2024-12-27,0.7840993193976159,0.9333007424016636,0.8401357502190477
2024-12-30,0.7800020821287746,0.9332548788304504,0.8357867714619062
2024-12-31,0.7577345988430422,0.9058609995771721,0.8364799888688543
