datetime,port,bench,excess
2017-01-04,1.0017745652326073,1.007803175154687,0.9940180681399874
2017-01-05,1.0025483769612404,1.0076476066105484,0.9949394712835568
2017-01-06,0.9990076824088803,1.0016276157371429,0.9973843239871791
2017-01-09,1.003438344667587,1.0064836818832894,0.9969742805864431
2017-01-10,0.9998328184905975,1.0047992089630478,0.9950573304316436
2017-01-11,0.9897579708120212,0.99768715355064,0.9920524357656608
2017-01-12,0.9815190468337944,0.9926366091974451,0.9887999674194574
2017-01-13,0.978932555776688,0.9933218399096622,0.9855139758788725
2017-01-16,0.9735283883977677,0.9931841487782119,0.9802093494900979
2017-01-17,0.977500818564242,0.9952516890824883,0.9821644407008134
2017-01-18,0.978765680489066,0.9991442678459869,0.9796039590950621
2017-01-19,0.9734765035860985,0.9961283132717212,0.9772601487340278
2017-01-20,0.983952438405627,1.003787908264896,0.9802393815506747
2017-01-23,0.9911356422575588,1.0065375244438564,0.9846981540059249
2017-01-24,0.9891565122710428,1.0066482241875223,0.9826238088974952
2017-01-25,0.9924223932850976,1.0100740973186053,0.9825243473915757
2017-01-26,0.9971994451394484,1.0136824602741104,0.9837394689356618
2017-02-03,0.9917517026033859,1.0066602125701485,0.9851901269359806
2017-02-06,0.996495820516096,1.0092692632101283,0.9873438703033475
2017-02-07,0.9972045552215465,1.007016288566399,0.9902566289579878
2017-02-08,1.003183683414771,1.012285217784394,0.9910089229698091
2017-02-09,1.008587405709126,1.0161747819253608,0.9925333944994591
2017-02-10,1.013809839721872,1.0213210931245644,0.9926455514791015
2017-02-13,1.0194302272229177,1.0281398888613835,0.9915287192600694
2017-02-14,1.0194117186115073,1.0279962385923704,0.9916492690745465
2017-02-15,1.0110520096203057,1.0237805343579685,0.9875671354255187
2017-02-16,1.0170041176971205,1.029531172213537,0.987832272732954
2017-02-17,1.010402704838837,1.0236997004096169,0.9870108435457594
2017-02-20,1.0236556136238313,1.0386448668795267,0.9855684519957927
2017-02-21,1.0304221350806588,1.0420647107655463,0.9888273966437897
2017-02-22,1.0345373281162895,1.0441411547224164,0.990802175967597
2017-02-23,1.0282501109590778,1.0392222722556084,0.9894419494371346
2017-02-24,1.0285847829241754,1.0393808554222788,0.9896129773395556
2017-02-27,1.0206128881288106,1.0311139191502072,0.9898158381665034
2017-02-28,1.0248480476057271,1.033085692608475,0.9920261745354847
2017-03-01,1.0280289574673882,1.0347701655287167,0.9934853088290537
2017-03-02,1.0212451634460857,1.0277868274876647,0.9936351937321775
2017-03-03,1.0183138448137348,1.0256205758223487,0.9928757952201229
2017-03-06,1.0244740819102194,1.031191738476027,0.9934855407436298
2017-03-07,1.0253049870097724,1.033429780222099,0.9921380306936959
2017-03-08,1.0219083456236078,1.031864910698117,0.9903509025539273
2017-03-09,1.013673649389725,1.0253453337744496,0.9886168259607137
2017-03-10,1.0126056066160876,1.025629549582443,0.9873015135224431
2017-03-13,1.0251553781914104,1.034668439545145,0.9908056909922596
2017-03-14,1.0223555423544997,1.034246602713202,0.9885026836660543
2017-03-15,1.0211037375878262,1.0363260612926037,0.9853112603519874
2017-03-16,1.0308542105015515,1.0416727397289176,0.9896142724919714
2017-03-17,1.0179939456561897,1.0309913011314153,0.987393341281384
2017-03-20,1.0186060057703983,1.03212823447089,0.9868986931576155
2017-03-21,1.0227891296963,1.0371368545386432,0.9861660254579174
2017-03-22,1.0167531173706474,1.0322598963572767,0.9849778345149794
2017-03-23,1.021451155310974,1.035829349649872,0.9861191475760384
2017-03-24,1.0314297245162953,1.044093271299412,0.9878712495030675
2017-03-27,1.0280407330312336,1.0406345177504825,0.9878979752214325
2017-03-28,1.0259410623876706,1.0381721320020474,0.9882186496464801
2017-03-29,1.0240358849169702,1.036789822409988,0.9876986278054198
2017-03-30,1.0143088134197646,1.0282834690228948,0.9864097245320794
2017-03-31,1.019359819801571,1.034055069021184,0.9857887170037053
2017-04-05,1.038154657815506,1.0483689174469446,0.9902569987897839
2017-04-06,1.0442116960352092,1.0514087786789619,0.9931548197145592
2017-04-07,1.04477876518373,1.052429053137208,0.9927308278589676
2017-04-10,1.0399342619897038,1.0487428708558832,0.9916007926146944
2017-04-11,1.0459998250687,1.0523901434742982,0.9939278047735209
2017-04-12,1.0404516656909288,1.0500294837094344,0.990878524682307
2017-04-13,1.050894023358996,1.0515643472231002,0.9993625460335601
2017-04-14,1.0396426176918643,1.043165749064642,0.9966226542848663
2017-04-17,1.033300770772854,1.0412030194739696,0.9924104631341658
2017-04-18,1.0315369595712753,1.036056778382267,0.9956374796195543
2017-04-19,1.0246026719893098,1.031012193166635,0.9937832731564124
2017-04-20,1.024746401746524,1.0357007023860167,0.9894232951524928
2017-04-21,1.022948899908955,1.0372685164250297,0.9861948798316683
2017-04-24,1.0062048629967544,1.0266379057655628,0.9800971280584351
2017-04-25,1.0104427603234483,1.0295431605961622,0.9814476934977123
2017-04-26,1.0133704888875255,1.0308027820619292,0.9830886242472748
2017-04-27,1.010642333192181,1.031263528556782,0.9800039516635873
2017-04-28,1.012869615863915,1.0291781108398173,0.9841538652987922
2017-05-02,1.0116856127758609,1.0252376486533143,0.986781566307817
2017-05-03,1.0040848858156313,1.0212133378959283,0.9832273517739322
2017-05-04,1.0026295309745596,1.0185983281183857,0.9843227730666665
2017-05-05,0.9937578793452214,1.012063818297061,0.9819122681585023
2017-05-08,0.9824978590709236,1.0049607366447477,0.9776480047879077
2017-05-09,0.985765636289259,1.0030817855174576,0.9827370514765496
2017-05-10,0.9726746633729088,0.998644611688223,0.9739948045467228
2017-05-11,0.9777905737960375,1.0043144857029411,0.9735900335159071
2017-05-12,0.9807497030946131,1.0129105065834787,0.9682491165015721
2017-05-15,0.9852904111895815,1.0170425024619991,0.9687799760624025
2017-05-16,1.0050339347697812,1.0258569783148375,0.9797018064065207
2017-05-17,1.0101660735015179,1.0202678681409703,0.9900988799560464
2017-05-18,1.0037402531160224,1.0167193769910958,0.9872343105002246
2017-05-19,1.003904383970518,1.0184368004366846,0.9857306644261721
2017-05-22,0.9982456044941508,1.0206478507949726,0.9780509543194816
2017-05-23,0.9920821891398278,1.0245225521457828,0.9683361162348147
2017-05-24,0.9947999234840925,1.0245165229007194,0.9709945142392725
2017-05-25,1.0071089683317034,1.042914413674495,0.9656678967388719
2017-05-26,1.0062744317833938,1.0413496142580139,0.9663175728935071
2017-05-31,1.0086363272160193,1.0450747062022485,0.9651332304092933
2017-06-01,0.9973968279326548,1.046528805875064,0.9530524361426181
2017-06-02,1.0037086920687301,1.0431687636871743,0.9621728784526016
2017-06-05,1.0073889393643642,1.0378549656687066,0.9706451986914062
2017-06-06,1.012423246229778,1.0450747062022485,0.9687568173081862
2017-06-07,1.0281869426368488,1.0573389618439217,0.9724288801802651
2017-06-08,1.0342647144109347,1.0654503295718547,0.9707301088606808
2017-06-09,1.0365063238821155,1.0699951885222236,0.9687018549248246
2017-06-12,1.0321774825158168,1.069462581839114,0.9651366022931075
2017-06-13,1.0399031557022673,1.0718202970889465,0.9702215553546002
2017-06-14,1.0334866200376678,1.0577668279209282,0.9770457843426761
2017-06-15,1.0391570178188412,1.055819031227913,0.9842188737688371
2017-06-16,1.0380738906821096,1.0528180095513047,0.9859955673863532
2017-06-19,1.046196659879523,1.0632631157638177,0.9839489815537946
2017-06-20,1.0420365908212397,1.0611148817261915,0.9820205227223693
2017-06-21,1.0583212844266205,1.0735227876368778,0.9858396082641897
2017-06-22,1.0539568549189684,1.0742348695218777,0.981123295120801
2017-06-23,1.0605876555057463,1.0839708383644218,0.9784282177794028
2017-06-26,1.0747736967902102,1.0974977300943938,0.9792946876507624
2017-06-27,1.076405302995739,1.0994814919352878,0.9790117531683681
2017-06-28,1.0699139745037243,1.0909392435078165,0.9807273694394866
2017-06-29,1.0770006395795153,1.0977191996892264,0.981125810575622
2017-06-30,1.0777940524170901,1.0971117883028287,0.9823921900286733
2017-07-03,1.0791227463378643,1.0923395006200647,0.98790050687108
2017-07-04,1.0726957503705867,1.0831031879352833,0.9903910932211951
2017-07-05,1.084773284358136,1.0949815017853917,0.9906772695149544
2017-07-06,1.0871912683307712,1.095107134426715,0.9927716057661448
2017-07-07,1.086795726482455,1.0938595013435743,0.9935423380676924
2017-07-10,1.0851183468712005,1.0931892736365152,0.9926170820003871
2017-07-11,1.0839384169821995,1.0983116080704662,0.9869133759648432
2017-07-12,1.0794867746622188,1.0947241371501812,0.9860810938839544
2017-07-13,1.0818789908334205,1.1031317090687338,0.9807341969588973
2017-07-14,1.0814758096881243,1.1079698276946912,0.9760877802406479
2017-07-17,1.042731044093193,1.096142411890119,0.9512733316241027
2017-07-18,1.0521718637618052,1.0972255026690267,0.9589385784438773
2017-07-19,1.078525935074412,1.1159465189137059,0.9664674039435868
2017-07-20,1.084326662492569,1.1213710166758395,0.9669651224863259
2017-07-21,1.0854085366262456,1.1156024313000819,0.9729348970325841
2017-07-24,1.0894926140687227,1.1200515935119426,0.9727164537595971
2017-07-25,1.0831729681853397,1.112897683921594,0.973290702132193
2017-07-26,1.0805803216417758,1.1086580029219395,0.9746741725526148
2017-07-27,1.088434893221046,1.110692522593368,0.9799605841224605
2017-07-28,1.0923138043461786,1.1135948329089365,0.9808897922890254
2017-07-31,1.103715341104331,1.1183760242442942,0.9868910967133173
2017-08-01,1.1075936664475268,1.1281030894342443,0.9818195489589491
2017-08-02,1.1014272664312341,1.1252516771642118,0.9788274825832578
2017-08-03,1.0965467001879168,1.1153720580526547,0.9831219029302156
2017-08-04,1.0961023364402447,1.10931322762384,0.988090927923132
2017-08-07,1.1021241841223448,1.1150609209643774,0.9883981793292119
2017-08-08,1.1114006475645433,1.1166825775639575,0.9952699808293447
2017-08-09,1.1105339766920985,1.1163324607052698,0.9948057731748587
2017-08-10,1.1042794078256695,1.1118085638976218,0.9932280103639806
2017-08-11,1.0766766662792733,1.0912923048815344,0.9866070359546357
2017-08-14,1.0968222996807193,1.1054535292781873,0.9921921371013183
2017-08-15,1.1006429608185544,1.1088584402665496,0.9925910475587666
2017-08-16,1.0998114025990027,1.1074701715369275,0.993084446755531
2017-08-17,1.112443539567266,1.1134122729770128,0.9991299418613766
2017-08-18,1.1070396093951518,1.114426588297696,0.9933714979702449
2017-08-21,1.1174244072659838,1.1193095757241263,0.9983157756361346
2017-08-22,1.1138679995607779,1.1226935245697676,0.9921389721986935
2017-08-23,1.1062519096175443,1.1238275133942113,0.9843609418997185
2017-08-24,1.0976234792676984,1.1174126069691463,0.982290223344514
2017-08-25,1.113860224350397,1.1356938388616933,0.9807750876475828
2017-08-28,1.1315857992712084,1.1497442934071798,0.9842064933567445
2017-08-29,1.123993855987823,1.1472998551789337,0.9796862179613229
2017-08-30,1.1317109101799903,1.1472280650981777,0.986474219564303
2017-08-31,1.1329851051375945,1.1435747632346993,0.9907398637696839
2017-09-01,1.1390187451741378,1.1461030500338283,0.9938187889304706
2017-09-04,1.1470183312505502,1.1506149584588499,0.996874169606558
2017-09-05,1.1479722741260137,1.1540348724523701,0.9947466073417061
2017-09-06,1.1472170176393246,1.15176093566592,0.9960548080023497
2017-09-07,1.1415536159661832,1.1459025425817164,0.9962048023685024
2017-09-08,1.141440127222603,1.14474170258449,0.9971158774469097
2017-09-11,1.1471032845061886,1.1446399064934178,1.0021520986633405
2017-09-12,1.145898310092532,1.1483141003921162,0.9978962286548956
2017-09-13,1.147008420630159,1.1497144276118654,0.9976463659873112
2017-09-14,1.1401002029976302,1.1459294638620003,0.9949130718353951
2017-09-15,1.1352595630465094,1.1463304086587234,0.9903423606940973
2017-09-18,1.1406692924524253,1.1498729406710353,0.9919959432967969
2017-09-19,1.1368788156787832,1.146575784911308,0.991542670480107
2017-09-20,1.145464890074819,1.1496635295663298,0.9963479406073753
2017-09-21,1.1329107948642838,1.1482812199742707,0.9866144069565718
2017-09-22,1.1284152252793582,1.1482542986939872,0.9827224044036292
2017-09-25,1.1115967071311301,1.1422882204886495,0.9731315505079882
2017-09-26,1.1175001467838743,1.1431828623055722,0.9775340268223572
2017-09-27,1.1260944487013482,1.1433084949468955,0.9849436557835191
2017-09-28,1.123800666781766,1.1437094397436185,0.9825928052440353
2017-09-29,1.131201107620132,1.1478863044226113,0.9854644168693415
2017-10-09,1.1461161944988965,1.161562805559159,0.9867018718347935
2017-10-10,1.149109840369963,1.1638516752432666,0.9873335793667847
2017-10-11,1.1491105536527328,1.1676904114461981,0.9840883699897356
2017-10-12,1.1479318859989518,1.1707602085810307,0.9805012824874302
2017-10-13,1.150006707989056,1.1731688218763994,0.9802567938599857
2017-10-16,1.1426023247411914,1.1709098179876065,0.97582436084184
2017-10-17,1.1415138984810391,1.1707961036214087,0.9749894921500026
2017-10-18,1.1451746749592735,1.1800982472493835,0.9704062162862193
2017-10-19,1.1383705922204712,1.1762356043887001,0.9678083098088944
2017-10-20,1.1457485917668124,1.1749191257398344,0.9751723047706339
2017-10-23,1.1510780970850878,1.1761009979872823,0.9787238502943052
2017-10-24,1.1538831979080417,1.184658179312411,0.9740220580570917
2017-10-25,1.1600287663351627,1.1899090909027161,0.9748885651887197
2017-10-26,1.1657259178405412,1.1948849006601239,0.9755968271057124
2017-10-27,1.1646780583275163,1.2033791254495891,0.9678396722166724
2017-10-30,1.1542851074089688,1.199713905310985,0.962133640611392
2017-10-31,1.1595488256994089,1.198816389086532,0.9672447225908848
2017-11-01,1.15839423738755,1.1957944753747036,0.9687235233500855
2017-11-02,1.153536000210253,1.1959470292963104,0.9645377027183121
2017-11-03,1.1488119399022199,1.19462157688735,0.961653432458093
2017-11-06,1.167754747612964,1.2030560700861863,0.9706569599281492
2017-11-07,1.1748816435372065,1.2130374151813148,0.9685452640070421
2017-11-08,1.1741886947278881,1.2111703122216495,0.9694662120425277
2017-11-09,1.1822928834841842,1.2195150678195408,0.9694778807432787
2017-11-10,1.1918423918856127,1.2302893287480205,0.96874967866174
2017-11-13,1.1954231342014638,1.235124502858947,0.9678563832507684
2017-11-14,1.1863346113983353,1.2265314264934404,0.9672272440584546
2017-11-15,1.1747157030024247,1.218847924842514,0.9637918554558055
2017-11-16,1.1812507424027106,1.228224803066276,0.9617545089902971
2017-11-17,1.1667180416190024,1.2329642103311935,0.9462708096819806
2017-11-20,1.1790604255222359,1.2398397931436107,0.9509780473594344
2017-11-21,1.2001539729203745,1.261941883826401,0.9510374354810414
2017-11-22,1.1996278127229554,1.2648949519725041,0.9484011386496801
2017-11-23,1.1601813089717474,1.2274439457230515,0.9452010521656192
2017-11-24,1.1564674539939839,1.227982511543724,0.9417621530620686
2017-11-27,1.1299522075268844,1.2117508023277634,0.932495530728146
2017-11-28,1.146059160980984,1.2135071354362619,0.9444189716848843
2017-11-29,1.1373686013789084,1.2128878057747388,0.9377360345810452
2017-11-30,1.1197945573847614,1.198630884639578,0.93422801943025
2017-12-01,1.124736674256349,1.1962491926244927,0.9402193800346481
2017-12-04,1.1318517179745962,1.2024486586997885,0.9412890186916346
2017-12-05,1.129368272072212,1.2088246554619435,0.9342697197391562
2017-12-06,1.1296785786142118,1.2015390839852083,0.9401929522486668
2017-12-07,1.1154982227563446,1.1881468687641548,0.93885550017619
2017-12-08,1.1257786067673208,1.1978170767710061,0.9398585381685476
2017-12-11,1.1447549945702566,1.2176001515443713,0.9401731702466365
2017-12-12,1.129254774349121,1.2015989557908386,0.9397934052014019
2017-12-13,1.1385291921423242,1.2117927266132045,0.9395411996937447
2017-12-14,1.136424965339616,1.2046298432627613,0.9433810491209388
2017-12-15,1.126487470237094,1.1910790448750377,0.9457705389781915
2017-12-18,1.1227603596535707,1.1924044972839982,0.9415935298893457
2017-12-19,1.1387247938602616,1.207376514926691,0.9431397577990841
2017-12-20,1.131285699947672,1.2059283743914384,0.9381035590265182
2017-12-21,1.1458088320894884,1.217106594739173,0.9414202807232641
2017-12-22,1.1409696718830715,1.2131421557874176,0.9405078097731252
2017-12-25,1.129946499187916,1.2092345039112602,0.9344312418584751
2017-12-26,1.137489816689038,1.2128488260043282,0.9378661151336091
2017-12-27,1.1269127954048477,1.1941756931826535,0.9436742029152005
2017-12-28,1.1340421181673614,1.202460576974914,0.9431012873788545
2017-12-29,1.1395929577372832,1.2060360595125728,0.9449078646934131
2018-01-02,1.153610863572752,1.2229559439557813,0.9432971557759265
2018-01-03,1.162752551707197,1.2301336900963808,0.9452245402823619
2018-01-04,1.1686903419682018,1.2353459023462785,0.9460429987653833
2018-01-05,1.1697795020197999,1.2383198625276017,0.9446505199650918
2018-01-08,1.179897714098398,1.244725865300073,0.9479177279038493
2018-01-09,1.1836489609624656,1.253444574306903,0.9443169528393139
2018-01-10,1.1808600005831396,1.2589827864352343,0.9379476934126346
2018-01-11,1.182368575004932,1.2583185879732386,0.9396416665109918
2018-01-12,1.1815035561169585,1.2641260129044054,0.9346406482075178
2018-01-15,1.1631714521962915,1.2641978029851617,0.9200865951907875
2018-01-16,1.1783606567904141,1.2741403085248812,0.9248280184736054
2018-01-17,1.1768920261935216,1.2710435200022643,0.9259258299758494
2018-01-18,1.183128221152728,1.2780150098756917,0.9257545584443543
2018-01-19,1.1897959888207887,1.2821977635847464,0.9279348495308382
2018-01-22,1.211459780886969,1.2975169535710955,0.9336754926806348
2018-01-23,1.2235262724858547,1.311283122201088,0.9330755896804904
2018-01-24,1.2282051440579465,1.3134613622490303,0.9350904254655041
2018-01-25,1.2229060910926277,1.306038099640845,0.9363479453079675
2018-01-26,1.2286264850600395,1.3108912212719603,0.9372451848963492
2018-01-29,1.2114738045929219,1.2871704886121218,0.9411914080621759
2018-01-30,1.198248288757587,1.2734312412624131,0.9409603360835613
2018-01-31,1.1964704250975975,1.2793553250748086,0.935213542045198
2018-02-01,1.1753780993383538,1.2703793215402688,0.9252182237296409
2018-02-02,1.1833768353611898,1.2779580825850922,0.9259903368406414
2018-02-05,1.1873395501265365,1.2788317622592944,0.9284564124595092
2018-02-06,1.1343376871922728,1.241353834729558,0.9137907786295276
2018-02-07,1.1155280044128937,1.211915414739498,0.9204668831221008
2018-02-08,1.1088693427885623,1.2004110542983282,0.923741362442489
2018-02-09,1.0523997867790598,1.1491279783681891,0.9158247006338776
2018-02-12,1.0674950913671468,1.1639234653240227,0.917152306977477
2018-02-13,1.081818070560639,1.1775460537925027,0.9187055292457105
2018-02-14,1.0880204698612426,1.1869201277162351,0.9166753890632166
2018-02-22,1.120269806366049,1.2125825577165246,0.9238709556202801
2018-02-23,1.1277732002994794,1.2180759010443833,0.9258644714442852
2018-02-26,1.1462114437382966,1.2322371955485372,0.930187343702163
2018-02-27,1.1355670227541559,1.214452605191221,0.9350443301781676
2018-02-28,1.134948340194917,1.2038788517148529,0.9427429832979053
2018-03-01,1.1400812900415187,1.2114935078000542,0.9410543950101617
2018-03-02,1.1318122844782617,1.2017306176772267,0.9418186304230917
2018-03-05,1.1327225528909115,1.202221229967394,0.9421914408562163
2018-03-06,1.150711021902264,1.2167205828401084,0.9457479705128661
2018-03-07,1.138235034410091,1.2077715005858523,0.9424258097313679
2018-03-08,1.150904811677946,1.2200237678448993,0.9433462216157903
2018-03-09,1.1668570496580486,1.229379754033441,0.9491428875656499
2018-03-12,1.1784986716561472,1.2350047592476865,0.9542462592403608
2018-03-13,1.1691459402913473,1.2241078101929144,0.9551004662792689
2018-03-14,1.1611634653765412,1.2187490732664734,0.9527502345207188
2018-03-15,1.1631937452707461,1.2255769829783885,0.9490988827515029
2018-03-16,1.1560109545916912,1.2136866106381532,0.952478954994703
2018-03-19,1.154954329067009,1.2190213707993416,0.9474438732027132
2018-03-20,1.1551636606208826,1.220053633640214,0.9468138356953028
2018-03-21,1.1502044714909891,1.2150719348527441,0.9466143020004685
2018-03-22,1.1395787498604473,1.2028944021894843,0.9473639147261879
2018-03-23,1.0894643959857975,1.1683636537757893,0.9324702907908733
2018-03-26,1.1024615115272702,1.1608686010868476,0.9496867349974885
2018-03-27,1.1246885374323627,1.1708559754270396,0.9605694987568062
2018-03-28,1.1073131399396876,1.1497473080297125,0.9630926136606982
2018-03-29,1.1191257275762765,1.1651053375714708,0.9605360918772945
2018-03-30,1.1321090716807878,1.1664367491179939,0.9705704767419553
2018-04-02,1.1327679778082786,1.1629720364315017,0.9740285598646876
2018-04-03,1.1234306179990712,1.1556595436744828,0.9721120931750038
2018-04-04,1.1158727381244775,1.1533796477504699,0.9674808639989919
2018-04-09,1.117016283626916,1.1528021722668875,0.9689574763989196
2018-04-10,1.1329813401746192,1.175014892585843,0.9642272173089474
2018-04-11,1.1352559244769902,1.178356917146043,0.9634228033612747
2018-04-12,1.124688696438816,1.1664786734034356,0.9641742468872673
2018-04-13,1.1208726560043458,1.158250646794274,0.9677289273324557
2018-04-16,1.115153423774819,1.1396163535280082,0.9785340657165396
2018-04-17,1.0933970912683533,1.1215984454082346,0.9748561044682825
2018-04-18,1.1073433077936887,1.1268763483863242,0.982666207680544
2018-04-19,1.1185700681682886,1.1405079807223995,0.980764788212867
2018-04-20,1.0962953089640632,1.1252516771642125,0.974266762904879
2018-04-23,1.084859524122371,1.1268912812839815,0.9627011426393153
2018-04-24,1.111865786105551,1.149977681277139,0.9668585783949635
2018-04-25,1.1114535604338835,1.1455524958305305,0.9702336335342493
2018-04-26,1.0866238100763261,1.1236479680848213,0.9670500378587431
2018-04-27,1.090509813781142,1.1240638457792016,0.9701493539499084
2018-05-02,1.0959116442376549,1.1260894617980364,0.9732012254939352
2018-05-03,1.1085825298082137,1.1348709871255278,0.9768357305671377
2018-05-04,1.1067586213006149,1.1293657255225438,0.9799824771453296
2018-05-07,1.1287283791655036,1.1471951145728319,0.9839027074185157
2018-05-08,1.1380123571260794,1.1605065659530347,0.980616905162891
2018-05-09,1.1345455758924194,1.1583942269557865,0.9794123187871538
2018-05-10,1.1373558587792185,1.1648091333808515,0.9764310960354938
2018-05-11,1.1306479385122066,1.1587592767121313,0.9757401396779425
2018-05-14,1.1339504426006652,1.169665129419497,0.9694658873548219
2018-05-15,1.1465518610845442,1.174096344111169,0.9765398443110929
2018-05-16,1.1402689166543591,1.164743302437658,0.9789873135719458
2018-05-17,1.1320833636568892,1.1561292639294305,0.9792013739096833
2018-05-18,1.1408886734735895,1.167801111189864,0.9769546051477432
2018-05-21,1.15153594731444,1.1732406119571555,0.9815002443475694
2018-05-22,1.1488282890355146,1.168743636429791,0.982960037793136
2018-05-23,1.1332597992792002,1.1532958692870874,0.9826271206362054
2018-05-24,1.1250310125089509,1.1451096968558665,0.9824657110126255
2018-05-25,1.118670285144369,1.1419022786970843,0.9796550072750332
2018-05-28,1.1235540949983835,1.1469168579024005,0.9796299420110145
2018-05-29,1.1188592960381047,1.1381651983702237,0.983037697550616
2018-05-30,1.091904652866007,1.1140376318836,0.9801326468835968
2018-05-31,1.1155752457943828,1.1376775305950872,0.9805724520294047
2018-06-01,1.1038301011937874,1.128165905754906,0.9784288778476828
2018-06-04,1.1017519243621887,1.139233356251474,0.9670994255183908
2018-06-05,1.1271923801859476,1.1505252208579055,0.9797198355594852
2018-06-06,1.1307730053349652,1.1481405843277894,0.9848732992893962
2018-06-07,1.12508671377782,1.1462436856803104,0.981542343773145
2018-06-08,1.1133457658892523,1.130867708618363,0.9845057537715723
2018-06-11,1.1057350480712156,1.1309753937394973,0.9776826747885061
2018-06-12,1.1198042091446454,1.1447297142018646,0.9782258600017228
2018-06-13,1.1059802331565447,1.1334767592583428,0.9757414292995389
2018-06-14,1.1001659377403012,1.1289976611436667,0.9744625481560705
2018-06-15,1.0858945580739885,1.123031582938329,0.9669314510575256
2018-06-19,1.0373738125795682,1.0834442609263757,0.9574777863446192
2018-06-20,1.0485839800186203,1.0877288107265026,0.964012325202881
2018-06-21,1.0270842946119116,1.0750217561101656,0.9554079150251714
2018-06-22,1.0406180009937753,1.0797880145478662,0.9637243486440323
2018-06-25,1.0300930961527028,1.0653007201652789,0.9669505301685015
2018-06-26,1.0293692146517048,1.056513165592724,0.9743079860951938
2018-06-27,1.014311015118007,1.0350155417813003,0.9799959267977174
2018-06-28,1.0065405258230908,1.0243250593162028,0.9826378029792767
2018-06-29,1.0331611920244819,1.0504902302042873,0.9835038559316868
2018-07-02,1.011093626381891,1.0196664859996363,0.9915924866263102
2018-07-03,1.0119775663471131,1.0200614716587966,0.9920750802414509
2018-07-04,0.9989636218861694,1.006438813082816,0.9925726322360827
2018-07-05,0.9871909936169833,1.0000628163206609,0.9871289858060772
2018-07-06,0.9897623739476734,1.0068487316396335,0.9830298662003226
2018-07-09,1.0147938197185105,1.034991565016048,0.9804851112025977
2018-07-10,1.023636980239908,1.0374869012898302,0.9866505099652788
2018-07-11,1.0018371874522254,1.0195378387357816,0.9826385538515129
2018-07-12,1.0303818769234243,1.0415381333274996,0.9892886721598629
2018-07-13,1.0322696326642675,1.0450178490191497,0.9878009582641601
2018-07-16,1.0301607883705435,1.038854277984232,0.9916316563372515
2018-07-17,1.0315228903379807,1.0320593889051648,0.9994801669623361
2018-07-18,1.0238185707615686,1.0266558532857522,0.9972363840179715
2018-07-19,1.015991086617736,1.025764226091361,0.9904723334807012
2018-07-20,1.0333138717467814,1.0450776507172799,0.988743631669451
2018-07-23,1.0497830104960142,1.0549094565133335,0.9951403923951321
2018-07-24,1.0684695811485498,1.071652740162182,0.9970296730514118
2018-07-25,1.0716579699580322,1.070467923399703,1.0011117068828645
2018-07-26,1.0592908924784257,1.0580510437289221,1.0011718231902442
2018-07-27,1.0547590222174614,1.0535570127165887,1.0011409059845497
2018-07-30,1.0429277283300609,1.0517169712522085,0.9916429579797663
2018-07-31,1.04316589577766,1.052488924942839,0.9911419218347732
2018-08-01,1.0255471650429067,1.0314640360088945,0.9942636187405212
2018-08-02,1.0054157161017523,1.0085960208805371,0.9968468001926001
2018-08-03,0.9839321607704548,0.9919365156950709,0.9919305774130037
2018-08-06,0.9617686217330423,0.9793670821026834,0.982030782235546
2018-08-07,0.9949593374642407,1.0079707320814515,0.9870914956128316
2018-08-08,0.9771593575324721,0.9917061424476448,0.9853315571089742
2018-08-09,1.0054283542619338,1.0165457908192685,0.9890635162156592
2018-08-10,1.0119253607261862,1.0187868471878725,0.9932650421620324
2018-08-13,1.014670276852461,1.0143945421591105,1.0002718219409614
2018-08-14,1.0103925186683584,1.0091794555016826,1.0012020291931851
2018-08-15,0.9873320651268271,0.9849650959291448,1.0024030995691775
2018-08-16,0.9777474611759928,0.9804022894585871,0.9972921031385388
2018-08-17,0.9618144410445519,0.9663068960051273,0.9953509025143586
2018-08-20,0.9715044929613936,0.9775658801937126,0.9937995102374912
2018-08-21,0.9921728157222927,0.9953384120609017,0.9968195778438265
2018-08-22,0.9840930229196214,0.9897433427494716,0.9942911262083827
2018-08-23,0.9886610587417733,0.9933577349500402,0.995271918622043
2018-08-24,0.9897112122260561,0.9949434965092423,0.9947411241929379
2018-08-27,1.0189533459922817,1.0192506083052568,0.9997083520867656
2018-08-28,1.0190370422730797,1.017335692030088,1.0016723587467935
2018-08-29,1.0143503302149979,1.01326658257973,1.0010695582523887
2018-08-30,1.0014874592516858,1.0026509048179204,0.9988396304629618
2018-08-31,0.9932346457161718,0.9976871535506396,0.995537170325766
2018-09-03,0.990734944913248,0.9938932861481807,0.9968222531745105
2018-09-04,1.0025569448838287,1.0064836818832892,0.996098558704784
2018-09-05,0.9854535733498909,0.9868082221235575,0.9986272421091593
2018-09-06,0.9773947565311736,0.9762583753049412,1.0011640168780906
2018-09-07,0.9836865984092423,0.980674586991455,1.0030713668506774
2018-09-10,0.962544215809485,0.9664415725140458,0.995967312649411
2018-09-11,0.9637803774449476,0.964688254028079,0.999058891222796
2018-09-12,0.9566542145642377,0.9580489334931505,0.9985442090897931
2018-09-13,0.9662263430358952,0.9683863545845294,0.9977694733735061
2018-09-14,0.9613940016727093,0.9700379470869249,0.9910890646699195
2018-09-17,0.9473288027355946,0.95891665402979,0.9879156845952167
2018-09-18,0.9654057378722297,0.9782180902730824,0.9869023558976752
2018-09-19,0.9812255537236594,0.9910987310612477,0.9900381495524504
2018-09-20,0.9786537097817576,0.9903956229363422,0.9881442194587129
2018-09-21,1.0006855432738058,1.0204235067926108,0.9806570866043205
2018-09-25,0.996468413672826,1.0112409665608957,0.9853916589847924
2018-09-26,1.004469437997595,1.022443093566382,0.9824208743920474
2018-09-27,0.995462510557213,1.018358981110866,0.9775163071388867
2018-09-28,1.003987034248358,1.028911842552014,0.9757755647540852
2018-10-08,0.9641851870889429,0.9846419704582416,0.9792241403646663
2018-10-09,0.9613600681919513,0.9839807165112769,0.9770110857461439
2018-10-10,0.9608776903623509,0.9818594037539342,0.9786306335597906
2018-10-11,0.9003236426910425,0.93473818949763,0.9631826888071371
2018-10-12,0.9098672116068053,0.9486869180595449,0.9590805926446822
2018-10-15,0.8944361866483282,0.9354382830000036,0.9561680368477338
2018-10-16,0.8749300506745123,0.9278146531547077,0.9430008975387705
2018-10-17,0.8785581578571127,0.9329848710116629,0.9416638845434505
2018-10-18,0.8536820596938126,0.9108858650589052,0.9371998100317503
2018-10-19,0.8823082693419839,0.93798150269679,0.940645702292913
2018-10-22,0.9280355899508088,0.9784694256632291,0.9484564009976754
2018-10-23,0.9090000705479119,0.9524868147070673,0.9543439935464832
2018-10-24,0.9071144247841355,0.953913993099599,0.9509394257197178
2018-10-25,0.9123601076920724,0.9557421162888536,0.954609085591798
2018-10-26,0.9065033512854062,0.9495575831112151,0.9546586404115249
2018-10-29,0.8855721975904057,0.9206098455188231,0.9619408285725303
2018-10-30,0.8968388017790675,0.9305942052364833,0.9637270431435387
2018-10-31,0.9137571697181901,0.9436274700537561,0.9683452408036993
2018-11-01,0.9240136385714725,0.9505718984318984,0.9720607563675746
2018-11-02,0.9633399728287444,0.9844474922511931,0.9785590195631654
2018-11-05,0.9587420448823041,0.9762463869223149,0.982069749732755
2018-11-06,0.9532395312855085,0.970355113420265,0.982361527343914
2018-11-07,0.9486669386600755,0.9640000788008306,0.9840942542662146
2018-11-08,0.9421930203406198,0.9612653955195275,0.980159095221981
2018-11-09,0.9358401760464247,0.9477025386416768,0.9874830317408939
2018-11-12,0.9556424652983662,0.9589824849729828,0.9965171212957964
2018-11-13,0.9717853979143727,0.9686287162145817,1.0032589181457756
2018-11-14,0.9620543270669402,0.9589226131673522,1.003265867189474
2018-11-15,0.9783141061306472,0.9701217255503067,1.0084446934488487
2018-11-16,0.9851839264054878,0.9746995350260225,1.010756536761029
2018-11-19,0.9937397120778902,0.9857490380024013,1.008106195154582
2018-11-20,0.9689334782413641,0.9629528830623009,1.0062106830814446
2018-11-21,0.9735396742072586,0.9653704000102633,1.0084623209877872
2018-11-22,0.97096256173621,0.9617620370547583,1.0095663213216721
2018-11-23,0.9374611914044078,0.9405336961536708,0.9967332326722285
2018-11-26,0.9351128217385477,0.9398634684466116,0.9949453863592382
2018-11-27,0.9401307892937726,0.9386666633015063,1.0015597933212166
2018-11-28,0.9622944333410297,0.9511404001553859,1.0117270102119746
2018-11-29,0.9369711950102539,0.9387893514277985,0.9980632967185031
2018-11-30,0.9490447868643493,0.9492733673032214,0.9997592048331436
2018-12-03,0.9790144505117138,0.9756808998213586,1.0034166403082867
2018-12-04,0.9827095938748822,0.9777035012176616,1.0051202564488988
2018-12-05,0.9739525178519188,0.9730030737231543,1.0009757873889664
2018-12-06,0.9523030053974809,0.9519602372690206,1.000360065594172
2018-12-07,0.9555358117301773,0.9519272867436736,1.003790756958809
2018-12-10,0.9411907913360715,0.9409166934302045,1.0002913094302406
2018-12-11,0.9491647198143687,0.9454226427176634,1.0039580997192414
2018-12-12,0.9493214248011194,0.9486510230191663,1.0007066895683299
2018-12-13,0.962599658851177,0.9633358102313336,0.9992358309819503
2018-12-14,0.9389455475086118,0.9472448067693552,0.9912385275681282
2018-12-17,0.9354581759963952,0.9458355758970125,0.9890283256783025
2018-12-18,0.9280692173366848,0.9360306913812426,0.9914944305588852
2018-12-19,0.9124192138716665,0.9248704886611978,0.9865372774435097
2018-12-20,0.9149982691508617,0.9177764508764799,0.9969729211040826
2018-12-21,0.9033356757875894,0.9064008078066659,0.996618348094268
2018-12-24,0.9087477640765049,0.9090337651043974,0.9996853790927561
2018-12-25,0.9005039060664513,0.9027744973309717,0.9974848743831007
2018-12-26,0.8953255538967692,0.898211690860414,0.9967867964834881
2018-12-27,0.8908045952875336,0.8947648555866101,0.995573965300101
2018-12-28,0.8952760666576854,0.9007908055975784,0.993877891619648
2019-01-02,0.8851899616895554,0.8884905848080263,0.9962851343898212
2019-01-03,0.8786818022164753,0.8870843685582154,0.9905278836607201
2019-01-04,0.9003059009337663,0.9083366161170545,0.9911588776222433
2019-01-07,0.9127035173565656,0.9138509215876339,0.998744429530065
2019-01-08,0.910526736594805,0.9118762036143352,0.9985201203692108
2019-01-09,0.9166242114561564,0.921085595018833,0.9951563854794783
2019-01-10,0.9131263741928981,0.919353238675587,0.9932269075468105
2019-01-11,0.9158738439914229,0.9259626233077004,0.9891045501596613
2019-01-14,0.9073861838837812,0.9178841359976138,0.9885628787968727
2019-01-15,0.9232624292632147,0.9358990996023563,0.986497828297398
2019-01-16,0.9193219323628122,0.9360965223244357,0.9820802774483445
2019-01-17,0.9117929917682511,0.9309413074726385,0.9794312320758738
2019-01-18,0.9244680420651047,0.9479209936139769,0.9752585376767983
2019-01-21,0.9289097014552339,0.953148068654031,0.9745701974373983
2019-01-22,0.9167270392298966,0.9404858127306658,0.9747377651218507
2019-01-23,0.9148040447303486,0.9398066112635121,0.9733960516626404
2019-01-24,0.919899613104979,0.945111505629386,0.9733238963082802
2019-01-25,0.921587010938912,0.9527979517953434,0.9672428547966323
2019-01-28,0.918419741951304,0.9525915553131696,0.9641275285600958
2019-01-29,0.9119515490427511,0.9556403903052816,0.9542831783736412
2019-01-30,0.9022004802577998,0.9480137458374539,0.9516744711974785
2019-01-31,0.9029560654454866,0.9579322746119208,0.9426095031731693
2019-02-01,0.9273916854134792,0.9716267232686575,0.9544732181651335
2019-02-11,0.9490106353601887,0.989300543774807,0.9592743492681336
2019-02-12,0.9612242152174678,0.9964424649825294,0.9646560127626846
2019-02-13,0.9819758580903022,1.0163962515201928,0.9661348677954991
2019-02-14,0.9833138651381521,1.017925155896296,0.9659981968638272
2019-02-15,0.9761898639091985,0.9989438305013753,0.9772219759535865
2019-02-18,1.0109244249187108,1.0309703389886944,0.9805562649943478
2019-02-19,1.011239216088359,1.0291361865543762,0.982609716090212
2019-02-20,1.0166031629491845,1.0328223688357008,0.9842962290748988
2019-02-21,1.0148410775569672,1.030063778896646,0.9852215934085318
2019-02-22,1.0356957884470606,1.0532249134855907,0.9833567124988352
2019-02-25,1.09355712166589,1.1158657550728552,0.9800077802320327
2019-02-26,1.0898999483359566,1.1024644959842065,0.988603217886819
2019-02-27,1.0845904514246392,1.100579515611853,0.9854721408490645
2019-02-28,1.0740536213927756,1.097880727370928,0.9782971816663449
2019-03-01,1.094998452704631,1.1219185562566063,0.9760052961047396
2019-03-04,1.1143778629003211,1.1352001418414945,0.9816576142182329
2019-03-05,1.1303598338681644,1.14175561380554,0.9900190725584499
2019-03-06,1.1537784418747887,1.1513540317316353,1.002105703438157
2019-03-07,1.159224537897998,1.1396133389054766,1.017208642899316
2019-03-08,1.1094878842013431,1.0943531282562735,1.013829864925945
2019-03-11,1.1450513283397472,1.1160063907193365,1.0260257807320345
2019-03-12,1.1591722676712137,1.1236061139068805,1.0316535779968894
2019-03-13,1.1395486358447033,1.114282938028684,1.022674400687421
2019-03-14,1.113513634858127,1.1065934772401949,1.0062535680539078
2019-03-15,1.1280432713021211,1.1205123400067953,1.0067209713150327
2019-03-18,1.1593211440158513,1.1524491108931694,1.005962981842518
2019-03-19,1.1607506066449482,1.1471263391146074,1.0118768674955685
2019-03-20,1.1594175275488623,1.1475691380892712,1.0103247717861417
2019-03-21,1.174431012578414,1.1480029633038404,1.0230208894221984
2019-03-22,1.169558375638393,1.1470784556916032,1.0195975435117348
2019-03-25,1.148293111314182,1.1198600598199253,1.0253898254919716
2019-03-26,1.1261524504923808,1.10717691186134,1.017138669012832
2019-03-27,1.131315854090217,1.12002761674669,1.0100785348278425
2019-03-28,1.1212246651933566,1.115542629601952,1.0050935172181024
2019-03-29,1.1744904474357345,1.1586096673055555,1.0137067561045914
2019-04-01,1.2151965918925622,1.1890055454332,1.0220276907538053
2019-04-02,1.2148756037320831,1.1882155741148797,1.0224370309546422
2019-04-03,1.2430960453120081,1.2034360527401895,1.0329556294092352
2019-04-04,1.249926572756716,1.215424996226463,1.0283864299626635
2019-04-08,1.2330900250169006,1.2139290423757068,1.0157842690736643
2019-04-09,1.233489357668363,1.2193744321730604,1.0115755465449183
2019-04-10,1.2262733968512765,1.2224921127308974,1.0030930949009824
2019-04-11,1.204600625076734,1.196081635697729,1.0071224146619686
2019-04-12,1.2042961024069434,1.1934008650844938,1.0091295704915366
2019-04-15,1.1915541635196492,1.189481294933211,1.0017426659799258
2019-04-16,1.2195698219276605,1.2224741652107085,0.9976242088661665
2019-04-17,1.223483348176578,1.2229079904252778,1.0004704832708633
2019-04-18,1.2208338931312503,1.2183721753425043,1.0020204973804938
2019-04-19,1.2246342957818932,1.2328924202504388,0.993301828827151
2019-04-22,1.198155361768981,1.204468315581062,0.9947587215616913
2019-04-23,1.191174907635199,1.2024935275002626,0.9905873756438484
2019-04-24,1.199673243482231,1.205808630780179,0.9949118067814972
2019-04-25,1.1643410063316075,1.1793981537470106,0.987233194008685
2019-04-26,1.148378294686242,1.1636751445564082,0.9868547077406234
2019-04-29,1.1289322669392494,1.1669842886987618,0.9673928585602964
2019-04-30,1.1361435459908664,1.1708380279068513,0.9703678210913516
2019-05-06,1.0484575514663426,1.1024435338414864,0.9510306145231505
2019-05-07,1.0605596355986442,1.1132297831525926,0.9526870836991174
2019-05-08,1.0473423210402573,1.0973092811324099,0.9544641051057298
2019-05-09,1.0300873389889302,1.077035383746375,0.9564099327970637
2019-05-10,1.0766802142360539,1.1161559300184123,0.964632436453832
2019-05-13,1.059862162933474,1.0976892637864122,0.9655393360390025
2019-05-14,1.0531922731564936,1.0906340655571034,0.9656697020723589
2019-05-15,1.078314078007041,1.1151506585653244,0.9669671714083237
2019-05-16,1.0852417665254663,1.1201981882959873,0.9687944310785794
2019-05-17,1.0484669367137336,1.0917142118209797,0.9603859007797383
2019-05-20,1.0333956338392076,1.082447963233383,0.9546838914568687
2019-05-21,1.0568876980769548,1.0971058291652669,0.9633416120677145
2019-05-22,1.0536365818061237,1.0918997162679334,0.9649572814318595
2019-05-23,1.0272827256010442,1.072325982491773,0.9579948097629216
2019-05-24,1.0258985103580087,1.0753030274031288,0.9540552609021918
2019-05-27,1.0493550289003828,1.0882554582720503,0.9642543218359463
2019-05-28,1.058418462677455,1.098745433285036,0.9632972575940443
2019-05-29,1.0569598665466309,1.096247082388722,0.9641620794497493
2019-05-30,1.0512545541822522,1.089446234172092,0.9649439515306939
2019-05-31,1.0524739228729545,1.086038378668699,0.9690945951312616
2019-06-03,1.047746139971099,1.0867025771306946,0.9641517026098757
2019-06-04,1.0353802360648214,1.076667389474999,0.9616528244341924
2019-06-05,1.0323144638018025,1.0762604154332125,0.9591679197699369
2019-06-06,1.0191449080085118,1.0665573270085147,0.9555463004197012
2019-06-10,1.028090357449189,1.0803385687511657,0.9516371878101383
2019-06-11,1.0667719255999502,1.1128139054582122,0.9586256249742819
2019-06-12,1.0589076389379206,1.1043823567744069,0.958823393403979
2019-06-13,1.0597530651516553,1.1026739771964134,0.961075609897056
2019-06-14,1.0452705676104665,1.0935452795252654,0.9558548577560904
2019-06-17,1.0449350931060517,1.0935273320050765,0.9555637637241982
2019-06-18,1.045770765136655,1.097357164555414,0.9529903288692165
2019-06-19,1.059553124622278,1.1118145230351864,0.9529944992351441
2019-06-20,1.082528852938888,1.1454986532699645,0.9450284815688594
2019-06-21,1.0911762676304988,1.1471203098695446,0.9512308850626069
2019-06-24,1.089351796040913,1.1493134828151441,0.9478282577636171
2019-06-25,1.0785344943315724,1.1373573496392162,0.94828111382381
2019-06-26,1.072082116666773,1.1352689172997197,0.9443419971514425
2019-06-27,1.0796951060539808,1.147383633642318,0.9410061939148783
2019-06-28,1.0762806049175344,1.1446219589732307,0.9402935147976708
2019-07-01,1.1009776866733765,1.1776000365680723,0.9349334684822196
2019-07-02,1.1036141095234426,1.1780069405023579,0.9368485630931931
2019-07-03,1.096424356403419,1.1649496989198325,0.9411774237291519
2019-07-04,1.087225610595404,1.1588370259304508,0.9382040668940925
2019-07-05,1.0933741047422336,1.164850987558793,0.938638603924477
2019-07-08,1.0659335238790542,1.1378002187213807,0.9368371585276299
2019-07-09,1.0670309100007727,1.1349098967884383,0.94018997721339
2019-07-10,1.064123486531756,1.1329979951358014,0.9392103879267765
2019-07-11,1.063861299154374,1.1325432077785114,0.9393560367918703
2019-07-12,1.0672122640470578,1.1395774438650994,0.9364982343169228
2019-07-15,1.0791872443443251,1.1442031367638195,0.9431780159217352
2019-07-16,1.0786395161741873,1.1390119567641435,0.9469957797796345
2019-07-17,1.0803655811250321,1.1383537174397105,0.9490596504177099
2019-07-18,1.0657081576773466,1.1275106810530062,0.9451867512971664
2019-07-19,1.0767011175737469,1.139347070617673,0.9450159177484312
2019-07-22,1.0636545783302198,1.1314840236573553,0.9400526707324715
2019-07-23,1.072360927206299,1.1339464795132912,0.9456891895520274
2019-07-24,1.0831020806274665,1.1428985763900792,0.9476799630361918
2019-07-25,1.0873180945048968,1.1522456589260273,0.9436512831112356
2019-07-26,1.0883371224005896,1.1544896598096621,0.9426997575534986
2019-07-29,1.0859300365443412,1.1532031170636117,0.9416641530673563
2019-07-30,1.0919954235869784,1.1580052705416903,0.9429969373767756
2019-07-31,1.0814770315555593,1.147545161324019,0.9424265536597868
2019-08-01,1.0704341347254422,1.1380036706885233,0.9406245008663289
2019-08-02,1.0531364655589752,1.121239424896954,0.9392610018647555
2019-08-05,1.0314303995158638,1.0997716668808448,0.9378586761024591
2019-08-06,1.0168652990914557,1.0879951491218087,0.9346230081193225
2019-08-07,1.016463981390109,1.0835370131498534,0.9380980705358996
2019-08-08,1.028048521529601,1.097856820713177,0.9364140224239551
2019-08-09,1.0166789250937511,1.0871573644879848,0.935171814406623
2019-08-12,1.0384348891535162,1.1067759670646178,0.9382521124917853
2019-08-13,1.0314464249063042,1.0967976365920211,0.9404163452715154
2019-08-14,1.036793501937123,1.1017793353794907,0.9410173785661134
2019-08-15,1.0412245856012892,1.1052500773110463,0.9420714885942155
2019-08-16,1.045772884267753,1.1101988956806697,0.9419689465882447
2019-08-19,1.0705648047796001,1.1342995408870096,0.9438113709738702
2019-08-20,1.0698533903060299,1.133294199326421,0.9440208826109783
2019-08-21,1.0673143064103139,1.131508000422608,0.9432671320146935
2019-08-22,1.0683594635881561,1.1350236111546361,0.9412662900477781
2019-08-23,1.0715469083948643,1.1432067689633254,0.937316798225886
2019-08-26,1.0640481408048539,1.1267656486426594,0.9443384630039466
2019-08-27,1.080595534957344,1.1420368850985037,0.9462002051397314
2019-08-28,1.0757779180609264,1.1377373322932187,0.945541547707319
2019-08-29,1.0726868033258565,1.1340302579766741,0.9459066861582106
2019-08-30,1.0650350717490507,1.136842760583797,0.9368358656760313
2019-09-02,1.0857363054022533,1.1514228071898613,0.9429518840712204
2019-09-03,1.0905694251677984,1.1530056242340323,0.945849180824498
2019-09-04,1.0993603684626712,1.162696724276104,0.9455263315953125
2019-09-05,1.1094992581286487,1.1744613237600146,0.9446877778627983
2019-09-06,1.1145200351180475,1.1813998631080946,0.9433893382938984
2019-09-09,1.1295293417637313,1.1887123558651136,0.9502125019485388
2019-09-10,1.1255262100154035,1.1846191995420026,0.950116468187038
2019-09-11,1.113290381601512,1.175891516775078,0.9467628311961535
2019-09-12,1.1209291536623192,1.1885417142083163,0.943113010054482
2019-09-16,1.1234002499855096,1.1841555085321185,0.9486931757620912
2019-09-17,1.1043414029490408,1.1642585791775542,0.9485361952231955
2019-09-18,1.1091848313977712,1.1699015319119885,0.9481010163180255
2019-09-19,1.1175496553571087,1.174180122574553,0.9517702044782754
2019-09-20,1.1195007080525972,1.177552083037568,0.9507016497858644
2019-09-23,1.1059670275086324,1.1640910222507894,0.9500692010923911
2019-09-24,1.1082974392348157,1.1672087028086262,0.9495280805977082
2019-09-25,1.092401123050637,1.158202763371271,0.9431864243449911
2019-09-26,1.0731015747163455,1.149274573152235,0.9337208007421918
2019-09-27,1.0828185959596548,1.152718393803507,0.9393609070354026
2019-09-30,1.0690133247014135,1.1413128148308778,0.9366523452729498
2019-10-08,1.0648965220611064,1.1482393657963317,0.9274168381455682
2019-10-09,1.0712583285725121,1.1499028765738526,0.9316076604350598
2019-10-10,1.091737370243172,1.159297842532805,0.9417229379621473
2019-10-11,1.0979211649594467,1.1703952289321882,0.9380772732311432
2019-10-14,1.1126290481879815,1.182815053118,0.9406618940594286
2019-10-15,1.0976027086078106,1.177731558239458,0.9319634011069308
2019-10-16,1.0901287587839839,1.1736744371717265,0.9288169906903079
2019-10-17,1.0913228355499198,1.1744314579647,0.9292350167809639
2019-10-18,1.075516295068828,1.1577239992487287,0.9289919667958451
2019-10-21,1.0778129351419623,1.1611528870023435,0.9282265472589631
2019-10-22,1.0853503429859324,1.1656528771522399,0.9311093930789315
2019-10-23,1.0759643816168294,1.158232629166586,0.9289708772848565
2019-10-24,1.0760600403943785,1.1581100111477947,0.9291518336223542
2019-10-25,1.0868592611842132,1.1659251045776071,0.9321861729514452
2019-10-28,1.0976179187428996,1.174841306414017,0.9342690904299004
2019-10-29,1.0866420317112453,1.1699464007124614,0.9287964226818543
2019-10-30,1.0804421083041589,1.1642615938000862,0.9280063123766326
2019-10-31,1.078249532592158,1.162921138385968,0.9271905867053662
2019-11-01,1.0940359699237538,1.1825607031053218,0.925141489186045
2019-11-04,1.1017511175445016,1.1902592077614063,0.925639650893046
2019-11-05,1.1109188090315374,1.1976464351142122,0.9275849503326881
2019-11-06,1.103862675250573,1.1922818091577092,0.9258404068333473
2019-11-07,1.1089669160248161,1.1943732561197373,0.9284927557969708
2019-11-08,1.1034365509787998,1.188730303385303,0.9282480204604855
2019-11-11,1.080608994478672,1.1677772045321144,0.9253554447585167
2019-11-12,1.082053137551425,1.167989630259352,0.926423582468926
2019-11-13,1.0794848729069473,1.1668795480926601,0.9251039446800099
2019-11-14,1.084417651457026,1.1686388958236904,0.9279321913144926
2019-11-15,1.0737236066350422,1.1600308865605264,0.9255991535006589
2019-11-18,1.086046101458159,1.1692582254852135,0.9288334071864036
2019-11-19,1.1021189450053517,1.1809600086484626,0.933239853114637
2019-11-20,1.0902968131013877,1.1692372633424928,0.9324855162283843
2019-11-21,1.0862248611881518,1.1637738559174495,0.9333642061685921
2019-11-22,1.075265173815817,1.1519225334551253,0.9334526780986053
2019-11-25,1.0772426679579559,1.1603660004140561,0.9283645570221472
2019-11-26,1.0847451637847219,1.1643872264414097,0.9316017379372246
2019-11-27,1.0816956112058966,1.1595910321008938,0.9328250920034542
2019-11-28,1.0777773840640767,1.1556057011139182,0.9326514943853074
2019-11-29,1.069712629347062,1.1455435220704382,0.9338035689937642
2019-12-02,1.0721941660206837,1.1477546425362268,0.9341666992968333
2019-12-03,1.0768750695226967,1.1522516180635913,0.9345832565047136
2019-12-04,1.0742488998478232,1.1518716354095893,0.9326116442357186
2019-12-05,1.0819777750785107,1.1607100179201797,0.9321688952226452
2019-12-06,1.0867773437014463,1.1676006738452556,0.9307782772361427
2019-12-09,1.0873657759012614,1.1655242298883854,0.9329413735185851
2019-12-10,1.0883485451070538,1.1669992917039216,0.9326042893461993
2019-12-11,1.0881511448866867,1.1677083589663897,0.9318689350223339
2019-12-12,1.085824407480388,1.1641987073719242,0.9326796195569919
2019-12-13,1.1028479679978873,1.1872970256402073,0.9288728466267454
2019-12-16,1.1180426324066943,1.1930806140211232,0.9371056903175025
2019-12-17,1.1349156418818238,1.2093123232370835,0.9384801759432048
2019-12-18,1.1364795440092397,1.2066134648886577,0.9418754034160478
2019-12-19,1.1339922602199777,1.2049290620759168,0.9411278189823679
2019-12-20,1.1289369932976139,1.2019668799547176,0.9392413485970137
2019-12-23,1.109845581220263,1.1869620520016793,0.9350303822675983
2019-12-24,1.1259392946236055,1.194699396213173,0.942445688172677
2019-12-25,1.1278525879141956,1.1940740373065863,0.9445415884413976
2019-12-26,1.1431062647489034,1.2045818897322602,0.9489651757947143
2019-12-27,1.1329548320618938,1.2033970729697812,0.9414638422428204
2019-12-30,1.152307947665622,1.221229476642601,0.9435638180250464
2019-12-31,1.1592159485932958,1.2257026156197146,0.9457562820058084
2020-01-02,1.178974368131439,1.2423560915601173,0.9489826436564696
2020-01-03,1.1791584816004745,1.2401779917271765,0.9507977802107898
2020-01-06,1.1787745884231144,1.2354924270228258,0.9540929289737657
2020-01-07,1.1883427915780795,1.244746757335297,0.9546863926940731
2020-01-08,1.1697005234389004,1.2304120168743162,0.950657590625907
2020-01-09,1.185938891671528,1.245985416658343,0.9518080033810861
2020-01-10,1.1826592744784332,1.2456294107695933,0.949447134318822
2020-01-13,1.195393988464744,1.257839753743199,0.9503547529861234
2020-01-14,1.1918394015024951,1.253621104993766,0.9507174031729642
2020-01-15,1.1839404679281658,1.2466915394057805,0.9496659201621563
2020-01-16,1.1779198966450446,1.2413987035300338,0.9488650932980023
2020-01-17,1.180748482660038,1.2431370891183433,0.9498135748628074
2020-01-20,1.1864718247468826,1.2524062822209712,0.9473537793525254
2020-01-21,1.1629822803700718,1.2310073697705872,0.9447403069461779
2020-01-22,1.1695183572725718,1.236279313611114,0.9459984846437843
2020-01-23,1.127259809934844,1.1979725752076482,0.9409729682162822
2020-02-03,1.0307122051106374,1.1035625897682748,0.9339861777364757
2020-02-04,1.0555298245362057,1.1326689105273373,0.9318961743593563
2020-02-05,1.0720395690342315,1.1455016678924983,0.935869059891093
2020-02-06,1.0974478014752145,1.166819746394531,0.940546133939132
2020-02-07,1.1025855445119144,1.1668466676748144,0.9449275342312511
2020-02-10,1.1086473768660523,1.1716758125406774,0.9462065914478909
2020-02-11,1.1163650926565278,1.182581735355544,0.944006709456655
2020-02-12,1.1311122757385583,1.1921472027562923,0.9488025246575098
2020-02-13,1.1207087905646527,1.1848136777490519,0.9458945415736694
2020-02-14,1.124168965885804,1.1931344565816904,0.9421980562916008
2020-02-17,1.1546355752528312,1.219969925284335,0.946445933889496
2020-02-18,1.155527924281801,1.2140127507315912,0.9518251958930861
2020-02-19,1.1427669368852693,1.212157706262053,0.942754338797412
2020-02-20,1.16601644083235,1.2400882541262315,0.9402689179198196
2020-02-21,1.1733750858107987,1.2415333099314516,0.9451015743392208
2020-02-24,1.1708142971000686,1.2365516111439818,0.9468381962778755
2020-02-25,1.1704667031953775,1.233861866770652,0.9486205342084226
2020-02-26,1.1540257676979109,1.2186534466354693,0.9469679594999002
2020-02-27,1.1512480602236832,1.222201867677843,0.9419459179939149
2020-02-28,1.1012193292800232,1.178868561686435,0.9341324088791287
2020-03-02,1.1407690749718475,1.2176510495899115,0.9368604210180275
2020-03-03,1.150527548979835,1.2241407607182644,0.9398654026557887
2020-03-04,1.152572310963972,1.2312287692579187,0.9361154805200385
2020-03-05,1.1711871813604486,1.2586595908568339,0.9305035212603924
2020-03-06,1.1560979905406201,1.2382480724468494,0.9336562004543274
2020-03-09,1.0998296376920775,1.1959470292963137,0.9196307284104457
2020-03-10,1.1347059354086073,1.2215587014660687,0.9289000471666045
2020-03-11,1.11228820333771,1.2053119892449502,0.9228218197966208
2020-03-12,1.0888755017540193,1.1821179041306584,0.9211225867988095
2020-03-13,1.0800074742602683,1.165482305602944,0.9266614079580928
2020-03-16,1.0212946582159164,1.1153750726751894,0.9156513205610518
2020-03-17,1.0253389381487426,1.1099415310454606,0.9237774328373582
2020-03-18,1.0063805589877675,1.0879741869790895,0.9250040773321304
2020-03-19,1.01192691617098,1.0738608460054408,0.9423259260593742
2020-03-20,1.0244924218658344,1.0930486379900364,0.9372798119484718
2020-03-23,0.9732916901325626,1.0562738185852056,0.9214388097171706
2020-03-24,0.9999226236165132,1.084638051448952,0.9218952094486556
2020-03-25,1.0339217424014389,1.1137832818709241,0.92829705673501
2020-03-26,1.0195951350882264,1.1064618153538108,0.9214914793622523
2020-03-27,1.0206608145793785,1.1100552454116588,0.9194684848328168
2020-03-30,1.0038068172649057,1.099298932003368,0.9131336236591835
2020-03-31,1.0046861955421267,1.102904350443842,0.9109458994679009
2020-04-01,1.0038493798839927,1.099589177056425,0.9129313027355129
2020-04-02,1.0335040734743277,1.117376711928772,0.9249379036102635
2020-04-03,1.026224419005023,1.1110007151666168,0.9236937519442731
2020-04-07,1.0562010756356286,1.13637297022135,0.9294493122534364
2020-04-08,1.0517789426097663,1.131083148968135,0.9298864929331532
2020-04-09,1.0585477396821257,1.1348142000499324,0.9327938790645632
2020-04-10,1.0413970023650974,1.1277440689229663,0.9234338100839374
2020-04-13,1.0342321086006732,1.1229807550002966,0.9209704654292139
2020-04-14,1.0605590748967326,1.1446549094985796,0.926531713703403
2020-04-15,1.0577684346467244,1.1361755474992707,0.9309903183314227
2020-04-16,1.0617853079637591,1.1376775305950904,0.9332919737004616
2020-04-17,1.0718634882866265,1.1487808761320364,0.9330443346999369
2020-04-20,1.0754722858214705,1.152960755433561,0.9327917544054206
2020-04-21,1.0641804357274447,1.1393739918979584,0.9340045000981135
2020-04-22,1.0740426799855611,1.1487479957141902,0.9349680556507227
2020-04-23,1.0760933229862462,1.1458666475413424,0.9391086871192149
2020-04-24,1.0622481599357927,1.1360588185105414,0.9350291927036666
2020-04-27,1.0650852279243994,1.1437782152018459,0.9311990854244769
2020-04-28,1.0679566422232336,1.1516711980649788,0.9273103677660767
2020-04-29,1.0747639313966877,1.1570208911238242,0.9289062450313756
2020-04-30,1.096530948614452,1.1706495088373676,0.9366859511208214
2020-05-06,1.1084650247773415,1.1777315582394594,0.9411864843244403
2020-05-07,1.1061980914086893,1.1743326764961606,0.9419801675869538
2020-05-08,1.1180784404696467,1.1859208154007126,0.9427935035374663
2020-05-11,1.1140046898082914,1.1848914970748712,0.9401744316322825
2020-05-12,1.114196062257848,1.1849094445950603,0.9403216991308745
2020-05-13,1.1177223727031576,1.187305999400302,0.9413936872783508
2020-05-14,1.1041265275295322,1.1744314579647008,0.9401370510314773
2020-05-15,1.1036103666725359,1.1707212989181235,0.9426755690636144
2020-05-18,1.1030457982169972,1.1737402681149207,0.9397699202980725
2020-05-19,1.1162774884874715,1.1837156540724862,0.9430284077489398
2020-05-20,1.1076345384114878,1.1774235058812141,0.9407273872815249
2020-05-21,1.0952883774758513,1.1710115439711801,0.935335251915166
2020-05-22,1.0745986449492733,1.1441642271009107,0.939199652896068
2020-05-25,1.065807244272964,1.1457380002774864,0.9302364449942623
2020-05-26,1.0881824075182565,1.1587383145694121,0.9391097142780039
2020-05-27,1.0771929830864402,1.1506120139438218,0.9361913225590861
2020-05-28,1.0780984595138772,1.153909169703549,0.9343009725720887
2020-05-29,1.087852806644297,1.1570178765012915,0.9402212608277558
2020-06-01,1.1259767432761927,1.1882305771200392,0.9476079516530086
2020-06-02,1.1260067267840768,1.1918897680135798,0.944723880515138
2020-06-03,1.12767882081772,1.1919137447788324,0.9461077412333796
2020-06-04,1.1285885613322237,1.191476975049232,0.9472181040557585
2020-06-05,1.1319567954940246,1.1971796593742956,0.945519568955624
2020-06-08,1.1330826066896993,1.2033732364195293,0.9415886712430384
2020-06-09,1.1402162502435633,1.2108771226535642,0.9416448861011166
2020-06-10,1.1432363250952127,1.2086869643304963,0.9458498013407984
2020-06-11,1.135600530478773,1.1955729356723728,0.9498379367714006
2020-06-12,1.137287535203872,1.1977271989550624,0.9495380385417314
2020-06-15,1.128570497003941,1.1833386159335146,0.953717289208577
2020-06-16,1.1507255353654648,1.2011651305762723,0.9580077760111064
2020-06-17,1.1514356914965553,1.2020686760457888,0.9578784593940248
2020-06-18,1.161108737481401,1.2100842068202124,0.9595272221034054
2020-06-19,1.1744476740688168,1.2263398928014253,0.9576852885262771
2020-06-22,1.1703793460824548,1.2273392051169505,0.9535907768634604
2020-06-23,1.174201489170087,1.2332454816241583,0.9521230822785488
2020-06-24,1.177690327990889,1.2383916526083603,0.9509837421064498
2020-06-29,1.166623448900222,1.2296341040461214,0.9487565813776943
2020-06-30,1.1862649873465039,1.2458627285320494,0.9521634769058649
2020-07-01,1.2036985230155475,1.2709418641261954,0.9470917254292514
2020-07-02,1.2343097474464306,1.2972895248387022,0.9514527974007174
2020-07-03,1.2637150113377733,1.3223505726976577,0.9556580814720979
2020-07-06,1.3302421881775663,1.3972975942120374,0.9520106480450323
2020-07-07,1.3357692528827243,1.4056872186104012,0.9502606520127609
2020-07-08,1.361129112906827,1.428387606704493,0.9529129954068689
2020-07-09,1.3836250069160363,1.448365299899908,0.9553011294952001
2020-07-10,1.3643346038876665,1.4221432718287244,0.9593510238481654
2020-07-13,1.396138577482058,1.4520125725183228,0.9615196203574472
2020-07-14,1.3872613453321339,1.4381684443475096,0.9646028257569842
2020-07-15,1.3567238590531938,1.4195522388164343,0.9557407060865726
2020-07-16,1.3025636263850466,1.351268514602236,0.9639561732617397
2020-07-17,1.2929264379237657,1.3597806869118905,0.9508345355750323
2020-07-20,1.3528924344725526,1.4003524584492126,0.9661085152596379
2020-07-21,1.3470108576939523,1.4035659058530583,0.9597061684647199
2020-07-22,1.359158010238916,1.4105702060368313,0.9635521893359962
2020-07-23,1.3602517972573893,1.409968823895497,0.9647389177721333
2020-07-24,1.2898463225101884,1.3480789037486414,0.9568032842317138
2020-07-27,1.299046884415891,1.354918731735682,0.9587636911269077
2020-07-28,1.3081404849704195,1.3668298558961358,0.9570616849840189
2020-07-29,1.3455050151133592,1.3999664465501471,0.9610980451917301
2020-07-30,1.337811539222147,1.3931267587781082,0.9602941949055107
2020-07-31,1.3519721793114179,1.4047657256206958,0.962418255694592
2020-08-03,1.3853593342065222,1.4275827725960164,0.9704231241788439
2020-08-04,1.3847746326771933,1.4289261725251658,0.9691015948221111
2020-08-05,1.396861916457661,1.4293180734542936,0.9772925581790242
2020-08-06,1.40020561001983,1.4250245498940721,0.9825835001396382
2020-08-07,1.3886819275392919,1.4086193947212848,0.9858460935177328
2020-08-10,1.3889573607513046,1.4136878865946687,0.9825063749375856
2020-08-11,1.3682700529809138,1.4007952574238771,0.9767809005130567
2020-08-12,1.349654823661018,1.3905804543512896,0.9705693902411683
2020-08-13,1.3470144268969282,1.3870110010586945,0.971163477339951
2020-08-14,1.3688088977369388,1.407632000680885,0.972419564967856
2020-08-17,1.4039900394568787,1.4407237225344234,0.9745033121180755
2020-08-18,1.4090044428701833,1.439984649261639,0.9784857384366278
2020-08-19,1.386852544710007,1.4184181798844901,0.9777458893137893
2020-08-20,1.3647793138063748,1.4000083708355888,0.9748365382928478
2020-08-21,1.3759360276157722,1.4118835999556647,0.9745392804753725
2020-08-24,1.3870661826236772,1.4229570796972961,0.9747772455081681
2020-08-25,1.37468617811941,1.42478225837152,0.9648394833963133
2020-08-26,1.3485704117193142,1.4080808289006121,0.9577365049222623
2020-08-27,1.3574766066617632,1.4156266394200885,0.9589227617374123
2020-08-28,1.3872236601181867,1.4494125657459387,0.9570937170703039
2020-08-31,1.3802229592252886,1.4410198566175425,0.9578098128814405
2020-09-01,1.3858577099697766,1.4487692593191632,0.9565758667609007
2020-09-02,1.383816994953298,1.4492988513797413,0.9548182513467776
2020-09-03,1.3748324342305756,1.4412831803903163,0.9538947327882192
2020-09-04,1.3647184570693858,1.4272566325025817,0.9561829498570693
2020-09-07,1.3291506582206953,1.3970822239697698,0.9513761147457386
2020-09-08,1.3340027327555521,1.4045681626836155,0.9497600530876061
2020-09-09,1.2939828647660738,1.3717159280525995,0.9433315151506028
2020-09-10,1.2932381681485416,1.3709349304943736,0.9433257110767367
2020-09-11,1.3142132723080928,1.3844888136121298,0.9492408023718962
2020-09-14,1.3168814207980892,1.391600798917037,0.9463068875951384
2020-09-15,1.330119448676653,1.4027999112999914,0.9481890025527699
2020-09-16,1.3261926635288326,1.393488793911922,0.9517067301315212
2020-09-17,1.3208025748993002,1.3861134848342416,0.9528819893540307
2020-09-18,1.3524144849528743,1.4173441329731786,0.9541892145247035
2020-09-21,1.341726947358449,1.403682564734288,0.9558620881014027
2020-09-22,1.322625759738776,1.387026004063853,0.9535695479851205
2020-09-23,1.3294701716728958,1.3919837260860701,0.955090312306346
2020-09-24,1.3005747285843268,1.3652771149697829,0.9526086054794172
2020-09-25,1.3015200914850473,1.3673565034416841,0.9518513191030106
2020-09-28,1.304194681614587,1.3709140384591538,0.9513322097718422
2020-09-29,1.3051562640725392,1.3738731358503207,0.9499831025262379
2020-09-30,1.3038599810165283,1.372556657201455,0.9499498429995639
2020-10-09,1.3318437605964482,1.4006037237318607,0.950906911091023
2020-10-12,1.3667922305949867,1.4430963005744137,0.9471247553271013
2020-10-13,1.3719128191709398,1.4478955796449622,0.947521933527379
2020-10-14,1.360214335112436,1.4382911324738035,0.9457155817771897
2020-10-15,1.3551224457539848,1.4357898370624587,0.9438167138210738
2020-10-16,1.3498413532614388,1.4336774980652105,0.9415237074468206
2020-10-19,1.3396132423007021,1.4228493945761636,0.9415003776276296
2020-10-20,1.3541724770559542,1.434213119370852,0.9441919466264475
2020-10-21,1.3428287625896786,1.4340215856788348,0.9364076357009735
2020-10-22,1.3356715427734664,1.4295784527120374,0.9343114679992405
2020-10-23,1.3089572929881237,1.4117789995645647,0.9271686952361847
2020-10-26,1.3093039868595215,1.4036256374436893,0.9328014193613988
2020-10-27,1.3177180028299855,1.4060313062240268,0.9371896607116015
2020-10-28,1.3296173316528008,1.4173979755337465,0.938069162369242
2020-10-29,1.3402291265751962,1.4280644111260905,0.938493471396271
2020-10-30,1.310930614367108,1.4048494339765787,0.9331467007509671
2020-11-02,1.3156586374742805,1.4124790930669382,0.9314535301316
2020-11-03,1.3351588801570393,1.429452820070714,0.9340349407901339
2020-11-04,1.3457991514680112,1.4402540022794774,0.934417921656893
2020-11-05,1.3682385186081731,1.46163188247964,0.9361033615981158
2020-11-06,1.3593794226003586,1.4618144424115629,0.9299261131650768
2020-11-09,1.3882322625195105,1.4904269960429248,0.93143258019699
2020-11-10,1.3795569477937264,1.4822080133013584,0.9307444943041464
2020-11-11,1.357669516683126,1.4675530217770048,0.9251246779752974
2020-11-12,1.3628065382395735,1.4686182351432242,0.9279515299676695
2020-11-13,1.3583355470613532,1.453176497245584,0.9347354224596967
2020-11-16,1.3685080174363977,1.4673347070197054,0.9326488434366594
2020-11-17,1.3686290840382118,1.4645281635501455,0.934518787757918
2020-11-18,1.3630151291259138,1.463594612070313,0.9312791382839778
2020-11-19,1.3703914452146588,1.4744616953297704,0.9294181392132836
2020-11-20,1.3893669356102214,1.4790394346979856,0.9393711235927424
2020-11-23,1.402012030121104,1.4975120600675487,0.9362275386669427
2020-11-24,1.3941445712681435,1.488314657045677,0.9367270319271986
2020-11-25,1.3718524507435694,1.4692884628502836,0.9336848994800535
2020-11-26,1.3644252489071436,1.4719483414282988,0.9269518572799772
2020-11-27,1.3756160872182397,1.4902535500860985,0.9230751955858547
2020-11-30,1.3703866199758867,1.4841138156014317,0.9233703005591539
2020-12-01,1.394111742641086,1.516083537013153,0.9195481044452443
2020-12-02,1.3896756266463477,1.5160954552882786,0.9166148620781317
2020-12-03,1.383288187878488,1.5130795708215137,0.9142203850703261
2020-12-04,1.390157459865434,1.5157304756394343,0.9171534664030389
2020-12-07,1.37717762096826,1.5026613157817834,0.9164923635847786
2020-12-08,1.3763600342951385,1.4989632853328339,0.9182079693096205
2020-12-09,1.3568687440842266,1.4788629040111265,0.9175081343943279
2020-12-10,1.3521843902163408,1.4782106238242563,0.9147440617887898
2020-12-11,1.3402085233565384,1.4629842561688844,0.9160785686553738
2020-12-14,1.3440197221179633,1.476511218006357,0.9102671931830705
2020-12-15,1.3498387003356944,1.479580945033689,0.9123114925658626
2020-12-16,1.3466429289580322,1.4822049285713261,0.9085403124762511
2020-12-17,1.3672379642452204,1.5012371520117829,0.910740826266528
2020-12-18,1.3742456817507276,1.4959981586966031,0.9186145542772907
2020-12-21,1.3913709924152744,1.5100217620693066,0.9214244637829356
2020-12-22,1.35997188398164,1.4854663295056765,0.9155184853191538
2020-12-23,1.3785922213693862,1.4981374189741348,0.9202041173989176
2020-12-24,1.3746262148618122,1.496013161701761,0.9188597066205839
2020-12-25,1.3938183609910626,1.508576566049085,0.9239294791920502
2020-12-28,1.3983464353091783,1.5152787029046755,0.9228311812398955
2020-12-29,1.3837638025520742,1.5088548928270167,0.9170953476907447
2020-12-30,1.4071779135856044,1.5300293210600362,0.9197065011869722
2020-12-31,1.4289690886056692,1.5592254495275446,0.9164608549960854
2021-01-04,1.4543065673518742,1.5761092987153738,0.9227193625069173
2021-01-05,1.4647439061367544,1.6062628152129657,0.9118955455259992
2021-01-06,1.4713840735290282,1.6209745938129176,0.9077156910078295
2021-01-07,1.4916443027897062,1.6496949727804149,0.9041940039834586
2021-01-08,1.494028249595477,1.6442404690079653,0.9086433996463321
2021-01-11,1.4685865545619798,1.6280028707619427,0.9020786025239916
2021-01-12,1.505088848357887,1.6744359097909989,0.89886321689419
2021-01-13,1.4886798850721468,1.6689365372180767,0.891993105713656
2021-01-14,1.4622666319607678,1.6367693930842762,0.8933858600601756
2021-01-15,1.4581433812581297,1.6330653333902632,0.892887352051621
2021-01-18,1.4689637561101059,1.6511490023457296,0.889661535102647
2021-01-19,1.4380687176258116,1.626913680630471,0.883924411446662
2021-01-20,1.464573991104641,1.638555732203091,0.8938200650248704
2021-01-21,1.4947857058703287,1.66504697307711,0.897743865512618
2021-01-22,1.504723957451731,1.6664861398522681,0.9029321765527092
2021-01-25,1.5214160732761233,1.6832833361691846,0.9038383738405925
2021-01-26,1.4943187212091957,1.6494884360832398,0.9059285827777616
2021-01-27,1.497670570180044,1.6539855518256055,0.9054919304022776
2021-01-28,1.450630470408701,1.6088479591951936,0.9016578988199487
2021-01-29,1.4369012989536083,1.6013140669508428,0.8973263450371715
2021-02-01,1.4614593047011684,1.620968564567854,0.9015963274345111
2021-02-02,1.4964079462315187,1.6459339857958024,0.909154291208108
2021-02-03,1.478990969898517,1.6411797157407282,0.9011755115624196
2021-02-04,1.465793093621751,1.6378137144152758,0.8949693611187406
2021-02-05,1.4385545859964892,1.6406440944350869,0.8768230665480304
2021-02-08,1.4699767017023602,1.6649242849508181,0.8829090397619993
2021-02-09,1.5175946848045785,1.701334054599304,0.8920027673001587
2021-02-10,1.543662865265431,1.7376780634120974,0.8883480189847716
2021-02-18,1.5569631374842747,1.7259075748981247,0.9021126971855243
2021-02-19,1.5616027525352292,1.7290371737310872,0.9031632033482823
2021-02-22,1.528638008523325,1.6747290993590873,0.9127673300167348
2021-02-23,1.519247608618985,1.669445237243435,0.9100314132660894
2021-02-24,1.4721948672321228,1.6269286836356294,0.9048920718161232
2021-02-25,1.472119146719835,1.6365001802814412,0.8995533055588565
2021-02-26,1.4325977886447605,1.596766193377943,0.8971869485877041
2021-03-01,1.4676128344221413,1.6213067631514164,0.9052036713702888
2021-03-02,1.4445477066543886,1.6006169179635006,0.902494338553111
2021-03-03,1.470317921882435,1.631309000281765,0.9013117206050336
2021-03-04,1.409499348499778,1.5799959183413097,0.892090499815645
2021-03-05,1.39911920333402,1.5746373216298701,0.8885342574541703
2021-03-08,1.3439761943750173,1.5199492646038681,0.8842243788481234
2021-03-09,1.3108310820604725,1.4873303477353095,0.8813314971058148
2021-03-10,1.3159505906752809,1.4970872086130735,0.8790073037190661
2021-03-11,1.3583997210852135,1.534370798150763,0.8853138515946527
2021-03-12,1.3641383519815824,1.539804269672991,0.8859167225658395
2021-03-15,1.3380904309258508,1.5066407577386962,0.8881283902966881
2021-03-16,1.340773698468804,1.5197517016667872,0.8822320758044296
2021-03-17,1.3488019079537785,1.526184625719542,0.8837737487480365
2021-03-18,1.3609846673581756,1.5384249747034635,0.8846610590292255
2021-03-19,1.3266701137121324,1.4981284452140402,0.8855516480915552
2021-03-22,1.3424689406737655,1.5131064921017965,0.8872270046300541
2021-03-23,1.3203737068139834,1.4987746961558468,0.8809687741596934
2021-03-24,1.2857905086990842,1.474671036326975,0.8719168390949459
2021-03-25,1.2903843672384159,1.4739709428246013,0.8754476290866531
2021-03-26,1.3254452932346883,1.507373801766417,0.8793076353598983
2021-03-29,1.3294009663556499,1.5100336803444323,0.8803783542446677
2021-03-30,1.3419280225494732,1.524350473285224,0.8803277501252054
2021-03-31,1.334094553634846,1.5104764793190961,0.8832276251241192
2021-04-01,1.348994140123646,1.5291526968708034,0.8821840636871474
2021-04-02,1.3566001632162543,1.5443461140008279,0.8784301335804877
2021-04-06,1.3557486816569726,1.5379970385189563,0.8815027907742377
2021-04-07,1.356041561106883,1.5270462469036172,0.8880160400227043
2021-04-08,1.356967573150701,1.5295804928403094,0.8871501562045421
2021-04-09,1.3424380778462823,1.5065808859330658,0.8910494553466172
2021-04-12,1.313916594147493,1.4803738608670403,0.8875572778473305
2021-04-13,1.312829584661221,1.4779473000514824,0.8882790236265462
2021-04-14,1.33157563010619,1.4902116258006566,0.8935480082506838
2021-04-15,1.329111623731331,1.4807388405158843,0.897600297476004
2021-04-16,1.3299531942552703,1.4858880962301189,0.8950560931402071
2021-04-19,1.3628661901066756,1.5220436560809274,0.8954185937188465
2021-04-20,1.3633736912618104,1.5209515214344245,0.8963952315692476
2021-04-21,1.3621734309669604,1.525550293052861,0.8929062759648793
2021-04-22,1.3656361867913895,1.5227078545429231,0.8968471415689372
2021-04-23,1.3671523066233306,1.5365340351935473,0.8897637639709811
2021-04-26,1.3559383141614942,1.5191175092151077,0.8925829015439863
2021-04-27,1.3549334445325973,1.523090781711956,0.8895946720980416
2021-04-28,1.3675136507898826,1.5316838580774628,0.8928171721456651
2021-04-29,1.3722474244359317,1.5451269713440525,0.8881130482385283
2021-04-30,1.3587438572858137,1.5329554679258561,0.886355726382739
2021-05-06,1.345585766339161,1.5142943935943083,0.8885892809424575
2021-05-07,1.3212115557616615,1.4948252602092496,0.8838568566714713
2021-05-10,1.3208019438354752,1.4937391548078103,0.8842252943455943
2021-05-11,1.3285808011797229,1.5029066920343674,0.8840075090632052
2021-05-12,1.337232774663692,1.50933653135709,0.8859739010367329
2021-05-13,1.3272233679485061,1.4939037672195443,0.8884262809101392
2021-05-14,1.350659240801065,1.5290957695802043,0.883305851517641
2021-05-17,1.3769584600102054,1.551356443429665,0.8875835504096603
2021-05-18,1.3829682388108158,1.5521373007728894,0.8910089578558317
2021-05-19,1.3785893046799398,1.5475505876445799,0.8908201875185195
2021-05-20,1.3702326479645166,1.5517812948841396,0.8830062924987262
2021-05-21,1.3673881899540212,1.5361449385644497,0.8901426913738139
2021-05-24,1.3688109678438105,1.5425599150970153,0.8873632423916077
2021-05-25,1.4017460008541263,1.5912968268153367,0.8808827977489538
2021-05-26,1.4068412042910976,1.591928074751985,0.8837341501815507
2021-05-27,1.4164446378564133,1.5972060478375754,0.886826492908732
2021-05-28,1.4077985897118586,1.5920776841585609,0.8842524480555753
2021-05-31,1.4180918808092438,1.5952133122365868,0.8889669299593495
2021-06-01,1.4246559643163215,1.5982383106784475,0.891391449446334
2021-06-02,1.409841917477865,1.5827665667704913,0.890745323458869
2021-06-03,1.3982188961507078,1.5723902360162028,0.8892314796441536
2021-06-04,1.401807060593216,1.5804657788112586,0.8869581862427796
2021-06-07,1.4088508556981052,1.5790744253516042,0.8922004137863253
2021-06-08,1.4021519040176074,1.5654577259131863,0.8956817426671059
2021-06-09,1.4025598648450714,1.566753312526832,0.895201467666309
2021-06-10,1.412240914435785,1.5772312991571913,0.8953923975452615
2021-06-11,1.3992297615817164,1.5632377017948036,0.8950844519520068
2021-06-15,1.3815306699885228,1.545842067851584,0.8937075130246509
2021-06-16,1.3579470457377196,1.5200899002503494,0.893333378186431
2021-06-17,1.3713627335844012,1.5264928182927882,0.8983748348833487
2021-06-18,1.3844365605141038,1.526666264249615,0.9068364140440218
2021-06-21,1.388682013377255,1.5230519421565472,0.9117758724702241
2021-06-22,1.3985296165113597,1.532557537751665,0.9125462385986952
2021-06-23,1.418133696761004,1.5401064330011738,0.9208023980508386
2021-06-24,1.417805800893122,1.5426736294632128,0.919057520537549
2021-06-25,1.4420473020392397,1.5678064674029246,0.9197865502034793
2021-06-28,1.4488603733665113,1.57133413662508,0.9220574667068466
2021-06-29,1.433718504172171,1.5530170096921547,0.923182743797744
2021-06-30,1.4441327237156103,1.5630402790727247,0.9239254695165908
2021-07-01,1.4359093304964687,1.5647217373704347,0.9176771154911931
2021-07-02,1.4065111046470666,1.5202783492123346,0.925166832360527
2021-07-05,1.420048371222757,1.5216755917020512,0.9332136093701677
2021-07-06,1.417953439558898,1.5208707575935743,0.932330004031691
2021-07-07,1.4410551636791964,1.5380419073194294,0.9369414167594003
2021-07-08,1.4402250427048493,1.5224146649748354,0.946013642563444
2021-07-09,1.434202320756759,1.5167836305155264,0.9455549835208205
2021-07-12,1.4530479233722116,1.5357141980799127,0.9461707947930299
2021-07-13,1.4561065441727563,1.5385236860645037,0.9464310217396991
2021-07-14,1.4418198956447636,1.5208647283485106,0.9480263883892022
2021-07-15,1.4547092669712938,1.5413242002890002,0.9438048573418454
2021-07-16,1.442633751046415,1.52436239156035,0.9463850322164686
2021-07-19,1.4464286758654799,1.5299635602243442,0.9454007359844471
2021-07-20,1.4526960098054962,1.5286170755651622,0.95033349622135
2021-07-21,1.4839614486478538,1.5391041761706177,0.9641721929051208
2021-07-22,1.49266464508287,1.5414109933749143,0.9683755023795995
2021-07-23,1.4785738467333553,1.5227049100278924,0.971017980566091
2021-07-26,1.436126475061847,1.4736567210062923,0.9745325723355588
2021-07-27,1.3911208370555193,1.421598676762991,0.9785608693890527
2021-07-28,1.3841975903971786,1.4243424039118893,0.9718151945736819
2021-07-29,1.423332114151487,1.4512077384098485,0.9807914308058293
2021-07-30,1.4199904343497298,1.4395088997616305,0.9864408859055107
2021-08-02,1.4583612111656048,1.47618199318289,0.9879277879695169
2021-08-03,1.4515385835260344,1.4763975036401598,0.9831624477467389
2021-08-04,1.4753073737526332,1.489679089225048,0.9903524755255233
2021-08-05,1.459559663994904,1.4806491029149396,0.9857566260104997
2021-08-06,1.4533947269662988,1.4725378052945073,0.98699994101382
2021-08-09,1.471847972780684,1.4916866876161927,0.9867004814079207
2021-08-10,1.4827225180564034,1.5089177091476784,0.9826397483888824
2021-08-11,1.475405837576175,1.5005969303150397,0.9832126187719336
2021-08-12,1.4749957524537272,1.4880333857527142,0.9912383462469211
2021-08-13,1.4528709484484807,1.4798442688064624,0.9817728656139363
2021-08-16,1.447920395669818,1.4783752362359897,0.9793997898370436
2021-08-17,1.4145624622149415,1.4473570138242902,0.9773417675831777
2021-08-18,1.4270789676979894,1.4643635511384117,0.9745387110929954
2021-08-19,1.4375591973782245,1.4547592441822543,0.9881767056144756
2021-08-20,1.4154960942073092,1.4269724166945896,0.9919575723027191
2021-08-23,1.4536538646442756,1.4469021563594995,1.0046663198718038
2021-08-24,1.4645162448618412,1.4626132472749764,1.0013010941822182
2021-08-25,1.4727373433561615,1.4655364496257652,1.0049134866159317
2021-08-26,1.4462735464257368,1.436648513731503,1.006699643372918
2021-08-27,1.4466045802698433,1.4442572807866425,1.0016252640817032
2021-08-30,1.4358412361648791,1.4401372031832478,0.9970169737932796
2021-08-31,1.447800212252048,1.4378453889841092,1.0069234309503696
2021-09-01,1.4690296186276246,1.4569494025053225,1.0082914451946852
2021-09-02,1.4765453881433555,1.4569343995001645,1.0134604472582425
2021-09-03,1.458125201666892,1.4490505306121275,1.006262494552851
2021-09-06,1.4930709588174833,1.4761790486678588,1.0114429954583546
2021-09-07,1.5153947431262034,1.4938618429341028,1.0144142514208727
2021-09-08,1.5064157366823046,1.4876684061038705,1.0126018207427907
2021-09-09,1.5105713280127782,1.4870340734371894,1.0158283222933715
2021-09-10,1.5185486896066684,1.5000523352493043,1.0123304726926678
2021-09-13,1.5115596156687476,1.4935118662904168,1.0120841017642248
2021-09-14,1.4899401684367357,1.4712213266456415,1.0127233349952673
2021-09-15,1.484193058056202,1.456309040593578,1.0191470468735528
2021-09-16,1.4539891952552981,1.438470747890696,1.0107881563718677
2021-09-17,1.466703601882985,1.4529041997127161,1.0094978059620157
2021-09-22,1.4862868383041175,1.442680422880034,1.0302259701681067
2021-09-23,1.5115814601061293,1.4520843625990811,1.040973581865832
2021-09-24,1.488875640889756,1.4509563329122002,1.0261340104573984
2021-09-27,1.4465389348178541,1.4593160915152494,0.9912444214302273
2021-09-28,1.4600252721406914,1.4612489553106074,0.9991625772148759
2021-09-29,1.421863565204669,1.4463187217383546,0.9830914471574477
2021-09-30,1.437532663521659,1.4560279095156168,0.987297464648112
2021-10-08,1.4276755505719814,1.4750451299509155,0.9678860135075932
2021-10-11,1.4168145879505643,1.4769150372106103,0.9593067659643066
2021-10-12,1.3797720178135546,1.4612518998256383,0.9442396741986744
2021-10-13,1.381598736552727,1.478087935697964,0.9347202579664693
2021-10-14,1.3740044888982572,1.470159057794453,0.934595805544709
2021-10-15,1.3791399807904252,1.4756943254077532,0.9345702270755505
2021-10-18,1.385539261559548,1.458541123202087,0.9499487121197718
2021-10-19,1.4023578795843428,1.4728848374231622,0.9521164479076263
2021-10-20,1.3973290448999327,1.469132824198644,0.9511250595480517
2021-10-21,1.4034141573901047,1.4744706690898648,0.9518087994631859
2021-10-22,1.4073451147667528,1.4839583171647934,0.9483724027070952
2021-10-25,1.4178566781366124,1.4898794564621578,0.9516586539849543
2021-10-26,1.4155543845524998,1.4849666032404132,0.9532567139648489
2021-10-27,1.4044831817007521,1.465536449625765,0.9583406690835952
2021-10-28,1.3875684257943812,1.4553576818085572,0.9534208965524303
2021-10-29,1.4005855139529562,1.4687110574742017,0.9536154213760714
2021-11-01,1.3900636213264586,1.4633014225022247,0.9499502972869864
2021-11-02,1.376858776437478,1.448090057852011,0.9508101854381956
2021-11-03,1.3822781334337004,1.4424830001579547,0.9582630320650838
2021-11-04,1.3969907378263062,1.4567338920480521,0.9589882856794443
2021-11-05,1.378524912901454,1.4488379646698883,0.9514693475164044
2021-11-08,1.3818673683478837,1.4505823795032613,0.952629363125927
2021-11-09,1.3814238524596332,1.450151498803723,0.95260657496766
2021-11-10,1.373791498564557,1.442506976923207,0.9523638502565743
2021-11-11,1.3888546272605327,1.46568311451731,0.9475817886582674
2021-11-12,1.388890164680568,1.462607218029913,0.949598872177973
2021-11-15,1.3940339123241958,1.460815130096038,0.954284962966223
2021-11-16,1.392735860812569,1.461096261173999,0.9532129386831077
2021-11-17,1.4008877573114737,1.4618234161716577,0.9583153080009026
2021-11-18,1.3906869510893882,1.4474227746599828,0.9608021757264925
2021-11-19,1.4048804881955381,1.4631129735402397,0.9601995974351873
2021-11-22,1.4237977828215957,1.4697970226606394,0.9687036787190006
2021-11-23,1.4198131970009287,1.4700813786836342,0.9658058510150523
2021-11-24,1.4166320232277254,1.471071717239065,0.962993174721955
2021-11-25,1.41011553192762,1.465021860570345,0.9625218366220492
2021-11-26,1.3964149044299434,1.45415786204092,0.9602911354273918
2021-11-29,1.3919533201169443,1.4515518260234717,0.9589415239345621
2021-11-30,1.3954901557521247,1.4457502901223669,0.9652359506938171
2021-12-01,1.3978590697755373,1.4492867928896151,0.9645151509236206
2021-12-02,1.3927424559313406,1.4529699605484083,0.9585486925040518
2021-12-03,1.4082452523590123,1.466392181779778,0.9603469452829515
2021-12-06,1.395210756408016,1.4638788278783061,0.9530916970977611
2021-12-07,1.4020147217774448,1.4726993329762081,0.9520033657814488
2021-12-08,1.4277446850409379,1.4947893651688713,0.9551477407518489
2021-12-09,1.4493483946759789,1.5195513344296767,0.9538002184177301
2021-12-10,1.439678062561767,1.5124990807153988,0.9518538430322958
2021-12-13,1.4434297620255085,1.52108023880578,0.9489504400890542
2021-12-14,1.4343779479699825,1.5108774942233196,0.9493674725145983
2021-12-15,1.425832323359348,1.4977724393252905,0.9519685941087621
2021-12-16,1.4440912278468094,1.506398466216144,0.9586382754850771
2021-12-17,1.4258763270023227,1.48247119685913,0.9618239666465607
2021-12-20,1.4060970920808895,1.4602286107448599,0.9629294219647169
2021-12-21,1.4200992725057862,1.4701231627540743,0.9659729936132866
2021-12-22,1.4307052973854404,1.4704104632921005,0.972997222953811
2021-12-23,1.4354645891138686,1.4806701351651603,0.9694695361392905
2021-12-24,1.4326973554948288,1.4724719042438124,0.9729879065031058
2021-12-27,1.4330231277143826,1.4718675775874472,0.9736087332416582
2021-12-28,1.4415086722429762,1.482830287477912,0.9721332808050352
2021-12-29,1.4236828375095938,1.4611442147045035,0.9743616154942749
2021-12-30,1.4398559408286953,1.4725228022893484,0.9778157177533241
2021-12-31,1.448723188155885,1.478165755023783,0.9800816878838976
2022-01-04,1.448446729613201,1.4714037463625622,0.984397880727086
2022-01-05,1.4262812701410688,1.456548387601098,0.9792199711882703
2022-01-06,1.4187633303829879,1.4416212387588778,0.9841443038148017
2022-01-07,1.4142438573592269,1.4428600382969254,0.9801670431101026
2022-01-10,1.41775157276814,1.4493466646952458,0.9782004590780569
2022-01-11,1.3960471585645289,1.4354995920094016,0.9725165833104504
2022-01-12,1.410104936920674,1.4498044666750676,0.9726173213926984
2022-01-13,1.3800445135633064,1.4259700196490313,0.9677934981430898
2022-01-14,1.3763412891501283,1.4142443999355312,0.9731990377426061
2022-01-17,1.3964537894910225,1.426376923583317,0.9790215800623567
2022-01-18,1.4143049603645237,1.4401611799484997,0.982046301522375
2022-01-19,1.4064991639021296,1.4302964937345999,0.9833619603091287
2022-01-20,1.4125787894258321,1.443201041180517,0.9787817144798924
2022-01-21,1.3833349327178188,1.4299763828862282,0.9673830625969714
2022-01-24,1.3867957408565013,1.432199491734643,0.9682978864744953
2022-01-25,1.3444901665966449,1.3997988896233837,0.9604880933705986
2022-01-26,1.3467091638503064,1.409929844125088,0.9551604070669116
2022-01-27,1.3170341822779557,1.38227467852381,0.9528020752608103
2022-01-28,1.3059209938999634,1.3654864559669881,0.956377844828316
2022-02-07,1.3304332075133014,1.3865262777985903,0.9595441707932513
2022-02-08,1.3270786081471753,1.3789506014837993,0.96238299379194
2022-02-09,1.3423314913323126,1.3919029622452201,0.9643858284251756
2022-02-10,1.3402221454068786,1.3882527451117743,0.9654021215704287
2022-02-11,1.3195825999973019,1.3767454401555737,0.9584797316257592
2022-02-14,1.3068494956351846,1.3618721338739206,0.9595977941906917
2022-02-15,1.3291415020176458,1.3763564837414772,0.9656956738449892
2022-02-16,1.3349516587791352,1.3817091914228548,0.9661596427569759
2022-02-17,1.3340793341556467,1.3850512159830546,0.9631985581188562
2022-02-18,1.3493375022713043,1.3916575859926363,0.969590160577362
2022-02-21,1.347507328813553,1.386592178849285,0.971812295906524
2022-02-22,1.3281112372816881,1.3685922182497003,0.9704214444388822
2022-02-23,1.336574059230565,1.3832230927938,0.9662751194610159
2022-02-24,1.3050823264875073,1.3551789707784254,0.9630331894375972
2022-02-25,1.3173829811016742,1.3683737632773996,0.9627362175860511
2022-02-28,1.3160601494408304,1.3708362191333354,0.9600418569862887
2022-03-01,1.3332601845177317,1.3822178914482128,0.9645803261313699
2022-03-02,1.324084841446469,1.3699236999037243,0.9665391156744885
2022-03-03,1.318045931618217,1.3618541863537321,0.9678319050787598
2022-03-04,1.3094165926576482,1.345338261329778,0.9732991547890539
2022-03-07,1.2637466519816656,1.3023580167120885,0.9703527261820828
2022-03-08,1.230751446395382,1.276210723236692,0.9643794899904795
2022-03-09,1.218924113443108,1.2645299723236645,0.9639345370384914
2022-03-10,1.245002425326954,1.2844238169481963,0.9693081122437391
2022-03-11,1.2506313444679427,1.2885169732713075,0.970597493405787
2022-03-14,1.2153499889222534,1.2490941234560864,0.9729851146521551
2022-03-15,1.1532789737480502,1.191961698309339,0.9675470070756839
2022-03-16,1.1966232066183244,1.2435050132822192,0.9622986589011405
2022-03-17,1.2215332590221935,1.2679258394444315,0.9634106514915999
2022-03-18,1.2304077578870647,1.2763634173733003,0.9639948475013407
2022-03-21,1.2326724765046932,1.274224016880767,0.9673907100905305
2022-03-22,1.2300638797308932,1.273191894254896,0.9661260688835578
2022-03-23,1.2362402134639638,1.2795408295217663,0.9661592541177555
2022-03-24,1.2269382378631561,1.271997963517321,0.9645756306640885
2022-03-25,1.2024515304952044,1.2490373363804883,0.9627026314359167
2022-03-28,1.1945202317323953,1.2412282020882386,0.9623695543839063
2022-03-29,1.189816605294721,1.2369405675580791,0.9619028080254588
2022-03-30,1.2287887507402986,1.2728328036361143,0.9653968276351814
2022-03-31,1.2150716712730296,1.2634079718818472,0.9617413363817702
2022-04-01,1.2272216328348815,1.2794331444006322,0.9591916843844077
2022-04-06,1.2180556305403305,1.275747032226808,0.9547783375315578
2022-04-07,1.1985565676142271,1.2593686581193029,0.9517122408017599
2022-04-08,1.19785080157755,1.2658524802175937,0.9462799341133695
2022-04-11,1.1566297985174065,1.226746796735713,0.9428431373084626
2022-04-12,1.17592015406218,1.2506530338425055,0.9402449138505535
2022-04-13,1.1548494136623457,1.238616136825727,0.9323707154517985
2022-04-14,1.1710207487875746,1.254123775774061,0.933736184105756
2022-04-15,1.1756081039216637,1.2532799618951735,0.9380251337809178
2022-04-18,1.1737501607135905,1.2465867987996777,0.9415711459833999
2022-04-19,1.1659726593022248,1.2371679962904742,0.9424529755039561
2022-04-20,1.142961829830318,1.2179861634434417,0.9384029672381351
2022-04-21,1.1167662138618846,1.195558072882218,0.9340961674656387
2022-04-22,1.1191354498247799,1.200770144917114,0.9320147195215541
2022-04-25,1.066454119695832,1.1414265291970773,0.9343169204644439
2022-04-26,1.0583534051989256,1.1322141231700478,0.9347643555581854
2022-04-27,1.0833641642281011,1.1655511511686703,0.9294865893631847
2022-04-28,1.0930751219253252,1.1732017022942496,0.9317026388452785
2022-04-29,1.134005320630749,1.2016647166265364,0.9436952795071413
2022-05-05,1.1372126584168822,1.1998605702025342,0.9477873401781366
2022-05-06,1.1104811679376343,1.1695244937730194,0.9495151010947154
2022-05-09,1.1058792421482126,1.1601355570591303,0.9532327799274992
2022-05-10,1.1215239478515238,1.1728306934003419,0.9562539198219084
2022-05-11,1.141877768104492,1.1897505077360497,0.9597623709170305
2022-05-12,1.1402288063610526,1.184460616375334,0.9626565802165388
2022-05-13,1.1518814487616675,1.1933948358394335,0.9652140382788187
2022-05-16,1.1465948008608084,1.1838024471584017,0.9685693787955022
2022-05-17,1.1551754719963905,1.1985680683189206,0.9637963020461646
2022-05-18,1.1513716269610181,1.1943851743948641,0.9639868709391517
2022-05-19,1.1565241236891406,1.196685962354097,0.9664391160852669
2022-05-20,1.1810798739472246,1.2200237678449024,0.9680793973657826
2022-05-23,1.1810967538569526,1.212956651340468,0.9737336882993253
2022-05-24,1.1450330600609606,1.1845833045016256,0.9666125258642705
2022-05-25,1.154502860344789,1.1917731091323522,0.9687270601241397
2022-05-26,1.1622443068874249,1.1947232327634243,0.9728146862927618
2022-05-27,1.157120675066841,1.1971946623794547,0.9665267574506509
2022-05-30,1.1717869515836914,1.2054885199318097,0.9720432274626517
2022-05-31,1.1984342307247604,1.2241885740337681,0.9789621110217148
2022-06-01,1.200507292533962,1.2216933078674868,0.9826584829456864
2022-06-02,1.2138226883829162,1.223605139412623,0.9920052223428852
2022-06-06,1.2411961771618767,1.2465000057137634,0.9957450232430206
2022-06-07,1.245373353933544,1.2504016283448574,0.9959786725342248
2022-06-08,1.2538163103083282,1.2625731317630535,0.9930643055563068
2022-06-09,1.2361583806801832,1.2493664209889537,0.9894282093012269
2022-06-10,1.2572920578490174,1.2683118513434966,0.9913114479827606
2022-06-13,1.2526923816686086,1.2534594370970635,0.9993880492613056
2022-06-14,1.2567070761417702,1.2633211787959322,0.9947645121722206
2022-06-15,1.2692064344696998,1.2800495295471237,0.9915291597495761
2022-06-16,1.277512595784741,1.271624010108382,1.0046307600592232
2022-06-17,1.290491936614407,1.289270909334248,1.0009470680454502
2022-06-20,1.2975626095450385,1.2956708828616559,1.0014600364246857
2022-06-21,1.2933484463428166,1.2942167130813398,0.9993291179678433
2022-06-22,1.2708176018423487,1.2777756628681742,0.9945545519232953
2022-06-23,1.2923523021380074,1.2996950534040401,0.9943504045454346
2022-06-24,1.302779876344019,1.314921421059412,0.9907663343824678
2022-06-27,1.3208960095454496,1.3297289665053724,0.9933573253028123
2022-06-28,1.3342653785415872,1.3435700099461534,0.9930746955233549
2022-06-29,1.3102734964277256,1.3228772202432066,0.9904724916094905
2022-06-30,1.3257414524135742,1.3419213619587893,0.9879427289825706
2022-07-01,1.3201899284622625,1.3364490508811522,0.9878340873464876
2022-07-04,1.332818837541224,1.3452186579335181,0.9907823012123974
2022-07-05,1.3230421797217362,1.3432768203780658,0.9849363583519333
2022-07-06,1.3115817871704478,1.3236580775864313,0.9908765786115977
2022-07-07,1.3256093436605005,1.329492564012883,0.9970791710630847
2022-07-08,1.320707780843719,1.3250972443615894,0.9966874404602772
2022-07-11,1.2926455772142846,1.3029085008078862,0.9921230665183027
2022-07-12,1.2749630143829844,1.2906412305436812,0.9878523823742309
2022-07-13,1.2808579518331198,1.2929870275183883,0.9906193369097076
2022-07-14,1.2907721631689644,1.2931694472353097,0.9981461949387449
2022-07-15,1.2732180930134853,1.2711662081285606,1.0016141751344583
2022-07-18,1.2779091843422885,1.2843490823524093,0.9949858663048792
2022-07-19,1.2687294761050913,1.27739259548414,0.9932181230659433
2022-07-20,1.274909866268185,1.2817190695697087,0.9946874448050386
2022-07-21,1.2608655356075147,1.2674352271542642,0.994816546513781
2022-07-22,1.2544137816690264,1.2680844226111019,0.9892194551890114
2022-07-25,1.2429086204048951,1.260427842240459,0.9861005753376388
2022-07-26,1.2538110526125419,1.2704032983055253,0.9869393871102867
2022-07-27,1.2572892171036896,1.2641379311795353,0.9945823047414966
2022-07-28,1.257594900422007,1.2643265203565215,0.9946757267002386
2022-07-29,1.2385788064850745,1.247699825481401,0.992689732890836
2022-08-01,1.2554256586178747,1.2532590698599537,1.0017287636770609
2022-08-02,1.2263816291574112,1.2288261852076143,0.998010657585564
2022-08-03,1.2225796716542774,1.2168462154814352,1.0047117343998755
2022-08-04,1.2307056649487325,1.2271866511953458,1.0028675456581597
2022-08-05,1.2465237248363565,1.2437534742648357,1.0022273309211525
2022-08-08,1.2474548274959918,1.2411084584769771,1.0051134685092733
2022-08-09,1.2523970876876052,1.2435679698178819,1.0070998273387632
2022-08-10,1.2393379906026807,1.229640133291187,1.007886744299356
2022-08-11,1.2643740417570137,1.254713099425268,1.0076997222202997
2022-08-12,1.2562152620442344,1.2539980029177362,1.001768152039588
2022-08-15,1.251101952954171,1.2523614134204988,0.9989943314662754
2022-08-16,1.2453840065507953,1.2500157566607932,0.9962946466191988
2022-08-17,1.2565158798209817,1.2617204843390735,0.9958749940397313
2022-08-18,1.2490974392460352,1.2506918733979147,0.9987251583017425
2022-08-19,1.2305905573922522,1.2420061149164319,0.9908087751041808
2022-08-22,1.2386633697525709,1.2510808298120113,0.9900746140748505
2022-08-23,1.2335888795891812,1.2450011073479765,0.9908335601539303
2022-08-24,1.1995749001000449,1.2214658791350919,0.9820781084359492
2022-08-25,1.2024771700363588,1.2315849153616707,0.9763656204600687
2022-08-26,1.1952541178004197,1.2289847683742847,0.972554053197515
2022-08-29,1.195476119721965,1.2235902766224673,0.977023226289353
2022-08-30,1.1908934345257924,1.219482117294198,0.9765567019286526
2022-08-31,1.1748092574272793,1.2203947767388108,0.9626469072300137
2022-09-01,1.166039291890825,1.209892813343199,0.9637542094896843
2022-09-02,1.1670073148758702,1.2038698779547623,0.9693799440006611
2022-09-05,1.1704532811268114,1.2014224251039844,0.9742229349726906
2022-09-06,1.190171871288527,1.212447951315111,0.9816271865506295
2022-09-07,1.1931742598917345,1.2132558701536205,0.9834481655882339
2022-09-08,1.1886406024041745,1.2080795529441009,0.9839092131867032
2022-09-09,1.2045741465136874,1.224867775500923,0.9834319839307257
2022-09-13,1.2079304828532862,1.2300499817405044,0.9820173983044824
2022-09-14,1.1965359668721152,1.2163614922213304,0.9837009593973501
2022-09-15,1.181734699884464,1.2049200883158238,0.9807577376656015
2022-09-16,1.1491217053422162,1.1766634003582102,0.9765933953519678
2022-09-19,1.1426972050533186,1.1752632133534626,0.972290455508072
2022-09-20,1.1408443211577761,1.176711353888715,0.9695192600866746
2022-09-21,1.1370089633275675,1.1680016186419797,0.9734652291403098
2022-09-22,1.1306053166869214,1.157712080973605,0.9765859191312165
2022-09-23,1.1231849282435644,1.1537266798791288,0.9735277408694717
2022-09-26,1.1154970556974613,1.147940146983182,0.9717379940313247
2022-09-27,1.1353937930952516,1.1645817046484594,0.974936999751324
2022-09-28,1.1157986737689711,1.145555510453066,0.9740240988650772
2022-09-29,1.1147421421324681,1.145085720090618,0.9735010423885572
2022-09-30,1.1050524656363037,1.1384285221430008,0.9706823433728896
2022-10-10,1.0890434417934662,1.1133105469934457,0.9782027528028778
2022-10-11,1.0886049901603294,1.1153301337672168,0.9760383560008205
2022-10-12,1.107293346496988,1.132270980353146,0.9779402331336199
2022-10-13,1.1101170652772592,1.1228042243134375,0.9887004708733296
2022-10-14,1.1413770019258298,1.1496725033264277,0.9927844656834047
2022-10-17,1.1469189869023029,1.1508513609513438,0.9965830739029667
2022-10-18,1.1430631195220178,1.148415896483192,0.995338990885126
2022-10-19,1.1263624458278307,1.1299432010061283,0.9968310308207446
2022-10-20,1.1242172032359778,1.123480411158059,1.0006558121268527
2022-10-21,1.1235838836740255,1.1198780073401167,1.0033091785976858
2022-10-24,1.098481619375083,1.0871094810649822,1.010460895161139
2022-10-25,1.093247057728581,1.0853382150588262,1.0072869844257037
2022-10-26,1.1210888201276583,1.0941496762891327,1.0246210773738846
2022-10-27,1.116162218901966,1.0864422679804544,1.0273552970069517
2022-10-28,1.0837880353113656,1.0595709743449324,1.0228555345066952
2022-10-31,1.0761750846629146,1.049808014114604,1.025116088078779
2022-11-01,1.1143801641473798,1.0873488280725028,1.0248598567239866
2022-11-02,1.1364588948175494,1.1004059995475275,1.0327632667259596
2022-11-03,1.132648330669287,1.0914569172932713,1.0377398436194505
2022-11-04,1.1673517288233892,1.127142616674131,1.0356734911398378
2022-11-07,1.1668618964162836,1.1295751366272515,1.0330095436593665
2022-11-08,1.1588826518493223,1.1218049119979117,1.033051860849295
2022-11-09,1.1516723370921194,1.1113148668774253,1.0363150637299494
2022-11-10,1.1357914078519187,1.1027637147973604,1.0299499272703467
2022-11-11,1.1553394523659224,1.13350662505366,1.019261314252335
2022-11-14,1.1554370326138321,1.1351761650762444,1.0178482143661172
2022-11-15,1.1767856855982477,1.1567037247904834,1.0173613695342787
2022-11-16,1.164980646142636,1.1472549863784647,1.0154504970339033
2022-11-17,1.1620326614256817,1.142548529638894,1.0170532203064895
2022-11-18,1.152970350513776,1.1374351689650375,1.0136580808934141
2022-11-21,1.149522837779591,1.127729065917808,1.0193253614901252
2022-11-22,1.1396850268582799,1.1278607278041948,1.0104838290425322
2022-11-23,1.1378148882757222,1.129045544566674,1.0077670415965494
2022-11-24,1.1352813215461584,1.1240428836364835,1.009998228780486
2022-11-25,1.1350909703062015,1.129718786896265,1.0047553280269825
2022-11-28,1.1246240782365475,1.1169907701372073,1.0068338148384186
2022-11-29,1.1562856288526302,1.1514527430926782,1.004197207214055
2022-11-30,1.1564770885475253,1.1528350526847375,1.0031591994486169
2022-12-01,1.1733063822399898,1.1653207779212433,1.0068527091167048
2022-12-02,1.1643118970750619,1.1581937896111782,1.00528245576756
2022-12-05,1.1812372529786868,1.1809121953329598,1.0002752597923974
2022-12-06,1.1831315421168085,1.187291136610146,0.9964965673834527
2022-12-07,1.1751021788645302,1.1843708787743883,0.9921741575413864
2022-12-08,1.176661281937749,1.1845922782617202,0.9933048725122461
2022-12-09,1.1838761871814738,1.196279058419811,0.9896321254217051
2022-12-12,1.1746687513275738,1.182874924923632,0.9930625179187156
2022-12-13,1.1719718226048825,1.1805531047141775,0.9927311341819116
2022-12-14,1.1703932273167774,1.1833087501382014,0.9890852469231589
2022-12-15,1.170120993506879,1.1824410997090629,0.9895807865565438
2022-12-16,1.1720648115961203,1.1831113274161222,0.9906631645188224
2022-12-19,1.147690953920812,1.1648569466963579,0.9852634327122912
2022-12-20,1.1327105368127242,1.1456482626765423,0.9887070698002962
2022-12-21,1.1321865971183622,1.1461030500338323,0.987857590192209
2022-12-22,1.135666913599085,1.1477456687761332,0.9894761047628887
2022-12-23,1.1356804268359526,1.1454089156690213,0.9915065364866779
2022-12-26,1.138866344111483,1.1499776812771418,0.9903377801616821
2022-12-27,1.1508474988772397,1.1632502931019357,0.989337811218923
2022-12-28,1.1410479812780585,1.158286541834655,0.9851171882483485
2022-12-29,1.1343427438896967,1.1539301318462711,0.9830254991909823
2022-12-30,1.136838437063687,1.158397241578321,0.9813891092443728
2023-01-03,1.1424410909148495,1.1632652259995933,0.9820985493081772
2023-01-04,1.1453479199040677,1.1647761828555074,0.9833201749508559
2023-01-05,1.1703103780661415,1.187404850976344,0.9856035008648091
2023-01-06,1.1696904498088294,1.191088018635137,0.9820352748986368
2023-01-09,1.1791510363350777,1.2007311651467034,0.9820275100388611
2023-01-10,1.1809177578374275,1.2020327810054126,0.9824339040485036
2023-01-11,1.17208455124275,1.1998067276419666,0.9768944649496172
2023-01-12,1.1712201308610666,1.2021523844016722,0.9742692740604587
2023-01-13,1.1859925064930703,1.2190603505697553,0.9728743174517734
2023-01-16,1.2044065986909351,1.2380836002501174,0.9727990892114403
2023-01-17,1.2033180831106387,1.2378680897928476,0.9720891046735112
2023-01-18,1.2057504473327543,1.2357945903510084,0.9756884006024654
2023-01-19,1.2154478516983893,1.2434841212469983,0.9774534559231095
2023-01-20,1.2253586374740393,1.2511198095824212,0.9794095082572627
2023-01-30,1.2273179261838383,1.2570499226398801,0.9763477997806143
2023-01-31,1.212476531385077,1.2437384712596773,0.9748645389710123
2023-02-01,1.2246194052090356,1.2554281959327993,0.9754595357794458
2023-02-02,1.2258758161720538,1.2510060952162236,0.9799119451613653
2023-02-03,1.2186808018471293,1.2391816239266824,0.9834561603531606
2023-02-06,1.201395967199365,1.222800305304146,0.9824956388938281
2023-02-07,1.2022545789486108,1.2249994373873085,0.9814327600939897
2023-02-08,1.1955586479037936,1.2195868579003006,0.9802980740233007
2023-02-09,1.2118771578070067,1.2359592027627424,0.9805155017237582
2023-02-10,1.2020187234210211,1.2286137594803765,0.9783536234604735
2023-02-13,1.2100486512058268,1.2397621140327968,0.9760329320515243
2023-02-14,1.21256781699228,1.2402767030882167,0.9776591094334489
2023-02-15,1.2106636392651624,1.2338139132401473,0.9812368188374619
2023-02-16,1.1939351173407855,1.224778037899977,0.9748175427671162
2023-02-17,1.174192554115285,1.207131138674111,0.9727133337020821
2023-02-20,1.2013395687797574,1.2367460893510307,0.971371229004773
2023-02-21,1.2042725505945444,1.2399954317952544,0.9711911187051788
2023-02-22,1.1963138744349535,1.2288052931723943,0.9735585296401532
2023-02-23,1.189292830471381,1.2278178991319946,0.968623141356834
2023-02-24,1.1834105049750474,1.2150719348527477,0.9739427527132068
2023-02-27,1.1766298112875755,1.2099226791385131,0.9724834748327531
2023-02-28,1.188695731341473,1.2175882332692507,0.9762707119383038
2023-03-01,1.2068202258130425,1.2347863042753895,0.9773514831145148
2023-03-02,1.2065904954474322,1.2320337435813982,0.9793485785056463
2023-03-03,1.209554866768173,1.235866520646767,0.9787099549676092
2023-03-06,1.2000608415614042,1.2294216783188867,0.9761181722469457
2023-03-07,1.179939811552196,1.211421717719302,0.9740124304306051
2023-03-08,1.1798731578510895,1.2070115352778519,0.9775160579384892
2023-03-09,1.1764769006532068,1.2027447927829125,0.9781600450175909
2023-03-10,1.156921958364806,1.1869739702768063,0.9746818273487564
2023-03-13,1.179548115256779,1.1994057127377438,0.9834438028182824
2023-03-14,1.1668020004526383,1.192227966597144,0.9786735701083439
2023-03-15,1.1663144034764228,1.192886135814076,0.9777248376522377
2023-03-16,1.1505470811928475,1.1785993488836006,0.976198639752071
2023-03-17,1.1671435901129676,1.184484593140587,0.9853598745580635
2023-03-20,1.162139811511706,1.178578316633379,0.9860522589889235
2023-03-21,1.169326191495314,1.191533762124832,0.9813621977526545
2023-03-22,1.17658224748904,1.196638149038594,0.9832397942806124
2023-03-23,1.1984578419856207,1.2085014598835444,0.9916891967189749
2023-03-24,1.1937805370678014,1.204899056065602,0.990772240262096
2023-03-27,1.1863216389564122,1.200539771669688,0.9881568832213684
2023-03-28,1.1809380323229657,1.196659041073814,0.9868625830656481
2023-03-29,1.1811426511442982,1.1986428029147078,0.9854000276580688
2023-03-30,1.182713077939206,1.2083339029567794,0.9787965686017089
2023-03-31,1.1974396342518452,1.212043991895856,0.9879506373187271
2023-04-03,1.2271683655574128,1.2239043582257756,1.002666881043196
2023-04-04,1.2441242548680458,1.2276563714502937,1.0134140821493052
2023-04-06,1.2480727048087399,1.2257205631399049,1.0182359196223125
2023-04-07,1.256464611156366,1.2336912251138559,1.018459550962931
2023-04-10,1.2433940097087703,1.2281650714756518,1.0123997486875447
2023-04-11,1.2434438472407952,1.2267707735009663,1.0135910262128653
2023-04-12,1.2515284218601734,1.2259150413469533,1.0208932753489002
2023-04-13,1.2265184795612618,1.2174446531077388,1.0074531736866728
2023-04-14,1.2354313828251873,1.2243322944102828,1.0090654215898556
2023-04-17,1.2408836571948867,1.2415003594061056,0.9995032605455596
2023-04-18,1.2432393245115796,1.2452853231559708,0.998357004128816
2023-04-19,1.232316761043306,1.2340742924978907,0.9985758301057974
2023-04-20,1.2503164694094628,1.2306214980865242,1.0160040852151226
2023-04-21,1.2098451961585266,1.206550648567998,1.0027305505943234
2023-04-24,1.1936809729866644,1.1916115814506523,1.0017366326143733
2023-04-25,1.1805705693129436,1.1856364593777193,0.9957272821490033
2023-04-26,1.1661845755580622,1.1846072812668795,0.9844482589292249
2023-04-27,1.1686948881633463,1.1933409932788672,0.9793469718593992
2023-04-28,1.1920832160217114,1.205509411967031,0.9888626369798207
2023-05-04,1.1861014072800387,1.2058565843106879,0.9836173079886262
2023-05-05,1.1721171185168309,1.2018562503185544,0.9752556665625851
2023-05-08,1.1901125790723335,1.2155537135978227,0.9790703329347841
2023-05-09,1.1783037934715235,1.205147376833218,0.9777258915567392
2023-05-10,1.1661714145472104,1.1958692099704957,0.9751663516581232
2023-05-11,1.1595492789025963,1.1940112209859264,0.9711376731829422
2023-05-12,1.1412426110216485,1.1781834711892205,0.9686459188480339
2023-05-15,1.1574345241709336,1.1964735366268606,0.9673716039169683
2023-05-16,1.145733955821596,1.1902861290416917,0.9625701987672787
2023-05-17,1.1459400792996506,1.1848885525598418,0.9671289986083107
2023-05-18,1.157567346273702,1.183661811511921,0.9779544587952128
2023-05-19,1.1512390920985058,1.1802119616155855,0.9754511304245562
2023-05-22,1.1499726791953313,1.1876291949787077,0.9682926994868533
2023-05-23,1.1301109605985091,1.1708319986617912,0.965220426064692
2023-05-24,1.1146210638657559,1.154645228353804,0.9653363964054039
2023-05-25,1.1187040889054005,1.152075087376734,0.9710340073863423
2023-05-26,1.1219998327247276,1.1522097638856523,0.9737808755768166
2023-05-29,1.1212975274832737,1.1471203098695477,0.9774890374060149
2023-05-30,1.1287174816549495,1.1482602578315542,0.9829805342096307
2023-05-31,1.1204959244391166,1.1365286088729905,0.985893285651848
2023-06-01,1.1269209073499682,1.1390209305242407,0.9893768210486673
2023-06-02,1.1419481066424946,1.1554650654674385,0.9883017157083189
2023-06-05,1.1317513224968407,1.150205110009538,0.9839560897859824
2023-06-06,1.1154419860783356,1.1394069424233064,0.9789671666437262
2023-06-07,1.1075695938231627,1.1337759079639975,0.9768858078948817
2023-06-08,1.1084702439902576,1.143006331618717,0.969784867613507
2023-06-09,1.1276507443826356,1.1479461061207452,0.9823202834785565
2023-06-12,1.1340914127465338,1.1502589525701055,0.9859444346966851
2023-06-13,1.1509615827192847,1.1563865584571447,0.995308683157734
2023-06-14,1.149467759127293,1.1561202901693401,0.9942458141262509
2023-06-15,1.167460090614938,1.1745152364280849,0.9939931423668859
2023-06-16,1.1819441157012422,1.1858399113448619,0.9967147372875977
2023-06-19,1.1814760604245775,1.176133878405133,1.004542154696444
2023-06-20,1.1782657784052029,1.1741381982891135,1.0035154125145607
2023-06-21,1.1583007844238935,1.1561233047918715,1.0018834320033139
2023-06-26,1.1416686274202055,1.1398676889181591,1.001579953989007
2023-06-27,1.1538412018253266,1.1505581713832567,1.0028534241238085
2023-06-28,1.145432285921898,1.1491728471686657,0.996744996841873
2023-06-29,1.1457767050896897,1.143499958531416,1.0019910333544721
2023-06-30,1.1573947650007799,1.1496665441888656,1.0067221411730014
2023-07-03,1.1631662630181663,1.1647552207127871,0.998635801182631
2023-07-04,1.1736331754176195,1.1665893731471053,1.006037944826732
2023-07-05,1.1591463291089947,1.157553497806935,1.0013760325592531
2023-07-06,1.1538865057882088,1.1497562817898108,1.0035922604327663
2023-07-07,1.1403903896741918,1.1446549094985807,0.9962744056841927
2023-07-10,1.1491905943402068,1.15022901666729,0.9990972038506801
2023-07-11,1.1552223588931232,1.1577569497740778,0.9978107746349963
2023-07-12,1.1424638607129607,1.1499627483794854,0.9934790168837276
2023-07-13,1.1596153164240315,1.1664128424602462,0.9941722812123046
2023-07-14,1.1596938401658499,1.166616294427389,0.9940662115773576
2023-07-17,1.1556003856128136,1.157062815409267,0.9987360843534359
2023-07-18,1.1548122242811365,1.1534035544082257,1.0012213157030139
2023-07-19,1.1488354798316387,1.1521857871203995,0.9970922160937828
2023-07-20,1.1339053780820654,1.1440535273572465,0.9911296551843835
2023-07-21,1.130281893870303,1.1435209206741368,0.988422575779349
2023-07-24,1.12724813198709,1.1385272335040406,0.9900932527698639
2023-07-25,1.1521686255138763,1.1714094741453729,0.9835746175388123
2023-07-26,1.1479076924723395,1.168982983437316,0.9819712594078949
2023-07-27,1.1415604073017414,1.1675886854626305,0.9777076649637316
2023-07-28,1.163826513832023,1.19463349516248,0.9742121902196732
2023-07-31,1.1723273444550635,1.2011830780964636,0.9759772393005001
2023-08-01,1.173740986071022,1.1962072683390559,0.9812187378703788
2023-08-02,1.1668121883254199,1.187799696420503,0.9823307682614079
2023-08-03,1.1752252748050065,1.198295770786053,0.9807472440915711
2023-08-04,1.1796147210318961,1.2029632477552132,0.980590822897635
2023-08-07,1.1689472598156336,1.1938585268493178,0.9791338199012349
2023-08-08,1.1644009599943044,1.1907408462914808,0.977879413157606
2023-08-09,1.1623020270738529,1.1871025474331605,0.979108358908897
2023-08-10,1.1680636728014435,1.1895411667388451,0.9819447241188948
2023-08-11,1.1417664609091938,1.1621731614605915,0.9824409122253769
2023-08-14,1.1329147530199994,1.1536937994612826,0.981989114918546
2023-08-15,1.1287145797251885,1.1508902706142543,0.9807317070486397
2023-08-16,1.1193343171621175,1.142449818277855,0.9797667252023531
2023-08-17,1.1215282510147317,1.1462706069605975,0.9784149084905253
2023-08-18,1.1056697316588322,1.1321782281296695,0.9765862866709346
2023-08-21,1.0878423966777266,1.1158896617306102,0.9748655570395861
2023-08-22,1.0964251545080816,1.1244678051984596,0.9750614018820853
2023-08-23,1.0734134972003286,1.1060369638993366,0.9705041804534328
2023-08-24,1.0788372717497356,1.1140555794037927,0.9683872974516183
2023-08-25,1.075248529957308,1.1097829478787913,0.968881826858584
2023-08-28,1.0909422703960086,1.1227892914157807,0.9716357991091858
2023-08-29,1.1037098027434118,1.1340063513189245,0.9732836164980242
2023-08-30,1.0996896322293945,1.133527587196382,0.9701480975415158
2023-08-31,1.089950815127525,1.1265741850581452,0.9674913819113208
2023-09-01,1.0963506391079105,1.134419214390773,0.9664422333473021
2023-09-04,1.1099306859433733,1.1516113262593488,0.963806677334998
2023-09-05,1.0976544756978994,1.1430451711741259,0.9602896747907158
2023-09-06,1.0925605797479547,1.1405648379055018,0.9579118551070708
2023-09-07,1.0732312235923946,1.1245395952792159,0.9543738860754994
2023-09-08,1.0685002786094617,1.119010356910979,0.9548618312694173
2023-09-11,1.0775059105888418,1.1272533164177982,0.9558684768503991
2023-09-12,1.0768995879354686,1.1251768724609281,0.9570936039416896
2023-09-13,1.0664973637507023,1.118011044595454,0.9539238175742782
2023-09-14,1.0579518994671775,1.1170715339780586,0.9470762321725743
2023-09-15,1.056114323543374,1.1096722481351255,0.9517353662923814
2023-09-18,1.059397736331688,1.1153361630122807,0.9498461284268636
2023-09-19,1.0561911112591853,1.1131788851070592,0.9488062748851069
2023-09-20,1.049665965044394,1.108747740522888,0.9467130589590822
2023-09-21,1.0424721737201612,1.0987992758456058,0.9487375871429322
2023-09-22,1.0559668994039162,1.1186931905776383,0.9439289595198722
2023-09-25,1.052201906498776,1.1114136483459665,0.9467239385306174
2023-09-26,1.0455115992692785,1.1049179780800509,0.9462345803133738
2023-09-27,1.0477986912870083,1.1071948593815322,0.9463543678953658
2023-09-28,1.047183173679118,1.1039096218969304,0.9486131408834582
2023-10-09,1.0497019884720953,1.1024764843668358,0.9521309554960263
2023-10-10,1.043363513094383,1.0942185218548588,0.9535239006242837
2023-10-11,1.045337568807167,1.0973362024126958,0.9526137627727946
2023-10-12,1.053912967629964,1.1077574019674572,0.9513932976282878
2023-10-13,1.042461520170824,1.096097472982149,0.9510664387671675
2023-10-16,1.0375639597153679,1.0850838650461483,0.9562062372674214
2023-10-17,1.0390830110268647,1.088913697596486,0.9542381671939563
2023-10-18,1.0261995672509874,1.080290685328164,0.9499291081448646
2023-10-19,1.008444978834289,1.0572401803753846,0.9538466259163834
2023-10-20,0.9981492658169802,1.050373571323062,0.9502802555853538
2023-10-23,0.9861131258467937,1.0394975844110106,0.9486439801642588
2023-10-24,0.9899868917434246,1.043354268134131,0.9488501863454823
2023-10-25,0.9916108691331387,1.0485394188887436,0.9457068101302871
2023-10-26,0.9921744770215445,1.0514356999592487,0.9436378059637874
2023-10-27,1.0125191976901486,1.0658721664038007,0.9499443081493888
2023-10-30,1.0234069211650612,1.0722691253086767,0.9544310257655237
2023-10-31,1.017410905085335,1.0689001093606925,0.9518297324282687
2023-11-01,1.0113566663083162,1.068457240278528,0.9465579231272497
2023-11-02,1.0011594036471811,1.06341875441546,0.9414535896515182
2023-11-03,1.0122024237823997,1.0723798250523424,0.943884247107124
2023-11-06,1.033583431310629,1.0868821224400878,0.9509618476290681
2023-11-07,1.0312850283260977,1.0830373569920928,0.952215564558432
2023-11-08,1.031201888864123,1.0804372801122075,0.9544301255108754
2023-11-09,1.0307940566330396,1.0809639276577545,0.9535878397594417
2023-11-10,1.0248023234419938,1.073082933177248,0.955007569086667
2023-11-13,1.0231162174187622,1.0709645649349362,0.9553221935787569
2023-11-14,1.024327095897433,1.0717574807682877,0.955745226208401
2023-11-15,1.0306381973233456,1.0792943175276695,0.9549185802110216
2023-11-16,1.0165562927404725,1.0688552405602199,0.9510701301400405
2023-11-17,1.0176203084257784,1.0675716423292003,0.9532103215158101
2023-11-20,1.0184575814468,1.070040057322699,0.9517938833010035
2023-11-21,1.0143225373914855,1.0714612765776679,0.9466721379155315
2023-11-22,0.9978557259351744,1.0604955520646713,0.9409334381388551
2023-11-23,1.0032224983556153,1.065611857253559,0.9414520789410676
2023-11-24,0.9899996580373486,1.0585776211669709,0.935216878046201
2023-11-27,0.9828916293723726,1.0507774606348157,0.9353946636603429
2023-11-28,0.9862277210725312,1.0527462194705517,0.9368143079806318
2023-11-29,0.9773423282450905,1.0437073295078496,0.9364141657469696
2023-11-30,0.9788945698117242,1.046068059380214,0.9357847809555627
2023-12-01,0.9828463858770331,1.0420826582857379,0.9431558792983366
2023-12-04,0.977431010890936,1.0352787954465763,0.9441234720443712
2023-12-05,0.9593943893211163,1.0155674406464663,0.9446880147224958
2023-12-06,0.9600141968250829,1.0171651905882946,0.9438134589228743
2023-12-07,0.9564126003805595,1.0146758134520752,0.9425794797716762
2023-12-08,0.9600243320096058,1.017123266302853,0.9438623260474647
2023-12-11,0.9692147529534978,1.023104347513349,0.9473273721386977
2023-12-12,0.9687847850050865,1.0253034795965112,0.9448761311005531
2023-12-13,0.95462683246211,1.0081921315687858,0.9468699492592486
2023-12-14,0.9510256413001836,1.0029112139681646,0.9482650388734929
2023-12-15,0.9492863705783047,0.9997965480328594,0.9494795440593032
2023-12-18,0.9421216573885806,0.9961522900369763,0.9457606701417208
2023-12-19,0.9419502733549074,0.9975495325266927,0.9442641619700248
2023-12-20,0.92693557246354,0.9866166884315424,0.9395093183930636
2023-12-21,0.935612205046428,0.9966010481492027,0.9388031517566254
2023-12-22,0.9338268690500802,0.9985039760417453,0.9352259895368097
2023-12-25,0.9389686143311553,1.0015617847939517,0.9375044341616193
2023-12-26,0.9307609212616894,0.9947818987200426,0.935643202252949
2023-12-27,0.9328228526513664,0.9982436668915038,0.9344640828587919
2023-12-28,0.953480645136094,1.0216352448353756,0.933288715278941
2023-12-29,0.9581009823265924,1.0265930369650935,0.9332821749493027
2024-01-02,0.9523017395175657,1.013200751636539,0.9398944266270941
2024-01-03,0.9497229476490208,1.0107922084486711,0.9395827744919232
2024-01-04,0.9409569578598571,1.0014421112901912,0.9396019472833941
2024-01-05,0.933575569186342,0.9960744707111566,0.9372547903168394
2024-01-08,0.9205977140000393,0.9831938299229913,0.9363339007855096
2024-01-09,0.925817365025026,0.9851206644732858,0.9398009791217125
2024-01-10,0.9249636622537056,0.98052196296235,0.9433380354471697
2024-01-11,0.9341467710857828,0.9860691488507757,0.9473440804577383
2024-01-12,0.9325850011136184,0.9826283428220354,0.9490719537310555
2024-01-15,0.9304755023995497,0.9816559517867937,0.947863149717489
2024-01-16,0.9351914321103718,0.9876279891296942,0.9469065704936837
2024-01-17,0.913674241476049,0.9661453683234285,0.9456902360993216
2024-01-18,0.924147402061366,0.9798039219397873,0.9431962675060189
2024-01-19,0.9165538176087886,0.9783228308791877,0.936862341017955
2024-01-22,0.8921664126357133,0.9630994778463478,0.9263491811154828
2024-01-23,0.9002480972804328,0.9669980858549099,0.9309719537702452
2024-01-24,0.9108127434134569,0.9805160038247874,0.9289116545375774
2024-01-25,0.9290572191015217,1.0002064665896773,0.9288654394219752
2024-01-26,0.9206888958832243,0.9974837015834997,0.9230114681790148
2024-01-29,0.8980507918155698,0.9885495522269008,0.9084529852778094
2024-01-30,0.8779663293229343,0.9709206005212238,0.9042617170256884
2024-01-31,0.8612751697776317,0.9620372791026601,0.895261741396327
2024-02-01,0.8639267243610952,0.9627434018500974,0.8973592783922415
2024-02-02,0.8467934111503391,0.9513498112600944,0.8900967878773562
2024-02-05,0.8387105643448755,0.9575702394781112,0.8758736746058275
2024-02-06,0.8810064728586786,0.9908623986762609,0.8891309974378441
2024-02-07,0.8939368470377974,1.0004188923169148,0.893562540554876
2024-02-08,0.9140248985829176,1.0067918744565383,0.9078588353489683
2024-02-19,0.9272667019886225,1.0184248120540622,0.9104910750538542
2024-02-20,0.929859998469702,1.0205311919137479,0.911152942543564
2024-02-21,0.9438172417477353,1.0343004452737725,0.9125174856691791
2024-02-22,0.9571298588293607,1.0432166471101825,0.9174794722464494
2024-02-23,0.9592898215650553,1.0441351955848572,0.918741007506909
2024-02-26,0.9570072857576725,1.0332502349127113,0.9262105668318771
2024-02-27,0.9724881076063798,1.0456461524407712,0.9300355625431947
2024-02-28,0.9597881893461516,1.032322712677942,0.9297365809731833
2024-02-29,0.9804476235536435,1.0520161199578628,0.931970152313744
2024-03-01,0.9835277345899273,1.0585148048463102,0.9291582225273924
2024-03-04,0.9846573481626514,1.0594333533209848,0.9294188681865315
2024-03-05,0.9878157507803889,1.0668056477761336,0.9259566190332725
2024-03-06,0.9854018232021862,1.0624792437980657,0.9274551281393985
2024-03-07,0.9745104372795249,1.0560972878983477,0.922746842025149
2024-03-08,0.9815253293676284,1.0606421468487164,0.9254066814937039
2024-03-11,1.0037001646442887,1.0739117440509784,0.9346207173954167
2024-03-12,1.0174584765813723,1.0763741297994134,0.9452647071432122
2024-03-13,1.0136029529823987,1.0688552405602207,0.9483070433851617
2024-03-14,1.0081747892297548,1.0658213384657662,0.9459134967976971
2024-03-15,1.0105617985095632,1.0681461031902517,0.9460894867203088
2024-03-18,1.0243719990170594,1.0781812908459474,0.9500925379750664
2024-03-19,1.0176717182846613,1.0704320283593283,0.9507112000791552
2024-03-20,1.0174883063455094,1.072750833946251,0.9484852159028845
2024-03-21,1.0086269941257762,1.0714672357152315,0.941351224288713
2024-03-22,0.9918049320459792,1.0606690681289999,0.9350748144239789
2024-03-25,0.9833300785622182,1.0549124010283677,0.9321438231303676
2024-03-26,0.9880581762475306,1.0602950446125603,0.9318709742801584
2024-03-27,0.9629740227069716,1.0480397627309814,0.9188334803229741
2024-03-28,0.981083011259163,1.0534762488757412,0.9312815664388869
2024-03-29,0.9811685255735271,1.0584190380003011,0.9270133003533974
2024-04-01,1.0044854048795924,1.0758236457036152,0.9336896515438031
2024-04-02,0.9936112161371483,1.0713445475889392,0.9274432005775083
2024-04-03,0.9809279229995569,1.0674908784883503,0.9189098874443093
2024-04-08,0.9710159047120592,1.0580989271519297,0.9176986005701087
2024-04-09,0.9765519835412644,1.0572252474777277,0.9236934001255368
2024-04-10,0.9638224675083624,1.0486142235920322,0.9191392275862755
2024-04-11,0.9669226024450789,1.048473587945551,0.9222193229871737
2024-04-12,0.9620877955739147,1.039976278426053,0.9251055197431828
2024-04-15,0.9813501483520375,1.0618897799318567,0.9241544338198757
2024-04-16,0.9576147524828715,1.0505291398672008,0.9115546786297859
2024-04-17,0.9768996592786482,1.0667727673582867,0.9157523412392718
2024-04-18,0.9768780091059128,1.0680892460071525,0.9146033561874951
2024-04-19,0.9644507952676058,1.0596697558134742,0.910142796825628
2024-04-22,0.9603544818646472,1.0564503492720658,0.9090389174714815
2024-04-23,0.949343438735664,1.04906599632679,0.904941578565795
2024-04-24,0.9574839521589689,1.053673741705321,0.908710081936109
2024-04-25,0.9585273075225111,1.056264844825112,0.9074687207650242
2024-04-26,0.9732314296260604,1.0724187347152527,0.907510656165916
2024-04-29,0.9770298872132099,1.0842790309376713,0.9010871365540348
2024-04-30,0.9734464246701932,1.0784386554811576,0.9026442252627518
2024-05-06,0.986537961071794,1.0944429359647225,0.9014064860331771
2024-05-07,0.9882536364677706,1.0947809943332834,0.9026952802278163
2024-05-08,0.9810838621621869,1.0861670259325569,0.9032532186473364
2024-05-09,0.9944312593930384,1.0964415605957734,0.906962391003032
2024-05-10,0.99341038102587,1.096956219758694,0.9056062248723091
2024-05-13,0.9926401752818705,1.0964804702586832,0.9052967218355339
2024-05-14,0.9942307552723658,1.0941945450896067,0.9086416668170699
2024-05-15,0.984984699822707,1.0849223373644472,0.9078849848510685
2024-05-16,0.9867430582555841,1.0892009280270114,0.9059329944227825
2024-05-17,0.993374209612106,1.1004538829705333,0.9026949924794854
2024-05-20,1.0001767102965264,1.104340502596469,0.9056778302932492
2024-05-21,0.9948734132907991,1.099912302527329,0.904502487157225
2024-05-22,0.9977026881490888,1.102392705903454,0.9050338257920824
2024-05-23,0.9832463107596097,1.0896287941040181,0.9023681423251256
2024-05-24,0.9731756301904486,1.0775679904294877,0.9031222519913279
2024-05-27,0.9827656037464931,1.087809644674858,0.9034352734023037
2024-05-28,0.9726701054286115,1.0798688484962216,0.9007298495397007
2024-05-29,0.9742540761020992,1.0811703241399293,0.9011106338653145
2024-05-30,0.9681413469005278,1.0754227009068924,0.9002426172370218
2024-05-31,0.9637093358745159,1.0711171889640445,0.8997235277370438
2024-06-03,0.964062626839456,1.0737591200218706,0.8978388251732099
2024-06-04,0.9745031066456297,1.0818136305667048,0.9008049807388165
2024-06-05,0.9631688745732823,1.0755662810684046,0.8954993211729608
2024-06-06,0.9604490331103891,1.0748063157604002,0.8936019625367515
2024-06-07,0.9567689577549416,1.069378803375735,0.8946960185994757
2024-06-11,0.9543373761861744,1.0600347354623185,0.9002887775842121
2024-06-12,0.9566341185259755,1.0604057443562263,0.9021396985233697
2024-06-13,0.9504637058807442,1.0550231007720334,0.9008937389003371
2024-06-14,0.9573834158214134,1.0596308461505646,0.9035065554191855
2024-06-17,0.9562999302334144,1.058036110831268,0.9038443210431425
2024-06-18,0.9594615190865092,1.060845598815859,0.9044308805706344
2024-06-19,0.9534348411154854,1.0558070428452904,0.9030389099755174
2024-06-20,0.9463482902195856,1.0481863575150254,0.9028435482246963
2024-06-21,0.9463358693294248,1.0458944732083861,0.904810087031481
2024-06-24,0.9325713770393474,1.0402665234791098,0.8964735055785682
2024-06-25,0.9179429727456413,1.034608637847018,0.8872369117812957
2024-06-26,0.9303055965608423,1.041298786319982,0.893408893568966
2024-06-27,0.9173818432265474,1.0334776636451062,0.8876648963954524
2024-06-28,0.9226128705864209,1.0357335828038667,0.89078203691029
2024-07-01,0.9277294622861658,1.0406764420359276,0.8914677269634375
2024-07-02,0.9159083351853813,1.0387645403832906,0.8817285338286799
2024-07-03,0.9121892332099327,1.0362572157268821,0.8802729856699507
2024-07-04,0.9046012078287406,1.030991301131419,0.8774091564458627
2024-07-05,0.9060039326033182,1.0265780339599362,0.8825475537485312
2024-07-08,0.8996091200447338,1.017811441530102,0.8838661890971949
2024-07-09,0.9118856248675536,1.0291960583600106,0.8860174088896268
2024-07-10,0.9126074666203275,1.0259527451608503,0.8895219306394542
2024-07-11,0.9286892746385041,1.0376813794968822,0.8949657312813856
2024-07-12,0.9299488710379843,1.0389470302077126,0.8950878572241198
2024-07-15,0.9302706905612366,1.0400989665523455,0.8944059368166082
2024-07-16,0.9408505206862225,1.04669040366427,0.8988813859308145
2024-07-17,0.9365318886201505,1.047677727597169,0.8939121868783738
2024-07-18,0.9414833846369987,1.0534672751156473,0.8936996970633423
2024-07-19,0.9483104321567145,1.0588798546026552,0.8955788780329267
2024-07-22,0.9413979535831658,1.0516690878292079,0.8951465479757923
2024-07-23,0.9141299273627289,1.0292170205027313,0.8881799553958144
2024-07-24,0.9054312673437579,1.0227213502368158,0.8853156992704818
2024-07-25,0.8986828730333459,1.017066409119755,0.8836029436967966
2024-07-26,0.9038336386826864,1.0200644161738315,0.8860554533142955
2024-07-29,0.902624935499025,1.014514215662874,0.8897114713264599
2024-07-30,0.8990164711830708,1.0081232860030616,0.8917723493397618
2024-07-31,0.9199502417384845,1.0298752598271643,0.8932637549647249
2024-08-01,0.9168014824639851,1.0230504348452818,0.8961449516441826
2024-08-02,0.906578519679833,1.012614302392863,0.8952851224178232
2024-08-05,0.8885028924596171,1.000326140093438,0.8882132105201452
2024-08-06,0.8962962788421142,1.0002244141098666,0.8960951824393912
2024-08-07,0.8967521930951983,0.9997786005126711,0.8969507775375043
2024-08-08,0.8933661613580043,1.0002124257272405,0.8931764277057949
2024-08-09,0.8897858888494593,0.9968284768815989,0.8926168438054626
2024-08-12,0.8861584257369534,0.9951020796759156,0.8905201223431842
2024-08-13,0.8905168491757988,0.9976542731327966,0.8926106700063852
2024-08-14,0.8788866170062014,0.9901293546485405,0.887648278358714
2024-08-15,0.8855481653787383,0.9999162215366207,0.8856223614593156
2024-08-16,0.8796756649023876,1.0010172598357174,0.8787817155587868
2024-08-19,0.8763810286084001,1.0044101824414533,0.8725329988970756
2024-08-20,0.8648001855774948,0.9971485877299705,0.8672731388470704
2024-08-21,0.857047287468193,0.9938394435876169,0.8623599043064503
2024-08-22,0.8465212391908045,0.9912962238908304,0.8539538624168412
2024-08-23,0.8479722517211264,0.9955000098501069,0.8518053674844325
2024-08-26,0.8490851810491831,0.9946113972782477,0.8536853522619017
2024-08-27,0.8398273462296336,0.9889594707837187,0.8492029967255356
2024-08-28,0.8370225248585157,0.9833254918093788,0.851216135278201
2024-08-29,0.8372131249338337,0.9806865052665837,0.8537010761724012
2024-08-30,0.8476049025808635,0.9937766272669555,0.8529128974505191
2024-09-02,0.8305890989629852,0.9768956524866566,0.8502331818641502
2024-09-03,0.832215929973049,0.9794148954181905,0.8497072424222316
2024-09-04,0.8254814348261681,0.9730508870386616,0.84834354073547
2024-09-05,0.8275210328306088,0.9747264563063095,0.8489777080294606
2024-09-06,0.8178018155987348,0.9668244996830822,0.8458637693467678
2024-09-09,0.8088109770648828,0.9553352123545712,0.8466253170669207
2024-09-10,0.8100767682257045,0.9561759415034261,0.8472047173159313
2024-09-11,0.8122936601824803,0.953294663438079,0.852090850118603
2024-09-12,0.80694560888036,0.9492075363600313,0.8501255815717504
2024-09-13,0.8001799635289009,0.9452521412758711,0.846525417492145
2024-09-18,0.8044462629686062,0.9487706965229302,0.8478827032883219
2024-09-19,0.811942043522772,0.9562597199668084,0.8490810880865655
2024-09-20,0.8098526137458245,0.9577587585475971,0.8455705641094149
2024-09-23,0.809876240880063,0.9612623808969991,0.8425131961622481
2024-09-24,0.8448285445090029,1.0028962810705082,0.8423887499186046
2024-09-25,0.8553045710361783,1.0177426660718778,0.8403937454419078
2024-09-26,0.8893481781060334,1.060764834975009,0.8384027720215537
2024-09-27,0.9427609182324134,1.108146358381555,0.8507548764671423
2024-09-30,1.0377010474129575,1.202146495371612,0.8632068149832102
2024-10-08,1.1165591982548546,1.273431241262419,0.8768115325551077
2024-10-09,1.023653255409289,1.1836348902316385,0.8648386963390029
2024-10-10,1.029114135899003,1.1961444520183955,0.8603594107404482
2024-10-11,0.996998215793979,1.1630468411347947,0.8572296321455113
2024-10-14,1.0137536609133706,1.1852385292035288,0.8553161544576223
2024-10-15,0.9868162569270038,1.1537177061190356,0.8553359731701894
2024-10-16,0.9745972491900039,1.146417201744643,0.8501244116948352
2024-10-17,0.9660784813961455,1.1334408642179696,0.8523413191588979
2024-10-18,1.0291818898363878,1.1744344024797342,0.8763213063780693
2024-10-21,1.040410261982732,1.1774174766361534,0.8836375224828097
2024-10-22,1.046470483416074,1.1841734560523107,0.8837138495780017
2024-10-23,1.048215495099159,1.1887900349759348,0.881749900536791
2024-10-24,1.0334733505635587,1.175511534121079,0.8791690430636897
2024-10-25,1.0549521325665485,1.1837665521180247,0.891182582139191
2024-10-28,1.057010201831503,1.186082343082416,0.8911777567521346
2024-10-29,1.042350930083832,1.1742608864154063,0.8876655453165543
2024-10-30,1.0314424962754631,1.163728987116979,0.8863253452427595
2024-10-31,1.0404542056388557,1.1642047366169896,0.8937038073408505
2024-11-01,1.0251443478098896,1.1638995586662753,0.8807842052836701
2024-11-04,1.041349849770755,1.1802778626662798,0.882292113331955
2024-11-05,1.0832303319805383,1.2101411341108146,0.8951272718916975
2024-11-06,1.084279222221891,1.2040703854068744,0.9005114944800308
2024-11-07,1.108060767290476,1.2403993912145097,0.8933096671432117
2024-11-08,1.1091799792718384,1.2279376427432565,0.9032868939451117
2024-11-11,1.1346538825400128,1.2360399666035944,0.9179750762087641
2024-11-12,1.1256891769498147,1.222459302420556,0.9208397978737374
2024-11-13,1.1328486364548653,1.229984220904812,0.9210269670138607
2024-11-14,1.106195860668896,1.208660043050215,0.9152249774694818
2024-11-15,1.0777343581504164,1.1874795855721318,0.907581377604197
2024-11-18,1.06571026875475,1.1819593209639896,0.9016471631913453
2024-11-19,1.0885376573616063,1.1898911433825314,0.9148212115162021
2024-11-20,1.093262559408479,1.1925480774455157,0.9167450605012839
2024-11-21,1.0974522831459432,1.1936043170516406,0.9194439626833744
2024-11-22,1.0567782115942959,1.1566229609496343,0.9136756292012724
2024-11-25,1.0534086134424343,1.1513540317316393,0.9149302338031554
2024-11-26,1.0427230945106012,1.148987342721712,0.9075148661260332
2024-11-27,1.0732717739782363,1.1689919571974108,0.9181173295249542
2024-11-28,1.06263000037285,1.158672483626221,0.9171098954962724
2024-11-29,1.0864010251332867,1.1718463139824744,0.9270849019793345
2024-12-02,1.0957409813971446,1.1811365393353237,0.9277005197161754
2024-12-03,1.088765933509928,1.182411093698748,0.9208015209871849
2024-12-04,1.0744146138595867,1.17602913779903,0.9135952327426023
2024-12-05,1.0768377200563741,1.1733453525632629,0.9177500193817102
2024-12-06,1.0890473050342158,1.1887691429407141,0.9161133694471478
2024-12-09,1.0842190827688163,1.1868034688350106,0.9135624484086711
2024-12-10,1.0879959320538646,1.1955011455916191,0.9100751898614423
2024-12-11,1.0853613121413717,1.1934636814051596,0.9094213163348964
2024-12-12,1.094544692243625,1.205332881280172,0.9080849856855477
2024-12-13,1.0699652195493068,1.1768130097647864,0.9092058047209763
2024-12-16,1.0537998657306895,1.1704281093500375,0.9003542014347946
2024-12-17,1.0488894011388628,1.1734769443421493,0.8938304294737291
2024-12-18,1.0561244714145606,1.1794190457822344,0.8954616047548221
2024-12-19,1.058756322872987,1.1804872036634848,0.8968808129281519
2024-12-20,1.0590127546290635,1.1751853940276435,0.9011452661095213
2024-12-23,1.0505793044268068,1.1769298088610167,0.892643976316237
2024-12-24,1.0644675226134308,1.191925803268962,0.8930652559866012
2024-12-25,1.0604480658300632,1.1925061531600745,0.8892600369565685
2024-12-26,1.0645325607527067,1.193059721985905,0.8922709744829382
2024-12-27,1.0609015579201708,1.1911298027055781,0.8906683012299735
2024-12-30,1.0623988855966982,1.196521490157366,0.8879062301312882
2024-12-31,1.0411971239599913,1.1773306835502386,0.8843710085090649
