datetime,port,bench,excess
2017-01-04,1.0002114435584304,1.007803175154687,0.9924670493371969
2017-01-05,1.0003319651759133,1.0076476066105484,0.9927398810986681
2017-01-06,0.9999720073971543,1.0016276157371429,0.9983470819754005
2017-01-09,1.0005205378689803,1.0064836818832894,0.9940752700499316
2017-01-10,1.000017264253707,1.0047992089630478,0.9952408952289327
2017-01-11,0.9983646986446231,0.99768715355064,1.000679115784514
2017-01-12,0.9969578693590173,0.9926366091974451,1.0043533153235864
2017-01-13,0.9962253191211768,0.9933218399096622,1.0029229994699187
2017-01-16,0.9945379440647955,0.9931841487782119,1.0013630858771245
2017-01-17,0.9956728070033752,0.9952516890824883,1.0004231270597241
2017-01-18,0.9957433753651244,0.9991442678459869,0.9965961947735592
2017-01-19,0.9943193040078138,0.9961283132717212,0.9981839595965645
2017-01-20,0.9977208827885667,1.003787908264896,0.9939558691369211
2017-01-23,1.0002158593364499,1.0065375244438564,0.9937193945045423
2017-01-24,0.9995983914635521,1.0066482241875223,0.9929967266075891
2017-01-25,1.0011946382778776,1.0100740973186053,0.9912091013280119
2017-01-26,1.0034642820788746,1.0136824602741104,0.9899197445001933
2017-02-03,1.0014688872050956,1.0066602125701485,0.9948430212099089
2017-02-06,1.0037990247665425,1.0092692632101283,0.9945800009541687
2017-02-07,1.003465559210559,1.007016288566399,0.9964740100074302
2017-02-08,1.0069806260324305,1.012285217784394,0.9947597854253235
2017-02-09,1.0093775927416775,1.0161747819253608,0.9933110038700187
2017-02-10,1.0120877951716747,1.0213210931245644,0.9909594563207914
2017-02-13,1.0159623896233332,1.0281398888613835,0.9881557953640566
2017-02-14,1.0175268100173316,1.0279962385923704,0.9898156936941962
2017-02-15,1.0113945298387577,1.0237805343579685,0.9879016995307708
2017-02-16,1.0153887209027617,1.029531172213537,0.9862632121372601
2017-02-17,1.010360566334582,1.0236997004096169,0.9869696805911955
2017-02-20,1.0206665410054314,1.0386448668795267,0.9826905938233644
2017-02-21,1.0258778721161244,1.0420647107655463,0.9844665705668793
2017-02-22,1.0286272111095747,1.0441411547224164,0.9851419096520851
2017-02-23,1.0232802503579694,1.0392222722556084,0.9846596610530324
2017-02-24,1.0244254875181056,1.0393808554222788,0.9856112724934719
2017-02-27,1.0174549640676314,1.0311139191502072,0.9867532046373374
2017-02-28,1.0206982375908795,1.033085692608475,0.9880092666985659
2017-03-01,1.0238894878928826,1.0347701655287167,0.989484932984829
2017-03-02,1.0159715324388001,1.0277868274876647,0.9885041384722296
2017-03-03,1.0138385592302772,1.0256205758223487,0.988512304774478
2017-03-06,1.0213075096171125,1.031191738476027,0.9904147516993085
2017-03-07,1.0217555015636333,1.033429780222099,0.988703365354967
2017-03-08,1.0189660703703973,1.031864910698117,0.98749948739027
2017-03-09,1.0097744201426444,1.0253453337744496,0.9848139810862685
2017-03-10,1.0085408293412312,1.025629549582443,0.9833383113345662
2017-03-13,1.019229620077956,1.034668439545145,0.9850784861341898
2017-03-14,1.0177129040004484,1.034246602713202,0.9840137751776223
2017-03-15,1.0179925471360456,1.0363260612926037,0.9823091256301218
2017-03-16,1.0259904410337672,1.0416727397289176,0.9849450810249374
2017-03-17,1.013241627256193,1.0309913011314153,0.9827838762017257
2017-03-20,1.0144066005142849,1.03212823447089,0.9828300075855497
2017-03-21,1.018296641787356,1.0371368545386432,0.9818344004758485
2017-03-22,1.0137652151119219,1.0322598963572767,0.9820833093384521
2017-03-23,1.017133888480741,1.035829349649872,0.9819512150573351
2017-03-24,1.0251262967236205,1.044093271299412,0.9818340227859276
2017-03-27,1.022201335791828,1.0406345177504825,0.9822865937615628
2017-03-28,1.0194366181450842,1.0381721320020474,0.9819533646883462
2017-03-29,1.0178128362214434,1.036789822409988,0.9816964000047442
2017-03-30,1.005512390368716,1.0282834690228948,0.9778552516498038
2017-03-31,1.0100040702635105,1.034055069021184,0.9767410851914882
2017-04-05,1.0321323173458974,1.0483689174469446,0.9845125128846937
2017-04-06,1.0379078649939386,1.0514087786789619,0.9871592153700804
2017-04-07,1.0419220462236565,1.052429053137208,0.9900164225966293
2017-04-10,1.0414094661732916,1.0487428708558832,0.9930074331026376
2017-04-11,1.0518037361670083,1.0523901434742982,0.9994427852532389
2017-04-12,1.0448906223965095,1.0500294837094344,0.9951059837912638
2017-04-13,1.0492255982881828,1.0515643472231002,0.9977759335973178
2017-04-14,1.0390349713900995,1.043165749064642,0.9960401521251571
2017-04-17,1.0329314698549417,1.0412030194739696,0.9920557763814334
2017-04-18,1.0286494752804531,1.036056778382267,0.9928504853629935
2017-04-19,1.0204416672960925,1.031012193166635,0.9897474288465239
2017-04-20,1.0246705316598144,1.0357007023860167,0.9893500403149371
2017-04-21,1.022380060274376,1.0372685164250297,0.9856464783082715
2017-04-24,1.005002627808334,1.0266379057655628,0.9789260869526384
2017-04-25,1.00966090735057,1.0295431605961622,0.9806882761145446
2017-04-26,1.0129643510595936,1.0308027820619292,0.9826946227612491
2017-04-27,1.012437332687944,1.031263528556782,0.9817445344012266
2017-04-28,1.0146553569340213,1.0291781108398173,0.9858889790281827
2017-05-02,1.0115603798243475,1.0252376486533143,0.9866594161393386
2017-05-03,1.0047359612620173,1.0212133378959283,0.9838649026384042
2017-05-04,1.0020227575858558,1.0185983281183857,0.9837270785991282
2017-05-05,0.9908776384614554,1.012063818297061,0.9790663597961102
2017-05-08,0.9768067204973754,1.0049607366447477,0.9719849590926608
2017-05-09,0.9771913643205031,1.0030817855174576,0.9741891223918512
2017-05-10,0.9628580073172618,0.998644611688223,0.9641648250517634
2017-05-11,0.9656312262993267,1.0043144857029411,0.961482921978827
2017-05-12,0.9691741236431425,1.0129105065834787,0.9568210788060063
2017-05-15,0.9754006171461772,1.0170425024619991,0.9590559045319959
2017-05-16,0.9928300341886586,1.0258569783148375,0.9678055081514074
2017-05-17,0.9931312466713295,1.0202678681409703,0.973402454083861
2017-05-18,0.9902349072821349,1.0167193769910958,0.9739510524650964
2017-05-19,0.988922521271568,1.0184368004366846,0.971020018961941
2017-05-22,0.9846115270433682,1.0206478507949726,0.9646926961894486
2017-05-23,0.978696051831761,1.0245225521457828,0.9552703840261576
2017-05-24,0.9821268817342076,1.0245165229007194,0.9586247364303176
2017-05-25,0.9919737522180782,1.042914413674495,0.9511554727900079
2017-05-26,0.9904232296772123,1.0413496142580139,0.9510957858114848
2017-05-31,0.9932319281394861,1.0450747062022485,0.9503932324119139
2017-06-01,0.9863541012679605,1.046528805875064,0.9425006705316746
2017-06-02,0.9902009372490382,1.0431687636871743,0.9492241061255358
2017-06-05,0.9937096420772781,1.0378549656687066,0.9574648433049747
2017-06-06,1.0008425794106426,1.0450747062022485,0.957675631675803
2017-06-07,1.018857330858388,1.0573389618439217,0.9636052085715023
2017-06-08,1.0236790387890675,1.0654503295718547,0.9607947084688849
2017-06-09,1.0272503192396059,1.0699951885222236,0.9600513443974893
2017-06-12,1.0220355508686092,1.069462581839114,0.955653398467718
2017-06-13,1.0312048976092547,1.0718202970889465,0.9621061482134619
2017-06-14,1.0223953763204792,1.0577668279209282,0.9665602563185189
2017-06-15,1.0256641596382456,1.055819031227913,0.9714393558954916
2017-06-16,1.0248756849261127,1.0528180095513047,0.9734594921708258
2017-06-19,1.0329809919184905,1.0632631157638177,0.9715196329145929
2017-06-20,1.031864031939332,1.0611148817261915,0.9724338520827499
2017-06-21,1.0431948963023134,1.0735227876368778,0.9717491871771772
2017-06-22,1.037486928575045,1.0742348695218777,0.9657915210263203
2017-06-23,1.045865213255208,1.0839708383644218,0.9648462636073213
2017-06-26,1.0607954294781905,1.0974977300943938,0.9665581990652076
2017-06-27,1.0617992179050115,1.0994814919352878,0.965727232057405
2017-06-28,1.0536166989823366,1.0909392435078165,0.9657886131170123
2017-06-29,1.061605772073276,1.0977191996892264,0.9671013974920232
2017-06-30,1.062548785182022,1.0971117883028287,0.968496370662215
2017-07-03,1.0633999823840683,1.0923395006200647,0.9735068463425803
2017-07-04,1.0568696223843184,1.0831031879352833,0.975779255528761
2017-07-05,1.067182488524468,1.0949815017853917,0.9746123443952279
2017-07-06,1.068965625170807,1.095107134426715,0.9761288111143639
2017-07-07,1.06878323719394,1.0938595013435743,0.977075425025944
2017-07-10,1.064971470077398,1.0931892736365152,0.9741876322429965
2017-07-11,1.0649789354708505,1.0983116080704662,0.9696509876116349
2017-07-12,1.0616672129963936,1.0947241371501812,0.9698034207596423
2017-07-13,1.0658688726295775,1.1031317090687338,0.9662208636259639
2017-07-14,1.0685931940697144,1.1079698276946912,0.9644605542130094
2017-07-17,1.0422777559451812,1.096142411890119,0.9508598012806958
2017-07-18,1.0486568974986594,1.0972255026690267,0.9557350744653464
2017-07-19,1.0681542794564047,1.1159465189137059,0.9571733603292893
2017-07-20,1.0731105852026421,1.1213710166758395,0.9569630115675192
2017-07-21,1.0731392078278477,1.1156024313000819,0.9619369568576961
2017-07-24,1.0758524753118424,1.1200515935119426,0.9605383194344529
2017-07-25,1.069210120173145,1.112897683921594,0.9607443124560164
2017-07-26,1.064294782341055,1.1086580029219395,0.9599847559265684
2017-07-27,1.0742574064625405,1.110692522593368,0.9671960372563284
2017-07-28,1.0760205267431249,1.1135948329089365,0.9662585483917343
2017-07-31,1.083843233186828,1.1183760242442942,0.9691223789594375
2017-08-01,1.0873422624258002,1.1281030894342443,0.9638678172321237
2017-08-02,1.081253744142635,1.1252516771642118,0.9608994735004905
2017-08-03,1.076002809541488,1.1153720580526547,0.9647030349855615
2017-08-04,1.0731673652823381,1.10931322762384,0.9674159998804606
2017-08-07,1.0800029965964304,1.1150609209643774,0.968559633192394
2017-08-08,1.0852301234912167,1.1166825775639575,0.9718340245431658
2017-08-09,1.0878783965290635,1.1163324607052698,0.9745111199595237
2017-08-10,1.084111532954369,1.1118085638976218,0.9750883094062915
2017-08-11,1.0640529705355137,1.0912923048815344,0.9750393783368814
2017-08-14,1.0829858866007391,1.1054535292781873,0.9796756335002896
2017-08-15,1.0853520952757278,1.1088584402665496,0.978801311206892
2017-08-16,1.0875101050989326,1.1074701715369275,0.9819768812280564
2017-08-17,1.0966664948531544,1.1134122729770128,0.9849599483225705
2017-08-18,1.0932215676396413,1.114426588297696,0.9809722588452904
2017-08-21,1.100328791349191,1.1193095757241263,0.983042417587953
2017-08-22,1.097521464332902,1.1226935245697676,0.9775788675306453
2017-08-23,1.0915553351774243,1.1238275133942113,0.9712836909292978
2017-08-24,1.082512081223175,1.1174126069691463,0.9687666619042047
2017-08-25,1.0996846883550164,1.1356938388616933,0.9682932589096646
2017-08-28,1.1152955246262146,1.1497442934071798,0.9700378867035915
2017-08-29,1.1110829328728928,1.1472998551789337,0.9684329060597742
2017-08-30,1.1149343466434827,1.1472280650981777,0.9718506551250284
2017-08-31,1.1146324610911447,1.1435747632346993,0.9746913773598074
2017-09-01,1.122009186095451,1.1461030500338283,0.9789775762854256
2017-09-04,1.1294718122366758,1.1506149584588499,0.9816244817028161
2017-09-05,1.1293332330214638,1.1540348724523701,0.9785954133444734
2017-09-06,1.1310231367581427,1.15176093566592,0.9819947019684365
2017-09-07,1.1226576198675882,1.1459025425817164,0.9797147472404089
2017-09-08,1.1243273963576834,1.14474170258449,0.9821668886695426
2017-09-11,1.1308407803920182,1.1446399064934178,0.9879445701454941
2017-09-12,1.1296989277423215,1.1483141003921162,0.9837891282154959
2017-09-13,1.1328110889510488,1.1497144276118654,0.9852977937348082
2017-09-14,1.127926654735864,1.1459294638620003,0.9842897755107339
2017-09-15,1.1230183129026168,1.1463304086587234,0.9796637203549514
2017-09-18,1.1275651153642863,1.1498729406710353,0.9805997475740835
2017-09-19,1.1219228045500227,1.146575784911308,0.9784986036808789
2017-09-20,1.1290942965594455,1.1496635295663298,0.9821084756731883
2017-09-21,1.1202516518370103,1.1482812199742707,0.9755899794843911
2017-09-22,1.1158607882690035,1.1482542986939872,0.9717889055918817
2017-09-25,1.1061975286449817,1.1422882204886495,0.9684049163807109
2017-09-26,1.1091190718053778,1.1431828623055722,0.9702026756843656
2017-09-27,1.1141821008631774,1.1433084949468955,0.9745244663076951
2017-09-28,1.1114307257799192,1.1437094397436185,0.9717771727310959
2017-09-29,1.1166554250996406,1.1478863044226113,0.9727927067318048
2017-10-09,1.1299285325889195,1.161562805559159,0.9727657662428238
2017-10-10,1.131028322584046,1.1638516752432666,0.9717976496855926
2017-10-11,1.130108509015822,1.1676904114461981,0.9678151828070332
2017-10-12,1.1295344802726732,1.1707602085810307,0.9647872143192129
2017-10-13,1.1342466586061297,1.1731688218763994,0.9668230500636589
2017-10-16,1.1257385986342165,1.1709098179876065,0.9614221192277439
2017-10-17,1.1220108599412901,1.1707961036214087,0.9583315630029685
2017-10-18,1.1233264969282415,1.1800982472493835,0.9518923526465125
2017-10-19,1.1155346710224343,1.1762356043887001,0.9483938990285772
2017-10-20,1.1228625487611037,1.1749191257398344,0.955693480650465
2017-10-23,1.1262109966335159,1.1761009979872823,0.9575801725879448
2017-10-24,1.133248810153482,1.184658179312411,0.9566040482759612
2017-10-25,1.1383314379843215,1.1899090909027161,0.9566541231487982
2017-10-26,1.1412671592098471,1.1948849006601239,0.9551272750867843
2017-10-27,1.139150753366694,1.2033791254495891,0.9466266526279496
2017-10-30,1.1234688286757633,1.199713905310985,0.9364472843919752
2017-10-31,1.1313160448423425,1.198816389086532,0.9436941763069964
2017-11-01,1.1298291403897849,1.1957944753747036,0.9448355579964957
2017-11-02,1.1275980987940013,1.1959470292963104,0.9428495336097575
2017-11-03,1.1220618189525209,1.19462157688735,0.9392613030446951
2017-11-06,1.134430485459192,1.2030560700861863,0.9429572849234882
2017-11-07,1.1436930191433465,1.2130374151813148,0.9428340831287523
2017-11-08,1.1452791724645766,1.2111703122216495,0.9455971310622625
2017-11-09,1.1516190953066163,1.2195150678195408,0.9443254336870798
2017-11-10,1.158853379241545,1.2302893287480205,0.9419356505520771
2017-11-13,1.1674859190705003,1.235124502858947,0.9452374366860317
2017-11-14,1.15980255275003,1.2265314264934404,0.9455954635143894
2017-11-15,1.1437758462623508,1.218847924842514,0.9384073459452597
2017-11-16,1.1472860231614237,1.228224803066276,0.9341010052045947
2017-11-17,1.133771307808138,1.2329642103311935,0.919549244258752
2017-11-20,1.1445710107868268,1.2398397931436107,0.923160409204781
2017-11-21,1.1575970199591747,1.261941883826401,0.9173140497161116
2017-11-22,1.1593263094953035,1.2648949519725041,0.9165395969739821
2017-11-23,1.123317705336161,1.2274439457230515,0.9151682317146036
2017-11-24,1.1246584868553433,1.227982511543724,0.9158587164580302
2017-11-27,1.103220416875055,1.2117508023277634,0.9104350620241204
2017-11-28,1.1151065895521766,1.2135071354362619,0.9189122642870082
2017-11-29,1.1131049486344942,1.2128878057747388,0.9177311729368837
2017-11-30,1.100900519241892,1.198630884639578,0.9184650031547678
2017-12-01,1.1067122392556783,1.1962491926244927,0.9251519215888655
2017-12-04,1.1069510398512445,1.2024486586997885,0.9205807099058967
2017-12-05,1.1002046781014172,1.2088246554619435,0.910144141361
2017-12-06,1.1030672102137,1.2015390839852083,0.9180452179342337
2017-12-07,1.0907751475661949,1.1881468687641548,0.91804740326485
2017-12-08,1.1014583766571853,1.1978170767710061,0.9195547450587547
2017-12-11,1.1225204948428311,1.2176001515443713,0.9219122496158171
2017-12-12,1.1082912105366811,1.2015989557908386,0.9223470153627534
2017-12-13,1.118854598852461,1.2117927266132045,0.9233052602811928
2017-12-14,1.1160055512724727,1.2046298432627613,0.9264302702726938
2017-12-15,1.1032039386240973,1.1910790448750377,0.926222271620806
2017-12-18,1.099765787796591,1.1924044972839982,0.9223093256538236
2017-12-19,1.1146913339290583,1.207376514926691,0.9232342356739808
2017-12-20,1.1116712095095371,1.2059283743914384,0.9218385047706773
2017-12-21,1.1237396061997014,1.217106594739173,0.9232877473977698
2017-12-22,1.120990193286863,1.2131421557874176,0.9240386115832061
2017-12-25,1.114250428889886,1.2092345039112602,0.921451071141165
2017-12-26,1.1204242348950229,1.2128488260043282,0.9237954565089586
2017-12-27,1.107414037645154,1.1941756931826535,0.9273459876693128
2017-12-28,1.1162454439483747,1.202460576974914,0.9283010730851279
2017-12-29,1.1215542582308244,1.2060360595125728,0.9299508496322306
2018-01-02,1.1359090652616606,1.2229559439557813,0.9288225556085379
2018-01-03,1.1462572532894209,1.2301336900963808,0.9318151860385286
2018-01-04,1.1511090388465386,1.2353459023462785,0.9318111119001166
2018-01-05,1.1491198410974057,1.2383198625276017,0.9279668976252025
2018-01-08,1.1558827097490503,1.244725865300073,0.9286243195969862
2018-01-09,1.160225071750894,1.253444574306903,0.925629338171929
2018-01-10,1.1588385890739867,1.2589827864352343,0.920456261642145
2018-01-11,1.1595029437670616,1.2583185879732386,0.921470091000294
2018-01-12,1.15927599318782,1.2641260129044054,0.9170573039030451
2018-01-15,1.147045136275686,1.2641978029851617,0.9073304300696915
2018-01-16,1.1587593985444085,1.2741403085248812,0.9094441097197109
2018-01-17,1.1535259254538244,1.2710435200022643,0.9075424305312295
2018-01-18,1.1575443241685661,1.2780150098756917,0.9057360948218883
2018-01-19,1.161814898158014,1.2821977635847464,0.906112092186023
2018-01-22,1.1789579587080932,1.2975169535710955,0.9086262460488875
2018-01-23,1.18777002614187,1.311283122201088,0.9058074538076172
2018-01-24,1.193033201750122,1.3134613622490303,0.9083123691642515
2018-01-25,1.1917800913180654,1.306038099640845,0.9125155626361895
2018-01-26,1.1931333575502283,1.3108912212719603,0.9101696145257031
2018-01-29,1.1762306197092598,1.2871704886121218,0.9138110530932995
2018-01-30,1.1669359365101915,1.2734312412624131,0.9163713742041951
2018-01-31,1.1638957468804056,1.2793553250748086,0.9097517507986675
2018-02-01,1.1457012131964717,1.2703793215402688,0.9018575741671933
2018-02-02,1.157864704674852,1.2779580825850922,0.9060271384900891
2018-02-05,1.1575993811858192,1.2788317622592944,0.9052006802995762
2018-02-06,1.1130958196383267,1.241353834729558,0.89667892304117
2018-02-07,1.0925404744445826,1.211915414739498,0.9014989504687709
2018-02-08,1.0907123813255786,1.2004110542983282,0.9086157424326025
2018-02-09,1.0402675019848744,1.1491279783681891,0.9052668819900276
2018-02-12,1.0601167570034031,1.1639234653240227,0.9108131149398891
2018-02-13,1.0688209423927275,1.1775460537925027,0.9076680601581517
2018-02-14,1.075342282920996,1.1869201277162351,0.9059938051518873
2018-02-22,1.102618898517609,1.2125825577165246,0.9093144969807304
2018-02-23,1.1055326298203882,1.2180759010443833,0.9076056991789263
2018-02-26,1.123243790103182,1.2322371955485372,0.9115483562425364
2018-02-27,1.111189723577538,1.214452605191221,0.914971666105139
2018-02-28,1.1065925160800887,1.2038788517148529,0.9191892643548097
2018-03-01,1.1130813630487157,1.2114935078000542,0.9187679140517685
2018-03-02,1.1042230603951073,1.2017306176772267,0.9188607198253902
2018-03-05,1.1055188201684085,1.202221229967394,0.919563548381517
2018-03-06,1.1215573843446751,1.2167205828401084,0.9217871384461169
2018-03-07,1.1099090332447734,1.2077715005858523,0.9189726969930911
2018-03-08,1.120034449329497,1.2200237678448993,0.9180431388709519
2018-03-09,1.131283644271105,1.229379754033441,0.9202068283290863
2018-03-12,1.1377322297649997,1.2350047592476865,0.9212371217565661
2018-03-13,1.1295734050894235,1.2241078101929144,0.9227728110903952
2018-03-14,1.123841778682086,1.2187490732664734,0.9221272888191675
2018-03-15,1.1265077411744162,1.2255769829783885,0.9191652232540996
2018-03-16,1.115534908415884,1.2136866106381532,0.919129286455042
2018-03-19,1.112377761287289,1.2190213707993416,0.9125170304092997
2018-03-20,1.1124624141745292,1.220053633640214,0.911814352665243
2018-03-21,1.1079622064943544,1.2150719348527441,0.9118490640051113
2018-03-22,1.09612362005407,1.2028944021894843,0.9112384412621156
2018-03-23,1.057314349549105,1.1683636537757893,0.9049531334975995
2018-03-26,1.0589433797553576,1.1608686010868476,0.912199174621431
2018-03-27,1.0752124923970865,1.1708559754270396,0.9183131956130902
2018-03-28,1.0588459613794932,1.1497473080297125,0.920937978271074
2018-03-29,1.0761944551075702,1.1651053375714708,0.9236885459221865
2018-03-30,1.0835150095589452,1.1664367491179939,0.9289102134155578
2018-04-02,1.0838309279998142,1.1629720364315017,0.9319492593523345
2018-04-03,1.0737530863444726,1.1556595436744828,0.9291257898761567
2018-04-04,1.0674150433417031,1.1533796477504699,0.92546720884452
2018-04-09,1.065596949243761,1.1528021722668875,0.9243536964788633
2018-04-10,1.083481091948131,1.175014892585843,0.9220998804225583
2018-04-11,1.087762945497484,1.178356917146043,0.923118394494619
2018-04-12,1.0775178362268512,1.1664786734034356,0.9237355648200379
2018-04-13,1.0727882662136157,1.158250646794274,0.9262142604304214
2018-04-16,1.060479861252889,1.1396163535280082,0.930558655085872
2018-04-17,1.0375080591778698,1.1215984454082346,0.9250262992297944
2018-04-18,1.0452604754405623,1.1268763483863242,0.9275733552641912
2018-04-19,1.056409218180558,1.1405079807223995,0.9262620131000108
2018-04-20,1.036841371050703,1.1252516771642125,0.9214306382228058
2018-04-23,1.02935180220941,1.1268912812839815,0.9134437538966181
2018-04-24,1.054351090147375,1.149977681277139,0.9168448286547933
2018-04-25,1.053247033199333,1.1455524958305305,0.9194227562969294
2018-04-26,1.0310390708214774,1.1236479680848213,0.9175819296668251
2018-04-27,1.0350791434602609,1.1240638457792016,0.9208366120366975
2018-05-02,1.0388887441102592,1.1260894617980364,0.9225632415132071
2018-05-03,1.0484912315442994,1.1348709871255278,0.9238858367504693
2018-05-04,1.046440016540578,1.1293657255225438,0.9265732020124863
2018-05-07,1.0655835529513626,1.1471951145728319,0.9288599118103306
2018-05-08,1.07476062472573,1.1605065659530347,0.9261133510633021
2018-05-09,1.0721286733848316,1.1583942269557865,0.9255300556895407
2018-05-10,1.077108997573554,1.1648091333808515,0.9247085781747363
2018-05-11,1.0691484135400484,1.1587592767121313,0.9226665408657222
2018-05-14,1.0722418141558956,1.169665129419497,0.9167083699315269
2018-05-15,1.0843314583483008,1.174096344111169,0.9235455538098765
2018-05-16,1.0804140183527169,1.164743302437658,0.9275983953644974
2018-05-17,1.0723621022078345,1.1561292639294305,0.9275451592351449
2018-05-18,1.0804786991638249,1.167801111189864,0.9252249281240476
2018-05-21,1.0927211980909355,1.1732406119571555,0.9313700761415848
2018-05-22,1.093352767062902,1.168743636429791,0.9354940921028767
2018-05-23,1.079194674996394,1.1532958692870874,0.9357483224694986
2018-05-24,1.0732711305303524,1.1451096968558665,0.9372649043818583
2018-05-25,1.0662471233763497,1.1419022786970843,0.9337463837912142
2018-05-28,1.0670137186581943,1.1469168579024005,0.9303322305416791
2018-05-29,1.0594097201191828,1.1381651983702237,0.9308048793234818
2018-05-30,1.0339159153518132,1.1140376318836,0.928079883265417
2018-05-31,1.0534387894517723,1.1376775305950872,0.9259555200151909
2018-06-01,1.0439532205586968,1.128165905754906,0.9253543430388824
2018-06-04,1.0422370050523082,1.139233356251474,0.9148582240267946
2018-06-05,1.0609345299847805,1.1505252208579055,0.9221306154363826
2018-06-06,1.0628320023085163,1.1481405843277894,0.9256984874642163
2018-06-07,1.0582450299354655,1.1462436856803104,0.9232286669543427
2018-06-08,1.0459001900910703,1.130867708618363,0.9248652005183686
2018-06-11,1.043007824003346,1.1309753937394973,0.922219731549338
2018-06-12,1.0552325072583963,1.1447297142018646,0.9218180450519116
2018-06-13,1.04016166924824,1.1334767592583428,0.9176735744708513
2018-06-14,1.0349195468620005,1.1289976611436667,0.916671116761778
2018-06-15,1.023820353213869,1.123031582938329,0.9116576673071997
2018-06-19,0.9749188820052936,1.0834442609263757,0.8998329837214794
2018-06-20,0.9845694151046183,1.0877288107265026,0.9051607398787356
2018-06-21,0.96599185327922,1.0750217561101656,0.8985788871608916
2018-06-22,0.9786823980950923,1.0797880145478662,0.9063653095880034
2018-06-25,0.9682240532249963,1.0653007201652789,0.9088739309917847
2018-06-26,0.9670057494543456,1.056513165592724,0.9152803589644214
2018-06-27,0.9504290562395342,1.0350155417813003,0.918275154210545
2018-06-28,0.9434013057116027,1.0243250593162028,0.9209979753315599
2018-06-29,0.9730612074898486,1.0504902302042873,0.9262924866046767
2018-07-02,0.9538626481450053,1.0196664859996363,0.9354653322844874
2018-07-03,0.9575495770026013,1.0200614716587966,0.938717522038608
2018-07-04,0.9423780528186719,1.006438813082816,0.9363490761371575
2018-07-05,0.9293804782667938,1.0000628163206609,0.929322101671658
2018-07-06,0.9335900472552181,1.0068487316396335,0.9272396318510377
2018-07-09,0.9585643996768695,1.034991565016048,0.9261567263710082
2018-07-10,0.9658500683846241,1.0374869012898302,0.9309515784573806
2018-07-11,0.9480579839043236,1.0195378387357816,0.9298899441338122
2018-07-12,0.9728602160247966,1.0415381333274996,0.9340610630517279
2018-07-13,0.9783093129195315,1.0450178490191497,0.9361651706119368
2018-07-16,0.9779258554389251,1.038854277984232,0.941350366613948
2018-07-17,0.9757600115672839,1.0320593889051648,0.9454494790289105
2018-07-18,0.9707926164474986,1.0266558532857522,0.9455871832226286
2018-07-19,0.9640902058054718,1.025764226091361,0.9398750524563564
2018-07-20,0.9778282408247636,1.0450776507172799,0.935651279264885
2018-07-23,0.9868624602221229,1.0549094565133335,0.9354949414178936
2018-07-24,1.0036222119256042,1.071652740162182,0.936518122254526
2018-07-25,1.0053103321490187,1.070467923399703,0.9391316733305282
2018-07-26,0.9942248856107676,1.0580510437289221,0.9396757287878947
2018-07-27,0.9893750604110377,1.0535570127165887,0.9390807032454197
2018-07-30,0.9787114487567689,1.0517169712522085,0.9305844400242805
2018-07-31,0.9804480510442337,1.052488924942839,0.9315518936196712
2018-08-01,0.9610594148567031,1.0314640360088945,0.9317430189571978
2018-08-02,0.939289342432397,1.0085960208805371,0.9312840056739138
2018-08-03,0.9197919737670263,0.9919365156950709,0.9272689927364036
2018-08-06,0.8961213483457035,0.9793670821026834,0.9150004780860586
2018-08-07,0.9236274721046506,1.0079707320814515,0.9163237013810582
2018-08-08,0.9062185767742271,0.9917061424476448,0.9137974829293438
2018-08-09,0.9333672303661675,1.0165457908192685,0.9181752940159591
2018-08-10,0.9407278978908619,1.0187868471878725,0.9233804897339669
2018-08-13,0.9423038769914162,1.0143945421591105,0.9289323215262462
2018-08-14,0.9363331983965216,1.0091794555016826,0.9278163495025296
2018-08-15,0.9129169522142531,0.9849650959291448,0.926852084390943
2018-08-16,0.9068797837447025,0.9804022894585871,0.9250078192346058
2018-08-17,0.890643530468921,0.9663068960051273,0.9216984108785612
2018-08-20,0.8989965096494145,0.9775658801937126,0.9196275441520841
2018-08-21,0.9178026075864524,0.9953384120609017,0.9221010627793342
2018-08-22,0.9100384807393397,0.9897433427494716,0.9194691607738278
2018-08-23,0.915558309002287,0.9933577349500402,0.9216803542062658
2018-08-24,0.9158409360042595,0.9949434965092423,0.9204954243306138
2018-08-27,0.9433209504748558,1.0192506083052568,0.9255044272608756
2018-08-28,0.9445730763550794,1.017335692030088,0.9284772801691336
2018-08-29,0.9392072082117316,1.01326658257973,0.9269102764847463
2018-08-30,0.9283536666625782,1.0026509048179204,0.9258991960229324
2018-08-31,0.9211155095433228,0.9976871535506396,0.9232508469866448
2018-09-03,0.9206508727259156,0.9938932861481807,0.9263075679823585
2018-09-04,0.9325347581056587,1.0064836818832892,0.9265274488710433
2018-09-05,0.9163592917097617,0.9868082221235575,0.9286092993203953
2018-09-06,0.9078334349935422,0.9762583753049412,0.9299110337567901
2018-09-07,0.9105130651348623,0.980674586991455,0.9284558580519187
2018-09-10,0.8919807207949745,0.9664415725140458,0.9229535919844868
2018-09-11,0.8923491571581803,0.964688254028079,0.9250129805480215
2018-09-12,0.8869540395035487,0.9580489334931505,0.9257920013225399
2018-09-13,0.894029130050313,0.9683863545845294,0.9232153322047603
2018-09-14,0.8907907571273552,0.9700379470869249,0.9183050619848913
2018-09-17,0.8767222694052371,0.95891665402979,0.9142841202317888
2018-09-18,0.8965902660833743,0.9782180902730824,0.9165545750979512
2018-09-19,0.9097951851758613,0.9910987310612477,0.9179662496406102
2018-09-20,0.9086865573728506,0.9903956229363422,0.9174985594935899
2018-09-21,0.931854070116238,1.0204235067926108,0.913203257189984
2018-09-25,0.9263611559780613,1.0112409665608957,0.9160637143968762
2018-09-26,0.9362342031988066,1.022443093566382,0.9156834342076973
2018-09-27,0.9302847786907541,1.018358981110866,0.9135135997680925
2018-09-28,0.9392278050401346,1.028911842552014,0.9128360333676053
2018-10-08,0.8979151698017624,0.9846419704582416,0.9119204713403416
2018-10-09,0.894735266943626,0.9839807165112769,0.9093016274911643
2018-10-10,0.8920717603673851,0.9818594037539342,0.9085534618874507
2018-10-11,0.8387084138285098,0.93473818949763,0.8972655907845909
2018-10-12,0.8464484687426754,0.9486869180595449,0.8922316231302218
2018-10-15,0.8313573023502903,0.9354382830000036,0.8887355985518149
2018-10-16,0.814087964490877,0.9278146531547077,0.8774252074192371
2018-10-17,0.8212063717395308,0.9329848710116629,0.8801925918145624
2018-10-18,0.8004305716526414,0.9108858650589052,0.8787386020101202
2018-10-19,0.8259427492938767,0.93798150269679,0.8805533445160797
2018-10-22,0.8682092120722132,0.9784694256632291,0.8873135831339043
2018-10-23,0.8473351631045886,0.9524868147070673,0.8896030370406569
2018-10-24,0.8432902894096636,0.953913993099599,0.8840317843221059
2018-10-25,0.8418086819494387,0.9557421162888536,0.8807906103564648
2018-10-26,0.8371641074183351,0.9495575831112151,0.8816359558473285
2018-10-29,0.8189531948418977,0.9206098455188231,0.8895768373847498
2018-10-30,0.8287598722314825,0.9305942052364833,0.8905706349427326
2018-10-31,0.8431633399890544,0.9436274700537561,0.8935341188626285
2018-11-01,0.853159105340892,0.9505718984318984,0.8975219094403039
2018-11-02,0.8875363071124542,0.9844474922511931,0.9015577916531369
2018-11-05,0.8845945286703718,0.9762463869223149,0.9061181076010104
2018-11-06,0.8808426610914032,0.970355113420265,0.9077528926360244
2018-11-07,0.8766601868468371,0.9640000788008306,0.9093984597359783
2018-11-08,0.8700887172485914,0.9612653955195275,0.9051493180801972
2018-11-09,0.8641968313289595,0.9477025386416768,0.9118861626851773
2018-11-12,0.8815499211999869,0.9589824849729828,0.9192554973773297
2018-11-13,0.8920742866632849,0.9686287162145817,0.9209661779897742
2018-11-14,0.8849507909877677,0.9589226131673522,0.9228594454194243
2018-11-15,0.8982270506593435,0.9701217255503067,0.9258910784106185
2018-11-16,0.9040971648656843,0.9746995350260225,0.9275649904168126
2018-11-19,0.9127131603568812,0.9857490380024013,0.9259082435489608
2018-11-20,0.8890148244933004,0.9629528830623009,0.9232173662185122
2018-11-21,0.8923993577641893,0.9653704000102633,0.9244113531497359
2018-11-22,0.8893604478104807,0.9617620370547583,0.9247198512160079
2018-11-23,0.8619303370018784,0.9405336961536708,0.9164268548024996
2018-11-26,0.8586577018246551,0.9398634684466116,0.9135983370476438
2018-11-27,0.8605965917625313,0.9386666633015063,0.9168287587157037
2018-11-28,0.8756216880018475,0.9511404001553859,0.9206019299136057
2018-11-29,0.8592244176466446,0.9387893514277985,0.9152472983847291
2018-11-30,0.8710201952761727,0.9492733673032214,0.917565187518789
2018-12-03,0.897921014056818,0.9756808998213586,0.9203019288593453
2018-12-04,0.9001622977430234,0.9777035012176616,0.9206904717247447
2018-12-05,0.8952811981093802,0.9730030737231543,0.9201216545839114
2018-12-06,0.8738960360280909,0.9519602372690206,0.917996363519468
2018-12-07,0.8747951348755907,0.9519272867436736,0.9189726432447016
2018-12-10,0.8629299887811954,0.9409166934302045,0.9171162492986485
2018-12-11,0.8696190623213197,0.9454226427176634,0.9198204305976397
2018-12-12,0.8720570116042499,0.9486510230191663,0.9192600760908378
2018-12-13,0.8838983233926074,0.9633358102313336,0.9175391530190804
2018-12-14,0.8647802724390519,0.9472448067693552,0.9129427432687075
2018-12-17,0.8623258543104779,0.9458355758970125,0.9117079926843146
2018-12-18,0.853600369039554,0.9360306913812426,0.9119363039046815
2018-12-19,0.8411208248428492,0.9248704886611978,0.9094471443892853
2018-12-20,0.8434255798536533,0.9177764508764799,0.9189880379347048
2018-12-21,0.8332281337147733,0.9064008078066659,0.9192711729053311
2018-12-24,0.8373342268573217,0.9090337651043974,0.9211255500076596
2018-12-25,0.8261981092108472,0.9027744973309717,0.9151766157035667
2018-12-26,0.8209792930090845,0.898211690860414,0.9140153722811745
2018-12-27,0.8145857209325786,0.8947648555866101,0.9103908315649414
2018-12-28,0.8198849339500454,0.9007908055975784,0.9101835063759774
2019-01-02,0.8100270945866594,0.8884905848080263,0.9116890020412313
2019-01-03,0.8075878205244773,0.8870843685582154,0.9103844562575887
2019-01-04,0.8337282871321056,0.9083366161170545,0.9178626869586259
2019-01-07,0.8428373959691118,0.9138509215876339,0.9222920019655391
2019-01-08,0.8416198118931688,0.9118762036143352,0.922954024413954
2019-01-09,0.8450199634660596,0.921085595018833,0.9174174127093822
2019-01-10,0.8412714264390125,0.919353238675587,0.9150687581749769
2019-01-11,0.8453134178771804,0.9259626233077004,0.9129023100927909
2019-01-14,0.8382374184198533,0.9178841359976138,0.9132279179319344
2019-01-15,0.8525240084155328,0.9358990996023563,0.9109144444927366
2019-01-16,0.8498861711789852,0.9360965223244357,0.9079044210832231
2019-01-17,0.8430438337409363,0.9309413074726385,0.9055821532183052
2019-01-18,0.8547286949422084,0.9479209936139769,0.9016876941226187
2019-01-21,0.8582662669335523,0.953148068654031,0.9004542894846714
2019-01-22,0.8469177634183537,0.9404858127306658,0.9005109401484317
2019-01-23,0.846186798361142,0.9398066112635121,0.9003839600824854
2019-01-24,0.8510500492446471,0.945111505629386,0.9004758107117745
2019-01-25,0.8535302773628982,0.9527979517953434,0.8958145593770468
2019-01-28,0.852538117524674,0.9525915553131696,0.8949671165669714
2019-01-29,0.8469483387289868,0.9556403903052816,0.8862626018333394
2019-01-30,0.837326489486174,0.9480137458374539,0.8832429837254088
2019-01-31,0.8373632261666034,0.9579322746119208,0.8741361454867334
2019-02-01,0.8585398797418817,0.9716267232686575,0.8836108138871074
2019-02-11,0.8792322530663823,0.989300543774807,0.8887413017196527
2019-02-12,0.8905749131751433,0.9964424649825294,0.8937544760206076
2019-02-13,0.9121286941852701,1.0163962515201928,0.8974144609654229
2019-02-14,0.9140798876056468,1.017925155896296,0.8979833952534436
2019-02-15,0.9056060690561236,0.9989438305013753,0.906563553830244
2019-02-18,0.9408088070808696,1.0309703389886944,0.9125469196366341
2019-02-19,0.94171042327846,1.0291361865543762,0.9150493740108157
2019-02-20,0.9441482730482834,1.0328223688357008,0.914143904641241
2019-02-21,0.9450482452884539,1.030063778896646,0.9174657576065274
2019-02-22,0.9776169680447692,1.0532249134855907,0.9282129158997947
2019-02-25,1.0373582453086683,1.1158657550728552,0.9296443058609132
2019-02-26,1.032363804314395,1.1024644959842065,0.9364145585411979
2019-02-27,1.026909111511648,1.100579515611853,0.9330621703791672
2019-02-28,1.0175688174391115,1.097880727370928,0.9268482377642809
2019-03-01,1.0352415748161523,1.1219185562566063,0.9227421803863728
2019-03-04,1.0542888197006837,1.1352001418414945,0.9287250598739721
2019-03-05,1.0701352250516867,1.14175561380554,0.9372716999261004
2019-03-06,1.0912859900918204,1.1513540317316353,0.9478283482019231
2019-03-07,1.0957574902643687,1.1396133389054766,0.9615169047747121
2019-03-08,1.043924825114465,1.0943531282562735,0.953919533065017
2019-03-11,1.0769263728587428,1.1160063907193365,0.9649822633762839
2019-03-12,1.0905146210038539,1.1236061139068805,0.970548849375726
2019-03-13,1.0706987374704597,1.114282938028684,0.9608858764046674
2019-03-14,1.0481090891686804,1.1065934772401949,0.9471491660899968
2019-03-15,1.0605518127144848,1.1205123400067953,0.946488293656858
2019-03-18,1.0897461102907493,1.1524491108931694,0.9455915232961357
2019-03-19,1.0897332349044522,1.1471263391146074,0.9499679309478212
2019-03-20,1.090021089379465,1.1475691380892712,0.9498522164811569
2019-03-21,1.0995035503625765,1.1480029633038404,0.9577532336661507
2019-03-22,1.0962053881031626,1.1470784556916032,0.9556498796259164
2019-03-25,1.0741203242514707,1.1198600598199253,0.9591558470477021
2019-03-26,1.051747490853618,1.10717691186134,0.9499362564248777
2019-03-27,1.0564889621231042,1.12002761674669,0.9432704571980602
2019-03-28,1.0481722465383125,1.115542629601952,0.9396075225850593
2019-03-29,1.093957817328626,1.1586096673055555,0.9441987652948876
2019-04-01,1.13117836465849,1.1890055454332,0.9513650874070219
2019-04-02,1.1313213965423086,1.1882155741148797,0.9521179667965954
2019-04-03,1.1534179635862556,1.2034360527401895,0.9584372688186928
2019-04-04,1.1587912461789192,1.215424996226463,0.9534041588552359
2019-04-08,1.1453622415879323,1.2139290423757068,0.9435166320318142
2019-04-09,1.1474640750521057,1.2193744321730604,0.9410268452219369
2019-04-10,1.1423565686231034,1.2224921127308974,0.9344490297538354
2019-04-11,1.11925447894828,1.196081635697729,0.9357676311913005
2019-04-12,1.1200533328787494,1.1934008650844938,0.9385390656637815
2019-04-15,1.1066356028742588,1.189481294933211,0.9303514124922797
2019-04-16,1.1329855288869777,1.2224741652107085,0.9267971145154578
2019-04-17,1.1363603169533112,1.2229079904252778,0.9292279761440853
2019-04-18,1.1302902008601066,1.2183721753425043,0.9277051985714985
2019-04-19,1.1386363337770702,1.2328924202504388,0.9235488150261949
2019-04-22,1.115951520174475,1.204468315581062,0.9265096522162274
2019-04-23,1.108780618458884,1.2024935275002626,0.9220678474368269
2019-04-24,1.1196687744808895,1.205808630780179,0.9285625810759411
2019-04-25,1.0861241548043727,1.1793981537470106,0.9209139011738305
2019-04-26,1.0737353646480856,1.1636751445564082,0.922710577493165
2019-04-29,1.048596102633792,1.1669842886987618,0.8985520308958248
2019-04-30,1.056521491028786,1.1708380279068513,0.902363491658677
2019-05-06,0.9775695213954108,1.1024435338414864,0.8867297883176387
2019-05-07,0.9920489309532893,1.1132297831525926,0.8911447986451394
2019-05-08,0.9819610914995254,1.0973092811324099,0.8948808766897091
2019-05-09,0.967433635392904,1.077035383746375,0.8982375602440925
2019-05-10,1.0072695192924503,1.1161559300184123,0.9024451621878982
2019-05-13,0.9901597952303794,1.0976892637864122,0.9020401564417999
2019-05-14,0.9843802540490576,1.0906340655571034,0.9025761115816875
2019-05-15,1.005731557721939,1.1151506585653244,0.9018795352870469
2019-05-16,1.0113890176516753,1.1201981882959873,0.9028661429904388
2019-05-17,0.9747313771945918,1.0917142118209797,0.8928448183968765
2019-05-20,0.9644918742656823,1.082447963233383,0.8910283976928057
2019-05-21,0.9860776067473811,1.0971058291652669,0.8987989859625833
2019-05-22,0.9814346939092499,1.0918997162679334,0.8988322638856907
2019-05-23,0.9617083564789822,1.072325982491773,0.8968432847670559
2019-05-24,0.959967733031514,1.0753030274031288,0.892741588712764
2019-05-27,0.9830761574390897,1.0882554582720503,0.9033505414252955
2019-05-28,0.9910856277467751,1.098745433285036,0.9020156969241011
2019-05-29,0.9887462569669958,1.096247082388722,0.9019374125151768
2019-05-30,0.9803761161604722,1.089446234172092,0.8998848088226161
2019-05-31,0.9808841857239913,1.086038378668699,0.9031763563700124
2019-06-03,0.9775601041267759,1.0867025771306946,0.8995654604113518
2019-06-04,0.9663625704192015,1.076667389474999,0.8975497724421801
2019-06-05,0.9647094756997389,1.0762604154332125,0.8963532077052443
2019-06-06,0.9521611033965633,1.0665573270085147,0.8927425458387591
2019-06-10,0.9611294779756647,1.0803385687511657,0.8896558040010525
2019-06-11,0.9986089342268187,1.1128139054582122,0.8973728036006448
2019-06-12,0.9909792703210782,1.1043823567744069,0.8973153765471703
2019-06-13,0.9922107043313215,1.1026739771964134,0.8998223635004532
2019-06-14,0.9785360977143158,1.0935452795252654,0.8948290628981748
2019-06-17,0.9798321665090702,1.0935273320050765,0.896028967755624
2019-06-18,0.9806951386800632,1.097357164555414,0.8936881904601993
2019-06-19,0.9966789288782973,1.1118145230351864,0.8964435238329359
2019-06-20,1.0227708495121253,1.1454986532699645,0.8928608048490517
2019-06-21,1.033247766588189,1.1471203098695446,0.900731821848481
2019-06-24,1.0334619107867733,1.1493134828151441,0.8991993274588562
2019-06-25,1.0251538890802108,1.1373573496392162,0.9013472233730254
2019-06-26,1.0217680211396543,1.1352689172997197,0.9000228981605243
2019-06-27,1.033074173538145,1.147383633642318,0.9003738098117169
2019-06-28,1.0306821818087095,1.1446219589732307,0.900456411593982
2019-07-01,1.0617758321151258,1.1776000365680723,0.901643851175058
2019-07-02,1.0639626898460992,1.1780069405023579,0.9031888126163121
2019-07-03,1.0533080946008613,1.1649496989198325,0.9041661589144254
2019-07-04,1.0446484124044149,1.1588370259304508,0.9014627501789116
2019-07-05,1.0509660728189287,1.164850987558793,0.9022322031262251
2019-07-08,1.0247673967637074,1.1378002187213807,0.9006567057222967
2019-07-09,1.0255976296505205,1.1349098967884383,0.9036819861671406
2019-07-10,1.0218835744283392,1.1329979951358014,0.9019288461369749
2019-07-11,1.0216257489354317,1.1325432077785114,0.9020633755239724
2019-07-12,1.0261933983824227,1.1395774438650994,0.900503431255964
2019-07-15,1.035824560725301,1.1442031367638195,0.9052803015860902
2019-07-16,1.034799467851481,1.1390119567641435,0.9085062379777616
2019-07-17,1.0373913441447662,1.1383537174397105,0.9113084344978287
2019-07-18,1.0258596290934932,1.1275106810530062,0.909844710415888
2019-07-19,1.0360594261558127,1.139347070617673,0.9093448808308561
2019-07-22,1.02216070256585,1.1314840236573553,0.9033805879661173
2019-07-23,1.0315718927378925,1.1339464795132912,0.9097183256661817
2019-07-24,1.041053867446398,1.1428985763900792,0.9108891103308884
2019-07-25,1.0478138342319563,1.1522456589260273,0.909366701549209
2019-07-26,1.0504885105710535,1.1544896598096621,0.9099159110218838
2019-07-29,1.0504639810985954,1.1532031170636117,0.9109097656390144
2019-07-30,1.0562656840486473,1.1580052705416903,0.9121423804526801
2019-07-31,1.0489418710876806,1.147545161324019,0.9140745884697282
2019-08-01,1.0395976057269871,1.1380036706885233,0.9135274626117877
2019-08-02,1.024666041822159,1.121239424896954,0.9138690801175936
2019-08-05,1.0059097339656304,1.0997716668808448,0.9146532541782749
2019-08-06,0.9921430574560204,1.0879951491218087,0.9119002582473307
2019-08-07,0.9897863094847128,1.0835370131498534,0.9134771562693494
2019-08-08,1.0001180111738237,1.097856820713177,0.9109730816484236
2019-08-09,0.9888675643251008,1.0871573644879848,0.9095900893711232
2019-08-12,1.0072291584114321,1.1067759670646178,0.9100569477333313
2019-08-13,1.0016429518182168,1.0967976365920211,0.9132431712111728
2019-08-14,1.0067362425958897,1.1017793353794907,0.9137367259199276
2019-08-15,1.0109862099492861,1.1052500773110463,0.9147126344554583
2019-08-16,1.017821651840641,1.1101988956806697,0.9167921674220443
2019-08-19,1.0472109782347223,1.1342995408870096,0.9232226060991041
2019-08-20,1.0466042282997783,1.133294199326421,0.9235062077630264
2019-08-21,1.0451053786619064,1.131508000422608,0.9236394071200285
2019-08-22,1.0467358433161753,1.1350236111546361,0.9222150385500373
2019-08-23,1.0499631050408649,1.1432067689633254,0.9184367461303478
2019-08-26,1.0396858954606325,1.1267656486426594,0.9227170678419899
2019-08-27,1.0594438036247171,1.1420368850985037,0.9276791471873848
2019-08-28,1.0556710530655964,1.1377373322932187,0.9278688701704023
2019-08-29,1.0540386566023567,1.1340302579766741,0.929462551098912
2019-08-30,1.0495308029611214,1.136842760583797,0.9231978593259118
2019-09-02,1.069558853764522,1.1514228071898613,0.9289019177715137
2019-09-03,1.0739867086451962,1.1530056242340323,0.931467016354469
2019-09-04,1.0850280647380954,1.162696724276104,0.9331995541774962
2019-09-05,1.0960565853184319,1.1744613237600146,0.9332419579466683
2019-09-06,1.1007629259036722,1.1813998631080946,0.9317445856204197
2019-09-09,1.1187609969519297,1.1887123558651136,0.9411536705511274
2019-09-10,1.1168005669861958,1.1846191995420026,0.9427506893506142
2019-09-11,1.106761347978069,1.175891516775078,0.941210419659629
2019-09-12,1.1153325567680188,1.1885417142083163,0.9384042170627037
2019-09-16,1.1156538939995817,1.1841555085321185,0.9421515045625625
2019-09-17,1.0950541079030836,1.1642585791775542,0.940559191478445
2019-09-18,1.0997018296790506,1.1699015319119885,0.9399952044526265
2019-09-19,1.1075678946908596,1.174180122574553,0.9432691572587374
2019-09-20,1.1108664452954375,1.177552083037568,0.9433692668861738
2019-09-23,1.0996931170133437,1.1640910222507894,0.9446796650721253
2019-09-24,1.1019507796526706,1.1672087028086262,0.9440906129307235
2019-09-25,1.085388943248826,1.158202763371271,0.9371320614790278
2019-09-26,1.0686365936558742,1.149274573152235,0.929835757807478
2019-09-27,1.0772005453905154,1.152718393803507,0.9344871663201164
2019-09-30,1.0657985118123683,1.1413128148308778,0.9338355777336126
2019-10-08,1.063142577705725,1.1482393657963317,0.9258893305477383
2019-10-09,1.0691584464235906,1.1499028765738526,0.9297815217309128
2019-10-10,1.086149936320875,1.159297842532805,0.9369032671948062
2019-10-11,1.0922220523156037,1.1703952289321882,0.9332078816760848
2019-10-14,1.1051117296813562,1.182815053118,0.9343064469531299
2019-10-15,1.0920096848814402,1.177731558239458,0.9272144210127476
2019-10-16,1.0869581334297107,1.1736744371717265,0.926115538521073
2019-10-17,1.0872087624316098,1.1744314579647,0.9257319829594416
2019-10-18,1.0711017661932833,1.1577239992487287,0.9251788568677367
2019-10-21,1.070997977635421,1.1611528870023435,0.922357417032594
2019-10-22,1.081264682024831,1.1656528771522399,0.9276043522205563
2019-10-23,1.0720673889691033,1.158232629166586,0.9256062745706934
2019-10-24,1.0694918965536249,1.1581100111477947,0.9234804001855221
2019-10-25,1.0835139467260424,1.1659251045776071,0.9293169368015103
2019-10-28,1.1007057227639618,1.174841306414017,0.9368973637160067
2019-10-29,1.0867257639500982,1.1699464007124614,0.9288679919766544
2019-10-30,1.0786903761907638,1.1642615938000862,0.9265017260167256
2019-10-31,1.0756352191076695,1.162921138385968,0.9249425292935654
2019-11-01,1.088800248325087,1.1825607031053218,0.9207140449246906
2019-11-04,1.0987455458744824,1.1902592077614063,0.9231145104442928
2019-11-05,1.106110700010009,1.1976464351142122,0.9235703189017768
2019-11-06,1.0988263869110446,1.1922818091577092,0.9216163313665865
2019-11-07,1.1038727508205164,1.1943732561197373,0.9242276191002152
2019-11-08,1.0994310111991008,1.188730303385303,0.9248784253821974
2019-11-11,1.076879894646003,1.1677772045321144,0.9221621131724945
2019-11-12,1.0788476299515013,1.167989630259352,0.9236791166647116
2019-11-13,1.0775608591861559,1.1668795480926601,0.9234550909281927
2019-11-14,1.0860335368647867,1.1686388958236904,0.9293148985079082
2019-11-15,1.0760641106520545,1.1600308865605264,0.9276167756554896
2019-11-18,1.0869610519215973,1.1692582254852135,0.9296159122340448
2019-11-19,1.1051257648865844,1.1809600086484626,0.9357859341497381
2019-11-20,1.0939880520969163,1.1692372633424928,0.9356424794139199
2019-11-21,1.0900175346552317,1.1637738559174495,0.9366231498609557
2019-11-22,1.0789808376822796,1.1519225334551253,0.9366782976681068
2019-11-25,1.0803594431014143,1.1603660004140561,0.9310505846568299
2019-11-26,1.0882678757764055,1.1643872264414097,0.9346271163609038
2019-11-27,1.085062029769734,1.1595910321008938,0.93572820048795
2019-11-28,1.0809798977620524,1.1556057011139182,0.935422780209606
2019-11-29,1.0767901807585538,1.1455435220704382,0.9399819037974039
2019-12-02,1.0809212453539048,1.1477546425362268,0.9417703098681105
2019-12-03,1.0860413658396912,1.1522516180635913,0.9425383734021834
2019-12-04,1.0847300065634935,1.1518716354095893,0.9417108410502519
2019-12-05,1.0952953204184226,1.1607100179201797,0.9436425149332557
2019-12-06,1.1015253860559289,1.1676006738452556,0.9434093442480457
2019-12-09,1.10122800861931,1.1655242298883854,0.9448349338261011
2019-12-10,1.1042038098386275,1.1669992917039216,0.9461906426921587
2019-12-11,1.1046255279653545,1.1677083589663897,0.9459772377951686
2019-12-12,1.1032136043093015,1.1641987073719242,0.9476162422476047
2019-12-13,1.1228617614311986,1.1872970256402073,0.9457294486404829
2019-12-16,1.1375645695630272,1.1930806140211232,0.9534683207440725
2019-12-17,1.1519997335827952,1.2093123232370835,0.9526072888260378
2019-12-18,1.1510355688932716,1.2066134648886577,0.9539389393433343
2019-12-19,1.147141419730016,1.2049290620759168,0.9520406269840143
2019-12-20,1.1424572284807117,1.2019668799547176,0.9504897743303478
2019-12-23,1.1262366409544824,1.1869620520016793,0.9488396356523865
2019-12-24,1.1391600365326393,1.194699396213173,0.9535118542316368
2019-12-25,1.1415991021679845,1.1940740373065863,0.9560538681027125
2019-12-26,1.1529200637782036,1.2045818897322602,0.9571122342163558
2019-12-27,1.147539873767503,1.2033970729697812,0.9535837335349072
2019-12-30,1.1631430420078506,1.221229476642601,0.9524361016944649
2019-12-31,1.1725166321021017,1.2257026156197146,0.9566077588153614
2020-01-02,1.194710457401285,1.2423560915601173,0.9616489712711915
2020-01-03,1.1953687793710772,1.2401779917271765,0.9638687247677293
2020-01-06,1.195989900657687,1.2354924270228258,0.968026897210266
2020-01-07,1.2057907864422954,1.244746757335297,0.9687036976289081
2020-01-08,1.1885552386140976,1.2304120168743162,0.9659814942586876
2020-01-09,1.205808015931648,1.245985416658343,0.9677545176777042
2020-01-10,1.2067482627682087,1.2456294107695933,0.9687859425401953
2020-01-13,1.2208836650143733,1.257839753743199,0.970619398362273
2020-01-14,1.218598580392771,1.253621104993766,0.9720629108257003
2020-01-15,1.2133188816736376,1.2466915394057805,0.9732310225285963
2020-01-16,1.209196038952329,1.2413987035300338,0.9740593698977343
2020-01-17,1.211745943318073,1.2431370891183433,0.9747484440171168
2020-01-20,1.2228561237077136,1.2524062822209712,0.9764052936073951
2020-01-21,1.2051048340334873,1.2310073697705872,0.978958261036303
2020-01-22,1.215011145890735,1.236279313611114,0.9827966322122985
2020-01-23,1.1759778020473892,1.1979725752076482,0.9816400027718108
2020-02-03,1.0769794505086723,1.1035625897682748,0.9759115255391319
2020-02-04,1.1010060652312812,1.1326689105273373,0.9720458070299512
2020-02-05,1.115749408068843,1.1455016678924983,0.9740268734148649
2020-02-06,1.141174485464861,1.166819746394531,0.9780212316350374
2020-02-07,1.1465098297504792,1.1668466676748144,0.9825711136795201
2020-02-10,1.1580842439644523,1.1716758125406774,0.9883998897726215
2020-02-11,1.1628072364367785,1.182581735355544,0.9832785351510438
2020-02-12,1.1781283025857026,1.1921472027562923,0.9882406299002527
2020-02-13,1.1718423878795456,1.1848136777490519,0.9890520424324021
2020-02-14,1.1807533692424312,1.1931344565816904,0.9896230577610416
2020-02-17,1.2134351378205974,1.219969925284335,0.9946434847873692
2020-02-18,1.2128672177251798,1.2140127507315912,0.9990564077636572
2020-02-19,1.2055261829427137,1.212157706262053,0.9945291579758306
2020-02-20,1.2357470357667988,1.2400882541262315,0.9964992666086564
2020-02-21,1.242195719218418,1.2415333099314516,1.0005335412925835
2020-02-24,1.2428080319206711,1.2365516111439818,1.0050595710848667
2020-02-25,1.2434932193684873,1.233861866770652,1.0078058596810704
2020-02-26,1.2227345986500413,1.2186534466354693,1.0033489028614653
2020-02-27,1.2234725199347625,1.222201867677843,1.001039641887746
2020-02-28,1.1717574271413107,1.178868561686435,0.9939678308708552
2020-03-02,1.214054576834109,1.2176510495899115,0.9970463847117662
2020-03-03,1.2214863608373654,1.2241407607182644,0.9978316220110656
2020-03-04,1.2295807273592472,1.2312287692579187,0.9986614657325911
2020-03-05,1.2546476366586055,1.2586595908568339,0.9968125184701471
2020-03-06,1.2360389843140112,1.2382480724468494,0.998215956735977
2020-03-09,1.187342504985093,1.1959470292963137,0.9928052630255008
2020-03-10,1.2159778162503165,1.2215587014660687,0.9954313409506607
2020-03-11,1.1989642075580822,1.2053119892449502,0.9947334949427953
2020-03-12,1.1708827239590849,1.1821179041306584,0.9904957194774611
2020-03-13,1.156432133655497,1.165482305602944,0.9922348268146679
2020-03-16,1.1011665768058263,1.1153750726751894,0.9872612395440356
2020-03-17,1.0979669700980863,1.1099415310454606,0.989211538975305
2020-03-18,1.0770093831347607,1.0879741869790895,0.9899218161831815
2020-03-19,1.0749398183598342,1.0738608460054408,1.0010047599355232
2020-03-20,1.0907997299113763,1.0930486379900364,0.9979425361319735
2020-03-23,1.0419445776915905,1.0562738185852056,0.9864341606868492
2020-03-24,1.0656293875003586,1.084638051448952,0.9824746477193936
2020-03-25,1.1006542725991124,1.1137832818709241,0.9882122406705929
2020-03-26,1.0892869843019153,1.1064618153538108,0.9844777010705936
2020-03-27,1.0900148007216028,1.1100552454116588,0.9819464438613377
2020-03-30,1.0745962218271532,1.099298932003368,0.9775286689934317
2020-03-31,1.0778518581892187,1.102904350443842,0.977284981925639
2020-04-01,1.0741679429307698,1.099589177056425,0.9768811528377287
2020-04-02,1.1003232737474684,1.117376711928772,0.9847379688521818
2020-04-03,1.0912310252055653,1.1110007151666168,0.9822055110395795
2020-04-07,1.123701994408224,1.13637297022135,0.9888496328712765
2020-04-08,1.1212794192050741,1.131083148968135,0.991332441145459
2020-04-09,1.127172010364825,1.1348142000499324,0.9932656908198971
2020-04-10,1.1039404493853113,1.1277440689229663,0.978892711392942
2020-04-13,1.0943431085372857,1.1229807550002966,0.9744985420849858
2020-04-14,1.124937017997018,1.1446549094985796,0.9827739423140209
2020-04-15,1.1215005243896674,1.1361755474992707,0.9870838418042853
2020-04-16,1.1267563425724372,1.1376775305950904,0.9904004537938439
2020-04-17,1.1349570289254305,1.1487808761320364,0.98796650649935
2020-04-20,1.1398303213445065,1.152960755433561,0.9886115515838898
2020-04-21,1.1272073873478414,1.1393739918979584,0.9893216760812225
2020-04-22,1.1350122003453151,1.1487479957141902,0.9880428123312326
2020-04-23,1.1283982232173169,1.1458666475413424,0.9847552729093677
2020-04-24,1.1135347547934231,1.1360588185105414,0.9801735056758337
2020-04-27,1.1158481482132059,1.1437782152018459,0.9755808716957325
2020-04-28,1.1203946690732485,1.1516711980649788,0.972842483996925
2020-04-29,1.1238354788318092,1.1570208911238242,0.9713182254991249
2020-04-30,1.1528147460862344,1.1706495088373676,0.984765070487369
2020-05-06,1.1690947204113094,1.1777315582394594,0.9926665480196006
2020-05-07,1.1667146928242034,1.1743326764961606,0.9935129254048461
2020-05-08,1.1810873866026341,1.1859208154007126,0.9959243241746749
2020-05-11,1.1817246003042243,1.1848914970748712,0.9973272685486688
2020-05-12,1.181238721995113,1.1849094445950603,0.9969021070625345
2020-05-13,1.185251738921346,1.187305999400302,0.9982698137801093
2020-05-14,1.1699772962818766,1.1744314579647008,0.9962073889858645
2020-05-15,1.1687283720382309,1.1707212989181235,0.99829769315572
2020-05-18,1.164414109139655,1.1737402681149207,0.9920543247696153
2020-05-19,1.1772949960359425,1.1837156540724862,0.9945758442794483
2020-05-20,1.1674383716242955,1.1774235058812141,0.9915195049130215
2020-05-21,1.1561451467496204,1.1710115439711801,0.9873046535722917
2020-05-22,1.1340389783147158,1.1441642271009107,0.9911505284413145
2020-05-25,1.1298871176099856,1.1457380002774864,0.9861653513598555
2020-05-26,1.15031781513806,1.1587383145694121,0.9927330447906341
2020-05-27,1.1387432535984892,1.1506120139438218,0.9896848284204408
2020-05-28,1.1373570799291246,1.153909169703549,0.9856556389280823
2020-05-29,1.1481087007147117,1.1570178765012915,0.9922998806090012
2020-06-01,1.1854274073172753,1.1882305771200392,0.9976408873355556
2020-06-02,1.1886437860285408,1.1918897680135798,0.9972766089011329
2020-06-03,1.1910836061580492,1.1919137447788324,0.9993035245843757
2020-06-04,1.190868884517935,1.191476975049232,0.9994896329983448
2020-06-05,1.197301219503549,1.1971796593742956,1.000101538752602
2020-06-08,1.2010808074074328,1.2033732364195293,0.9980949975097358
2020-06-09,1.2110178979818567,1.2108771226535642,1.0001162589710044
2020-06-10,1.2141310001892778,1.2086869643304963,1.0045040908187481
2020-06-11,1.2068313735595042,1.1955729356723728,1.0094167721192182
2020-06-12,1.2098081312540645,1.1977271989550624,1.0100865475122731
2020-06-15,1.1975555931224275,1.1833386159335146,1.0120142932863705
2020-06-16,1.218986472638819,1.2011651305762723,1.014836712795681
2020-06-17,1.2222018231902687,1.2020686760457888,1.016748749506316
2020-06-18,1.2316500128870487,1.2100842068202124,1.0178217399626308
2020-06-19,1.2459849585113254,1.2263398928014253,1.0160192666203032
2020-06-22,1.246845046501422,1.2273392051169505,1.0158927876687627
2020-06-23,1.2533455057844198,1.2332454816241583,1.0162984778454571
2020-06-24,1.2579670124807798,1.2383916526083603,1.015807083188254
2020-06-29,1.2475170580925359,1.2296341040461214,1.014543313321882
2020-06-30,1.268791505713729,1.2458627285320494,1.018403935406829
2020-07-01,1.2885365131584652,1.2709418641261954,1.0138437874531472
2020-07-02,1.3123199938433185,1.2972895248387022,1.011586055939583
2020-07-03,1.3326996876684372,1.3223505726976577,1.0078263020294738
2020-07-06,1.394292138473524,1.3972975942120374,0.9978490940291012
2020-07-07,1.4111334064042753,1.4056872186104012,1.00387439518676
2020-07-08,1.438467636580705,1.428387606704493,1.0070569289658486
2020-07-09,1.4691858197211964,1.448365299899908,1.0143751854747745
2020-07-10,1.4564721019702378,1.4221432718287244,1.0241387986861339
2020-07-13,1.4949708414805856,1.4520125725183228,1.0295853285125192
2020-07-14,1.4831251137789643,1.4381684443475096,1.0312596689269256
2020-07-15,1.4559869009228874,1.4195522388164343,1.0256663059732347
2020-07-16,1.3884161194640485,1.351268514602236,1.0274909127685457
2020-07-17,1.3955588128547338,1.3597806869118905,1.0263116885592019
2020-07-20,1.443087151599909,1.4003524584492126,1.0305170979583398
2020-07-21,1.4462385856137334,1.4035659058530583,1.0304030466846796
2020-07-22,1.4539398653698627,1.4105702060368313,1.030746189836863
2020-07-23,1.451221588125158,1.409968823895497,1.029257926509103
2020-07-24,1.3817401407450465,1.3480789037486414,1.0249697824829114
2020-07-27,1.3881158740495245,1.354918731735682,1.0245012055234606
2020-07-28,1.3981601050438581,1.3668298558961358,1.0229218355251548
2020-07-29,1.4362356512498362,1.3999664465501471,1.025907195696772
2020-07-30,1.4288717007869263,1.3931267587781082,1.0256580686456482
2020-07-31,1.4428241211566248,1.4047657256206958,1.0270923434718007
2020-08-03,1.4757117469086494,1.4275827725960164,1.0337136138348826
2020-08-04,1.4729206425604622,1.4289261725251658,1.030788483604825
2020-08-05,1.4785157387744956,1.4293180734542936,1.0344203758658868
2020-08-06,1.4836279369444683,1.4250245498940721,1.0411244754027236
2020-08-07,1.4625835981530386,1.4086193947212848,1.0383099960386613
2020-08-10,1.4690207593925513,1.4136878865946687,1.0391407985613925
2020-08-11,1.4478606240895562,1.4007952574238771,1.033599033417799
2020-08-12,1.4376840958017076,1.3905804543512896,1.0338733665520936
2020-08-13,1.4376695153143333,1.3870110010586945,1.0365235129476058
2020-08-14,1.4592392829329248,1.407632000680885,1.0366624815484993
2020-08-17,1.4995337803514912,1.4407237225344234,1.0408198025042672
2020-08-18,1.497853774596296,1.439984649261639,1.0401873209997967
2020-08-19,1.4768334574785766,1.4184181798844901,1.0411833959988046
2020-08-20,1.4556324417464792,1.4000083708355888,1.0397312416622848
2020-08-21,1.4692725679505572,1.4118835999556647,1.0406470958347378
2020-08-24,1.4776757146843083,1.4229570796972961,1.0384541710833979
2020-08-25,1.4700551100575223,1.42478225837152,1.031775277534511
2020-08-26,1.4449818416968525,1.4080808289006121,1.0262066012396829
2020-08-27,1.4550033436389678,1.4156266394200885,1.0278157411865392
2020-08-28,1.4888659281723826,1.4494125657459387,1.0272202431239026
2020-08-31,1.4786638739903735,1.4410198566175425,1.026123177414912
2020-09-01,1.4896033876536168,1.4487692593191632,1.0281853912013865
2020-09-02,1.4855547172890964,1.4492988513797413,1.0250161420295332
2020-09-03,1.4751046205731848,1.4412831803903163,1.0234662005656023
2020-09-04,1.4635786824931933,1.4272566325025817,1.025448857033457
2020-09-07,1.4284630156056657,1.3970822239697698,1.02246166410072
2020-09-08,1.4378673252282246,1.4045681626836155,1.0237077583198144
2020-09-09,1.3992053602679941,1.3717159280525995,1.0200401786209634
2020-09-10,1.3901741703212758,1.3709349304943736,1.0140336637421328
2020-09-11,1.4064017156829902,1.3844888136121298,1.0158274316523292
2020-09-14,1.40928085455388,1.391600798917037,1.0127048329165964
2020-09-15,1.4234834164108128,1.4027999112999914,1.0147444442676459
2020-09-16,1.4170782629846086,1.393488793911922,1.0169283521875079
2020-09-17,1.4129742302597608,1.3861134848342416,1.019378460508038
2020-09-18,1.448096165726428,1.4173441329731786,1.0216969415104153
2020-09-21,1.4380511212877436,1.403682564734288,1.0244845646850087
2020-09-22,1.4171683644133897,1.387026004063853,1.0217316476123899
2020-09-23,1.4256805957367535,1.3919837260860701,1.0242078043149478
2020-09-24,1.3947218116608655,1.3652771149697829,1.0215668279854924
2020-09-25,1.3955096716874353,1.3673565034416841,1.0205894864835094
2020-09-28,1.3934378529749682,1.3709140384591538,1.016429778880323
2020-09-29,1.4014892370096177,1.3738731358503207,1.0201009106581045
2020-09-30,1.3999269371785623,1.372556657201455,1.019941093020461
2020-10-09,1.4328528662508648,1.4006037237318607,1.023025172625614
2020-10-12,1.4787946117248918,1.4430963005744137,1.0247373034885257
2020-10-13,1.485842541633699,1.4478955796449622,1.0262083554382022
2020-10-14,1.475865400983499,1.4382911324738035,1.0261242440152358
2020-10-15,1.4696339653893282,1.4357898370624587,1.0235717842912948
2020-10-16,1.4644750830283289,1.4336774980652105,1.0214815291477202
2020-10-19,1.4509653777732516,1.4228493945761636,1.0197603367610548
2020-10-20,1.4642917218567055,1.434213119370852,1.0209721986778701
2020-10-21,1.4574502728796737,1.4340215856788348,1.0163377507248248
2020-10-22,1.4495869494147058,1.4295784527120374,1.013996081617424
2020-10-23,1.4269473768116547,1.4117789995645647,1.0107441584353984
2020-10-26,1.4249064886668057,1.4036256374436893,1.0151613440617069
2020-10-27,1.4320793698183414,1.4060313062240268,1.0185259485183642
2020-10-28,1.4457206471726327,1.4173979755337465,1.0199821589474338
2020-10-29,1.455010582511919,1.4280644111260905,1.0188690168145709
2020-10-30,1.4241785663720097,1.4048494339765787,1.0137588640661068
2020-11-02,1.4294729023245167,1.4124790930669382,1.012031193481724
2020-11-03,1.4496349816550558,1.429452820070714,1.0141188021744876
2020-11-04,1.4571738724903156,1.4402540022794774,1.011747837662009
2020-11-05,1.481151519382734,1.46163188247964,1.0133546874127972
2020-11-06,1.4725737732009256,1.4618144424115629,1.0073602575519867
2020-11-09,1.5054132240987042,1.4904269960429248,1.010054989674481
2020-11-10,1.496564205315259,1.4822080133013584,1.009685679665113
2020-11-11,1.4748019981485927,1.4675530217770048,1.0049394987874514
2020-11-12,1.4806250777180179,1.4686182351432242,1.008175604992146
2020-11-13,1.4709090518065897,1.453176497245584,1.0122026158519744
2020-11-16,1.482182340220891,1.4673347070197054,1.010118777351994
2020-11-17,1.4767964613273905,1.4645281635501455,1.0083769626850367
2020-11-18,1.4724633367146422,1.463594612070313,1.0060595499403924
2020-11-19,1.4830529459207344,1.4744616953297704,1.0058267031406622
2020-11-20,1.4973835626242682,1.4790394346979856,1.0124027307831913
2020-11-23,1.5122934873256428,1.4975120600675487,1.0098706565724935
2020-11-24,1.5043329941612253,1.488314657045677,1.0107627355812951
2020-11-25,1.479583817546219,1.4692884628502836,1.0070070343273256
2020-11-26,1.4760643855939806,1.4719483414282988,1.002796323790608
2020-11-27,1.490110798000313,1.4902535500860985,0.9999042095314739
2020-11-30,1.4917828106468707,1.4841138156014317,1.0051673901050042
2020-12-01,1.5196887771869212,1.516083537013153,1.0023779957276437
2020-12-02,1.5159990795082061,1.5160954552882786,0.9999364315883038
2020-12-03,1.5148965177926708,1.5130795708215137,1.0012008271119348
2020-12-04,1.5220174515361824,1.5157304756394343,1.0041478191524096
2020-12-07,1.5126078843944115,1.5026613157817834,1.0066193017070206
2020-12-08,1.5120577341272194,1.4989632853328339,1.0087356701278232
2020-12-09,1.490111861394375,1.4788629040111265,1.0076064910092326
2020-12-10,1.4906103897797274,1.4782106238242563,1.0083883620883416
2020-12-11,1.477980247814504,1.4629842561688844,1.0102502754779397
2020-12-14,1.4876322029938718,1.476511218006357,1.007531933961552
2020-12-15,1.4960435813035635,1.479580945033689,1.0111265533157427
2020-12-16,1.494476101645837,1.4822049285713261,1.0082789989683403
2020-12-17,1.5134568864107796,1.5012371520117829,1.0081397761723532
2020-12-18,1.5208713323059448,1.4959981586966031,1.01662647341158
2020-12-21,1.5413256469124466,1.5100217620693066,1.0207307507941088
2020-12-22,1.5048020728428189,1.4854663295056765,1.0130166150205349
2020-12-23,1.5256624228343751,1.4981374189741348,1.018372816479738
2020-12-24,1.520787080141407,1.496013161701761,1.0165599602155004
2020-12-25,1.5425315316706594,1.508576566049085,1.0225079498023102
2020-12-28,1.5511529898458716,1.5152787029046755,1.0236750420054264
2020-12-29,1.5350548151675287,1.5088548928270167,1.0173641100049213
2020-12-30,1.55574603445884,1.5300293210600362,1.016807987301176
2020-12-31,1.5812098797589464,1.5592254495275446,1.0140995840197857
2021-01-04,1.6073109458418275,1.5761092987153738,1.0197966265105378
2021-01-05,1.6308706051021258,1.6062628152129657,1.0153199026062851
2021-01-06,1.6429129375905818,1.6209745938129176,1.013534045420206
2021-01-07,1.6741678229430452,1.6496949727804149,1.0148347728316003
2021-01-08,1.6807402642936626,1.6442404690079653,1.0221985749491491
2021-01-11,1.6625784024101478,1.6280028707619427,1.0212380041025497
2021-01-12,1.6979389020133038,1.6744359097909989,1.0140363641778554
2021-01-13,1.6933797669533899,1.6689365372180767,1.0146459911387986
2021-01-14,1.6626002988681,1.6367693930842762,1.0157816402805215
2021-01-15,1.6600828418576357,1.6330653333902632,1.016544046288267
2021-01-18,1.6822428730327428,1.6511490023457296,1.0188316564058357
2021-01-19,1.654104145447942,1.626913680630471,1.0167129117796427
2021-01-20,1.6737444399748354,1.638555732203091,1.0214754415001996
2021-01-21,1.7014647768221367,1.66504697307711,1.0218719377494343
2021-01-22,1.7065368527855014,1.6664861398522681,1.0240330309238477
2021-01-25,1.7182831791053674,1.6832833361691846,1.0207926034697377
2021-01-26,1.6920987865129182,1.6494884360832398,1.0258324638703489
2021-01-27,1.7023778477240992,1.6539855518256055,1.029257991912372
2021-01-28,1.649861823574449,1.6088479591951936,1.0254926913042623
2021-01-29,1.6391299149819742,1.6013140669508428,1.023615509793865
2021-02-01,1.6624660932558895,1.620968564567854,1.0256004524671942
2021-02-02,1.694358573753364,1.6459339857958024,1.0294207352029057
2021-02-03,1.686752334417893,1.6411797157407282,1.027768207369414
2021-02-04,1.6720566117315607,1.6378137144152758,1.020907687495162
2021-02-05,1.653220873821882,1.6406440944350869,1.0076657572653658
2021-02-08,1.6871849789032842,1.6649242849508181,1.0133703941696806
2021-02-09,1.7358013613773047,1.701334054599304,1.020258988342015
2021-02-10,1.7656427841010545,1.7376780634120974,1.0160931540069313
2021-02-18,1.7716474862851375,1.7259075748981247,1.0265019471797108
2021-02-19,1.7756355297452724,1.7290371737310872,1.0269504651040156
2021-02-22,1.7375989819507704,1.6747290993590873,1.0375403297260095
2021-02-23,1.7279740194488586,1.669445237243435,1.0350588212776992
2021-02-24,1.6873271005783155,1.6269286836356294,1.0371241945330487
2021-02-25,1.6885921323088875,1.6365001802814412,1.0318313145669729
2021-02-26,1.6491758346955259,1.596766193377943,1.0328223640598946
2021-03-01,1.6861571072363601,1.6213067631514164,1.0399988117972756
2021-03-02,1.669005340317126,1.6006169179635006,1.0427262898361949
2021-03-03,1.6928943834698855,1.631309000281765,1.03775212616217
2021-03-04,1.6321546073583286,1.5799959183413097,1.0330119137723948
2021-03-05,1.626021182677162,1.5746373216298701,1.0326321879593872
2021-03-08,1.5614824866361403,1.5199492646038681,1.0273254002613676
2021-03-09,1.518800858212264,1.4873303477353095,1.0211590589305686
2021-03-10,1.5279434285795803,1.4970872086130735,1.0206108366893953
2021-03-11,1.569155826229529,1.534370798150763,1.0226705488143344
2021-03-12,1.5725022751999889,1.539804269672991,1.0212351700608948
2021-03-15,1.534276190130066,1.5066407577386962,1.0183424165644155
2021-03-16,1.5396884096596972,1.5197517016667872,1.013118398203499
2021-03-17,1.5540549161544703,1.526184625719542,1.0182614147497315
2021-03-18,1.570263765664748,1.5384249747034635,1.0206957059881465
2021-03-19,1.52961790024081,1.4981284452140402,1.0210191957354302
2021-03-22,1.549447034302401,1.5131064921017965,1.0240171741977826
2021-03-23,1.5255997143467706,1.4987746961558468,1.017897965758113
2021-03-24,1.485795241007584,1.474671036326975,1.007543516083639
2021-03-25,1.4923403757291052,1.4739709428246013,1.0124625475108093
2021-03-26,1.5331353165436021,1.507373801766417,1.0170903293841225
2021-03-29,1.5373625390158254,1.5100336803444323,1.0180981782241834
2021-03-30,1.55535002437034,1.524350473285224,1.0203362360745734
2021-03-31,1.5425675746182546,1.5104764793190961,1.0212456769360783
2021-04-01,1.5602644839781092,1.5291526968708034,1.0203457687194821
2021-04-02,1.5706385062671326,1.5443461140008279,1.0170249350375162
2021-04-06,1.5717284967464749,1.5379970385189563,1.0219320696872087
2021-04-07,1.5719688152773623,1.5270462469036172,1.0294179488439426
2021-04-08,1.5722839063200902,1.5295804928403094,1.0279183826412979
2021-04-09,1.5544488885348338,1.5065808859330658,1.0317726071322895
2021-04-12,1.5188170412182898,1.4803738608670403,1.0259685619744283
2021-04-13,1.5157689435816184,1.4779473000514824,1.025590657751341
2021-04-14,1.5326334407608353,1.4902116258006566,1.0284669735665137
2021-04-15,1.527914334070044,1.4807388405158843,1.0318594287279748
2021-04-16,1.5327277878029761,1.4858880962301189,1.0315230276705867
2021-04-19,1.5719775477425875,1.5220436560809274,1.0328071349741923
2021-04-20,1.573077679111465,1.5209515214344245,1.034272070439089
2021-04-21,1.5753558123032412,1.525550293052861,1.0326475760761131
2021-04-22,1.5763427480008558,1.5227078545429231,1.0352233642835136
2021-04-23,1.581763900428619,1.5365340351935473,1.0294362924602412
2021-04-26,1.5733542007076557,1.5191175092151077,1.0357027624022126
2021-04-27,1.5739088359284135,1.523090781711956,1.0333650855396406
2021-04-28,1.5873075460548327,1.5316838580774628,1.036315384329497
2021-04-29,1.594274794415729,1.5451269713440525,1.031808274648733
2021-04-30,1.5801283589568136,1.5329554679258561,1.0307725123253477
2021-05-06,1.571194230345978,1.5142943935943083,1.0375751485261813
2021-05-07,1.5560269597851328,1.4948252602092496,1.040942377149364
2021-05-10,1.5621968956001722,1.4937391548078103,1.0458297826444605
2021-05-11,1.5646078601037559,1.5029066920343674,1.041054556744217
2021-05-12,1.5739052020766653,1.50933653135709,1.0427795056822218
2021-05-13,1.5541547596378158,1.4939037672195443,1.0403312406999352
2021-05-14,1.58442949673211,1.5290957695802043,1.0361872213975825
2021-05-17,1.6124849280266131,1.551356443429665,1.0394032492376855
2021-05-18,1.6157577923552293,1.5521373007728894,1.0409889586125274
2021-05-19,1.6145503152080687,1.5475505876445799,1.043294046797827
2021-05-20,1.6122247469371895,1.5517812948841396,1.0389510121383199
2021-05-21,1.6035554461474326,1.5361449385644497,1.043882908370599
2021-05-24,1.6067804896321207,1.5425599150970153,1.0416324668536887
2021-05-25,1.6446219357243732,1.5912968268153367,1.0335104727229025
2021-05-26,1.6479201052994448,1.591928074751985,1.0351724625223304
2021-05-27,1.6611268140897562,1.5972060478375754,1.0400203632704257
2021-05-28,1.6493730763876726,1.5920776841585609,1.0359878119008956
2021-05-31,1.6606656146828191,1.5952133122365868,1.0410304389664755
2021-06-01,1.6698321956983768,1.5982383106784475,1.0447955004842413
2021-06-02,1.6507689370278804,1.5827665667704913,1.0429642448135246
2021-06-03,1.6397523953727569,1.5723902360162028,1.0428406115820348
2021-06-04,1.6473088079514622,1.5804657788112586,1.0422932467354524
2021-06-07,1.651843508481445,1.5790744253516042,1.0460833776809713
2021-06-08,1.639669222699045,1.5654577259131863,1.0474056217280274
2021-06-09,1.6423748470842432,1.566753312526832,1.0482663951962228
2021-06-10,1.6549027810662675,1.5772312991571913,1.0492454606693264
2021-06-11,1.6446634073982371,1.5632377017948036,1.0520878593894876
2021-06-15,1.6239184362717796,1.545842067851584,1.0505073383911114
2021-06-16,1.5928256599185722,1.5200899002503494,1.0478496434034879
2021-06-17,1.6055879793892667,1.5264928182927882,1.0518149578881986
2021-06-18,1.6143543170490495,1.526666264249615,1.0574376043100258
2021-06-21,1.6169915636190109,1.5230519421565472,1.061678540870675
2021-06-22,1.6312963019630178,1.532557537751665,1.0644274435243766
2021-06-23,1.6510032642488053,1.5401064330011738,1.0720059528817947
2021-06-24,1.6513175442098933,1.5426736294632128,1.0704257288591132
2021-06-25,1.6781769474997201,1.5678064674029246,1.070398025771398
2021-06-28,1.690447034141603,1.57133413662508,1.0758036720136142
2021-06-29,1.6696151677933166,1.5530170096921547,1.075078481029821
2021-06-30,1.6818937449006603,1.5630402790727247,1.0760399251505186
2021-07-01,1.6707959089309923,1.5647217373704347,1.0677910768586998
2021-07-02,1.634880260524445,1.5202783492123346,1.07538218995981
2021-07-05,1.6463953188407914,1.5216755917020512,1.0819621000815531
2021-07-06,1.6446608549640171,1.5208707575935743,1.0813942254806135
2021-07-07,1.6704046844873974,1.5380419073194294,1.086059278708898
2021-07-08,1.663849746149057,1.5224146649748354,1.0929018121199978
2021-07-09,1.6660995941118217,1.5167836305155264,1.0984424940988753
2021-07-12,1.6894722509259426,1.5357141980799127,1.1001215284968204
2021-07-13,1.6962984038341318,1.5385236860645037,1.102549423969683
2021-07-14,1.6775799163727672,1.5208647283485106,1.103043475927298
2021-07-15,1.691177390672561,1.5413242002890002,1.0972236667376423
2021-07-16,1.6829825220530128,1.52436239156035,1.1040567068374718
2021-07-19,1.6880643641403061,1.5299635602243442,1.1033363199139063
2021-07-20,1.6865413518952719,1.5286170755651622,1.1033118619793787
2021-07-21,1.7085022598110995,1.5391041761706177,1.1100627795461866
2021-07-22,1.7103425726828174,1.5414109933749143,1.1095954161699781
2021-07-23,1.6924024439563763,1.5227049100278924,1.1114447932826166
2021-07-26,1.6445079674961132,1.4736567210062923,1.1159369370453889
2021-07-27,1.5928480554719449,1.421598676762991,1.1204625338417535
2021-07-28,1.5807476772839697,1.4243424039118893,1.1098087601285482
2021-07-29,1.6214537190537015,1.4512077384098485,1.1173133081762636
2021-07-30,1.6168355504790992,1.4395088997616305,1.1231855188577384
2021-08-02,1.661202879909641,1.47618199318289,1.1253374499764868
2021-08-03,1.6529929754581874,1.4763975036401598,1.119612415614778
2021-08-04,1.6754442145021808,1.489679089225048,1.12470143846469
2021-08-05,1.6597648780617136,1.4806491029149396,1.120971116515149
2021-08-06,1.6485515153396708,1.4725378052945073,1.119530859861327
2021-08-09,1.6688329453507613,1.4916866876161927,1.118755673832324
2021-08-10,1.6849238919099412,1.5089177091476784,1.1166439903881047
2021-08-11,1.6758379604334128,1.5005969303150397,1.1167808800472372
2021-08-12,1.67169193867416,1.4880333857527142,1.1234236776405007
2021-08-13,1.6550169541553377,1.4798442688064624,1.1183723781220285
2021-08-16,1.654341842435029,1.4783752362359897,1.1190270249974277
2021-08-17,1.6156268704530357,1.4473570138242902,1.116260089958132
2021-08-18,1.6296395733780193,1.4643635511384117,1.112865430248602
2021-08-19,1.6318226859604112,1.4547592441822543,1.1217132267667338
2021-08-20,1.6032589821574919,1.4269724166945896,1.123538873912678
2021-08-23,1.6355324690253603,1.4469021563594995,1.1303683955661985
2021-08-24,1.650258524652231,1.4626132472749764,1.1282945288010076
2021-08-25,1.6573669294490323,1.4655364496257652,1.1308943765078325
2021-08-26,1.6229234675988404,1.436648513731503,1.1296593788159868
2021-08-27,1.6305219721487019,1.4442572807866425,1.128969189797407
2021-08-30,1.626463349485823,1.4401372031832478,1.1293808297506125
2021-08-31,1.6250900881313837,1.4378453889841092,1.1302258925624609
2021-09-01,1.6326351124694272,1.4569494025053225,1.120584633661266
2021-09-02,1.6311342945818028,1.4569343995001645,1.1195660526248825
2021-09-03,1.621123922789547,1.4490505306121275,1.1187490626049665
2021-09-06,1.6614797866333282,1.4761790486678588,1.1255272780986083
2021-09-07,1.6804335757291429,1.4938618429341028,1.1248922272682147
2021-09-08,1.678288692194058,1.4876684061038705,1.1281335849494933
2021-09-09,1.679033668913235,1.4870340734371894,1.129115800979765
2021-09-10,1.6876978947041272,1.5000523352493043,1.1250926751323225
2021-09-13,1.6803253706684445,1.4935118662904168,1.1250833746919164
2021-09-14,1.658401798886284,1.4712213266456415,1.1272279492218962
2021-09-15,1.6470608296918872,1.456309040593578,1.1309830425968932
2021-09-16,1.6171233064978452,1.438470747890696,1.124196170738346
2021-09-17,1.6345552438130628,1.4529041997127161,1.125026167682814
2021-09-22,1.6420611190700278,1.442680422880034,1.1382015677401156
2021-09-23,1.6615019051748214,1.4520843625990811,1.14421857845842
2021-09-24,1.6485921714228713,1.4509563329122002,1.1362107418587837
2021-09-27,1.6271649479181114,1.4593160915152494,1.115018848472081
2021-09-28,1.636255068176356,1.4612489553106074,1.1197647479779027
2021-09-29,1.599257025190846,1.4463187217383546,1.1057431540875529
2021-09-30,1.6183305761652058,1.4560279095156168,1.1114694749935
2021-10-08,1.620894932322974,1.4750451299509155,1.0988781966128127
2021-10-11,1.6151665503860715,1.4769150372106103,1.0936083049412044
2021-10-12,1.5827142949363215,1.4612518998256383,1.0831221469242753
2021-10-13,1.5943035885039643,1.478087935697964,1.0786256690141527
2021-10-14,1.592884963893343,1.470159057794453,1.0834779784188826
2021-10-15,1.5986938713151528,1.4756943254077532,1.0833502872442187
2021-10-18,1.6043146557976373,1.458541123202087,1.0999447532034738
2021-10-19,1.6189479502289161,1.4728848374231622,1.0991680470153349
2021-10-20,1.6165380660402349,1.469132824198644,1.1003348638146415
2021-10-21,1.617258711585278,1.4744706690898648,1.0968402054301636
2021-10-22,1.6103918702000928,1.4839583171647934,1.0852002051357208
2021-10-25,1.6334747012177309,1.4898794564621578,1.0963804448291083
2021-10-26,1.6296253137699463,1.4849666032404132,1.097415463899233
2021-10-27,1.6130272302939703,1.465536449625765,1.100639448923886
2021-10-28,1.5908606329286212,1.4553576818085572,1.0931062877626592
2021-10-29,1.6065712686725808,1.4687110574742017,1.0938647601901101
2021-11-01,1.595941806991367,1.4633014225022247,1.0906446084514352
2021-11-02,1.5791736377765173,1.448090057852011,1.090521704236369
2021-11-03,1.5862134375609898,1.4424830001579547,1.099640992224724
2021-11-04,1.5987900135638429,1.4567338920480521,1.0975168644673126
2021-11-05,1.5774492740583592,1.4488379646698883,1.0887685942283922
2021-11-08,1.5827651162234684,1.4505823795032613,1.091123908981627
2021-11-09,1.5849279929923412,1.450151498803723,1.0929395958282977
2021-11-10,1.5771794147799016,1.442506976923207,1.0933599906351539
2021-11-11,1.6009336388888933,1.46568311451731,1.0922781486884532
2021-11-12,1.5987130691580977,1.462607218029913,1.0930570076848898
2021-11-15,1.5954700302880722,1.460815130096038,1.0921779199967498
2021-11-16,1.5930819908271843,1.461096261173999,1.0903333566449167
2021-11-17,1.6026145572735928,1.4618234161716577,1.096312002902957
2021-11-18,1.5910630602891782,1.4474227746599828,1.0992386524130369
2021-11-19,1.6111479107964841,1.4631129735402397,1.1011780634396604
2021-11-22,1.618562831895831,1.4697970226606394,1.1012152065500136
2021-11-23,1.6201660032033514,1.4700813786836342,1.1020927322092253
2021-11-24,1.6186980166602774,1.471071717239065,1.1003528908150584
2021-11-25,1.6149039127274287,1.465021860570345,1.1023070414107907
2021-11-26,1.6010471491817602,1.45415786204092,1.1010133019084187
2021-11-29,1.5936139891677557,1.4515518260234717,1.0978691636064166
2021-11-30,1.593441414519512,1.4457502901223669,1.1021553482687834
2021-12-01,1.597729907274099,1.4492867928896151,1.1024249410901725
2021-12-02,1.597318859846008,1.4529699605484083,1.099347476697396
2021-12-03,1.6165721985041814,1.466392181779778,1.1024146327226922
2021-12-06,1.6049733168350595,1.4638788278783061,1.0963839945422604
2021-12-07,1.6161220052312935,1.4726993329762081,1.09738761269433
2021-12-08,1.6446676893129177,1.4947893651688713,1.1002671865591673
2021-12-09,1.6744818663412324,1.5195513344296767,1.1019580769673074
2021-12-10,1.6632207507603995,1.5124990807153988,1.0996507515057203
2021-12-13,1.6664856309557499,1.52108023880578,1.0955935054840562
2021-12-14,1.6562341352218992,1.5108774942233196,1.096206768288187
2021-12-15,1.6421122386441396,1.4977724393252905,1.0963696457012326
2021-12-16,1.65543385439511,1.506398466216144,1.0989349043572259
2021-12-17,1.630115396866107,1.48247119685913,1.0995933009152465
2021-12-20,1.6037988091607336,1.4602286107448599,1.0983203570724716
2021-12-21,1.6210241105513834,1.4701231627540743,1.1026451059478697
2021-12-22,1.6305531042502386,1.4704104632921005,1.1089101614521941
2021-12-23,1.638212423177106,1.4806701351651603,1.1063993149253144
2021-12-24,1.6333040123067621,1.4724719042438124,1.1092259265520894
2021-12-27,1.6369309538241155,1.4718675775874472,1.112145534523714
2021-12-28,1.6441463412621566,1.482830287477912,1.108789289743077
2021-12-29,1.624986852422833,1.4611442147045035,1.1121331050484051
2021-12-30,1.6425828091193617,1.4725228022893484,1.1154888783831525
2021-12-31,1.6536602794907518,1.478165755023783,1.1187245231940481
2022-01-04,1.6514962084936078,1.4714037463625622,1.1223950004043757
2022-01-05,1.6289532095543433,1.456548387601098,1.1183653240914242
2022-01-06,1.6155520012667748,1.4416212387588778,1.1206494173584995
2022-01-07,1.6113798808139246,1.4428600382969254,1.1167956960786791
2022-01-10,1.619339633118662,1.4493466646952458,1.1172893777343191
2022-01-11,1.5956548466521234,1.4354995920094016,1.111567607217873
2022-01-12,1.6103118435458312,1.4498044666750676,1.110709671931737
2022-01-13,1.5813345692014364,1.4259700196490313,1.1089535876712502
2022-01-14,1.575514434087836,1.4142443999355312,1.114032648218127
2022-01-17,1.5930752687306533,1.426376923583317,1.1168683693567896
2022-01-18,1.6062781412124087,1.4401611799484997,1.1153460901298904
2022-01-19,1.5938156420480147,1.4302964937345999,1.114325350743506
2022-01-20,1.5949322805234094,1.443201041180517,1.1051352064011668
2022-01-21,1.5697244418952043,1.4299763828862282,1.0977275294064033
2022-01-24,1.5751709249619241,1.432199491734643,1.09982647951796
2022-01-25,1.5338391602992116,1.3997988896233837,1.095756805973672
2022-01-26,1.5405951523004484,1.409929844125088,1.0926750424638632
2022-01-27,1.508650492995394,1.38227467852381,1.091425978088918
2022-01-28,1.495498937551124,1.3654864559669881,1.0952133073279484
2022-02-07,1.517455973886401,1.3865262777985903,1.0944300141903476
2022-02-08,1.5147161980359038,1.3789506014837993,1.0984557361271796
2022-02-09,1.5284570071887174,1.3919029622452201,1.0981060092890582
2022-02-10,1.5276205437235768,1.3882527451117743,1.100390796346368
2022-02-11,1.507818716800859,1.3767454401555737,1.0952051648927008
2022-02-14,1.4916670085830546,1.3618721338739206,1.095306212294634
2022-02-15,1.514060345084971,1.3763564837414772,1.1000495605391132
2022-02-16,1.5178448598618253,1.3817091914228548,1.098527005019617
2022-02-17,1.5182402408153743,1.3850512159830546,1.0961618049176525
2022-02-18,1.5271691182745022,1.3916575859926363,1.0973741915007122
2022-02-21,1.5269167116927753,1.386592178849285,1.1012010128024405
2022-02-22,1.505125762075836,1.3685922182497003,1.0997620343046735
2022-02-23,1.5235721587954767,1.3832230927938,1.1014652421094293
2022-02-24,1.4936809580939023,1.3551789707784254,1.1022019897755058
2022-02-25,1.5085192235749656,1.3683737632773996,1.10241752952198
2022-02-28,1.5076871359053028,1.3708362191333354,1.0998302458469376
2022-03-01,1.5186538503621707,1.3822178914482128,1.0987079965887345
2022-03-02,1.5086093117571475,1.3699236999037243,1.1012360118035551
2022-03-03,1.5007992371121814,1.3618541863537321,1.1020263785585334
2022-03-04,1.4905364488873467,1.345338261329778,1.107926899673581
2022-03-07,1.4433839648835471,1.3023580167120885,1.1082850847169432
2022-03-08,1.4031941277813298,1.276210723236692,1.099500342876438
2022-03-09,1.3858278688694334,1.2645299723236645,1.0959233068417313
2022-03-10,1.4110263114073405,1.2844238169481963,1.0985675388361709
2022-03-11,1.4206843069583748,1.2885169732713075,1.1025732190019342
2022-03-14,1.3775767533939534,1.2490941234560864,1.1028606471883573
2022-03-15,1.3065509141316098,1.191961698309339,1.096134981505532
2022-03-16,1.3570993532492763,1.2435050132822192,1.0913501262590217
2022-03-17,1.3881108301309206,1.2679258394444315,1.0947886595158836
2022-03-18,1.4004860203179608,1.2763634173733003,1.097247070274154
2022-03-21,1.4027586859156187,1.274224016880767,1.1008728978044988
2022-03-22,1.4002977107153014,1.273191894254896,1.0998324109931525
2022-03-23,1.4070423801048728,1.2795408295217663,1.0996463322165035
2022-03-24,1.3978263223877545,1.271997963517321,1.0989218241533136
2022-03-25,1.3723815950739588,1.2490373363804883,1.0987514585039568
2022-03-28,1.3655011198823634,1.2412282020882386,1.1001209266636454
2022-03-29,1.358915808368399,1.2369405675580791,1.0986104296434538
2022-03-30,1.3982901060766595,1.2728328036361143,1.0985654220115557
2022-03-31,1.3862497207128248,1.2634079718818472,1.0972304683561596
2022-04-01,1.40141958974351,1.2794331444006322,1.0953441341399859
2022-04-06,1.3969097596804765,1.275747032226808,1.0949739442012887
2022-04-07,1.3767600491907948,1.2593686581193029,1.0932144772022516
2022-04-08,1.38161919577132,1.2658524802175937,1.091453559844372
2022-04-11,1.3380386195184544,1.226746796735713,1.0907211032291921
2022-04-12,1.3676362898683254,1.2506530338425055,1.0935377381737927
2022-04-13,1.3483073891117212,1.238616136825727,1.0885595214083892
2022-04-14,1.3703748362164954,1.254123775774061,1.0926950454875817
2022-04-15,1.3709098658435372,1.2532799618951735,1.0938576435631246
2022-04-18,1.3730220740399788,1.2465867987996777,1.1014251677958118
2022-04-19,1.3604884319964554,1.2371679962904742,1.0996796199673329
2022-04-20,1.3412664268026013,1.2179861634434417,1.1012164727804679
2022-04-21,1.3094148265355128,1.195558072882218,1.0952331436136868
2022-04-22,1.3086119558880045,1.200770144917114,1.089810536535562
2022-04-25,1.2382562414235982,1.1414265291970773,1.0848321900268383
2022-04-26,1.2225225747475812,1.1322141231700478,1.079762696586651
2022-04-27,1.2627136176675704,1.1655511511686703,1.0833618210590565
2022-04-28,1.2683271555470066,1.1732017022942496,1.081081925696779
2022-04-29,1.3163772958442443,1.2016647166265364,1.0954613858845281
2022-05-05,1.323345997757431,1.1998605702025342,1.1029164809824967
2022-05-06,1.2902556961344387,1.1695244937730194,1.1032310165406853
2022-05-09,1.285774405649065,1.1601355570591303,1.1082966967312176
2022-05-10,1.2990723606123016,1.1728306934003419,1.1076384408443065
2022-05-11,1.3204428429078725,1.1897505077360497,1.1098485222927237
2022-05-12,1.3185387566716096,1.184460616375334,1.1131976348074613
2022-05-13,1.3279073960457504,1.1933948358394335,1.1127142134075858
2022-05-16,1.3214310648873004,1.1838024471584017,1.1162597847801907
2022-05-17,1.330319697974921,1.1985680683189206,1.1099241946607101
2022-05-18,1.3251198769570707,1.1943851743948641,1.1094577405722097
2022-05-19,1.3298708248855466,1.196685962354097,1.1112947479299005
2022-05-20,1.3554318000459935,1.2200237678449024,1.1109880280777489
2022-05-23,1.3530676042165752,1.212956651340468,1.1155119209917908
2022-05-24,1.3140930628748744,1.1845833045016256,1.109329380112896
2022-05-25,1.3273620245603601,1.1917731091323522,1.1137707457812343
2022-05-26,1.3379655844822504,1.1947232327634243,1.1198958451552858
2022-05-27,1.3352670640454043,1.1971946623794547,1.1153299509300578
2022-05-30,1.3466731384756372,1.2054885199318097,1.117118177576518
2022-05-31,1.3709819473979996,1.2241885740337681,1.1199107527041683
2022-06-01,1.3710585335827008,1.2216933078674868,1.1222608200874382
2022-06-02,1.376162920763698,1.223605139412623,1.1246789314928087
2022-06-06,1.4029710264258655,1.2465000057137634,1.1255282952225134
2022-06-07,1.409347536453601,1.2504016283448574,1.1271158838133781
2022-06-08,1.4220891590399678,1.2625731317630535,1.1263420100300776
2022-06-09,1.4014276045210827,1.2493664209889537,1.1217106374699608
2022-06-10,1.4230420448082999,1.2683118513434966,1.1219969625773825
2022-06-13,1.4126630823621729,1.2534594370970635,1.127011405836806
2022-06-14,1.421459047534268,1.2633211787959322,1.125176298310028
2022-06-15,1.4363477876930693,1.2800495295471237,1.1221032893947809
2022-06-16,1.4417835196073285,1.271624010108382,1.1338127529413695
2022-06-17,1.4595087936484832,1.289270909334248,1.1320419805346746
2022-06-20,1.47533020813357,1.2956708828616559,1.1386612353864998
2022-06-21,1.4702680719713506,1.2942167130813398,1.1360292732357462
2022-06-22,1.4462488207435957,1.2777756628681742,1.1318487765663467
2022-06-23,1.4687807115653029,1.2996950534040401,1.130096408167754
2022-06-24,1.4830542691860533,1.314921421059412,1.1278653198844226
2022-06-27,1.5039091363857047,1.3297289665053724,1.1309892273296045
2022-06-28,1.517011264580606,1.3435700099461534,1.1290898526690125
2022-06-29,1.498498638303683,1.3228772202432066,1.1327571564261942
2022-06-30,1.5194161575979106,1.3419213619587893,1.1322691483054073
2022-07-01,1.512497922901747,1.3364490508811522,1.1317288316412224
2022-07-04,1.5248402566169277,1.3452186579335181,1.133525949572643
2022-07-05,1.5152112447027455,1.3432768203780658,1.127996271294467
2022-07-06,1.49676022161141,1.3236580775864313,1.1307755733569915
2022-07-07,1.5023131138273234,1.329492564012883,1.1299898581552095
2022-07-08,1.5010648029757827,1.3250972443615894,1.1327959584573521
2022-07-11,1.4760153821341448,1.3029085008078862,1.1328618864785374
2022-07-12,1.4602482768737424,1.2906412305436812,1.131413007981013
2022-07-13,1.4641143713819842,1.2929870275183883,1.132350395032221
2022-07-14,1.4708589210845493,1.2931694472353097,1.1374061800092208
2022-07-15,1.4531831400353945,1.2711662081285606,1.1431889321340625
2022-07-18,1.4663134353555478,1.2843490823524093,1.1416782676169732
2022-07-19,1.4605944333481948,1.27739259548414,1.1434185844756835
2022-07-20,1.466944411960985,1.2817190695697087,1.144513214158122
2022-07-21,1.4546245942848637,1.2674352271542642,1.147691466293619
2022-07-22,1.447220724838609,1.2680844226111019,1.141265280949236
2022-07-25,1.4339275779155378,1.260427842240459,1.137651462353193
2022-07-26,1.446973509368513,1.2704032983055253,1.1389875256924304
2022-07-27,1.445762916848852,1.2641379311795353,1.1436749750083417
2022-07-28,1.4478701095648963,1.2643265203565215,1.145171034739205
2022-07-29,1.4274321189402015,1.247699825481401,1.1440509085504236
2022-08-01,1.4387845826375896,1.2532590698599537,1.1480344465397465
2022-08-02,1.4058105205762268,1.2288261852076143,1.144027151682734
2022-08-03,1.3951498455148168,1.2168462154814352,1.1465293048249627
2022-08-04,1.4048117818206043,1.2271866511953458,1.1447417395326474
2022-08-05,1.426498034404785,1.2437534742648357,1.1469298891791775
2022-08-08,1.4258772951274021,1.2411084584769771,1.1488740451234725
2022-08-09,1.429139967265476,1.2435679698178819,1.149225456067971
2022-08-10,1.4135837253782924,1.229640133291187,1.1495914024819376
2022-08-11,1.4478991961846452,1.254713099425268,1.1539683429206786
2022-08-12,1.4430159398180291,1.2539980029177362,1.150732247149115
2022-08-15,1.4415880387053,1.2523614134204988,1.1510958603938284
2022-08-16,1.4389797272447689,1.2500157566607932,1.151169270928841
2022-08-17,1.451001585724793,1.2617204843390735,1.1500182518514557
2022-08-18,1.4382062655924879,1.2506918733979147,1.1499285285072884
2022-08-19,1.42479922224796,1.2420061149164319,1.147175690309566
2022-08-22,1.4377684271030977,1.2510808298120113,1.149221051783791
2022-08-23,1.4325752386204111,1.2450011073479765,1.1506618188252002
2022-08-24,1.3954651222560723,1.2214658791350919,1.142451169609574
2022-08-25,1.4017411270033788,1.2315849153616707,1.138160357048332
2022-08-26,1.3966462052121054,1.2289847683742847,1.1364227134072664
2022-08-29,1.3940441250523083,1.2235902766224673,1.1393063116686026
2022-08-30,1.3924100373739752,1.219482117294198,1.1418043919032381
2022-08-31,1.3840587472361665,1.2203947767388108,1.1341074000125642
2022-09-01,1.3747498915557612,1.209892813343199,1.1362575894281295
2022-09-02,1.3715201618371649,1.2038698779547623,1.1392594722672365
2022-09-05,1.366197220318762,1.2014224251039844,1.1371497582963095
2022-09-06,1.3855449046484436,1.212447951315111,1.1427665023851776
2022-09-07,1.3927634727438358,1.2132558701536205,1.1479552722604889
2022-09-08,1.3844049867901125,1.2080795529441009,1.1459551512284973
2022-09-09,1.398070666233099,1.224867775500923,1.1414053779489324
2022-09-13,1.4010268641072587,1.2300499817405044,1.1389999470792433
2022-09-14,1.3882620933683132,1.2163614922213304,1.1413236132895463
2022-09-15,1.3618347933013442,1.2049200883158238,1.130228308505378
2022-09-16,1.3291032363928081,1.1766634003582102,1.129552628209725
2022-09-19,1.3231263282546077,1.1752632133534626,1.1258127653627792
2022-09-20,1.3288380799253237,1.176711353888715,1.1292812596172126
2022-09-21,1.317301823806418,1.1680016186419797,1.1278253409768624
2022-09-22,1.308264062948699,1.157712080973605,1.1300426802564623
2022-09-23,1.2949429627204367,1.1537266798791288,1.1224001189398711
2022-09-26,1.2876409746748818,1.147940146983182,1.1216969613431826
2022-09-27,1.311393440228125,1.1645817046484594,1.1260639206280354
2022-09-28,1.2838122553809834,1.145555510453066,1.1206896947955294
2022-09-29,1.2841497219959084,1.145085720090618,1.1214441848897438
2022-09-30,1.271387899561871,1.1384285221430008,1.1167920293920472
2022-10-10,1.2392455850722708,1.1133105469934457,1.1131176188161689
2022-10-11,1.2361810296169145,1.1153301337672168,1.1083543716706579
2022-10-12,1.261928994044896,1.132270980353146,1.1145114693757412
2022-10-13,1.2599675753888213,1.1228042243134375,1.1221614134550084
2022-10-14,1.2942163410693308,1.1496725033264277,1.1257260979319628
2022-10-17,1.303338389353035,1.1508513609513438,1.1324993249133744
2022-10-18,1.2997957950012942,1.148415896483192,1.1318162688113902
2022-10-19,1.2808932552180752,1.1299432010061283,1.133590833660964
2022-10-20,1.281639164433309,1.123480411158059,1.1407757106438763
2022-10-21,1.2795470107409144,1.1198780073401167,1.1425771399690545
2022-10-24,1.2511966991429095,1.0871094810649822,1.1509390001062083
2022-10-25,1.2452057794466111,1.0853382150588262,1.147297461906029
2022-10-26,1.266411317912289,1.0941496762891327,1.1574388270235483
2022-10-27,1.2619515958167853,1.0864422679804544,1.1615450107280696
2022-10-28,1.2334002443477965,1.0595709743449324,1.164056277693273
2022-10-31,1.2229129784664208,1.049808014114604,1.1648920202784043
2022-11-01,1.259965827107209,1.0873488280725028,1.1587503426482715
2022-11-02,1.2800900666652637,1.1004059995475275,1.1632888835499078
2022-11-03,1.274992416028244,1.0914569172932713,1.1681564300221088
2022-11-04,1.3122163847602495,1.127142616674131,1.1641972944224372
2022-11-07,1.3145333413500175,1.1295751366272515,1.163741391542155
2022-11-08,1.3052436481491276,1.1218049119979117,1.163521066978139
2022-11-09,1.29623334121805,1.1113148668774253,1.1663961131557692
2022-11-10,1.2814009335874723,1.1027637147973604,1.1619904757411588
2022-11-11,1.3094844864547523,1.13350662505366,1.1552508450427112
2022-11-14,1.308145557436289,1.1351761650762444,1.1523722904703757
2022-11-15,1.3324939105543148,1.1567037247904834,1.1519751186032297
2022-11-16,1.3238654348835608,1.1472549863784647,1.1539417571525243
2022-11-17,1.3212553116130543,1.142548529638894,1.1564106708278215
2022-11-18,1.313104806652526,1.1374351689650375,1.1544436487288605
2022-11-21,1.3062712935742558,1.127729065917808,1.1583201435986223
2022-11-22,1.2979933415839335,1.1278607278041948,1.1508454098858163
2022-11-23,1.2977742009448865,1.129045544566674,1.1494436227043172
2022-11-24,1.2962728143335225,1.1240428836364835,1.1532236298136986
2022-11-25,1.2963632153570195,1.129718786896265,1.1475096549634138
2022-11-28,1.286180616370337,1.1169907701372073,1.151469332385215
2022-11-29,1.31390404465394,1.1514527430926782,1.1410837765907225
2022-11-30,1.31453302920736,1.1528350526847375,1.140261155441152
2022-12-01,1.3311602331374248,1.1653207779212433,1.1423122786088258
2022-12-02,1.3210527781384325,1.1581937896111782,1.140614627697087
2022-12-05,1.3405613608995053,1.1809121953329598,1.1351913937356979
2022-12-06,1.3493568693845488,1.187291136610146,1.1365004149168665
2022-12-07,1.3443522482101478,1.1843708787743883,1.1350770880159697
2022-12-08,1.3419515687805705,1.1845922782617202,1.1328383557841188
2022-12-09,1.3518736470310515,1.196279058419811,1.1300654621646293
2022-12-12,1.3433342081097852,1.182874924923632,1.1356519440941844
2022-12-13,1.3360956919792997,1.1805531047141775,1.1317539944997057
2022-12-14,1.336922436432551,1.1833087501382014,1.1298170796729161
2022-12-15,1.3381751861856415,1.1824410997090629,1.1317055762988082
2022-12-16,1.3343652654950664,1.1831113274161222,1.127844214296619
2022-12-19,1.3104663705850002,1.1648569466963579,1.125001979257285
2022-12-20,1.2920947944278016,1.1456482626765423,1.1278285286350636
2022-12-21,1.2889955469419443,1.1461030500338323,1.1246768315500897
2022-12-22,1.2871137570328168,1.1477456687761332,1.1214276751793757
2022-12-23,1.2848003901705372,1.1454089156690213,1.1216958176199447
2022-12-26,1.298949892292197,1.1499776812771418,1.1295435671843732
2022-12-27,1.3148543277973246,1.1632502931019357,1.1303279574433804
2022-12-28,1.305971835541128,1.158286541834655,1.127503245848431
2022-12-29,1.3032679816846564,1.1539301318462711,1.129416717457102
2022-12-30,1.3050547709111635,1.158397241578321,1.1266038316294857
2023-01-03,1.3148450863617591,1.1632652259995933,1.130305502970669
2023-01-04,1.3175683370612699,1.1647761828555074,1.1311772651731122
2023-01-05,1.3411494269019586,1.187404850976344,1.129479491177081
2023-01-06,1.3438461020949082,1.191088018635137,1.1282508774077133
2023-01-09,1.3518995883706437,1.2007311651467034,1.125896976452236
2023-01-10,1.355032596025142,1.2020327810054126,1.1272842283816555
2023-01-11,1.3482875779756403,1.1998067276419666,1.123753973796671
2023-01-12,1.3482965410959156,1.2021523844016722,1.1215687450197767
2023-01-13,1.3644999513852913,1.2190603505697553,1.119304676546622
2023-01-16,1.3874419441260128,1.2380836002501174,1.1206367193990148
2023-01-17,1.3882340008429117,1.2378680897928476,1.121471675609012
2023-01-18,1.387678326959444,1.2357945903510084,1.1229037072943453
2023-01-19,1.4003290289655246,1.2434841212469983,1.1261334222436536
2023-01-20,1.4092392545454315,1.2511198095824212,1.1263823366491055
2023-01-30,1.411142493568775,1.2570499226398801,1.1225826979132947
2023-01-31,1.3970325234483751,1.2437384712596773,1.1232526417177071
2023-02-01,1.411548599166198,1.2554281959327993,1.124356298304579
2023-02-02,1.4129127145001028,1.2510060952162236,1.1294211274453425
2023-02-03,1.4033447041115197,1.2391816239266824,1.1324770130666093
2023-02-06,1.3853484014732542,1.222800305304146,1.132931023540003
2023-02-07,1.3890580610641359,1.2249994373873085,1.1339254685918332
2023-02-08,1.382176171972733,1.2195868579003006,1.133315075526768
2023-02-09,1.4016761724079358,1.2359592027627424,1.1340796437898322
2023-02-10,1.3954780522561285,1.2286137594803765,1.1358150936274103
2023-02-13,1.4102953243975198,1.2397621140327968,1.13755317123702
2023-02-14,1.4114917600602723,1.2402767030882167,1.1380458542402192
2023-02-15,1.404817669078693,1.2338139132401473,1.1385976880334157
2023-02-16,1.390868947793836,1.224778037899977,1.1356089877139215
2023-02-17,1.3702614927875914,1.207131138674111,1.135138883330157
2023-02-20,1.4039878882313137,1.2367460893510307,1.1352272712404867
2023-02-21,1.4068137892498278,1.2399954317952544,1.1345314290497468
2023-02-22,1.3975720072685693,1.2288052931723943,1.1373421119146319
2023-02-23,1.393361832840567,1.2278178991319946,1.134827757296586
2023-02-24,1.381117792388146,1.2150719348527477,1.1366551664741735
2023-02-27,1.3732081555250706,1.2099226791385131,1.1349552985508293
2023-02-28,1.385289466104743,1.2175882332692507,1.1377323041182903
2023-03-01,1.404597389605844,1.2347863042753895,1.1375226504719818
2023-03-02,1.4019680664769492,1.2320337435813982,1.137929925848921
2023-03-03,1.403414163869535,1.235866520646767,1.1355709863675936
2023-03-06,1.397351051204783,1.2294216783188867,1.1365921683726314
2023-03-07,1.3715293832021367,1.211421717719302,1.1321650942367645
2023-03-08,1.3711040325350146,1.2070115352778519,1.1359494026868509
2023-03-09,1.3685359943931086,1.2027447927829125,1.137844040236157
2023-03-10,1.349533533639634,1.1869739702768063,1.136952930252479
2023-03-13,1.3692424091788529,1.1994057127377438,1.1416007066144804
2023-03-14,1.3593012312065067,1.192227966597144,1.1401353342567722
2023-03-15,1.3573470239488128,1.192886135814076,1.13786805227852
2023-03-16,1.339708024240181,1.1785993488836006,1.1366950316994378
2023-03-17,1.3511283387910602,1.184484593140587,1.14068882500922
2023-03-20,1.3437804600809957,1.178578316633379,1.1401706964366343
2023-03-21,1.3606547411518763,1.191533762124832,1.1419355325068214
2023-03-22,1.3669499249541812,1.196638149038594,1.1423252100498547
2023-03-23,1.39031909603832,1.2085014598835444,1.1504488345196506
2023-03-24,1.3910383892189022,1.204899056065602,1.1544854170283005
2023-03-27,1.386643338805659,1.200539771669688,1.15501657798237
2023-03-28,1.380699343023725,1.196659041073814,1.1537951042301604
2023-03-29,1.3824061521656568,1.1986428029147078,1.1533095170672167
2023-03-30,1.387843542082164,1.2083339029567794,1.1485596313122777
2023-03-31,1.3984246653943668,1.212043991895856,1.153773852058767
2023-04-03,1.4280376989644978,1.2239043582257756,1.1667886378267684
2023-04-04,1.440584289818831,1.2276563714502937,1.1734426043966966
2023-04-06,1.443997239960863,1.2257205631399049,1.1780802928375476
2023-04-07,1.4509724777049942,1.2336912251138559,1.1761228808051916
2023-04-10,1.42977829566604,1.2281650714756518,1.1641580833659013
2023-04-11,1.4301590989593553,1.2267707735009663,1.1657916294157857
2023-04-12,1.4430083965572067,1.2259150413469533,1.1770867865131387
2023-04-13,1.4173234166461341,1.2174446531077388,1.1641789325109524
2023-04-14,1.4278709716413354,1.2243322944102828,1.1662446364931425
2023-04-17,1.4404746479395107,1.2415003594061056,1.1602692154101253
2023-04-18,1.4427814393819824,1.2452853231559708,1.1585950725938776
2023-04-19,1.429338320429608,1.2340742924978907,1.1582271254808194
2023-04-20,1.4442880798813713,1.2306214980865242,1.1736249383966346
2023-04-21,1.403993733526143,1.206550648567998,1.1636425998299214
2023-04-24,1.3894451549559252,1.1916115814506523,1.166021861976562
2023-04-25,1.3778171393744398,1.1856364593777193,1.1620907306591992
2023-04-26,1.3592606415843496,1.1846072812668795,1.1474356633454816
2023-04-27,1.3605045302513386,1.1933409932788672,1.140080277065792
2023-04-28,1.3848665975613803,1.205509411967031,1.1487812403734716
2023-05-04,1.3812429825749304,1.2058565843106879,1.1454454870887485
2023-05-05,1.3674235179953351,1.2018562503185544,1.1377596261057816
2023-05-08,1.3871849751549987,1.2155537135978227,1.1411959501560633
2023-05-09,1.3728561957505407,1.205147376833218,1.139160423149253
2023-05-10,1.3599540098596388,1.1958692099704957,1.137209653464689
2023-05-11,1.3521915425281623,1.1940112209859264,1.1324780862709334
2023-05-12,1.330455091869117,1.1781834711892205,1.1292427065932256
2023-05-15,1.3489086456560087,1.1964735366268606,1.127403661144816
2023-05-16,1.338853225695575,1.1902861290416917,1.1248162883100181
2023-05-17,1.3390642255061442,1.1848885525598418,1.1301182905457396
2023-05-18,1.3500394708936165,1.183661811511921,1.1405618207528188
2023-05-19,1.3484536713472375,1.1802119616155855,1.1425521136909567
2023-05-22,1.3473173904907183,1.1876291949787077,1.1344596412644383
2023-05-23,1.325010337942654,1.1708319986617912,1.1316827174667945
2023-05-24,1.310860552291239,1.154645228353804,1.1352929195058068
2023-05-25,1.3143534545274433,1.152075087376734,1.14085745706056
2023-05-26,1.3237696848639862,1.1522097638856523,1.148896430455314
2023-05-29,1.3251478179372067,1.1471203098695477,1.1551951495723274
2023-05-30,1.3394978781561717,1.1482602578315542,1.166545536188601
2023-05-31,1.3361582618788077,1.1365286088729905,1.175648594718416
2023-06-01,1.345551489823837,1.1390209305242407,1.1813228833332672
2023-06-02,1.3571907619348085,1.1554650654674385,1.174583985700825
2023-06-05,1.355549500883382,1.150205110009538,1.178528498166854
2023-06-06,1.3340634111848046,1.1394069424233064,1.170840163872883
2023-06-07,1.3282933727093267,1.1337759079639975,1.1715660593764408
2023-06-08,1.3341599780744728,1.143006331618717,1.1672376094234278
2023-06-09,1.3526023319577363,1.1479461061207452,1.1782803432546027
2023-06-12,1.3543204560528495,1.1502589525701055,1.1774048382990585
2023-06-13,1.370971787444537,1.1563865584571447,1.18556530895144
2023-06-14,1.3708965918251867,1.1561202901693401,1.185773317432555
2023-06-15,1.3889155025726303,1.1745152364280849,1.182543622674982
2023-06-16,1.4100361890809332,1.1858399113448619,1.1890611671872386
2023-06-19,1.4131322554220453,1.176133878405133,1.201506292241397
2023-06-20,1.414797458264679,1.1741381982891135,1.2049667239565498
2023-06-21,1.3861766605475425,1.1561233047918715,1.1989868682710152
2023-06-26,1.3640464202592917,1.1398676889181591,1.1966708360282579
2023-06-27,1.3820891335481185,1.1505581713832567,1.2012335994159287
2023-06-28,1.3761465547235796,1.1491728471686657,1.1975105034148101
2023-06-29,1.3766884732000728,1.143499958531416,1.2039252497815025
2023-06-30,1.3910883893345543,1.1496665441888656,1.209992929137571
2023-07-03,1.4042096384508778,1.1647552207127871,1.2055834680797166
2023-07-04,1.4098848220654987,1.1665893731471053,1.2085527731682106
2023-07-05,1.3974239330593992,1.157553497806935,1.20722190007366
2023-07-06,1.3917589734865934,1.1497562817898108,1.2104817303716402
2023-07-07,1.3813065339272699,1.1446549094985807,1.2067449520942124
2023-07-10,1.3883646085145183,1.15022901666729,1.2070331980819002
2023-07-11,1.3989831528753849,1.1577569497740778,1.208356514852603
2023-07-12,1.3834241217838816,1.1499627483794854,1.203016466171089
2023-07-13,1.4067569800709614,1.1664128424602462,1.2060540906800814
2023-07-14,1.4086820138004565,1.166616294427389,1.2074938611172759
2023-07-17,1.4032805099808412,1.157062815409267,1.2127954431622487
2023-07-18,1.3985470315018156,1.1534035544082257,1.212539207250289
2023-07-19,1.3958223809107964,1.1521857871203995,1.2114559965188476
2023-07-20,1.3763149756580515,1.1440535273572465,1.2030162424631712
2023-07-21,1.3715865132469667,1.1435209206741368,1.199441556730225
2023-07-24,1.3685281721313487,1.1385272335040406,1.202016194131286
2023-07-25,1.401020374920504,1.1714094741453729,1.1960125010450753
2023-07-26,1.3946536856366865,1.168982983437316,1.1930487486958972
2023-07-27,1.3886708935738523,1.1675886854626305,1.1893493923535436
2023-07-28,1.411287930711831,1.19463349516248,1.181356404643488
2023-07-31,1.4202115098462373,1.2011830780964636,1.1823439205427968
2023-08-01,1.4189004260533673,1.1962072683390559,1.1861660295907772
2023-08-02,1.4110384069206519,1.187799696420503,1.1879430607474395
2023-08-03,1.421101798377183,1.198295770786053,1.185935753945768
2023-08-04,1.431850208398415,1.2029632477552132,1.1902692880022028
2023-08-07,1.4223178341937315,1.1938585268493178,1.1913621272591945
2023-08-08,1.414811248408162,1.1907408462914808,1.1881773039150714
2023-08-09,1.4066031656215001,1.1871025474331605,1.1849045128097484
2023-08-10,1.4138754365351673,1.1895411667388451,1.1885889081176904
2023-08-11,1.3827498840799823,1.1621731614605915,1.189796778943144
2023-08-14,1.3783552636080045,1.1536937994612826,1.1947323148062576
2023-08-15,1.3669079216369098,1.1508902706142543,1.1876961310198255
2023-08-16,1.3509144008346938,1.142449818277855,1.1824715442390994
2023-08-17,1.3565391957634843,1.1462706069605975,1.1834371286553582
2023-08-18,1.3365980163445936,1.1321782281296695,1.1805544243264778
2023-08-21,1.317552704041441,1.1158896617306102,1.1807195184495891
2023-08-22,1.3294200064655337,1.1244678051984596,1.18226595756639
2023-08-23,1.3007398591256831,1.1060369638993366,1.1760365173871956
2023-08-24,1.3104688277579815,1.1140555794037927,1.176304712247214
2023-08-25,1.2965348803465653,1.1097829478787913,1.1682778896762889
2023-08-28,1.3124228959071658,1.1227892914157807,1.1688950954032227
2023-08-29,1.3338445644467394,1.1340063513189245,1.176223186841405
2023-08-30,1.335804527979101,1.133527587196382,1.1784490673782562
2023-08-31,1.3226969042092054,1.1265741850581452,1.1740877092270119
2023-09-01,1.330370546392906,1.134419214390773,1.1727327336458828
2023-09-04,1.3473146328381267,1.1516113262593488,1.16993867819489
2023-09-05,1.3356547801708136,1.1430451711741259,1.1685056845118735
2023-09-06,1.332052882202726,1.1405648379055018,1.1678887845156325
2023-09-07,1.311900309467097,1.1245395952792159,1.166611042398521
2023-09-08,1.3077444626399943,1.119010356910979,1.1686616254830873
2023-09-11,1.3192745667630308,1.1272533164177982,1.1703443649697483
2023-09-12,1.3161414701710836,1.1251768724609281,1.169719625762026
2023-09-13,1.3042763374941235,1.118011044595454,1.166604161738016
2023-09-14,1.300168160326457,1.1170715339780586,1.1639077004284264
2023-09-15,1.2946799359760082,1.1096722481351255,1.1667228212220317
2023-09-18,1.2997405694993143,1.1153361630122807,1.165335270748325
2023-09-19,1.2957415621610098,1.1131788851070592,1.164001203666734
2023-09-20,1.289172120805009,1.108747740522888,1.162728070315645
2023-09-21,1.2810138267829243,1.0987992758456058,1.1658306070479445
2023-09-22,1.3002788122967956,1.1186931905776383,1.1623194127295935
2023-09-25,1.2921916652908776,1.1114136483459665,1.1626559267235466
2023-09-26,1.2858350115503703,1.1049179780800509,1.1637379760846032
2023-09-27,1.2910656569221983,1.1071948593815322,1.1660690491675283
2023-09-28,1.29013182131053,1.1039096218969304,1.1686933384035552
2023-10-09,1.290802391596152,1.1024764843668358,1.170820792914666
2023-10-10,1.2803520650799671,1.0942185218548588,1.170106372271587
2023-10-11,1.2843924283983532,1.0973362024126958,1.1704639157756573
2023-10-12,1.2950653712748856,1.1077574019674572,1.1690875357499357
2023-10-13,1.2821501961588686,1.096097472982149,1.169741038331679
2023-10-16,1.2700563607600708,1.0850838650461483,1.1704683865205716
2023-10-17,1.275199142906138,1.088913697596486,1.1710745725036174
2023-10-18,1.2589858116635773,1.080290685328164,1.1654139286419287
2023-10-19,1.239040377845446,1.0572401803753846,1.1719573289444138
2023-10-20,1.2285342579027743,1.050373571323062,1.1696164978287669
2023-10-23,1.211148750747539,1.0394975844110106,1.1651289708708534
2023-10-24,1.220013594066245,1.043354268134131,1.1693186402045783
2023-10-25,1.222058369983485,1.0485394188887436,1.1654863403024363
2023-10-26,1.2221652657317388,1.0514356999592487,1.162377562202907
2023-10-27,1.244066857760427,1.0658721664038007,1.1671820476913721
2023-10-30,1.2575423928887652,1.0722691253086767,1.1727861627338692
2023-10-31,1.2521098029659394,1.0689001093606925,1.171400201011135
2023-11-01,1.2444242227751605,1.068457240278528,1.1646925827848396
2023-11-02,1.2350422075954453,1.06341875441546,1.1613884017630696
2023-11-03,1.2492642688228106,1.0723798250523424,1.1649457026682077
2023-11-06,1.2740365844114354,1.0868821224400878,1.1721938912300622
2023-11-07,1.272343297595774,1.0830373569920928,1.1747916998259769
2023-11-08,1.2709336327115905,1.0804372801122075,1.176314124018008
2023-11-09,1.272892053668561,1.0809639276577545,1.1775527574048459
2023-11-10,1.266195401639301,1.073082933177248,1.1799604322195993
2023-11-13,1.2655567627801323,1.0709645649349362,1.1816980731356113
2023-11-14,1.2668865160238914,1.0717574807682877,1.1820645423587113
2023-11-15,1.2758961530568615,1.0792943175276695,1.1821577602479612
2023-11-16,1.26157187254725,1.0688552405602199,1.1803019012060243
2023-11-17,1.262007854480594,1.0675716423292003,1.182129427611226
2023-11-20,1.262580277100031,1.070040057322699,1.1799373943617388
2023-11-21,1.2603371834502133,1.0714612765776679,1.1762787988716028
2023-11-22,1.2438077265419045,1.0604955520646713,1.1728552035134368
2023-11-23,1.2527444104202365,1.065611857253559,1.1756104269043903
2023-11-24,1.2416866609498574,1.0585776211669709,1.1729764885649367
2023-11-27,1.2354491942999137,1.0507774606348157,1.175747711179045
2023-11-28,1.2388905519722473,1.0527462194705517,1.17681785890935
2023-11-29,1.2289863029192478,1.0437073295078496,1.177520046255462
2023-11-30,1.228898526411506,1.046068059380214,1.1747787492332165
2023-12-01,1.228025815570098,1.0420826582857379,1.1784341729572998
2023-12-04,1.2166535359934183,1.0352787954465763,1.1751941036024065
2023-12-05,1.1925570168912885,1.0155674406464663,1.1742765366051497
2023-12-06,1.1964844340641494,1.0171651905882946,1.176293138159931
2023-12-07,1.1910475774018208,1.0146758134520752,1.173820802281374
2023-12-08,1.1961933408375243,1.017123266302853,1.176055430513918
2023-12-11,1.2052504585881036,1.023104347513349,1.1780327798600994
2023-12-12,1.2052903475742414,1.0253034795965112,1.1755449694255993
2023-12-13,1.1845431549028989,1.0081921315687858,1.1749180714788003
2023-12-14,1.179205127900741,1.0029112139681646,1.1757821744110764
2023-12-15,1.1759509327346314,0.9997965480328594,1.1761902309508498
2023-12-18,1.1644283024878708,0.9961522900369763,1.1689259906682021
2023-12-19,1.1661247481474746,0.9975495325266927,1.1689893184489775
2023-12-20,1.1488429436902037,0.9866166884315424,1.1644268307650034
2023-12-21,1.1610038178426934,0.9966010481492027,1.164963472593978
2023-12-22,1.160942684035648,0.9985039760417453,1.1626820842895786
2023-12-25,1.16666982458947,1.0015617847939517,1.1648505786684797
2023-12-26,1.1544677256962934,0.9947818987200426,1.160523454620268
2023-12-27,1.1568899853473065,0.9982436668915038,1.1589254444757178
2023-12-28,1.1932949966762687,1.0216352448353756,1.1680245006313912
2023-12-29,1.199758622259374,1.0265930369650935,1.16867987513943
2024-01-02,1.1810203996761117,1.013200751636539,1.1656331657556585
2024-01-03,1.1728729215606999,1.0107922084486711,1.1603501805388712
2024-01-04,1.157764310024604,1.0014421112901912,1.1560970893594815
2024-01-05,1.1454530436498311,0.9960744707111566,1.149967273864598
2024-01-08,1.126039630387201,0.9831938299229913,1.1452875273590741
2024-01-09,1.1296108804597174,0.9851206644732858,1.1466726069173323
2024-01-10,1.125293010146917,0.98052196296235,1.1476469193481247
2024-01-11,1.138318376886238,0.9860691488507757,1.1544001535925779
2024-01-12,1.1307475096959925,0.9826283428220354,1.150737731061746
2024-01-15,1.1246318537270654,0.9816559517867937,1.145647669817546
2024-01-16,1.1296653975668256,0.9876279891296942,1.1438167103407995
2024-01-17,1.1026682892576924,0.9661453683234285,1.141306810973151
2024-01-18,1.1192806180988224,0.9798039219397873,1.1423516410129317
2024-01-19,1.1110799702746101,0.9783228308791877,1.135698703132705
2024-01-22,1.0816338450144038,0.9630994778463478,1.123075933374109
2024-01-23,1.0922622928671615,0.9669980858549099,1.1295392502266508
2024-01-24,1.1012487161667819,0.9805160038247874,1.123131812097958
2024-01-25,1.1220922198477585,1.0002064665896773,1.1218605931170043
2024-01-26,1.1118144987623453,0.9974837015834997,1.1146192133238328
2024-01-29,1.087429321107941,0.9885495522269008,1.1000251010769206
2024-01-30,1.0656327676879125,0.9709206005212238,1.0975488285199058
2024-01-31,1.0453707126058127,0.9620372791026601,1.0866218340113407
2024-02-01,1.0498830170309938,0.9627434018500974,1.0905117760489875
2024-02-02,1.028325429797794,0.9513498112600944,1.080912002742443
2024-02-05,1.0196319190463285,0.9575702394781112,1.0648116211318783
2024-02-06,1.0677502778598151,0.9908623986762609,1.0775969289845617
2024-02-07,1.0804611657762984,1.0004188923169148,1.0800087584052016
2024-02-08,1.097235874265662,1.0067918744565383,1.0898338595133628
2024-02-19,1.11409771940755,1.0184248120540622,1.09394204286964
2024-02-20,1.114195253031612,1.0205311919137479,1.0917797141919992
2024-02-21,1.127345786192402,1.0343004452737725,1.089959683710666
2024-02-22,1.1444575247134845,1.0432166471101825,1.0970468386252747
2024-02-23,1.1511597009072159,1.0441351955848572,1.1025006203937129
2024-02-26,1.144036163787729,1.0332502349127113,1.1072208116985107
2024-02-27,1.1656962876107706,1.0456461524407712,1.11480952221722
2024-02-28,1.145205520147809,1.032322712677942,1.1093483714768209
2024-02-29,1.1765796240644217,1.0520161199578628,1.1184045583935998
2024-03-01,1.1871820934721427,1.0585148048463102,1.1215545479730102
2024-03-04,1.1924838613293471,1.0594333533209848,1.1255864822372181
2024-03-05,1.1911717889163844,1.0668056477761336,1.1165780678041073
2024-03-06,1.1929137224492943,1.0624792437980657,1.122764260490362
2024-03-07,1.1786872550173682,1.0560972878983477,1.1160782898732529
2024-03-08,1.1921872637946307,1.0606421468487164,1.1240240333054359
2024-03-11,1.210486153076505,1.0739117440509784,1.1271747047949625
2024-03-12,1.213674265757646,1.0763741297994134,1.127558004375132
2024-03-13,1.2069890159409953,1.0688552405602207,1.129235251078878
2024-03-14,1.2011612720106541,1.0658213384657662,1.126981820179832
2024-03-15,1.2047985125489071,1.0681461031902517,1.1279341926638249
2024-03-18,1.2199673002124047,1.0781812908459474,1.1315047947597117
2024-03-19,1.211257355727417,1.0704320283593283,1.1315593364521561
2024-03-20,1.2123166323001549,1.072750833946251,1.1301008528145284
2024-03-21,1.206144705938043,1.0714672357152315,1.1256944363146213
2024-03-22,1.189068500723852,1.0606690681289999,1.1210551306274503
2024-03-25,1.1799570038700056,1.0549124010283677,1.1185355321633719
2024-03-26,1.1831935954744341,1.0602950446125603,1.1159097663299764
2024-03-27,1.1596707182768706,1.0480397627309814,1.1065140460463077
2024-03-28,1.1730117097687585,1.0534762488757412,1.1134676372823633
2024-03-29,1.1780682582846476,1.0584190380003011,1.1130452268795192
2024-04-01,1.2008536680740867,1.0758236457036152,1.1162179534441248
2024-04-02,1.1925519664116058,1.0713445475889392,1.1131357965982502
2024-04-03,1.1850908849433852,1.0674908784883503,1.110164881803548
2024-04-08,1.171313100793746,1.0580989271519297,1.1069977208525799
2024-04-09,1.1779800536241982,1.0572252474777277,1.1142186174938227
2024-04-10,1.1632100092722029,1.0486142235920322,1.1092830738911994
2024-04-11,1.1648882128914446,1.048473587945551,1.1110324821572324
2024-04-12,1.1571462933297245,1.039976278426053,1.1126660456919286
2024-04-15,1.1783452636392147,1.0618897799318567,1.109668146269221
2024-04-16,1.1549179544419403,1.0505291398672008,1.0993678429404972
2024-04-17,1.1811069192731196,1.0667727673582867,1.1071776065281131
2024-04-18,1.1777972483519696,1.0680892460071525,1.1027142654557562
2024-04-19,1.163868784588608,1.0596697558134742,1.098331605864455
2024-04-22,1.1581304094052733,1.0564503492720658,1.0962468895989943
2024-04-23,1.1464661222958998,1.04906599632679,1.0928446125507332
2024-04-24,1.1539734992000013,1.053673741705321,1.0951905258000925
2024-04-25,1.1542857390763124,1.056264844825112,1.0927995423983177
2024-04-26,1.1784384490704864,1.0724187347152527,1.0988603713486822
2024-04-29,1.2021485485072272,1.0842790309376713,1.1087077350076795
2024-04-30,1.193987120627754,1.0784386554811576,1.1071442168354426
2024-05-06,1.2137487151805908,1.0944429359647225,1.1090105068938139
2024-05-07,1.2159976785834847,1.0947809943332834,1.1107223133006814
2024-05-08,1.2030196665702626,1.0861670259325569,1.1075825704958948
2024-05-09,1.2202380563843145,1.0964415605957734,1.1129075185012813
2024-05-10,1.2183368796024887,1.096956219758694,1.1106522372155343
2024-05-13,1.2171941935240358,1.0964804702586832,1.1100919957442321
2024-05-14,1.2169390436077243,1.0941945450896067,1.1121779477597977
2024-05-15,1.2045679345389333,1.0849223373644472,1.1102803334892484
2024-05-16,1.2070869262296013,1.0892009280270114,1.1082316358434707
2024-05-17,1.2155683200430267,1.1004538829705333,1.1046063254934018
2024-05-20,1.2246358229407335,1.104340502596469,1.1089295557497278
2024-05-21,1.215849603404144,1.099912302527329,1.1054059497383741
2024-05-22,1.2225973673572965,1.102392705903454,1.1090397830193643
2024-05-23,1.2048886420392229,1.0896287941040181,1.1057790034173802
2024-05-24,1.188030978943521,1.0775679904294877,1.1025113862838538
2024-05-27,1.2007420340824855,1.087809644674858,1.1038163156214547
2024-05-28,1.1894393278834263,1.0798688484962216,1.101466469321518
2024-05-29,1.194957936169803,1.0811703241399293,1.1052448531829542
2024-05-30,1.1900504502613514,1.0754227009068924,1.106588552815367
2024-05-31,1.1855673076792843,1.0711171889640445,1.1068511642745018
2024-06-03,1.1877888868598254,1.0737591200218706,1.1061967853978574
2024-06-04,1.199959504322937,1.0818136305667048,1.10921093099404
2024-06-05,1.1908366505773533,1.0755662810684046,1.1071717954884621
2024-06-06,1.1892928645709995,1.0748063157604002,1.1065183067235727
2024-06-07,1.1839243543359315,1.069378803375735,1.1071141026908404
2024-06-11,1.1794236409240897,1.0600347354623185,1.112627352168513
2024-06-12,1.183821443886545,1.0604057443562263,1.1163853554992242
2024-06-13,1.1796711132741418,1.0550231007720334,1.1181471878775875
2024-06-14,1.185982843385825,1.0596308461505646,1.1192415242480653
2024-06-17,1.1838556218677703,1.058036110831268,1.118917974300187
2024-06-18,1.1887103614448085,1.060845598815859,1.1205309828043546
2024-06-19,1.180956267108497,1.0558070428452904,1.11853418208496
2024-06-20,1.1689467680813328,1.0481863575150254,1.1152089127095668
2024-06-21,1.1685010347837186,1.0458944732083861,1.1172265125364174
2024-06-24,1.1530993209330682,1.0402665234791098,1.1084652777988047
2024-06-25,1.143426143490133,1.034608637847018,1.1051774571199793
2024-06-26,1.155795437645831,1.041298786319982,1.1099556177631664
2024-06-27,1.139743065410089,1.0334776636451062,1.102823123811096
2024-06-28,1.1442990083380706,1.0357335828038667,1.1048198372020563
2024-07-01,1.1525806230195341,1.0406764420359276,1.1075302336667512
2024-07-02,1.1403896721441293,1.0387645403832906,1.097832692405288
2024-07-03,1.1343870433173338,1.0362572157268821,1.0946963997945418
2024-07-04,1.1238825994445758,1.030991301131419,1.090099012679561
2024-07-05,1.1267131326752866,1.0265780339599362,1.09754260796823
2024-07-08,1.1129572257496119,1.017811441530102,1.0934807571788294
2024-07-09,1.1297015996796023,1.0291960583600106,1.0976544172543217
2024-07-10,1.1309496089558417,1.0259527451608503,1.102340838104127
2024-07-11,1.152057806548505,1.0376813794968822,1.1102230697317494
2024-07-12,1.152854337615374,1.0389470302077126,1.1096372616656773
2024-07-15,1.1518807616873596,1.0400989665523455,1.1074722682453395
2024-07-16,1.1673926101995193,1.04669040366427,1.1153179642353588
2024-07-17,1.1648485073087471,1.047677727597169,1.1118385707982046
2024-07-18,1.1701434799286596,1.0534672751156473,1.1107544653441692
2024-07-19,1.1792911441148055,1.0588798546026552,1.1137157242049285
2024-07-22,1.1727076551835536,1.0516690878292079,1.1150918751488514
2024-07-23,1.1426509833465646,1.0292170205027313,1.1102138427407908
2024-07-24,1.1340266600068452,1.0227213502368158,1.1088324886776404
2024-07-25,1.130156307543625,1.017066409119755,1.1111922460616377
2024-07-26,1.137659885889331,1.0200644161738315,1.115282395749662
2024-07-29,1.1296518055974385,1.014514215662874,1.1134903662826792
2024-07-30,1.1233014681288966,1.0081232860030616,1.1142500959207933
2024-07-31,1.152649504018869,1.0298752598271643,1.1192127328238848
2024-08-01,1.146007066500035,1.0230504348452818,1.120186285511279
2024-08-02,1.130031408130354,1.012614302392863,1.1159544215996435
2024-08-05,1.1060849328142122,1.000326140093438,1.1057243117838502
2024-08-06,1.1173230582342883,1.0002244141098666,1.1170723714323967
2024-08-07,1.1160781824075634,0.9997786005126711,1.1163253362647048
2024-08-08,1.1137294080768978,1.0002124257272405,1.1134928735434582
2024-08-09,1.1105791199206083,0.9968284768815989,1.1141125536409815
2024-08-12,1.1077174895078417,0.9951020796759156,1.1131697060351864
2024-08-13,1.1130414763391219,0.9976542731327966,1.115658506472378
2024-08-14,1.102508097463821,0.9901293546485405,1.1134990517023615
2024-08-15,1.1106348513626374,0.9999162215366207,1.1107279064398714
2024-08-16,1.1084494454686604,1.0010172598357174,1.1073230102451723
2024-08-19,1.110159024113248,1.0044101824414533,1.1052845177402995
2024-08-20,1.098636948774432,0.9971485877299705,1.1017785737183883
2024-08-21,1.0949310428929822,0.9938394435876169,1.1017182402626717
2024-08-22,1.0854996089685818,0.9912962238908304,1.0950305093547152
2024-08-23,1.0869048825359762,0.9955000098501069,1.0918180530200419
2024-08-26,1.0857741768491616,0.9946113972782477,1.0916566810116801
2024-08-27,1.0746331201910506,0.9889594707837187,1.08663009146314
2024-08-28,1.0726449185554157,0.9833254918093788,1.0908340396847473
2024-08-29,1.0767660620427753,0.9806865052665837,1.0979717333319212
2024-08-30,1.0929090933451695,0.9937766272669555,1.099753267845355
2024-09-02,1.0694043078922464,0.9768956524866566,1.094696557580241
2024-09-03,1.074840587362138,0.9794148954181905,1.097431325978765
2024-09-04,1.0675001948227039,0.9730508870386616,1.0970651268521885
2024-09-05,1.0719864139548012,0.9747264563063095,1.099781797261413
2024-09-06,1.0592177195185397,0.9668244996830822,1.0955635897370655
2024-09-09,1.0483357671461433,0.9553352123545712,1.0973486097747385
2024-09-10,1.0517433729392032,0.9561759415034261,1.0999475381962793
2024-09-11,1.0522479112334457,0.953294663438079,1.1038013235472122
2024-09-12,1.046757575721993,0.9492075363600313,1.1027699798255302
2024-09-13,1.0409155963035661,0.9452521412758711,1.101204166433912
2024-09-18,1.042155181497004,0.9487706965229302,1.0984268225360572
2024-09-19,1.0526599830273615,0.9562597199668084,1.1008097079148114
2024-09-20,1.0522042905791884,0.9577587585475971,1.0986109823467594
2024-09-23,1.0532482589925123,0.9612623808969991,1.095692788902939
2024-09-24,1.0966613101533391,1.0028962810705082,1.0934942434752521
2024-09-25,1.1089591713041096,1.0177426660718778,1.0896262957946874
2024-09-26,1.1548346502817701,1.060764834975009,1.0886811215880638
2024-09-27,1.2208908164669234,1.108146358381555,1.1017414867924409
2024-09-30,1.3471284342190417,1.202146495371612,1.120602555017733
2024-10-08,1.4562915034502841,1.273431241262419,1.1435964944652892
2024-10-09,1.3541279339661036,1.1836348902316385,1.1440419213234747
2024-10-10,1.3533231694767527,1.1961444520183955,1.1314044613868592
2024-10-11,1.3061673476614921,1.1630468411347947,1.1230565283054752
2024-10-14,1.3343679402806847,1.1852385292035288,1.1258222774595168
2024-10-15,1.2992672502153393,1.1537177061190356,1.1261569821840687
2024-10-16,1.2843317576578877,1.146417201744643,1.1203004941860286
2024-10-17,1.2705432446221934,1.1334408642179696,1.1209612117689254
2024-10-18,1.3301420261152626,1.1744344024797342,1.1325809456081692
2024-10-21,1.3408490845955334,1.1774174766361534,1.1388051487279596
2024-10-22,1.3516119300725367,1.1841734560523107,1.1413969154302925
2024-10-23,1.3587902852482907,1.1887900349759348,1.1430027551297546
2024-10-24,1.3434303884447856,1.175511534121079,1.1428474748648538
2024-10-25,1.365649210897748,1.1837665521180247,1.1536474049332568
2024-10-28,1.3712849983983653,1.186082343082416,1.156146541086381
2024-10-29,1.3511222175226154,1.1742608864154063,1.150615023589096
2024-10-30,1.3379280431863239,1.163728987116979,1.149690398707783
2024-10-31,1.3476314687904947,1.1642047366169896,1.1575553907352383
2024-11-01,1.3331173635479618,1.1638995586662753,1.1453886665921542
2024-11-04,1.3547861288569107,1.1802778626662798,1.1478535450935359
2024-11-05,1.3976703270967394,1.2101411341108146,1.154964729071636
2024-11-06,1.3992082816915814,1.2040703854068744,1.1620651904155643
2024-11-07,1.4416527200944111,1.2403993912145097,1.162248813007598
2024-11-08,1.4326908144089978,1.2279376427432565,1.1667455777382274
2024-11-11,1.4625258677321564,1.2360399666035944,1.183235095343157
2024-11-12,1.4476911708447227,1.222459302420556,1.1842448807728745
2024-11-13,1.4546740898934802,1.229984220904812,1.1826770337129853
2024-11-14,1.4178608094004128,1.208660043050215,1.173084869937664
2024-11-15,1.3816537781465468,1.1874795855721318,1.1635179205888084
2024-11-18,1.361946741815557,1.1819593209639896,1.152278862444075
2024-11-19,1.386634972392514,1.1898911433825314,1.1653460739700057
2024-11-20,1.3929669942487566,1.1925480774455157,1.168059402043183
2024-11-21,1.393617516326724,1.1936043170516406,1.1675707740142414
2024-11-22,1.3427828979986145,1.1566229609496343,1.160951272224559
2024-11-25,1.337655678284637,1.1513540317316393,1.161810912559015
2024-11-26,1.3296729535555558,1.148987342721712,1.1572563979737471
2024-11-27,1.3618680256020594,1.1689919571974108,1.1649934947944873
2024-11-28,1.3492561435579093,1.158672483626221,1.1644844963740153
2024-11-29,1.3739805347970617,1.1718463139824744,1.1724920908166208
2024-12-02,1.3901253606658723,1.1811365393353237,1.1769387487141458
2024-12-03,1.3839057210037484,1.182411093698748,1.170409960105074
2024-12-04,1.368351260893172,1.17602913779903,1.1635351684007407
2024-12-05,1.368828332478423,1.1733453525632629,1.1666031058018107
2024-12-06,1.3878530871582304,1.1887691429407141,1.167470652649204
2024-12-09,1.3804556987630876,1.1868034688350106,1.163171270571167
2024-12-10,1.3874773856473137,1.1955011455916191,1.160582230107936
2024-12-11,1.3877907181012632,1.1934636814051596,1.162826099967539
2024-12-12,1.3986343697941412,1.205332881280172,1.1603718703074504
2024-12-13,1.3643008867231288,1.1768130097647864,1.159318324493894
2024-12-16,1.3412823122986461,1.1704281093500375,1.1459758199446248
2024-12-17,1.337340543621256,1.1734769443421493,1.1396393853915625
2024-12-18,1.34391536852723,1.1794190457822344,1.1394723303250505
2024-12-19,1.3489721913527035,1.1804872036634848,1.1427249589545299
2024-12-20,1.3499878194050026,1.1751853940276435,1.1487445523623034
2024-12-23,1.3366532485261622,1.1769298088610167,1.1357119502476696
2024-12-24,1.354199680535228,1.191925803268962,1.1361442774552037
2024-12-25,1.3462286884159842,1.1925061531600745,1.1289071212325015
2024-12-26,1.3514877104282705,1.193059721985905,1.1327913309977933
2024-12-27,1.3462286572642856,1.1911298027055781,1.1302115472271872
2024-12-30,1.3479017112310305,1.196521490157366,1.1265169262056087
2024-12-31,1.3179045601465045,1.1773306835502386,1.1194005036650923
