datetime,port,bench,excess
2017-01-04,1.0016915484674425,1.007803175154687,0.9939356941534676
2017-01-05,1.0022638689656402,1.0076476066105484,0.9946571225797701
2017-01-06,0.9991900850905839,1.0016276157371429,0.9975664302698313
2017-01-09,1.0039276435923852,1.0064836818832894,0.9974604274893742
2017-01-10,0.9995194824723709,1.0047992089630478,0.9947454909960314
2017-01-11,0.9886498916360615,0.99768715355064,0.9909417878315703
2017-01-12,0.980859231113381,0.9926366091974451,0.988135257177764
2017-01-13,0.9767087305660309,0.9933218399096622,0.9832751997629066
2017-01-16,0.9698680198113102,0.9931841487782119,0.9765238611635269
2017-01-17,0.9758840472316552,0.9952516890824883,0.980539955808879
2017-01-18,0.9755016021315239,0.9991442678459869,0.9763370851684581
2017-01-19,0.9702207507345891,0.9961283132717212,0.973991741634127
2017-01-20,0.9828223186267666,1.003787908264896,0.979113526407815
2017-01-23,0.990266983693717,1.0065375244438564,0.9838351374340174
2017-01-24,0.9872906031571508,1.0066482241875223,0.9807702228392691
2017-01-25,0.9907064685453889,1.0100740973186053,0.9808255366367371
2017-01-26,0.9955452230153019,1.0136824602741104,0.9821075751336331
2017-02-03,0.9902675390791361,1.0066602125701485,0.9837157828567005
2017-02-06,0.995022398537853,1.0092692632101283,0.9858839804286113
2017-02-07,0.9961168412489902,1.007016288566399,0.9891764935273041
2017-02-08,1.0019214928839173,1.012285217784394,0.9897620505383257
2017-02-09,1.0063849702119492,1.0161747819253608,0.9903660158788208
2017-02-10,1.012574507618599,1.0213210931245644,0.9914360081615404
2017-02-13,1.018586741265408,1.0281398888613835,0.9907083192671814
2017-02-14,1.0199466477918713,1.0279962385923704,0.9921696301033928
2017-02-15,1.010002201306044,1.0237805343579685,0.9865417122229568
2017-02-16,1.0162340418449933,1.029531172213537,0.9870842858114202
2017-02-17,1.0113860887615456,1.0236997004096169,0.9879714611197559
2017-02-20,1.0244448722894244,1.0386448668795267,0.9863283447086545
2017-02-21,1.0322602887837453,1.0420647107655463,0.9905913501527192
2017-02-22,1.0361681759637438,1.0441411547224164,0.9923640795857795
2017-02-23,1.0291256785769989,1.0392222722556084,0.990284471428143
2017-02-24,1.0294789352821505,1.0393808554222788,0.9904732513703023
2017-02-27,1.0203319229851735,1.0311139191502072,0.9895433511615092
2017-02-28,1.024844052818816,1.033085692608475,0.9920223076859681
2017-03-01,1.029644599748955,1.0347701655287167,0.9950466625821756
2017-03-02,1.0230888370591518,1.0277868274876647,0.9954290225337906
2017-03-03,1.0201189486873947,1.0256205758223487,0.9946358065890568
2017-03-06,1.0258201317495257,1.031191738476027,0.9947908749400574
2017-03-07,1.0267538755774812,1.033429780222099,0.9935400500620535
2017-03-08,1.023647173159474,1.031864910698117,0.9920360335413643
2017-03-09,1.0150048077454787,1.0253453337744496,0.9899150796435521
2017-03-10,1.0134932334765838,1.025629549582443,0.9881669593950367
2017-03-13,1.0264445245453793,1.034668439545145,0.9920516421633764
2017-03-14,1.023915494170313,1.034246602713202,0.9900109814083152
2017-03-15,1.0241215936545065,1.0363260612926037,0.988223332314084
2017-03-16,1.0330520148068498,1.0416727397289176,0.9917241523241636
2017-03-17,1.0202717283456473,1.0309913011314153,0.9896026544802033
2017-03-20,1.0211079303894348,1.03212823447089,0.9893227375112894
2017-03-21,1.0266943078440531,1.0371368545386432,0.9899313705333176
2017-03-22,1.0213326771556128,1.0322598963572767,0.9894142751837742
2017-03-23,1.026238817408623,1.035829349649872,0.9907412043842059
2017-03-24,1.035796034606625,1.044093271299412,0.9920531652479087
2017-03-27,1.0310925690509523,1.0406345177504825,0.9908306436729036
2017-03-28,1.028449083889616,1.0381721320020474,0.9906344547183317
2017-03-29,1.0279713237844683,1.036789822409988,0.9914944201467744
2017-03-30,1.0179728954933176,1.0282834690228948,0.9899730241317848
2017-03-31,1.0233552481344308,1.034055069021184,0.9896525618341763
2017-04-05,1.0431902085077938,1.0483689174469446,0.9950602227393747
2017-04-06,1.0495625307045608,1.0514087786789619,0.998244024577462
2017-04-07,1.0510573974164756,1.052429053137208,0.9986966763064516
2017-04-10,1.04633710526945,1.0487428708558832,0.9977060482094434
2017-04-11,1.051848893869735,1.0523901434742982,0.9994856949127475
2017-04-12,1.0444197492079577,1.0500294837094344,0.9946575457275169
2017-04-13,1.0550357808995399,1.0515643472231002,1.0033012089898319
2017-04-14,1.044566241527929,1.043165749064642,1.001342540688805
2017-04-17,1.038188982386593,1.0412030194739696,0.9971052359328546
2017-04-18,1.0375506889154944,1.036056778382267,1.001441919559235
2017-04-19,1.0307728618196974,1.031012193166635,0.9997678675882558
2017-04-20,1.0303979644864805,1.0357007023860167,0.9948800479836308
2017-04-21,1.0290593046796646,1.0372685164250297,0.9920857409481024
2017-04-24,1.0087593376848543,1.0266379057655628,0.9825853224585775
2017-04-25,1.0139529313946836,1.0295431605961622,0.9848571387794456
2017-04-26,1.0159869481303019,1.0308027820619292,0.9856268976088801
2017-04-27,1.013603849703003,1.031263528556782,0.9828756875766828
2017-04-28,1.0172684851085947,1.0291781108398173,0.9884280227049289
2017-05-02,1.0157225099020208,1.0252376486533143,0.9907190896044522
2017-05-03,1.0084308328284948,1.0212133378959283,0.987483021820132
2017-05-04,1.0079103997501937,1.0185983281183857,0.9895072198008263
2017-05-05,0.9981308831184147,1.012063818297061,0.9862331456507453
2017-05-08,0.9838640874668345,1.0049607366447477,0.9790074891399754
2017-05-09,0.9857218594128007,1.0030817855174576,0.9826934090965459
2017-05-10,0.9713940361116021,0.998644611688223,0.97271243918239
2017-05-11,0.9775301795970517,1.0043144857029411,0.9733307579576107
2017-05-12,0.9795401414930838,1.0129105065834787,0.9670549719116328
2017-05-15,0.9845708970348582,1.0170425024619991,0.9680725187506565
2017-05-16,1.001969777306578,1.0258569783148375,0.9767148817883965
2017-05-17,1.0064540206437869,1.0202678681409703,0.9864605679267803
2017-05-18,0.9995030702358364,1.0167193769910958,0.9830668057038415
2017-05-19,0.9998620515365354,1.0184368004366846,0.9817615104911913
2017-05-22,0.9930991890769361,1.0206478507949726,0.9730086516161484
2017-05-23,0.9851672390900237,1.0245225521457828,0.9615866795969181
2017-05-24,0.9889781185232327,1.0245165229007194,0.9653120241761777
2017-05-25,1.0020661190739493,1.042914413674495,0.9608325534051974
2017-05-26,1.0005912802976702,1.0413496142580139,0.9608600863703349
2017-05-31,1.0029087640180305,1.0450747062022485,0.9596527004873681
2017-06-01,0.9925844996416939,1.046528805875064,0.9484540645890163
2017-06-02,0.9982032078075672,1.0431687636871743,0.9568952240089397
2017-06-05,1.002301209022686,1.0378549656687066,0.9657430394206258
2017-06-06,1.0070052040605908,1.0450747062022485,0.963572458585281
2017-06-07,1.0227519336657624,1.0573389618439217,0.9672886090210446
2017-06-08,1.0298349405545002,1.0654503295718547,0.9665724548307509
2017-06-09,1.031504610888665,1.0699951885222236,0.964027335780156
2017-06-12,1.0267494978867449,1.069462581839114,0.9600611702758997
2017-06-13,1.0344557430010235,1.0718202970889465,0.9651391616771908
2017-06-14,1.0285286361191717,1.0577668279209282,0.9723585661508926
2017-06-15,1.0330671456937666,1.055819031227913,0.9784509609495425
2017-06-16,1.0324366708393684,1.0528180095513047,0.9806411568504394
2017-06-19,1.0416874156182143,1.0632631157638177,0.9797080329170414
2017-06-20,1.037644134270759,1.0611148817261915,0.9778810495831978
2017-06-21,1.0548289328467295,1.0735227876368778,0.9825864387738814
2017-06-22,1.0510510633864312,1.0742348695218777,0.9784183079573974
2017-06-23,1.0591948358863248,1.0839708383644218,0.9771432942647416
2017-06-26,1.0755543064691064,1.0974977300943938,0.9800059507882536
2017-06-27,1.076815086770446,1.0994814919352878,0.9793844595556177
2017-06-28,1.0709002039956161,1.0909392435078165,0.9816313881534167
2017-06-29,1.0793893549268798,1.0977191996892264,0.9833018819680517
2017-06-30,1.0794859530010816,1.0971117883028287,0.9839343305853879
2017-07-03,1.0802756308116148,1.0923395006200647,0.9889559337535612
2017-07-04,1.072566192957973,1.0831031879352833,0.9902714763517622
2017-07-05,1.0866939404027218,1.0949815017853917,0.9924313229317968
2017-07-06,1.0873278936843935,1.095107134426715,0.9928963655721285
2017-07-07,1.0849305311275976,1.0938595013435743,0.9918371873124388
2017-07-10,1.084247047165551,1.0931892736365152,0.991820056520297
2017-07-11,1.0856305050403823,1.0983116080704662,0.9884540025463608
2017-07-12,1.081677798031783,1.0947241371501812,0.9880825326895954
2017-07-13,1.08446664273369,1.1031317090687338,0.9830799294575614
2017-07-14,1.0836485148808428,1.1079698276946912,0.9780487589048766
2017-07-17,1.0450133601234524,1.096142411890119,0.9533554662130963
2017-07-18,1.055472927249361,1.0972255026690267,0.9619471336401664
2017-07-19,1.0800832725975702,1.1159465189137059,0.9678629345508009
2017-07-20,1.0867478410007603,1.1213710166758395,0.9691242459808572
2017-07-21,1.0871837024699416,1.1156024313000819,0.974526114292327
2017-07-24,1.0915742364687628,1.1200515935119426,0.9745749595749527
2017-07-25,1.0839438419391603,1.112897683921594,0.97398337475157
2017-07-26,1.0793282698807984,1.1086580029219395,0.9735448326139886
2017-07-27,1.0848826057158154,1.110692522593368,0.9767623204869619
2017-07-28,1.0894472375424555,1.1135948329089365,0.9783156363042719
2017-07-31,1.1029974309209192,1.1183760242442942,0.9862491747051118
2017-08-01,1.1063425539210165,1.1281030894342443,0.9807105080049546
2017-08-02,1.0993926155500051,1.1252516771642118,0.9770193085342693
2017-08-03,1.0936246622810613,1.1153720580526547,0.9805021153124792
2017-08-04,1.092547440785069,1.10931322762384,0.9848863364996707
2017-08-07,1.098863550968525,1.1150609209643774,0.9854740044321131
2017-08-08,1.107825017042363,1.1166825775639575,0.9920679692693717
2017-08-09,1.106587871550258,1.1163324607052698,0.9912708897232501
2017-08-10,1.1024405390477754,1.1118085638976218,0.9915740666567585
2017-08-11,1.0748075625504556,1.0912923048815344,0.9848942925214997
2017-08-14,1.094186401759679,1.1054535292781873,0.9898076877769206
2017-08-15,1.0969657987553842,1.1088584402665496,0.9892748784882708
2017-08-16,1.095452036329239,1.1074701715369275,0.9891481183723351
2017-08-17,1.1085386960190786,1.1134122729770128,0.9956228460236896
2017-08-18,1.1026388157307485,1.114426588297696,0.9894225670037597
2017-08-21,1.1137617549835979,1.1193095757241263,0.9950435332093542
2017-08-22,1.109875790123052,1.1226935245697676,0.9885830512368659
2017-08-23,1.1013022922653843,1.1238275133942113,0.9799566918763221
2017-08-24,1.0914038350499273,1.1174126069691463,0.9767241108995854
2017-08-25,1.1075527410042059,1.1356938388616933,0.9752212287374094
2017-08-28,1.124369020197787,1.1497442934071798,0.9779296376116857
2017-08-29,1.1182626954888857,1.1472998551789337,0.9746908713018887
2017-08-30,1.1252451560325734,1.1472280650981777,0.9808382398109107
2017-08-31,1.1260290576870566,1.1435747632346993,0.9846571417001079
2017-09-01,1.1308617401317,1.1461030500338283,0.9867016234694791
2017-09-04,1.1386701931646392,1.1506149584588499,0.98961879888107
2017-09-05,1.141022512364571,1.1540348724523701,0.988724465439985
2017-09-06,1.1409416182780938,1.15176093566592,0.9906062820392751
2017-09-07,1.1338568285425175,1.1459025425817164,0.9894880117710011
2017-09-08,1.1356296019991674,1.14474170258449,0.9920400378838736
2017-09-11,1.1411016381893593,1.1446399064934178,0.996908837195011
2017-09-12,1.1412617946832009,1.1483141003921162,0.993858556899626
2017-09-13,1.1414530099047884,1.1497144276118654,0.9928143741535563
2017-09-14,1.1348797069990604,1.1459294638620003,0.9903573848029876
2017-09-15,1.1307466212980295,1.1463304086587234,0.9864055012036819
2017-09-18,1.1353498592964641,1.1498729406710353,0.9873698381265534
2017-09-19,1.1300404904137593,1.146575784911308,0.9855785420247404
2017-09-20,1.1396786250530486,1.1496635295663298,0.9913149332335108
2017-09-21,1.128136142857663,1.1482812199742707,0.9824563210072712
2017-09-22,1.1232159683085605,1.1482542986939872,0.978194437927291
2017-09-25,1.1078154271310063,1.1422882204886495,0.9698212826331201
2017-09-26,1.1141359913637243,1.1431828623055722,0.9745912295402451
2017-09-27,1.1238777180009463,1.1433084949468955,0.9830047821460018
2017-09-28,1.121170291447562,1.1437094397436185,0.9802929419721246
2017-09-29,1.1276303562015566,1.1478863044226113,0.9823536981467486
2017-10-09,1.143459358426661,1.161562805559159,0.9844145774590439
2017-10-10,1.1432210383880779,1.1638516752432666,0.9822738263869607
2017-10-11,1.142231320615273,1.1676904114461981,0.9781970541323588
2017-10-12,1.1409480463848174,1.1707602085810307,0.9745360647059009
2017-10-13,1.1445397434547733,1.1731688218763994,0.9755967957145026
2017-10-16,1.1358602467542944,1.1709098179876065,0.9700663785588968
2017-10-17,1.135156214893021,1.1707961036214087,0.9695592694422629
2017-10-18,1.1401855302109516,1.1800982472493835,0.9661784795194281
2017-10-19,1.1332731347132892,1.1762356043887001,0.9634746053298234
2017-10-20,1.1426266206105251,1.1749191257398344,0.9725151251504439
2017-10-23,1.1487657862134553,1.1761009979872823,0.9767577684054285
2017-10-24,1.1516036243950027,1.184658179312411,0.9720978122680135
2017-10-25,1.1588686427234065,1.1899090909027161,0.9739135969154072
2017-10-26,1.1637835906151306,1.1948849006601239,0.973971292107038
2017-10-27,1.1635157020733196,1.2033791254495891,0.9668737619481504
2017-10-30,1.1530252817887812,1.199713905310985,0.9610835355700061
2017-10-31,1.1589465048160081,1.198816389086532,0.966742292953716
2017-11-01,1.1546808309887295,1.1957944753747036,0.9656181348612678
2017-11-02,1.1507824731199376,1.1959470292963104,0.9622353205702201
2017-11-03,1.1478467813925364,1.19462157688735,0.960845512587603
2017-11-06,1.1662187490897051,1.2030560700861863,0.9693802126829865
2017-11-07,1.1747095693270628,1.2130374151813148,0.9684034100065059
2017-11-08,1.1745579256727017,1.2111703122216495,0.9697710667281881
2017-11-09,1.1825222220404379,1.2195150678195408,0.969665937916417
2017-11-10,1.1935424515908835,1.2302893287480205,0.9701315159788212
2017-11-13,1.2000956462632046,1.235124502858947,0.9716394124522176
2017-11-14,1.191496810038472,1.2265314264934404,0.9714360221856445
2017-11-15,1.1783104083152895,1.218847924842514,0.9667411202817101
2017-11-16,1.1860441402817916,1.228224803066276,0.9656572130124877
2017-11-17,1.1713122517451968,1.2329642103311935,0.9499969601149769
2017-11-20,1.1848079978801265,1.2398397931436107,0.9556137852907985
2017-11-21,1.2053604323188427,1.261941883826401,0.9551631875978357
2017-11-22,1.2052688751880578,1.2648949519725041,0.9528608469094891
2017-11-23,1.1633828890634093,1.2274439457230515,0.9478093831633951
2017-11-24,1.1614580732509834,1.227982511543724,0.9458262331365687
2017-11-27,1.1363115172488627,1.2117508023277634,0.9377435649854884
2017-11-28,1.152205127840262,1.2135071354362619,0.9494836035109415
2017-11-29,1.1467578094451119,1.2128878057747388,0.9454772353924475
2017-11-30,1.1293528391672591,1.198630884639578,0.9422023524004637
2017-12-01,1.1336415428003443,1.1962491926244927,0.9476633713024364
2017-12-04,1.141281861143122,1.2024486586997885,0.949131468429757
2017-12-05,1.1387357056482712,1.2088246554619435,0.9420189276443172
2017-12-06,1.1392074022752507,1.2015390839852083,0.9481234671924124
2017-12-07,1.1238329392984274,1.1881468687641548,0.9458703876124143
2017-12-08,1.1365181283779682,1.1978170767710061,0.9488244494240443
2017-12-11,1.1591185982132983,1.2176001515443713,0.9519698209162536
2017-12-12,1.143197426735982,1.2015989557908386,0.9513968210662938
2017-12-13,1.1531986334866233,1.2117927266132045,0.9516467694187738
2017-12-14,1.1506105254533627,1.2046298432627613,0.9551569155359074
2017-12-15,1.1397711971316153,1.1910790448750377,0.9569232218766762
2017-12-18,1.136823506543191,1.1924044972839982,0.9533874697156822
2017-12-19,1.1537074092232733,1.207376514926691,0.955548989863633
2017-12-20,1.1460723606085914,1.2059283743914384,0.9503651999124303
2017-12-21,1.1614578153972914,1.217106594739173,0.9542778096984946
2017-12-22,1.157101064548614,1.2131421557874176,0.9538050087770391
2017-12-25,1.1460163370969587,1.2092345039112602,0.9477205069737733
2017-12-26,1.152826276602989,1.2128488260043282,0.9505111040103156
2017-12-27,1.1424233681849958,1.1941756931826535,0.9566627211614648
2017-12-28,1.149772755333061,1.202460576974914,0.9561833272119389
2017-12-29,1.1559823366881903,1.2060360595125728,0.9584973248274086
2018-01-02,1.1707031431370538,1.2229559439557813,0.9572733579840086
2018-01-03,1.1812947353651493,1.2301336900963808,0.9602978480108084
2018-01-04,1.1860937004327483,1.2353459023462785,0.9601308412324143
2018-01-05,1.1886185117237273,1.2383198625276017,0.9598638830661843
2018-01-08,1.2010225007670863,1.244725865300073,0.9648891649548466
2018-01-09,1.204319418171433,1.253444574306903,0.9608078752404079
2018-01-10,1.202144847095666,1.2589827864352343,0.9548540774727325
2018-01-11,1.2012287887895734,1.2583185879732386,0.9546300915131365
2018-01-12,1.2001058441459012,1.2641260129044054,0.9493561811836986
2018-01-15,1.1848036405253455,1.2641978029851617,0.937197990478751
2018-01-16,1.1993687174075442,1.2741403085248812,0.9413160461080595
2018-01-17,1.1977597342426656,1.2710435200022643,0.9423436061737145
2018-01-18,1.2032806439642827,1.2780150098756917,0.9415230921906949
2018-01-19,1.2085418865479776,1.2821977635847464,0.9425549793264005
2018-01-22,1.2282628433038578,1.2975169535710955,0.9466256605922313
2018-01-23,1.2389209387114108,1.311283122201088,0.9448157440109413
2018-01-24,1.2455083061411052,1.3134613622490303,0.948264137750067
2018-01-25,1.2409104118985854,1.306038099640845,0.950133393688768
2018-01-26,1.2452638920092325,1.3108912212719603,0.9499368611233436
2018-01-29,1.2253671402698512,1.2871704886121218,0.9519851108388062
2018-01-30,1.2144537554510964,1.2734312412624131,0.9536861638851819
2018-01-31,1.213010643971159,1.2793553250748086,0.9481420995376947
2018-02-01,1.1927114774575938,1.2703793215402688,0.9388624777137377
2018-02-02,1.2030510337721627,1.2779580825850922,0.9413853632339761
2018-02-05,1.2061142934435654,1.2788317622592944,0.9431375799680952
2018-02-06,1.1467497218180613,1.241353834729558,0.9237895672734542
2018-02-07,1.1301821393320979,1.211915414739498,0.9325585973960331
2018-02-08,1.1252296673637128,1.2004110542983282,0.9373702977280888
2018-02-09,1.0657178473782265,1.1491279783681891,0.9274144111359915
2018-02-12,1.080784412049606,1.1639234653240227,0.9285699998742857
2018-02-13,1.093668773025487,1.1775460537925027,0.9287694264722187
2018-02-14,1.0998734614005723,1.1869201277162351,0.9266617320887883
2018-02-22,1.1276710412671784,1.2125825577165246,0.9299746512853959
2018-02-23,1.1329034405718454,1.2180759010443833,0.930076228911917
2018-02-26,1.152598916085007,1.2322371955485372,0.9353709823472105
2018-02-27,1.1426228736704376,1.214452605191221,0.9408542324222908
2018-02-28,1.1411862171466873,1.2038788517148529,0.9479244655898194
2018-03-01,1.1465660990547528,1.2114935078000542,0.9464071343946343
2018-03-02,1.1385531652783032,1.2017306176772267,0.9474279414457822
2018-03-05,1.1381931706024122,1.202221229967394,0.946741865998558
2018-03-06,1.156001544300959,1.2167205828401084,0.9500961523989205
2018-03-07,1.143902079473131,1.2077715005858523,0.9471179597450841
2018-03-08,1.1548718133113345,1.2200237678448993,0.946597798952186
2018-03-09,1.170263696760277,1.229379754033441,0.9519139166891177
2018-03-12,1.1819150770925895,1.2350047592476865,0.9570125687714458
2018-03-13,1.1730690920704383,1.2241078101929144,0.9583053733523418
2018-03-14,1.1658984336281846,1.2187490732664734,0.9566353396301346
2018-03-15,1.1680427934685786,1.2255769829783885,0.9530554258860259
2018-03-16,1.1588539737665,1.2136866106381532,0.9548214206278322
2018-03-19,1.1574591680268,1.2190213707993416,0.9494986681552812
2018-03-20,1.158311880982264,1.220053633640214,0.9493942307489105
2018-03-21,1.1545253415192953,1.2150719348527441,0.9501703630898309
2018-03-22,1.1441453380979578,1.2028944021894843,0.951160248160942
2018-03-23,1.0941109156508741,1.1683636537757893,0.9364472372236561
2018-03-26,1.105636662037561,1.1608686010868476,0.9524218856487492
2018-03-27,1.1293411063449983,1.1708559754270396,0.9645431462508446
2018-03-28,1.1123185625495506,1.1497473080297125,0.9674461116640469
2018-03-29,1.1260971085677745,1.1651053375714708,0.966519568878635
2018-03-30,1.1381033269389866,1.1664367491179939,0.975709422563691
2018-04-02,1.1401900143922699,1.1629720364315017,0.9804105160523576
2018-04-03,1.1311056292596517,1.1556595436744828,0.9787533321995849
2018-04-04,1.123941851300931,1.1533796477504699,0.9744769239625878
2018-04-09,1.1254206886903422,1.1528021722668875,0.9762478903707286
2018-04-10,1.1411939561592197,1.175014892585843,0.9712165891342927
2018-04-11,1.1436256045697335,1.178356917146043,0.9705256428922842
2018-04-12,1.1337451619354066,1.1664786734034356,0.9719381826565913
2018-04-13,1.1305570846575612,1.158250646794274,0.9760901820228972
2018-04-16,1.1248772005754877,1.1396163535280082,0.987066565948364
2018-04-17,1.101511246457644,1.1215984454082346,0.9820905609910333
2018-04-18,1.1156594279850405,1.1268763483863242,0.990046006008249
2018-04-19,1.1270862922231977,1.1405079807223995,0.9882318328972144
2018-04-20,1.1055828522573725,1.1252516771642125,0.9825205104724588
2018-04-23,1.0942883676787716,1.1268912812839815,0.9710682706072035
2018-04-24,1.1218297301780782,1.149977681277139,0.9755230457448528
2018-04-25,1.123319918729836,1.1455524958305305,0.98059226689164
2018-04-26,1.0984029230678913,1.1236479680848213,0.9775329589569246
2018-04-27,1.1008139637098664,1.1240638457792016,0.9793162264255387
2018-05-02,1.104730000835117,1.1260894617980364,0.9810321811121343
2018-05-03,1.115797891652071,1.1348709871255278,0.9831936002507506
2018-05-04,1.1139449297028265,1.1293657255225438,0.9863456137624663
2018-05-07,1.1376375647703787,1.1471951145728319,0.9916687669943469
2018-05-08,1.1490811778691257,1.1605065659530347,0.9901548268496644
2018-05-09,1.1453682570657864,1.1583942269557865,0.9887551495105152
2018-05-10,1.1486413161883324,1.1648091333808515,0.9861197712748079
2018-05-11,1.1417869611270794,1.1587592767121313,0.9853530272195885
2018-05-14,1.1447669176879633,1.169665129419497,0.9787133846215534
2018-05-15,1.160512172910277,1.174096344111169,0.9884301051876832
2018-05-16,1.1570949946665767,1.164743302437658,0.9934334820770601
2018-05-17,1.1489555028457674,1.1561292639294305,0.9937950181632104
2018-05-18,1.157844208055988,1.167801111189864,0.9914738023123382
2018-05-21,1.1691171483146678,1.1732406119571555,0.9964854066587339
2018-05-22,1.1668970307103128,1.168743636429791,0.998420007894016
2018-05-23,1.15112420160166,1.1532958692870874,0.9981169899734664
2018-05-24,1.1420287541218352,1.1451096968558665,0.997309478085383
2018-05-25,1.134217285868475,1.1419022786970843,0.9932700083256004
2018-05-28,1.1397732003936714,1.1469168579024005,0.9937714251390514
2018-05-29,1.137134885179357,1.1381651983702237,0.9990947595372429
2018-05-30,1.1068238573881992,1.1140376318836,0.9935246581543176
2018-05-31,1.1298080612075476,1.1376775305950872,0.993082864717014
2018-06-01,1.118272718896166,1.128165905754906,0.9912307340540308
2018-06-04,1.1145969535790934,1.139233356251474,0.9783745774847709
2018-06-05,1.140183345248296,1.1505252208579055,0.9910111700099038
2018-06-06,1.1443336662321422,1.1481405843277894,0.9966842752990253
2018-06-07,1.1375527408690456,1.1462436856803104,0.992417890785495
2018-06-08,1.1242277359234223,1.130867708618363,0.9941284266547384
2018-06-11,1.1158723203107515,1.1309753937394973,0.9866459752242632
2018-06-12,1.1317560497191645,1.1447297142018646,0.9886666133308633
2018-06-13,1.1156890468895073,1.1334767592583428,0.9843069456664693
2018-06-14,1.1083913505017764,1.1289976611436667,0.98174813699701
2018-06-15,1.0917375486967111,1.123031582938329,0.9721343239878086
2018-06-19,1.0388661372018857,1.0834442609263757,0.9588551757278455
2018-06-20,1.0496660852711164,1.0877288107265026,0.9650071552026246
2018-06-21,1.0293470234535167,1.0750217561101656,0.9575127364659881
2018-06-22,1.0433261903722642,1.0797880145478662,0.9662324236939511
2018-06-25,1.0328009265599662,1.0653007201652789,0.9694923761993981
2018-06-26,1.0306116403333918,1.056513165592724,0.9754839541021707
2018-06-27,1.0115217979716578,1.0350155417813003,0.977301071470667
2018-06-28,1.0012877268123859,1.0243250593162028,0.9775097443001193
2018-06-29,1.0333592243592322,1.0504902302042873,0.9836923701406307
2018-07-02,1.0076154772359915,1.0196664859996363,0.9881814211518088
2018-07-03,1.0055401026244744,1.0200614716587966,0.9857642216299887
2018-07-04,0.9919454587118546,1.006438813082816,0.9855993686028792
2018-07-05,0.9792211994617,1.0000628163206609,0.9791596922524933
2018-07-06,0.9848159095871506,1.0068487316396335,0.9781170484104371
2018-07-09,1.0116019431657939,1.034991565016048,0.9774011473708084
2018-07-10,1.0204713272530936,1.0374869012898302,0.9835992396476694
2018-07-11,0.998900533304088,1.0195378387357816,0.979758176060161
2018-07-12,1.0279020473342322,1.0415381333274996,0.9869077419664867
2018-07-13,1.02900543255896,1.0450178490191497,0.9846773751518034
2018-07-16,1.024805465564594,1.038854277984232,0.9864766284190521
2018-07-17,1.0245249570645996,1.0320593889051648,0.9926996140710875
2018-07-18,1.0174491531819645,1.0266558532857522,0.9910323405118452
2018-07-19,1.0105570608230854,1.025764226091361,0.9851747946736044
2018-07-20,1.0289961889852959,1.0450776507172799,0.9846121848257432
2018-07-23,1.0423451767875054,1.0549094565133335,0.9880897079382004
2018-07-24,1.0590950009117768,1.071652740162182,0.9882818950768466
2018-07-25,1.0625387083127624,1.070467923399703,0.9925927578831525
2018-07-26,1.0498935823946889,1.0580510437289221,0.9922901060562412
2018-07-27,1.0449644625804964,1.0535570127165887,0.9918442475989633
2018-07-30,1.034471756123473,1.0517169712522085,0.983602798471339
2018-07-31,1.0351870285638267,1.052488924942839,0.9835609706012327
2018-08-01,1.015141106839208,1.0314640360088945,0.9841749895295955
2018-08-02,0.993040516729939,1.0085960208805371,0.9845770716634221
2018-08-03,0.9726992581762884,0.9919365156950709,0.9806063621870977
2018-08-06,0.950756448302694,0.9793670821026834,0.9707866086957273
2018-08-07,0.9825904416701235,1.0079707320814515,0.9748204093595874
2018-08-08,0.9642944819046125,0.9917061424476448,0.972359089684191
2018-08-09,0.9947544741739269,1.0165457908192685,0.9785633693610799
2018-08-10,1.0031160577123939,1.0187868471878725,0.9846181863078285
2018-08-13,1.005782050876329,1.0143945421591105,0.9915097223764139
2018-08-14,1.000771775315595,1.0091794555016826,0.9916687957327588
2018-08-15,0.9769523296088305,0.9849650959291448,0.991864923586195
2018-08-16,0.9675194733922022,0.9804022894585871,0.9868596634209216
2018-08-17,0.9514590800713716,0.9663068960051273,0.9846344717241085
2018-08-20,0.9614546698979792,0.9775658801937126,0.9835190541914773
2018-08-21,0.983276707006327,0.9953384120609017,0.9878818049133657
2018-08-22,0.9742587537663132,0.9897433427494716,0.9843549450505595
2018-08-23,0.9786677999358465,0.9933577349500402,0.9852118380948305
2018-08-24,0.979240702736184,0.9949434965092423,0.9842174014623428
2018-08-27,1.0092824349751497,1.0192506083052568,0.9902200957753838
2018-08-28,1.0104717599425967,1.017335692030088,0.9932530312843008
2018-08-29,1.0051921266299595,1.01326658257973,0.992031261971343
2018-08-30,0.9920167082996859,1.0026509048179204,0.9893939191924774
2018-08-31,0.9830689501650183,0.9976871535506396,0.9853479085767547
2018-09-03,0.9812156595676353,0.9938932861481807,0.9872444791033076
2018-09-04,0.9928115466099093,1.0064836818832892,0.9864159394538845
2018-09-05,0.9752676097487201,0.9868082221235575,0.9883051112504894
2018-09-06,0.965990955403178,0.9762583753049412,0.9894828867423995
2018-09-07,0.9710543473066086,0.980674586991455,0.9901901815215179
2018-09-10,0.9495535507730058,0.9664415725140458,0.9825255636539844
2018-09-11,0.9511649093784729,0.964688254028079,0.9859816426776846
2018-09-12,0.945579730024781,0.9580489334931505,0.9869847947923648
2018-09-13,0.9559748514227354,0.9683863545845294,0.9871833146935255
2018-09-14,0.9502095560476665,0.9700379470869249,0.9795591594135012
2018-09-17,0.93643190158199,0.95891665402979,0.9765519220535912
2018-09-18,0.9557349192252796,0.9782180902730824,0.9770161978485531
2018-09-19,0.971151644995797,0.9910987310612477,0.9798737649032284
2018-09-20,0.9691813211374745,0.9903956229363422,0.9785799721772082
2018-09-21,0.9917857608201446,1.0204235067926108,0.971935430944275
2018-09-25,0.9861689853087794,1.0112409665608957,0.9752067191884216
2018-09-26,0.9947777127922676,1.022443093566382,0.9729418869879449
2018-09-27,0.9861619205840509,1.018358981110866,0.9683833882510731
2018-09-28,0.994531574794288,1.028911842552014,0.9665857983785544
2018-10-08,0.9519572802299372,0.9846419704582416,0.9668055077795502
2018-10-09,0.949086213263972,0.9839807165112769,0.9645374114941764
2018-10-10,0.9451643160505131,0.9818594037539342,0.9626269427546091
2018-10-11,0.887330126417061,0.93473818949763,0.9492819876054832
2018-10-12,0.8976252193454057,0.9486869180595449,0.9461764490032377
2018-10-15,0.8825731862723983,0.9354382830000036,0.9434862805079305
2018-10-16,0.8657400967219233,0.9278146531547077,0.9330959516302942
2018-10-17,0.868580325814091,0.9329848710116629,0.9309693573833236
2018-10-18,0.8428245688695474,0.9108858650589052,0.9252801050053
2018-10-19,0.8690970591606473,0.93798150269679,0.9265609787206963
2018-10-22,0.9122314655281466,0.9784694256632291,0.9323045172411136
2018-10-23,0.8920464634197182,0.9524868147070673,0.936544684551946
2018-10-24,0.8871720495090893,0.953913993099599,0.9300335836634057
2018-10-25,0.8878987931739108,0.9557421162888536,0.9290150324458041
2018-10-26,0.8814817844387772,0.9495575831112151,0.9283078773912918
2018-10-29,0.8634686103639121,0.9206098455188231,0.9379311057414249
2018-10-30,0.8769889316261602,0.9305942052364833,0.9423967253302411
2018-10-31,0.8917196970849198,0.9436274700537561,0.9449912443033486
2018-11-01,0.9028188734925198,0.9505718984318984,0.9497639000078227
2018-11-02,0.943011859615984,0.9844474922511931,0.9579097585586247
2018-11-05,0.9385739504145201,0.9762463869223149,0.9614109337433147
2018-11-06,0.9333651989522753,0.970355113420265,0.9618800231416216
2018-11-07,0.9287278177363666,0.9640000788008306,0.9634105205589392
2018-11-08,0.9216320150767153,0.9612653955195275,0.9587695753664451
2018-11-09,0.9149483623583957,0.9477025386416768,0.9654383364528843
2018-11-12,0.9351564480656652,0.9589824849729828,0.975154877924607
2018-11-13,0.9502817888105836,0.9686287162145817,0.9810588648706408
2018-11-14,0.9408831017906804,0.9589226131673522,0.9811877297198293
2018-11-15,0.9557309276027177,0.9701217255503067,0.985165987351303
2018-11-16,0.9624954123744058,0.9746995350260225,0.9874790925684696
2018-11-19,0.9713978886349846,0.9857490380024013,0.9854413762386225
2018-11-20,0.9455414011262843,0.9629528830623009,0.981918656413753
2018-11-21,0.9499951381082833,0.9653704000102633,0.9840731993628388
2018-11-22,0.9465335079411447,0.9617620370547583,0.9841660114177011
2018-11-23,0.9126757408435897,0.9405336961536708,0.9703806940421097
2018-11-26,0.911145931451522,0.9398634684466116,0.9694449907255642
2018-11-27,0.9154600873671812,0.9386666633015063,0.9752770852086062
2018-11-28,0.9388903876582454,0.9511404001553859,0.9871207105752849
2018-11-29,0.9141745461066847,0.9387893514277985,0.9737802678698078
2018-11-30,0.9246764450316831,0.9492733673032214,0.9740886839147133
2018-12-03,0.953804581089159,0.9756808998213586,0.9775784083339081
2018-12-04,0.9575116317340691,0.9777035012176616,0.979347655543378
2018-12-05,0.9498627045460899,0.9730030737231543,0.9762175785442088
2018-12-06,0.9274607087740744,0.9519602372690206,0.9742641262357445
2018-12-07,0.9293337238355773,0.9519272867436736,0.976265453020699
2018-12-10,0.9158113290290831,0.9409166934302045,0.9733181857900753
2018-12-11,0.9245655173149754,0.9454226427176634,0.9779388344849314
2018-12-12,0.9253542569609294,0.9486510230191663,0.975442216902805
2018-12-13,0.9384825240667766,0.9633358102313336,0.9742008073398737
2018-12-14,0.9147406113450396,0.9472448067693552,0.9656855385302417
2018-12-17,0.9123196654005131,0.9458355758970125,0.9645647601437348
2018-12-18,0.9051564869904956,0.9360306913812426,0.9670158204479514
2018-12-19,0.8893075098829948,0.9248704886611978,0.9615481527260293
2018-12-20,0.8929776981294596,0.9177764508764799,0.9729795281592404
2018-12-21,0.8809978565375325,0.9064008078066659,0.9719738210178738
2018-12-24,0.8865410926262436,0.9090337651043974,0.975256504937888
2018-12-25,0.87861854096392,0.9027744973309717,0.9732425357179804
2018-12-26,0.8724590794200353,0.898211690860414,0.971329017755592
2018-12-27,0.8678651679170278,0.8947648555866101,0.9699365844538599
2018-12-28,0.8733941964711259,0.9007908055975784,0.9695860471085984
2019-01-02,0.8632593757417116,0.8884905848080263,0.9716021649551116
2019-01-03,0.8585953983336503,0.8870843685582154,0.96788471172041
2019-01-04,0.8838046576468436,0.9083366161170545,0.9729924369061771
2019-01-07,0.8956532509553149,0.9138509215876339,0.9800868279470527
2019-01-08,0.8943979821387421,0.9118762036143352,0.9808326816663095
2019-01-09,0.8993260107558261,0.921085595018833,0.9763761539853828
2019-01-10,0.894207043035287,0.919353238675587,0.9726479501214077
2019-01-11,0.8978091926937349,0.9259626233077004,0.9695954999637064
2019-01-14,0.8885171865514142,0.9178841359976138,0.9680058208934162
2019-01-15,0.9038147139067609,0.9358990996023563,0.965718114581767
2019-01-16,0.9000794675490308,0.9360965223244357,0.9615242083305999
2019-01-17,0.8913681847393393,0.9309413074726385,0.95749128069015
2019-01-18,0.9033004022320714,0.9479209936139769,0.9529279426423629
2019-01-21,0.90881332297288,0.953148068654031,0.9534859827773061
2019-01-22,0.8972446766037582,0.9404858127306658,0.9540225535126803
2019-01-23,0.8956550528929929,0.9398066112635121,0.9530205918522321
2019-01-24,0.8999300929400869,0.945111505629386,0.9521946220946584
2019-01-25,0.9028044559595888,0.9527979517953434,0.9475298034157686
2019-01-28,0.8996748209324766,0.9525915553131696,0.9444497129062872
2019-01-29,0.8927428011081124,0.9556403903052816,0.934182784826543
2019-01-30,0.8820482211091313,0.9480137458374539,0.9304171220955766
2019-01-31,0.8822371268488743,0.9579322746119208,0.9209806895861066
2019-02-01,0.9052743689873991,0.9716267232686575,0.9317100356626237
2019-02-11,0.9280981956319175,0.989300543774807,0.9381357378927906
2019-02-12,0.9391735198545954,0.9964424649825294,0.942526591207714
2019-02-13,0.9577867783641788,1.0163962515201928,0.9423360002869416
2019-02-14,0.959430449178366,1.017925155896296,0.9425353559845716
2019-02-15,0.949588847141203,0.9989438305013753,0.9505928342984001
2019-02-18,0.9844751698640866,1.0309703389886944,0.9549015453051577
2019-02-19,0.9821654602322095,1.0291361865543762,0.9543590761496511
2019-02-20,0.9869791932943791,1.0328223688357008,0.955613688350882
2019-02-21,0.9858411604888009,1.030063778896646,0.9570680774202018
2019-02-22,1.0082031158020526,1.0532249134855907,0.9572533870903785
2019-02-25,1.0666151075597654,1.1158657550728552,0.9558632861621654
2019-02-26,1.062245385534341,1.1024644959842065,0.9635189064170628
2019-02-27,1.0575193916137302,1.100579515611853,0.9608750450219091
2019-02-28,1.0493373535692947,1.097880727370928,0.9557844740403824
2019-03-01,1.0693587789634118,1.1219185562566063,0.953151878093036
2019-03-04,1.088429022200737,1.1352001418414945,0.9587992302706317
2019-03-05,1.1041863375015155,1.14175561380554,0.967095168309439
2019-03-06,1.1227065084326304,1.1513540317316353,0.9751184062334683
2019-03-07,1.1291181122556824,1.1396133389054766,0.9907905372010878
2019-03-08,1.0808586061697532,1.0943531282562735,0.9876689509646467
2019-03-11,1.1151423794620867,1.1160063907193365,0.9992258007978854
2019-03-12,1.1297485669348213,1.1236061139068805,1.0054667315813928
2019-03-13,1.1129687539223956,1.114282938028684,0.9988206010686895
2019-03-14,1.0887772166302476,1.1065934772401949,0.9838999045481631
2019-03-15,1.1031119903797861,1.1205123400067953,0.9844710771976829
2019-03-18,1.1324017896230814,1.1524491108931694,0.982604593052659
2019-03-19,1.1333625559797453,1.1471263391146074,0.9880015106745039
2019-03-20,1.13214676618985,1.1475691380892712,0.9865608342124818
2019-03-21,1.144517505366811,1.1480029633038404,0.9969638946514575
2019-03-22,1.1407892373355275,1.1470784556916032,0.9945171855291417
2019-03-25,1.1201938507368636,1.1198600598199253,1.0002980648465951
2019-03-26,1.1007368225664098,1.10717691186134,0.9941833240686863
2019-03-27,1.1070092412313315,1.12002761674669,0.98837673703692
2019-03-28,1.0967506364564634,1.115542629601952,0.9831543926275647
2019-03-29,1.153103516623829,1.1586096673055555,0.9952476223553948
2019-04-01,1.1923131336373256,1.1890055454332,1.0027818105784532
2019-04-02,1.1948548947748416,1.1882155741148797,1.0055876398227719
2019-04-03,1.2225660207249638,1.2034360527401895,1.0158961233887052
2019-04-04,1.2289418378549781,1.215424996226463,1.0111210824777186
2019-04-08,1.215136538608571,1.2139290423757068,1.0009947008356446
2019-04-09,1.2155966911745306,1.2193744321730604,0.9969019024026956
2019-04-10,1.2085404287505779,1.2224921127308974,0.9885875059355981
2019-04-11,1.1859547860943183,1.196081635697729,0.9915333123583129
2019-04-12,1.185899198472686,1.1934008650844938,0.9937140429244815
2019-04-15,1.1751048359365817,1.189481294933211,0.9879136737518546
2019-04-16,1.201789207644379,1.2224741652107085,0.9830794317336234
2019-04-17,1.206082292480279,1.2229079904252778,0.9862412396707396
2019-04-18,1.2009421266210492,1.2183721753425043,0.9856939865550071
2019-04-19,1.204131681604533,1.2328924202504388,0.9766721425377378
2019-04-22,1.179850698362162,1.204468315581062,0.9795614239906144
2019-04-23,1.1729019621385122,1.2024935275002626,0.9753914971806416
2019-04-24,1.1813557603547014,1.205808630780179,0.9797207701112106
2019-04-25,1.145144126653733,1.1793981537470106,0.9709563500803772
2019-04-26,1.1288229659939444,1.1636751445564082,0.9700499072052025
2019-04-29,1.1116106553044725,1.1669842886987618,0.9525498038572281
2019-04-30,1.1208326879652817,1.1708380279068513,0.9572909841073697
2019-05-06,1.0322926193822481,1.1024435338414864,0.9363677936276736
2019-05-07,1.0458627923608756,1.1132297831525926,0.9394850983945667
2019-05-08,1.0311089999181198,1.0973092811324099,0.9396703533337728
2019-05-09,1.0142003088844267,1.077035383746375,0.9416592288329637
2019-05-10,1.060056077657191,1.1161559300184123,0.9497383377604813
2019-05-13,1.0438557002785607,1.0976892637864122,0.9509573744739418
2019-05-14,1.0369100888008551,1.0906340655571034,0.9507406026889452
2019-05-15,1.063530142223125,1.1151506585653244,0.9537098275056297
2019-05-16,1.0702661195211634,1.1201981882959873,0.9554256833330724
2019-05-17,1.0348006960631708,1.0917142118209797,0.9478677522546152
2019-05-20,1.0203694691492882,1.082447963233383,0.9426499044825583
2019-05-21,1.0428457553214638,1.0971058291652669,0.9505425343650878
2019-05-22,1.0384875109671379,1.0918997162679334,0.9510832318160535
2019-05-23,1.0136956203164822,1.072325982491773,0.9453241242564588
2019-05-24,1.0114534519530567,1.0753030274031288,0.9406217839781688
2019-05-27,1.0339983968051636,1.0882554582720503,0.9501430835430525
2019-05-28,1.0439998350143596,1.098745433285036,0.9501744474996382
2019-05-29,1.0431455619501642,1.096247082388722,0.951560627807693
2019-05-30,1.0364077707831556,1.089446234172092,0.9513161258212598
2019-05-31,1.0367430569329994,1.086038378668699,0.9546099634194076
2019-06-03,1.0321385935376886,1.0867025771306946,0.9497894044412082
2019-06-04,1.0188242942718173,1.076667389474999,0.946275799036333
2019-06-05,1.0175005841544429,1.0762604154332125,0.9454037048690322
2019-06-06,1.0044622274493626,1.0665573270085147,0.9417798762553939
2019-06-10,1.0143263749734928,1.0803385687511657,0.9388967535853313
2019-06-11,1.0548127519643755,1.1128139054582122,0.9478788383130833
2019-06-12,1.0460084012597035,1.1043823567744069,0.9471433465442192
2019-06-13,1.0471109957746398,1.1026739771964134,0.9496106894958705
2019-06-14,1.0326495609819657,1.0935452795252654,0.9443134914635305
2019-06-17,1.0329833073688348,1.0935273320050765,0.9446341916985019
2019-06-18,1.0334737207092144,1.097357164555414,0.9417842741546399
2019-06-19,1.0485090686252185,1.1118145230351864,0.9430611373584618
2019-06-20,1.074614044971067,1.1454986532699645,0.9381189946434693
2019-06-21,1.0853571867023375,1.1471203098695446,0.946158112069142
2019-06-24,1.0833923700442563,1.1493134828151441,0.9426430527818922
2019-06-25,1.0745418890564158,1.1373573496392162,0.9447706909330421
2019-06-26,1.065585038874295,1.1352689172997197,0.9386190554823164
2019-06-27,1.0746696422707107,1.147383633642318,0.9366262606162684
2019-06-28,1.0714488172596006,1.1446219589732307,0.9360722191811965
2019-07-01,1.0965438224645296,1.1776000365680723,0.9311682985848335
2019-07-02,1.0990407464463654,1.1780069405023579,0.9329662743563144
2019-07-03,1.0912383957604266,1.1649496989198325,0.9367257631571967
2019-07-04,1.081356124605285,1.1588370259304508,0.9331390872129279
2019-07-05,1.0882857920579945,1.164850987558793,0.9342703948242702
2019-07-08,1.0621516656092451,1.1378002187213807,0.933513325215259
2019-07-09,1.0637127398959279,1.1349098967884383,0.937266247220168
2019-07-10,1.0614946236370237,1.1329979951358014,0.9368901164823269
2019-07-11,1.0617650830776106,1.1325432077785114,0.9375051439849855
2019-07-12,1.0656528474194715,1.1395774438650994,0.9351298177727192
2019-07-15,1.0791948064000048,1.1442031367638195,0.9431846249367227
2019-07-16,1.0778729627436774,1.1390119567641435,0.9463227811987525
2019-07-17,1.0800463103958462,1.1383537174397105,0.9487791833499658
2019-07-18,1.0669618073944929,1.1275106810530062,0.9462986252139399
2019-07-19,1.0783878799677566,1.139347070617673,0.9464963818120246
2019-07-22,1.0650471206995382,1.1314840236573553,0.9412833928109124
2019-07-23,1.0746291326016237,1.1339464795132912,0.9476894650820491
2019-07-24,1.0843140390606216,1.1428985763900792,0.948740388220186
2019-07-25,1.0900155674096956,1.1522456589260273,0.945992340232087
2019-07-26,1.0912444569192408,1.1544896598096621,0.9452180430088492
2019-07-29,1.088328222176314,1.1532031170636117,0.9437437395655954
2019-07-30,1.0942668556956048,1.1580052705416903,0.944958441496324
2019-07-31,1.0834471274058917,1.147545161324019,0.9441433452220982
2019-08-01,1.072833900048529,1.1380036706885233,0.9427332509388437
2019-08-02,1.0570233314417137,1.121239424896954,0.942727581612516
2019-08-05,1.0359184900758864,1.0997716668808448,0.9419396055309756
2019-08-06,1.022901519101237,1.0879951491218087,0.9401710291878479
2019-08-07,1.0231390492683499,1.0835370131498534,0.9442585134162367
2019-08-08,1.0344550382172426,1.097856820713177,0.9422494980222029
2019-08-09,1.0217382901733336,1.0871573644879848,0.9398255703805479
2019-08-12,1.0450025163948202,1.1067759670646178,0.9441861293450087
2019-08-13,1.0382145199945418,1.0967976365920211,0.9465871236014792
2019-08-14,1.044520874523738,1.1017793353794907,0.9480309177916911
2019-08-15,1.0499375650003968,1.1052500773110463,0.9499547537284785
2019-08-16,1.0567140674072948,1.1101988956806697,0.9518241024365431
2019-08-19,1.0864205943350491,1.1342995408870096,0.9577898563597058
2019-08-20,1.0843679758484244,1.133294199326421,0.9568283120948857
2019-08-21,1.0819670114378108,1.131508000422608,0.956216846044134
2019-08-22,1.08444445565981,1.1350236111546361,0.9554377944231724
2019-08-23,1.088236138933037,1.1432067689633254,0.9519154088983077
2019-08-26,1.0798588702251781,1.1267656486426594,0.9583704220358628
2019-08-27,1.1004451749297814,1.1420368850985037,0.9635811148383926
2019-08-28,1.0943668614424835,1.1377373322932187,0.9618800670245057
2019-08-29,1.0918207241900035,1.1340302579766741,0.9627791820458297
2019-08-30,1.0844273978661385,1.136842760583797,0.9538939204831266
2019-09-02,1.1065922454081787,1.1514228071898613,0.9610650740095246
2019-09-03,1.111511726352602,1.1530056242340323,0.9640124063497126
2019-09-04,1.1213979693487337,1.162696724276104,0.9644802001544445
2019-09-05,1.1313842043543623,1.1744613237600146,0.9633218067430762
2019-09-06,1.1375019776717403,1.1813998631080946,0.9628424830515341
2019-09-09,1.1505409999478118,1.1887123558651136,0.9678884839305623
2019-09-10,1.146831045669685,1.1846191995420026,0.9681010117960884
2019-09-11,1.1354839474674219,1.175891516775078,0.9656366520795427
2019-09-12,1.1435235064214861,1.1885417142083163,0.9621231571019645
2019-09-16,1.1466915993101816,1.1841555085321185,0.968362340121715
2019-09-17,1.1262642398891407,1.1642585791775542,0.9673660645771207
2019-09-18,1.1307192863514197,1.1699015319119885,0.9665080825250886
2019-09-19,1.1389560177669655,1.174180122574553,0.970001106192844
2019-09-20,1.141733081035438,1.177552083037568,0.9695818108446357
2019-09-23,1.1275416640321603,1.1640910222507894,0.9686026629189526
2019-09-24,1.1305391368122484,1.1672087028086262,0.9685835395948121
2019-09-25,1.113444967036232,1.158202763371271,0.9613558197661703
2019-09-26,1.093073673275589,1.149274573152235,0.9510988051162588
2019-09-27,1.10516448156144,1.152718393803507,0.958746288340938
2019-09-30,1.0906227746875337,1.1413128148308778,0.9555861990817518
2019-10-08,1.0849213085640284,1.1482393657963317,0.9448563956972589
2019-10-09,1.089999966274887,1.1499028765738526,0.947906113186318
2019-10-10,1.1102771742326645,1.159297842532805,0.9577152078597494
2019-10-11,1.1146308528049134,1.1703952289321882,0.9523542349210091
2019-10-14,1.1298194920971194,1.182815053118,0.955195395187794
2019-10-15,1.114233090922584,1.177731558239458,0.9460840911728685
2019-10-16,1.1084185418647374,1.1736744371717265,0.9444003437066926
2019-10-17,1.1093079806568793,1.1744314579647,0.9445489331317127
2019-10-18,1.0918344469667645,1.1577239992487287,0.9430869945473003
2019-10-21,1.0929738968350935,1.1611528870023435,0.9412833650672288
2019-10-22,1.102533702275886,1.1656528771522399,0.9458507964819186
2019-10-23,1.0923728795636896,1.158232629166586,0.9431377186720371
2019-10-24,1.0909134309778432,1.1581100111477947,0.9419773773448747
2019-10-25,1.1019519587289073,1.1659251045776071,0.9451309988973295
2019-10-28,1.114916885571026,1.174841306414017,0.9489936040588333
2019-10-29,1.1011812976646125,1.1699464007124614,0.9412237150300449
2019-10-30,1.0943305935214913,1.1642615938000862,0.9399353198190246
2019-10-31,1.0904241594643989,1.162921138385968,0.9376595914128893
2019-11-01,1.1061587414521243,1.1825607031053218,0.935392778186717
2019-11-04,1.1137173832666503,1.1902592077614063,0.9356931465048585
2019-11-05,1.1231546963740038,1.1976464351142122,0.9378015609981717
2019-11-06,1.11474729955346,1.1922818091577092,0.9349696447528427
2019-11-07,1.1213418303563525,1.1943732561197373,0.9388537667021712
2019-11-08,1.1168672525642998,1.188730303385303,0.9395463793458033
2019-11-11,1.094014713717837,1.1677772045321144,0.9368351338525817
2019-11-12,1.096654382346844,1.167989630259352,0.9389247592064084
2019-11-13,1.0938899915420544,1.1668795480926601,0.9374489366362518
2019-11-14,1.0989973493252978,1.1686388958236904,0.9404079850950817
2019-11-15,1.0889517004538178,1.1600308865605264,0.9387264710533206
2019-11-18,1.1024995256937193,1.1692582254852135,0.9429050843206248
2019-11-19,1.119373795700562,1.1809600086484626,0.9478507210262079
2019-11-20,1.1060739700125755,1.1692372633424928,0.9459790623253379
2019-11-21,1.1009444960052956,1.1637738559174495,0.9460123978617624
2019-11-22,1.089374487218491,1.1519225334551253,0.9457011696359259
2019-11-25,1.0922532944939174,1.1603660004140561,0.9413006707402372
2019-11-26,1.1008785492980055,1.1643872264414097,0.9454574254155134
2019-11-27,1.099290464705043,1.1595910321008938,0.9479984186436825
2019-11-28,1.096055211643849,1.1556057011139182,0.9484681588082621
2019-11-29,1.088826287660608,1.1455435220704382,0.9504888000175495
2019-12-02,1.092866394939924,1.1477546425362268,0.9521777167679194
2019-12-03,1.0966970741291207,1.1522516180635913,0.9517861003069517
2019-12-04,1.095543076839612,1.1518716354095893,0.9510982327905421
2019-12-05,1.1036086366024664,1.1607100179201797,0.9508047829034589
2019-12-06,1.1100184165962328,1.1676006738452556,0.9506832613761799
2019-12-09,1.1096101392001323,1.1655242298883854,0.9520266595456298
2019-12-10,1.111023831384038,1.1669992917039216,0.9520347092600592
2019-12-11,1.111270921569076,1.1677083589663897,0.9516682081069712
2019-12-12,1.1101725097582702,1.1641987073719242,0.9535936629446932
2019-12-13,1.1277492269001257,1.1872970256402073,0.949845912645176
2019-12-16,1.1442922447536918,1.1930806140211232,0.9591072315700475
2019-12-17,1.160532426124626,1.2093123232370835,0.9596631108646245
2019-12-18,1.1609526086652784,1.2066134648886577,0.9621578429612562
2019-12-19,1.1565819414223317,1.2049290620759168,0.9598755460588775
2019-12-20,1.1520557278867867,1.2019668799547176,0.9584754348058149
2019-12-23,1.1327593727723113,1.1869620520016793,0.9543349518731781
2019-12-24,1.1485693074759855,1.194699396213173,0.9613877023095471
2019-12-25,1.1526141517339659,1.1940740373065863,0.9652786307404024
2019-12-26,1.167905215842683,1.2045818897322602,0.9695523615270945
2019-12-27,1.1582856542147877,1.2033970729697812,0.9625132719961949
2019-12-30,1.17976549893533,1.221229476642601,0.9660473494127707
2019-12-31,1.1872553735419207,1.2257026156197146,0.9686324875317697
2020-01-02,1.2075775615588258,1.2423560915601173,0.9720059890738592
2020-01-03,1.2072752095486985,1.2401779917271765,0.9734693065044198
2020-01-06,1.2071152628714432,1.2354924270228258,0.9770316972158516
2020-01-07,1.216665682981367,1.244746757335297,0.9774403313859239
2020-01-08,1.1974542751298838,1.2304120168743162,0.9732140605809777
2020-01-09,1.2158576188232908,1.245985416658343,0.9758201039657004
2020-01-10,1.2134960573109368,1.2456294107695933,0.9742031191774739
2020-01-13,1.2280775113197362,1.257839753743199,0.976338605665075
2020-01-14,1.2238956679147943,1.253621104993766,0.9762883402644059
2020-01-15,1.217140543930696,1.2466915394057805,0.9762964658529971
2020-01-16,1.211806430242216,1.2413987035300338,0.9761621522532049
2020-01-17,1.2137817087221514,1.2431370891183433,0.9763860473208057
2020-01-20,1.2206029394231115,1.2524062822209712,0.974606209463066
2020-01-21,1.196418447420494,1.2310073697705872,0.971901937226794
2020-01-22,1.2023661935128873,1.236279313611114,0.9725683996125697
2020-01-23,1.1593333232923189,1.1979725752076482,0.9677461298238552
2020-02-03,1.0560452368396127,1.1035625897682748,0.9569418596016019
2020-02-04,1.081804146420098,1.1326689105273373,0.9550929988150216
2020-02-05,1.1002878260865057,1.1455016678924983,0.9605292221973126
2020-02-06,1.1245861256064276,1.166819746394531,0.9638045028646411
2020-02-07,1.1289754649468198,1.1668466676748144,0.9675439766190866
2020-02-10,1.1370099627596035,1.1716758125406774,0.9704134459292934
2020-02-11,1.1423239287812796,1.182581735355544,0.9659576963091175
2020-02-12,1.156475287141724,1.1921472027562923,0.9700775914819133
2020-02-13,1.14736907180474,1.1848136777490519,0.9683962072285911
2020-02-14,1.1514965871666814,1.1931344565816904,0.9651021146985388
2020-02-17,1.1864631038531637,1.219969925284335,0.9725347152116377
2020-02-18,1.1878320097783104,1.2140127507315912,0.978434542028077
2020-02-19,1.176879045163136,1.212157706262053,0.970895980847487
2020-02-20,1.2018940797395485,1.2400882541262315,0.969200438549759
2020-02-21,1.2098445059326466,1.2415333099314516,0.974476074266139
2020-02-24,1.2096960453980938,1.2365516111439818,0.9782818885165312
2020-02-25,1.2136555375405818,1.233861866770652,0.9836235078056544
2020-02-26,1.1869568442128926,1.2186534466354693,0.9739904707855326
2020-02-27,1.1868428198972798,1.222201867677843,0.9710693881954667
2020-02-28,1.129249623888889,1.178868561686435,0.9579096945917673
2020-03-02,1.1698703510265924,1.2176510495899115,0.9607599413810624
2020-03-03,1.1797700619233549,1.2241407607182644,0.9637535974466899
2020-03-04,1.1809557906891754,1.2312287692579187,0.9591684503936311
2020-03-05,1.2012648805771995,1.2586595908568339,0.9544001327312313
2020-03-06,1.1819826360350822,1.2382480724468494,0.9545604490216703
2020-03-09,1.1243429590513112,1.1959470292963137,0.9401277243130628
2020-03-10,1.160877286787848,1.2215587014660687,0.9503246019979285
2020-03-11,1.1360207864106586,1.2053119892449502,0.942511811503926
2020-03-12,1.1104254241762,1.1821179041306584,0.9393525132273656
2020-03-13,1.1011082974516615,1.165482305602944,0.9447662072244164
2020-03-16,1.0375057932980924,1.1153750726751894,0.9301855660174203
2020-03-17,1.0409372939609698,1.1099415310454606,0.9378307458956913
2020-03-18,1.0203894049058626,1.0879741869790895,0.9378801603180629
2020-03-19,1.0272061239151618,1.0738608460054408,0.9565542199775456
2020-03-20,1.0391574688130658,1.0930486379900364,0.9506964582325733
2020-03-23,0.9882533457017765,1.0562738185852056,0.9356033713165994
2020-03-24,1.0131563978203737,1.084638051448952,0.9340963065668894
2020-03-25,1.0455240255454876,1.1137832818709241,0.9387140591563062
2020-03-26,1.033096287107221,1.1064618153538108,0.9336935742123825
2020-03-27,1.0363421414059375,1.1100552454116588,0.9335951032073317
2020-03-30,1.0186635396646655,1.099298932003368,0.9266483483325577
2020-03-31,1.0196168153306968,1.102904350443842,0.924483446747102
2020-04-01,1.0180450876973637,1.099589177056425,0.925841313228134
2020-04-02,1.0416608173074688,1.117376711928772,0.9322378085984937
2020-04-03,1.0345777757264267,1.1110007151666168,0.9312125200308904
2020-04-07,1.0637561828969555,1.13637297022135,0.9360977520344841
2020-04-08,1.0608814196671217,1.131083148968135,0.937934068450178
2020-04-09,1.0667219646475958,1.1348142000499324,0.9399970185433524
2020-04-10,1.0475616113541484,1.1277440689229663,0.9289001292240048
2020-04-13,1.0389302534799314,1.1229807550002966,0.9251541033574142
2020-04-14,1.0668519440479807,1.1446549094985796,0.9320293262144127
2020-04-15,1.0647194092595686,1.1361755474992707,0.9371081886096058
2020-04-16,1.068919707101397,1.1376775305950904,0.9395629942188206
2020-04-17,1.0792970933142325,1.1487808761320364,0.9395151988847892
2020-04-20,1.0841370854869625,1.152960755433561,0.9403070142480974
2020-04-21,1.0721345966043754,1.1393739918979584,0.9409856677686874
2020-04-22,1.0821396232438851,1.1487479957141902,0.9420165495663008
2020-04-23,1.0826251481555489,1.1458666475413424,0.9448090233523341
2020-04-24,1.0690235809769275,1.1360588185105414,0.9409931629935305
2020-04-27,1.0718191686031269,1.1437782152018459,0.9370865385943549
2020-04-28,1.074438051242575,1.1516711980649788,0.9329381971589029
2020-04-29,1.077166548811703,1.1570208911238242,0.9309827999436052
2020-04-30,1.1021716343149857,1.1706495088373676,0.9415043751306992
2020-05-06,1.1173258368345629,1.1777315582394594,0.9487101105661171
2020-05-07,1.114659646931955,1.1743326764961606,0.9491855836437668
2020-05-08,1.1266046115713222,1.1859208154007126,0.9499829979716243
2020-05-11,1.1240891229865841,1.1848914970748712,0.9486852811093766
2020-05-12,1.1255656324186671,1.1849094445950603,0.9499170063610441
2020-05-13,1.1293280004777415,1.187305999400302,0.951168444401153
2020-05-14,1.1145100753491493,1.1744314579647008,0.9489783910255641
2020-05-15,1.1135683649861947,1.1707212989181235,0.9511814349113282
2020-05-18,1.1143409187704212,1.1737402681149207,0.9493931059893705
2020-05-19,1.1269736555716567,1.1837156540724862,0.9520645027328879
2020-05-20,1.117230632369589,1.1774235058812141,0.9488774657453648
2020-05-21,1.1045735274540593,1.1710115439711801,0.9432644222346318
2020-05-22,1.0841459191697729,1.1441642271009107,0.9475439744491816
2020-05-25,1.074637196491732,1.1457380002774864,0.9379432263147993
2020-05-26,1.0983784071489255,1.1587383145694121,0.9479089396962623
2020-05-27,1.0864184346010768,1.1506120139438218,0.9442091873152654
2020-05-28,1.0880877583536404,1.153909169703549,0.9429578921131038
2020-05-29,1.099191150493706,1.1570178765012915,0.9500208880242647
2020-06-01,1.1369372689217703,1.1882305771200392,0.9568321930221737
2020-06-02,1.1356958816978582,1.1918897680135798,0.9528531179444764
2020-06-03,1.1383937417439631,1.1919137447788324,0.9550974193650227
2020-06-04,1.1394501475244134,1.191476975049232,0.956334172951459
2020-06-05,1.1448389725030086,1.1971796593742956,0.9562800065458489
2020-06-08,1.1465956810048217,1.2033732364195293,0.9528180005202365
2020-06-09,1.1547040876402694,1.2108771226535642,0.9536096322555051
2020-06-10,1.1581168938368578,1.2086869643304963,0.9581611517406827
2020-06-11,1.1510883106128278,1.1955729356723728,0.9627922113889877
2020-06-12,1.1526654071896016,1.1977271989550624,0.962377249339604
2020-06-15,1.1409086471244334,1.1833386159335146,0.9641438483982804
2020-06-16,1.1650938974561555,1.2011651305762723,0.9699697966566753
2020-06-17,1.1663735830925834,1.2020686760457888,0.9703052798359038
2020-06-18,1.1772141496431214,1.2100842068202124,0.9728365538597805
2020-06-19,1.1898607526833909,1.2263398928014253,0.9702536463731093
2020-06-22,1.1894135798905028,1.2273392051169505,0.9690993125060046
2020-06-23,1.194256558958552,1.2332454816241583,0.9683851080368374
2020-06-24,1.1977906259573674,1.2383916526083603,0.9672147122717785
2020-06-29,1.189154054222975,1.2296341040461214,0.9670795973453027
2020-06-30,1.2097066576461688,1.2458627285320494,0.9709790893829195
2020-07-01,1.228490491922231,1.2709418641261954,0.966598494075769
2020-07-02,1.2612354392666998,1.2972895248387022,0.9722081425297217
2020-07-03,1.2931484895799974,1.3223505726976577,0.9779165346008913
2020-07-06,1.3655996794456637,1.3972975942120374,0.9773148433822011
2020-07-07,1.3673153042754476,1.4056872186104012,0.9727023808519178
2020-07-08,1.4030583919599122,1.428387606704493,0.982267267914051
2020-07-09,1.4307284435213643,1.448365299899908,0.9878229225874422
2020-07-10,1.4040770754380858,1.4221432718287244,0.9872965004662242
2020-07-13,1.4360200283372488,1.4520125725183228,0.9889859464829998
2020-07-14,1.4237112651240051,1.4381684443475096,0.9899475063019731
2020-07-15,1.3878488076001165,1.4195522388164343,0.9776665977134094
2020-07-16,1.3274981104491672,1.351268514602236,0.9824088226017269
2020-07-17,1.3206876327305614,1.3597806869118905,0.9712504710813986
2020-07-20,1.374102198537613,1.4003524584492126,0.981254533633147
2020-07-21,1.3720580168502778,1.4035659058530583,0.9775515429155208
2020-07-22,1.3856977516302265,1.4105702060368313,0.9823670921871468
2020-07-23,1.3857765792526513,1.409968823895497,0.9828420003103283
2020-07-24,1.3158806505545242,1.3480789037486414,0.9761154535505432
2020-07-27,1.3242812192507392,1.354918731735682,0.9773879334846192
2020-07-28,1.3332406247131374,1.3668298558961358,0.9754254481359889
2020-07-29,1.3693565077446306,1.3999664465501471,0.9781352339686806
2020-07-30,1.359579925830365,1.3931267587781082,0.9759197555166002
2020-07-31,1.3734861948078674,1.4047657256206958,0.9777332759175857
2020-08-03,1.4078645313077165,1.4275827725960164,0.9861876721498657
2020-08-04,1.4040382894323118,1.4289261725251658,0.982582806885766
2020-08-05,1.4156803003964562,1.4293180734542936,0.9904585457141262
2020-08-06,1.4164572388176317,1.4250245498940721,0.9939879554516606
2020-08-07,1.4039836027622925,1.4086193947212848,0.996708981875186
2020-08-10,1.402627837497359,1.4136878865946687,0.9921764562021173
2020-08-11,1.3808420149120377,1.4007952574238771,0.9857557752240437
2020-08-12,1.3600529556930554,1.3905804543512896,0.9780469381956937
2020-08-13,1.3579880354969474,1.3870110010586945,0.9790751727710926
2020-08-14,1.3793925912965725,1.407632000680885,0.9799383579155257
2020-08-17,1.4139989979349632,1.4407237225344234,0.981450486181731
2020-08-18,1.4179213293742636,1.439984649261639,0.9846780867430159
2020-08-19,1.4001562728003798,1.4184181798844901,0.9871251600246709
2020-08-20,1.3774955994502391,1.4000083708355888,0.98391954515821
2020-08-21,1.3878861280719013,1.4118835999556647,0.9830032221604409
2020-08-24,1.3962127722238267,1.4229570796972961,0.9812051200594478
2020-08-25,1.3829007017014696,1.42478225837152,0.9706049423173477
2020-08-26,1.3562219922332273,1.4080808289006121,0.9631705541308486
2020-08-27,1.3664053205558566,1.4156266394200885,0.9652300136959874
2020-08-28,1.3970089184789787,1.4494125657459387,0.9638449062017131
2020-08-31,1.3884953795231711,1.4410198566175425,0.9635504834626912
2020-09-01,1.3989652458158128,1.4487692593191632,0.9656232259326407
2020-09-02,1.3957005553847885,1.4492988513797413,0.9630177751511174
2020-09-03,1.3875021215981138,1.4412831803903163,0.9626852935467977
2020-09-04,1.3761062562227475,1.4272566325025817,0.9641617526133712
2020-09-07,1.3428308274632788,1.3970822239697698,0.9611680718745835
2020-09-08,1.348706774522232,1.4045681626836155,0.9602287808840457
2020-09-09,1.3078219295633295,1.3717159280525995,0.9534203859687048
2020-09-10,1.3046701277713908,1.3709349304943736,0.9516645164923422
2020-09-11,1.3253938596199197,1.3844888136121298,0.957316409196524
2020-09-14,1.3276026656735795,1.391600798917037,0.9540111407716483
2020-09-15,1.3422545209535781,1.4027999112999914,0.9568396106538778
2020-09-16,1.3393992140575277,1.393488793911922,0.9611840582495469
2020-09-17,1.3358690195629446,1.3861134848342416,0.9637515500563033
2020-09-18,1.3683059286461554,1.4173441329731786,0.9654013424219317
2020-09-21,1.3566486308860919,1.403682564734288,0.9664924712824231
2020-09-22,1.3358191883570816,1.387026004063853,0.963081574853867
2020-09-23,1.3415602955135506,1.3919837260860701,0.963775847642775
2020-09-24,1.3106487084746663,1.3652771149697829,0.9599873125418017
2020-09-25,1.311976411995936,1.3673565034416841,0.9594984253877066
2020-09-28,1.3149795234736346,1.3709140384591538,0.959199108466066
2020-09-29,1.3185235339595003,1.3738731358503207,0.9597127271459724
2020-09-30,1.3167223674252486,1.372556657201455,0.9593209580943286
2020-10-09,1.3514208668323928,1.4006037237318607,0.964884530816167
2020-10-12,1.3886996339368494,1.4430963005744137,0.9623055879112765
2020-10-13,1.3989797653744376,1.4478955796449622,0.966215924022284
2020-10-14,1.3879319923646092,1.4382911324738035,0.9649868243138101
2020-10-15,1.3831804724196695,1.4357898370624587,0.9633585896175273
2020-10-16,1.3750477044587326,1.4336774980652105,0.9591053122577424
2020-10-19,1.3599092080726958,1.4228493945761636,0.9557646882773448
2020-10-20,1.378006698773639,1.434213119370852,0.9608102730074948
2020-10-21,1.3652434020012738,1.4340215856788348,0.9520382507736083
2020-10-22,1.3578300210405647,1.4295784527120374,0.9498114765682432
2020-10-23,1.3301402890983671,1.4117789995645647,0.9421731655653064
2020-10-26,1.3311251196027427,1.4036256374436893,0.9483476819552926
2020-10-27,1.3409083586634527,1.4060313062240268,0.9536831454091408
2020-10-28,1.3535162347146648,1.4173979755337465,0.9549302722864227
2020-10-29,1.3678150764805859,1.4280644111260905,0.9578104921766131
2020-10-30,1.3378362213297366,1.4048494339765787,0.9522986513528685
2020-11-02,1.3414359247942682,1.4124790930669382,0.9497032072039998
2020-11-03,1.360781721807419,1.429452820070714,0.9519598707287885
2020-11-04,1.3682799208997767,1.4402540022794774,0.9500268138357623
2020-11-05,1.391990926631968,1.46163188247964,0.9523539704610665
2020-11-06,1.3817217618849964,1.4618144424115629,0.9452100908276448
2020-11-09,1.4127713243766622,1.4904269960429248,0.9478970309364779
2020-11-10,1.4011767130717625,1.4822080133013584,0.9453306826690857
2020-11-11,1.3768246791496983,1.4675530217770048,0.9381771279940218
2020-11-12,1.3836453719717843,1.4686182351432242,0.9421409450474697
2020-11-13,1.3777340542125596,1.453176497245584,0.9480844596812421
2020-11-16,1.3915734372403628,1.4673347070197054,0.9483681061881097
2020-11-17,1.3883913362088833,1.4645281635501455,0.948012725711809
2020-11-18,1.381853688316517,1.463594612070313,0.9441505707388672
2020-11-19,1.3913552771362026,1.4744616953297704,0.9436360954938333
2020-11-20,1.4098773679714933,1.4790394346979856,0.9532385242043158
2020-11-23,1.422334002543272,1.4975120600675487,0.9497980286576887
2020-11-24,1.4149530074459271,1.488314657045677,0.9507082395161158
2020-11-25,1.3932308741165378,1.4692884628502836,0.9482350874884016
2020-11-26,1.3858160053086268,1.4719483414282988,0.9414841311373103
2020-11-27,1.3972788924491832,1.4902535500860985,0.9376115174283304
2020-11-30,1.3908134175714504,1.4841138156014317,0.9371339333619965
2020-12-01,1.4144607839853713,1.516083537013153,0.9329702153299618
2020-12-02,1.4110846194735889,1.5160954552882786,0.9307359998683444
2020-12-03,1.4035524787971316,1.5130795708215137,0.9276131314330579
2020-12-04,1.4098765177629728,1.5157304756394343,0.9301630734634366
2020-12-07,1.3948177398449169,1.5026613157817834,0.9282316149326308
2020-12-08,1.3942123270566407,1.4989632853328339,0.9301177291657721
2020-12-09,1.3728181727665218,1.4788629040111265,0.9282930615427711
2020-12-10,1.3678885533416147,1.4782106238242563,0.9253678273551917
2020-12-11,1.3548147506763606,1.4629842561688844,0.926062426826255
2020-12-14,1.361255174849366,1.476511218006357,0.921940286161446
2020-12-15,1.3692456510788986,1.479580945033689,0.9254280110019407
2020-12-16,1.3659870955343854,1.4822049285713261,0.9215912517920438
2020-12-17,1.3863364455289389,1.5012371520117829,0.923462654565358
2020-12-18,1.3931917056024805,1.4959981586966031,0.9312790243113044
2020-12-21,1.4093864670004155,1.5100217620693066,0.9333550697103978
2020-12-22,1.3762327199284916,1.4854663295056765,0.9264651056658182
2020-12-23,1.3945540391976559,1.4981374189741348,0.9308585591250976
2020-12-24,1.3870161998113908,1.496013161701761,0.9271417092571681
2020-12-25,1.4063047347260909,1.508576566049085,0.9322064032912556
2020-12-28,1.4126138366459975,1.5152787029046755,0.9322468757319184
2020-12-29,1.4016620181525283,1.5088548928270167,0.9289574662321239
2020-12-30,1.4235363266803926,1.5300293210600362,0.9303980695573448
2020-12-31,1.4462752214149728,1.5592254495275446,0.9275600406940533
2021-01-04,1.473617699367909,1.5761092987153738,0.9349717691336498
2021-01-05,1.4865420933944986,1.6062628152129657,0.9254662931342317
2021-01-06,1.4926691599933672,1.6209745938129176,0.920846733619837
2021-01-07,1.5163650485177087,1.6496949727804149,0.9191790443308496
2021-01-08,1.5158746172702424,1.6442404690079653,0.9219300010203672
2021-01-11,1.4909663387338663,1.6280028707619427,0.9158253744577611
2021-01-12,1.5306554419219787,1.6744359097909989,0.9141319969141328
2021-01-13,1.5199511113975406,1.6689365372180767,0.9107303228744231
2021-01-14,1.4874877528309693,1.6367693930842762,0.9087949463839832
2021-01-15,1.4787595127966229,1.6330653333902632,0.9055115447994359
2021-01-18,1.4903827471533406,1.6511490023457296,0.9026337084272867
2021-01-19,1.4595587874948772,1.626913680630471,0.897133514132883
2021-01-20,1.4847897393108802,1.638555732203091,0.9061576058292095
2021-01-21,1.515206557721974,1.66504697307711,0.9100082953946809
2021-01-22,1.5214631626582704,1.6664861398522681,0.912976787669621
2021-01-25,1.5346421948129854,1.6832833361691846,0.9116957091166383
2021-01-26,1.5088353724398338,1.6494884360832398,0.914729281778179
2021-01-27,1.5175416273001703,1.6539855518256055,0.9175059755662112
2021-01-28,1.4669188657788683,1.6088479591951936,0.9117821590255654
2021-01-29,1.4512449093930464,1.6013140669508428,0.9062837449223488
2021-02-01,1.4759155803438775,1.620968564567854,0.9105146223099969
2021-02-02,1.512630321259039,1.6459339857958024,0.919010321381564
2021-02-03,1.4958576233615317,1.6411797157407282,0.9114526636020438
2021-02-04,1.4837663982651024,1.6378137144152758,0.9059433226170226
2021-02-05,1.4565672093867403,1.6406440944350869,0.8878020615971993
2021-02-08,1.4900597656513668,1.6649242849508181,0.8949714885655495
2021-02-09,1.5414568784997629,1.701334054599304,0.9060283454226188
2021-02-10,1.5680904967844254,1.7376780634120974,0.9024056468235142
2021-02-18,1.5784102881700104,1.7259075748981247,0.9145392900098832
2021-02-19,1.5829035812982173,1.7290371737310872,0.9154826774964424
2021-02-22,1.5526067186947716,1.6747290993590873,0.9270793224342663
2021-02-23,1.5432246226787276,1.669445237243435,0.9243936777626075
2021-02-24,1.5013709632397594,1.6269286836356294,0.9228253077969641
2021-02-25,1.5068285882680046,1.6365001802814412,0.9207628611497397
2021-02-26,1.4670763288412163,1.596766193377943,0.9187796779048979
2021-03-01,1.5017417277512766,1.6213067631514164,0.9262539094281361
2021-03-02,1.480693826953349,1.6006169179635006,0.9250769564757991
2021-03-03,1.510566851983966,1.631309000281765,0.9259845018467108
2021-03-04,1.4527695905875815,1.5799959183413097,0.919476799732944
2021-03-05,1.4430423473834475,1.5746373216298701,0.91642839119918
2021-03-08,1.391643905926529,1.5199492646038681,0.9155857621926754
2021-03-09,1.356545251469142,1.4873303477353095,0.9120672173029294
2021-03-10,1.3604937828064902,1.4970872086130735,0.9087605417902637
2021-03-11,1.403989252318425,1.534370798150763,0.9150260510761317
2021-03-12,1.4101779003428008,1.539804269672991,0.9158163333592269
2021-03-15,1.3829822609836147,1.5066407577386962,0.9179243651016852
2021-03-16,1.3864384510113374,1.5197517016667872,0.9122795845471082
2021-03-17,1.398251416691482,1.526184625719542,0.9161744871019494
2021-03-18,1.409453080337964,1.5384249747034635,0.9161662762330289
2021-03-19,1.3741239089449653,1.4981284452140402,0.917227033058999
2021-03-22,1.391796341078846,1.5131064921017965,0.9198270897282033
2021-03-23,1.368672102331347,1.4987746961558468,0.9131940283231395
2021-03-24,1.3313941166176753,1.474671036326975,0.9028414363747418
2021-03-25,1.3348067925559544,1.4739709428246013,0.9055855538088399
2021-03-26,1.3687815229191915,1.507373801766417,0.9080571264507741
2021-03-29,1.3742223598711618,1.5100336803444323,0.9100607342464756
2021-03-30,1.3847836917174314,1.524350473285224,0.9084418025816574
2021-03-31,1.377630926171913,1.5104764793190961,0.9120505648607861
2021-04-01,1.3906745402493375,1.5291526968708034,0.9094412501087419
2021-04-02,1.3972770340056435,1.5443461140008279,0.9047693527623915
2021-04-06,1.3971731715265554,1.5379970385189563,0.9084368412516516
2021-04-07,1.399722593949207,1.5270462469036172,0.9166209581323528
2021-04-08,1.4005914003027906,1.5295804928403094,0.9156702813998391
2021-04-09,1.3840768563478896,1.5065808859330658,0.9186873863003338
2021-04-12,1.3547762125167362,1.4803738608670403,0.9151581558750688
2021-04-13,1.3536051926026522,1.4779473000514824,0.9158683753849011
2021-04-14,1.3744907456497368,1.4902116258006566,0.9223460090181852
2021-04-15,1.3702810499654734,1.4807388405158843,0.9254035974960123
2021-04-16,1.373169159390747,1.4858880962301189,0.9241403594756874
2021-04-19,1.4101983825893796,1.5220436560809274,0.9265163827300884
2021-04-20,1.4110720397254728,1.5209515214344245,0.9277560920512948
2021-04-21,1.4121028216929412,1.525550293052861,0.9256350499380168
2021-04-22,1.4149997898435953,1.5227078545429231,0.9292654435465174
2021-04-23,1.4172278222714452,1.5365340351935473,0.9223536803029073
2021-04-26,1.407277380155417,1.5191175092151077,0.9263782239482738
2021-04-27,1.4044252724493231,1.523090781711956,0.9220890109194589
2021-04-28,1.4178431014783797,1.5316838580774628,0.9256760747338726
2021-04-29,1.4248737246778895,1.5451269713440525,0.922172579408436
2021-04-30,1.4158689667544417,1.5329554679258561,0.9236204158429752
2021-05-06,1.4012822400186218,1.5142943935943083,0.9253697602964491
2021-05-07,1.3766796923190632,1.4948252602092496,0.920963626294589
2021-05-10,1.3778962445638172,1.4937391548078103,0.9224476978653627
2021-05-11,1.3819045088979816,1.5029066920343674,0.9194878938408381
2021-05-12,1.3937779304011233,1.50933653135709,0.9234374849112912
2021-05-13,1.3817295232995341,1.4939037672195443,0.9249120014411711
2021-05-14,1.4062307484810483,1.5290957695802043,0.9196485769279924
2021-05-17,1.4376612920555325,1.551356443429665,0.9267124252097857
2021-05-18,1.4447627042021138,1.5521373007728894,0.9308214572787419
2021-05-19,1.4420876189163456,1.5475505876445799,0.9318516825425706
2021-05-20,1.4358926885774543,1.5517812948841396,0.9253189823277655
2021-05-21,1.430917274485659,1.5361449385644497,0.9314988700368811
2021-05-24,1.4344133476743688,1.5425599150970153,0.9298914963599032
2021-05-25,1.4679412227895001,1.5912968268153367,0.9224810846429524
2021-05-26,1.4718025036692615,1.591928074751985,0.9245408300865361
2021-05-27,1.4808239949718909,1.5972060478375754,0.9271339768445958
2021-05-28,1.4716282239743328,1.5920776841585609,0.9243444830722016
2021-05-31,1.4832161792211642,1.5952133122365868,0.9297917512621583
2021-06-01,1.4895181057409619,1.5982383106784475,0.9319749725612984
2021-06-02,1.4715529117460042,1.5827665667704913,0.9297346447926244
2021-06-03,1.457387958209707,1.5723902360162028,0.92686149075953
2021-06-04,1.4609745374410879,1.5804657788112586,0.9243949201734405
2021-06-07,1.4664981283557676,1.5790744253516042,0.9287074154400482
2021-06-08,1.461525512975956,1.5654577259131863,0.9336090580941091
2021-06-09,1.4614578843721728,1.566753312526832,0.9327938691351221
2021-06-10,1.4752024842993645,1.5772312991571913,0.935311444229932
2021-06-11,1.4622910501898814,1.5632377017948036,0.9354246308868944
2021-06-15,1.4423509807168224,1.545842067851584,0.9330519661179917
2021-06-16,1.4189344648576392,1.5200899002503494,0.933454307290608
2021-06-17,1.4308770091549723,1.5264928182927882,0.937362424511927
2021-06-18,1.443252767786281,1.526666264249615,0.9453623241590832
2021-06-21,1.4484754950495842,1.5230519421565472,0.9510348629335863
2021-06-22,1.4592995997033493,1.532557537751665,0.9521988987403446
2021-06-23,1.4779104479819694,1.5401064330011738,0.9596157877881177
2021-06-24,1.4809431726179778,1.5426736294632128,0.959984759143958
2021-06-25,1.5047103546986944,1.5678064674029246,0.9597551649287752
2021-06-28,1.5159850332797455,1.57133413662508,0.9647757265273867
2021-06-29,1.4955473576004643,1.5530170096921547,0.9629948340983836
2021-06-30,1.5092290423845813,1.5630402790727247,0.9655727127390045
2021-07-01,1.4978277180693447,1.5647217373704347,0.957248616349187
2021-07-02,1.466143011192588,1.5202783492123346,0.9643911668887513
2021-07-05,1.4803401786859043,1.5216755917020512,0.9728355943661344
2021-07-06,1.4766660581112063,1.5208707575935743,0.9709346114640854
2021-07-07,1.5007002240758782,1.5380419073194294,0.9757212836231284
2021-07-08,1.5024916467569,1.5224146649748354,0.9869135402618677
2021-07-09,1.4991592873597133,1.5167836305155264,0.9883804500515192
2021-07-12,1.5205235016913201,1.5357141980799127,0.9901083831825054
2021-07-13,1.5267505389713858,1.5385236860645037,0.9923477635087743
2021-07-14,1.5104634330445688,1.5208647283485106,0.9931609333098043
2021-07-15,1.5258207940059794,1.5413242002890002,0.9899415020667852
2021-07-16,1.5119269869531777,1.52436239156035,0.9918422255258849
2021-07-19,1.5161968003551647,1.5299635602243442,0.9910019034262745
2021-07-20,1.5230518238853168,1.5286170755651622,0.9963592898648029
2021-07-21,1.554432350833953,1.5391041761706177,1.0099591534482564
2021-07-22,1.561506879434248,1.5414109933749143,1.013037331474673
2021-07-23,1.5455522048786101,1.5227049100278924,1.0150044139874081
2021-07-26,1.5028197122286733,1.4736567210062923,1.0197895417614402
2021-07-27,1.4574137836207235,1.421598676762991,1.0251935426243393
2021-07-28,1.446500148371368,1.4243424039118893,1.0155564732178326
2021-07-29,1.4914656491952316,1.4512077384098485,1.0277409703103537
2021-07-30,1.4873760608027775,1.4395088997616305,1.0332524245241368
2021-08-02,1.5341483578533628,1.47618199318289,1.039267763011719
2021-08-03,1.5250235921451898,1.4763975036401598,1.0329356344650673
2021-08-04,1.5495901168539685,1.489679089225048,1.0402174052534274
2021-08-05,1.5327246318997876,1.4806491029149396,1.035170742941273
2021-08-06,1.525031689482726,1.4725378052945073,1.0356485816523535
2021-08-09,1.5418667408129083,1.4916866876161927,1.033639807617313
2021-08-10,1.5527430881172357,1.5089177091476784,1.0290442472136618
2021-08-11,1.5440330722465403,1.5005969303150397,1.02894590882735
2021-08-12,1.5418820233277606,1.4880333857527142,1.0361877885876918
2021-08-13,1.5218574136342462,1.4798442688064624,1.0283902473478974
2021-08-16,1.5207140115149844,1.4783752362359897,1.0286387205637935
2021-08-17,1.4849217464909825,1.4473570138242902,1.0259540198499033
2021-08-18,1.4986165637944355,1.4643635511384117,1.0233910579305223
2021-08-19,1.5074309123406135,1.4547592441822543,1.0362064502212303
2021-08-20,1.48578502507118,1.4269724166945896,1.0412149581088768
2021-08-23,1.5230731723337807,1.4469021563594995,1.0526442065481003
2021-08-24,1.5359909732452495,1.4626132472749764,1.0501689193004264
2021-08-25,1.5441581144100318,1.4655364496257652,1.0536470210647733
2021-08-26,1.5152890823964726,1.436648513731503,1.0547389064989259
2021-08-27,1.5175977499656372,1.4442572807866425,1.0507807508777443
2021-08-30,1.5054325288213963,1.4401372031832478,1.0453396561756902
2021-08-31,1.5235495037415787,1.4378453889841092,1.059605932191376
2021-09-01,1.552998784126789,1.4569494025053225,1.0659249946884244
2021-09-02,1.5573579783243587,1.4569343995001645,1.068928003113007
2021-09-03,1.5387179200667256,1.4490505306121275,1.0618800984232892
2021-09-06,1.5754558829791054,1.4761790486678588,1.0672525696668278
2021-09-07,1.597412921625649,1.4938618429341028,1.0693177077795633
2021-09-08,1.5892278845245422,1.4876684061038705,1.068267550755246
2021-09-09,1.5992265058585222,1.4870340734371894,1.0754471161255954
2021-09-10,1.60366104744339,1.5000523352493043,1.0690700649300122
2021-09-13,1.6058687070197595,1.4935118662904168,1.0752299618538783
2021-09-14,1.5783179882688134,1.4712213266456415,1.0727943917638485
2021-09-15,1.5734543862358021,1.456309040593578,1.08043989453947
2021-09-16,1.5393596579148134,1.438470747890696,1.07013622638629
2021-09-17,1.5485798261001158,1.4529041997127161,1.0658512972887804
2021-09-22,1.5709781056360714,1.442680422880034,1.0889300781526623
2021-09-23,1.596685527890536,1.4520843625990811,1.0995817936036676
2021-09-24,1.5652307542530732,1.4509563329122002,1.078758001704651
2021-09-27,1.5211780046400716,1.4593160915152494,1.0423910306235225
2021-09-28,1.5395681975588826,1.4612489553106074,1.0535974667175227
2021-09-29,1.496602089024024,1.4463187217383546,1.034766449835644
2021-09-30,1.5121615962242907,1.4560279095156168,1.0385526172553576
2021-10-08,1.5120736541895436,1.4750451299509155,1.0251033161540355
2021-10-11,1.499299206353933,1.4769150372106103,1.0151560303601477
2021-10-12,1.4610903615996038,1.4612518998256383,0.9998894521703933
2021-10-13,1.460868279689132,1.478087935697964,0.9883500463044502
2021-10-14,1.4528486187192409,1.470159057794453,0.9882254651403628
2021-10-15,1.4571740093903511,1.4756943254077532,0.9874497613099619
2021-10-18,1.4636075533997481,1.458541123202087,1.003473628625937
2021-10-19,1.48201902707457,1.4728848374231622,1.0062015640458273
2021-10-20,1.4785941246328151,1.469132824198644,1.0064400578887969
2021-10-21,1.4842799058202705,1.4744706690898648,1.0066527174368687
2021-10-22,1.4889220548639321,1.4839583171647934,1.003344930677448
2021-10-25,1.4972168414250344,1.4898794564621578,1.0049248178643257
2021-10-26,1.4933327932818077,1.4849666032404132,1.0056339247112618
2021-10-27,1.4780189322875676,1.465536449625765,1.0085173471222706
2021-10-28,1.4609538621376263,1.4553576818085572,1.0038452267775952
2021-10-29,1.478008790204799,1.4687110574742017,1.0063305390691255
2021-11-01,1.4698167613038982,1.4633014225022247,1.0044524926317178
2021-11-02,1.459558397613016,1.448090057852011,1.0079196315856322
2021-11-03,1.46382038966509,1.4424830001579547,1.0147921254564518
2021-11-04,1.4816700652965065,1.4567338920480521,1.0171178644120074
2021-11-05,1.4654889449939703,1.4488379646698883,1.011492644954176
2021-11-08,1.4693080755662036,1.4505823795032613,1.0129090883272378
2021-11-09,1.4700800616534775,1.450151498803723,1.013742400615518
2021-11-10,1.4627402100086293,1.442506976923207,1.0140264368970877
2021-11-11,1.4777284704282492,1.46568311451731,1.0082182538583084
2021-11-12,1.4774441809939944,1.462607218029913,1.0101441882558644
2021-11-15,1.486442826790285,1.460815130096038,1.0175434222758648
2021-11-16,1.4895448782208283,1.461096261173999,1.019470734271793
2021-11-17,1.4985269223827353,1.4618234161716577,1.0251080300158277
2021-11-18,1.4830097618146705,1.4474227746599828,1.0245864496384254
2021-11-19,1.4985168840838814,1.4631129735402397,1.024197660183394
2021-11-22,1.5156482976011194,1.4697970226606394,1.0311956509868823
2021-11-23,1.5118986336752651,1.4700813786836342,1.0284455375042405
2021-11-24,1.5092040224698766,1.471071717239065,1.0259214454223748
2021-11-25,1.5041784943993866,1.465021860570345,1.0267276788714932
2021-11-26,1.49114151118169,1.45415786204092,1.0254330359214667
2021-11-29,1.488004927979972,1.4515518260234717,1.0251131935511828
2021-11-30,1.4910888216402316,1.4457502901223669,1.0313598633371377
2021-12-01,1.4923038671881328,1.4492867928896151,1.0296815471648295
2021-12-02,1.4906734823584311,1.4529699605484083,1.0259492782602277
2021-12-03,1.5089048075779128,1.466392181779778,1.0289913069139094
2021-12-06,1.4928100535496223,1.4638788278783061,1.0197634019430748
2021-12-07,1.500309090365991,1.4726993329762081,1.0187477218000676
2021-12-08,1.5320605325316352,1.4947893651688713,1.0249340597620276
2021-12-09,1.5564424715165512,1.5195513344296767,1.0242776510743683
2021-12-10,1.5440983578586365,1.5124990807153988,1.0208920967596828
2021-12-13,1.5491803817798948,1.52108023880578,1.0184738071386534
2021-12-14,1.5387091137820892,1.5108774942233196,1.018420831381221
2021-12-15,1.5277199743531282,1.4977724393252905,1.0199947163144012
2021-12-16,1.5459068138022407,1.506398466216144,1.0262270232426192
2021-12-17,1.52579792871426,1.48247119685913,1.0292260193297011
2021-12-20,1.5030979034611887,1.4602286107448599,1.029357932313394
2021-12-21,1.517143844679943,1.4701231627540743,1.0319841786845818
2021-12-22,1.5275635072190994,1.4704104632921005,1.0388687685199405
2021-12-23,1.535503448476376,1.4806701351651603,1.0370327678048963
2021-12-24,1.5310082777405294,1.4724719042438124,1.0397538135213373
2021-12-27,1.5304940316375661,1.4718675775874472,1.0398313373722208
2021-12-28,1.5408266312746906,1.482830287477912,1.039111922845481
2021-12-29,1.5204898752434604,1.4611442147045035,1.0406158816780167
2021-12-30,1.5378242232818253,1.4725228022893484,1.0443466280392752
2021-12-31,1.549891247129158,1.478165755023783,1.0485233079318772
2022-01-04,1.548376800266929,1.4714037463625622,1.0523126667949914
2022-01-05,1.5226289463176559,1.456548387601098,1.0453679117556753
2022-01-06,1.5137124260355002,1.4416212387588778,1.0500070235776264
2022-01-07,1.5068527988226537,1.4428600382969254,1.0443513291845423
2022-01-10,1.5126497750009955,1.4493466646952458,1.043676997262115
2022-01-11,1.489307385278899,1.4354995920094016,1.0374836701933001
2022-01-12,1.5040432884420896,1.4498044666750676,1.0374111288892711
2022-01-13,1.4714918103250954,1.4259700196490313,1.0319233855191907
2022-01-14,1.466901927932192,1.4142443999355312,1.0372336832297595
2022-01-17,1.4859297088472707,1.426376923583317,1.0417510857609407
2022-01-18,1.5030906153070729,1.4401611799484997,1.0436961058489465
2022-01-19,1.4954805034912746,1.4302964937345999,1.04557377441825
2022-01-20,1.5010096145750507,1.443201041180517,1.0400558007824379
2022-01-21,1.466714412944464,1.4299763828862282,1.025691354415298
2022-01-24,1.471058219083879,1.432199491734643,1.027132203002091
2022-01-25,1.4243603347344185,1.3997988896233837,1.0175464099115288
2022-01-26,1.429593945766909,1.409929844125088,1.0139468653165669
2022-01-27,1.3981276849408113,1.38227467852381,1.0114687816128785
2022-01-28,1.387863421913098,1.3654864559669881,1.0163875414862782
2022-02-07,1.4138527350100418,1.3865262777985903,1.019708575054804
2022-02-08,1.4095548999768874,1.3789506014837993,1.0221939048869169
2022-02-09,1.4265323740445905,1.3919029622452201,1.02487918535895
2022-02-10,1.4196965288334142,1.3882527451117743,1.0226498984657928
2022-02-11,1.3956461476208888,1.3767454401555737,1.0137285419032724
2022-02-14,1.3858377804568807,1.3618721338739206,1.0175975746818378
2022-02-15,1.4070653941097906,1.3763564837414772,1.022311741711591
2022-02-16,1.4115443779526409,1.3817091914228548,1.0215929565461328
2022-02-17,1.410179978541592,1.3850512159830546,1.0181428399676196
2022-02-18,1.4270291049233543,1.3916575859926363,1.0254168261551841
2022-02-21,1.4255748924079812,1.386592178849285,1.0281140440234182
2022-02-22,1.405551992677332,1.3685922182497003,1.0270056879871052
2022-02-23,1.4157320835851797,1.3832230927938,1.0235023482189838
2022-02-24,1.384701652480132,1.3551789707784254,1.0217850795638812
2022-02-25,1.399934102256098,1.3683737632773996,1.023064121679086
2022-02-28,1.3998441534342032,1.3708362191333354,1.0211607585909914
2022-03-01,1.4170782339994663,1.3822178914482128,1.0252205840822453
2022-03-02,1.4063739108124738,1.3699236999037243,1.026607475227497
2022-03-03,1.3985584262235375,1.3618541863537321,1.0269516665129022
2022-03-04,1.3909797191401725,1.345338261329778,1.0339256372336285
2022-03-07,1.34160969978613,1.3023580167120885,1.0301389345866168
2022-03-08,1.3065577209500614,1.276210723236692,1.0237789866209588
2022-03-09,1.2940915646254507,1.2645299723236645,1.0233775339049218
2022-03-10,1.3203271835714074,1.2844238169481963,1.027952896971747
2022-03-11,1.327281903980205,1.2885169732713075,1.030084920503981
2022-03-14,1.2881235828270132,1.2490941234560864,1.0312462116649281
2022-03-15,1.2211254066541146,1.191961698309339,1.0244669844560785
2022-03-16,1.2687181829962575,1.2435050132822192,1.0202758890754196
2022-03-17,1.2965918296579264,1.2679258394444315,1.0226085700927552
2022-03-18,1.3068345852775842,1.2763634173733003,1.0238734262432814
2022-03-21,1.3096764284805655,1.274224016880767,1.0278227463382648
2022-03-22,1.3063559535932894,1.273191894254896,1.0260479661298831
2022-03-23,1.3131601885236808,1.2795408295217663,1.026274549608925
2022-03-24,1.3063234152569188,1.271997963517321,1.026985461238225
2022-03-25,1.279711161245214,1.2490373363804883,1.0245579727453251
2022-03-28,1.2709254563678591,1.2412282020882386,1.0239257005518068
2022-03-29,1.262809614240292,1.2369405675580791,1.0209137345485262
2022-03-30,1.3067201477189905,1.2728328036361143,1.0266235628010765
2022-03-31,1.2905062649923094,1.2634079718818472,1.0214485690398956
2022-04-01,1.3046178510217683,1.2794331444006322,1.019684269343307
2022-04-06,1.294583075742992,1.275747032226808,1.014764716703519
2022-04-07,1.2741941129437513,1.2593686581193029,1.0117721325910938
2022-04-08,1.2717254379602307,1.2658524802175937,1.0046395277762759
2022-04-11,1.2252289865133557,1.226746796735713,0.9987627355323885
2022-04-12,1.2485006489799377,1.2506530338425055,0.9982789912115315
2022-04-13,1.2285413689777631,1.238616136825727,0.991866109645735
2022-04-14,1.245736112887142,1.254123775774061,0.993311933758897
2022-04-15,1.250934319376373,1.2532799618951735,0.9981283970141407
2022-04-18,1.2485394817530653,1.2465867987996777,1.0015664235777788
2022-04-19,1.2416030597396828,1.2371679962904742,1.0035848514207502
2022-04-20,1.2182487235547579,1.2179861634434417,1.0002155690427335
2022-04-21,1.189558035092992,1.195558072882218,0.994981391598351
2022-04-22,1.1890257138976104,1.200770144917114,0.9902192513119867
2022-04-25,1.1283939422827898,1.1414265291970773,0.9885821937891568
2022-04-26,1.1157711305006162,1.1322141231700478,0.9854771351699858
2022-04-27,1.1426466744391883,1.1655511511686703,0.9803488017608527
2022-04-28,1.1519270771453332,1.1732017022942496,0.9818661828504741
2022-04-29,1.193845455390456,1.2016647166265364,0.9934929759292329
2022-05-05,1.198275718637375,1.1998605702025342,0.9986791368893039
2022-05-06,1.167365779075955,1.1695244937730194,0.9981541945392695
2022-05-09,1.1613401115563124,1.1601355570591303,1.0010382877154766
2022-05-10,1.1768804808467828,1.1728306934003419,1.0034530026108879
2022-05-11,1.1978812293577983,1.1897505077360497,1.0068339719704935
2022-05-12,1.195807631366069,1.184460616375334,1.0095799006179362
2022-05-13,1.2070766573966898,1.1933948358394335,1.0114646227270059
2022-05-16,1.2008331810922461,1.1838024471584017,1.014386466234062
2022-05-17,1.2097633044430278,1.1985680683189206,1.0093405092460117
2022-05-18,1.2065481303398538,1.1943851743948641,1.0101834451781035
2022-05-19,1.21015521959821,1.196685962354097,1.0112554652330144
2022-05-20,1.2380726318875617,1.2200237678449024,1.0147938626429724
2022-05-23,1.2361714003454507,1.212956651340468,1.019138976631463
2022-05-24,1.1993847483870155,1.1845833045016256,1.0124950637318133
2022-05-25,1.2111032965552158,1.1917731091323522,1.01621968751832
2022-05-26,1.2175928311906525,1.1947232327634243,1.0191421726807224
2022-05-27,1.2120751453450782,1.1971946623794547,1.0124294598307415
2022-05-30,1.2258032352375745,1.2054885199318097,1.0168518529790014
2022-05-31,1.251354905678883,1.2241885740337681,1.022191296521908
2022-06-01,1.2545795245148723,1.2216933078674868,1.0269185534827803
2022-06-02,1.2662807654418946,1.223605139412623,1.0348769587955127
2022-06-06,1.2927903405346306,1.2465000057137634,1.0371362491846605
2022-06-07,1.2972322381133763,1.2504016283448574,1.037452454241049
2022-06-08,1.3066815663436198,1.2625731317630535,1.0349353502548984
2022-06-09,1.287171966552663,1.2493664209889537,1.0302597740171244
2022-06-10,1.3093511208668982,1.2683118513434966,1.0323573965503277
2022-06-13,1.2998336402376567,1.2534594370970635,1.0369969715557712
2022-06-14,1.3062505137849347,1.2633211787959322,1.033981330883662
2022-06-15,1.3198174124462467,1.2800495295471237,1.0310674563609994
2022-06-16,1.3224784569379584,1.271624010108382,1.0399917321671537
2022-06-17,1.3370268851606892,1.289270909334248,1.037041071415395
2022-06-20,1.3399131215279079,1.2956708828616559,1.0341462012085487
2022-06-21,1.3345339703025998,1.2942167130813398,1.0311518595098887
2022-06-22,1.312509440798018,1.2777756628681742,1.0271830016326013
2022-06-23,1.3382534419538168,1.2996950534040401,1.0296672580608721
2022-06-24,1.3500818928392457,1.314921421059412,1.0267395992009207
2022-06-27,1.3687874592741476,1.3297289665053724,1.0293732736163699
2022-06-28,1.3826400789987097,1.3435700099461534,1.029079295282962
2022-06-29,1.3586455608634045,1.3228772202432066,1.0270382920446857
2022-06-30,1.3791588956013152,1.3419213619587893,1.0277494156499385
2022-07-01,1.3734040063958528,1.3364490508811522,1.027651600702874
2022-07-04,1.3899624342304433,1.3452186579335181,1.0332613408482298
2022-07-05,1.3784096677446727,1.3432768203780658,1.0261545846944033
2022-07-06,1.3662029627699486,1.3236580775864313,1.0321418997125709
2022-07-07,1.3814155083069883,1.329492564012883,1.0390547083147148
2022-07-08,1.377014106080722,1.3250972443615894,1.0391796616739213
2022-07-11,1.3484346561898672,1.3029085008078862,1.0349419436236327
2022-07-12,1.3294889287407121,1.2906412305436812,1.0300995329125402
2022-07-13,1.3337658407924777,1.2929870275183883,1.03153845507047
2022-07-14,1.3439196517677718,1.2931694472353097,1.039244821814312
2022-07-15,1.3262113890088236,1.2711662081285606,1.0433028981798547
2022-07-18,1.3337960746367337,1.2843490823524093,1.038499651663049
2022-07-19,1.3254671248862837,1.27739259548414,1.0376348896745586
2022-07-20,1.331305314027561,1.2817190695697087,1.038687295551044
2022-07-21,1.3179578951173216,1.2674352271542642,1.0398621301354347
2022-07-22,1.3126538412528082,1.2680844226111019,1.0351470437196395
2022-07-25,1.2991381184833353,1.260427842240459,1.0307120129733627
2022-07-26,1.3103593111950993,1.2704032983055253,1.0314514398245562
2022-07-27,1.3126404013852366,1.2641379311795353,1.0383680206165833
2022-07-28,1.3142155361298147,1.2643265203565215,1.0394589648876662
2022-07-29,1.2921130963373644,1.247699825481401,1.0355961185125817
2022-08-01,1.3063950657592485,1.2532590698599537,1.0423982536230378
2022-08-02,1.2778280513889664,1.2288261852076143,1.0398769710242406
2022-08-03,1.2733288348337082,1.2168462154814352,1.0464172207084739
2022-08-04,1.2825886498993644,1.2271866511953458,1.04514553564452
2022-08-05,1.3003036916924102,1.2437534742648357,1.045467384491931
2022-08-08,1.2997101826659305,1.2411084584769771,1.0472172466384335
2022-08-09,1.3047425273401851,1.2435679698178819,1.0491927735411697
2022-08-10,1.2894242575317498,1.229640133291187,1.0486192037995279
2022-08-11,1.3167191226787731,1.254713099425268,1.0494184872078784
2022-08-12,1.3061227653794079,1.2539980029177362,1.0415668624195498
2022-08-15,1.3010746596647687,1.2523614134204988,1.038897115259422
2022-08-16,1.294454031751928,1.2500157566607932,1.0355501719513074
2022-08-17,1.3055766156518234,1.2617204843390735,1.03475899127985
2022-08-18,1.298233312260819,1.2506918733979147,1.0380121114353629
2022-08-19,1.2795202795491665,1.2420061149164319,1.0302044927011158
2022-08-22,1.2874953442109691,1.2510808298120113,1.0291064442290507
2022-08-23,1.2837529779310695,1.2450011073479765,1.0311259727837832
2022-08-24,1.2469806256201224,1.2214658791350919,1.0208886280991305
2022-08-25,1.2482245289330234,1.2315849153616707,1.0135107318738685
2022-08-26,1.2410023967016646,1.2289847683742847,1.0097785006263966
2022-08-29,1.240837860715099,1.2235902766224673,1.0140958819485235
2022-08-30,1.2364939990570443,1.219482117294198,1.0139500871079539
2022-08-31,1.2201826827877746,1.2203947767388108,0.9998262087358298
2022-09-01,1.2107926166529348,1.209892813343199,1.0007437049793275
2022-09-02,1.212726396629276,1.2038698779547623,1.007356707594977
2022-09-05,1.2164120029611005,1.2014224251039844,1.0124765257780324
2022-09-06,1.2369209320944727,1.212447951315111,1.0201847681402048
2022-09-07,1.240819742788375,1.2132558701536205,1.022718927897101
2022-09-08,1.236034152307447,1.2080795529441009,1.023139700771543
2022-09-09,1.251769041201241,1.224867775500923,1.0219625875040401
2022-09-13,1.2593374966179063,1.2300499817405044,1.0238100201716684
2022-09-14,1.245932551819158,1.2163614922213304,1.024311078398104
2022-09-15,1.2255697784500346,1.2049200883158238,1.0171378088343386
2022-09-16,1.1921830197117738,1.1766634003582102,1.0131895148169299
2022-09-19,1.1859996978856957,1.1752632133534626,1.0091353872138973
2022-09-20,1.1865352114451475,1.176711353888715,1.008348570381315
2022-09-21,1.1822479991942993,1.1680016186419797,1.0121972267203565
2022-09-22,1.1746043790619507,1.157712080973605,1.0145911046157001
2022-09-23,1.167266509704777,1.1537266798791288,1.011735734348335
2022-09-26,1.1600596544575823,1.147940146983182,1.0105576126998004
2022-09-27,1.1806531900046597,1.1645817046484594,1.0138002213945578
2022-09-28,1.1586264747895036,1.145555510453066,1.0114101536042266
2022-09-29,1.160370339114836,1.145085720090618,1.0133480129531336
2022-09-30,1.150906252730448,1.1384285221430008,1.0109604866223476
2022-10-10,1.1311053366889432,1.1133105469934457,1.0159836711720314
2022-10-11,1.1308005622567388,1.1153301337672168,1.0138707168587546
2022-10-12,1.1468268138356854,1.132270980353146,1.0128554327851795
2022-10-13,1.1512776501691042,1.1228042243134375,1.0253592079893334
2022-10-14,1.186877960620946,1.1496725033264277,1.0323617875411208
2022-10-17,1.1939830682730412,1.1508513609513438,1.037478086906065
2022-10-18,1.1902104819183899,1.148415896483192,1.036393248790082
2022-10-19,1.1718516885619075,1.1299432010061283,1.0370890213936974
2022-10-20,1.1706558903472335,1.123480411158059,1.0419904777338727
2022-10-21,1.1687620948469273,1.1198780073401167,1.0436512612859663
2022-10-24,1.141558163294751,1.0871094810649822,1.0500857394569205
2022-10-25,1.1351130198498636,1.0853382150588262,1.045861100346807
2022-10-26,1.16517968829098,1.0941496762891327,1.0649180030311294
2022-10-27,1.158764812210697,1.0864422679804544,1.0665682350196852
2022-10-28,1.1255871875012742,1.0595709743449324,1.0623046636372382
2022-10-31,1.1193440241640822,1.049808014114604,1.0662368824723862
2022-11-01,1.1590353771335804,1.0873488280725028,1.0659278303432334
2022-11-02,1.181212155955587,1.1004059995475275,1.0734330387523205
2022-11-03,1.1780975810437937,1.0914569172932713,1.0793807454767748
2022-11-04,1.2138872672551124,1.127142616674131,1.0769597824603063
2022-11-07,1.2126803301674631,1.1295751366272515,1.0735720810820533
2022-11-08,1.2049370623630262,1.1218049119979117,1.0741057107844696
2022-11-09,1.1957303252463904,1.1113148668774253,1.0759599829759823
2022-11-10,1.1777563571194607,1.1027637147973604,1.068004270829568
2022-11-11,1.1950213767134379,1.13350662505366,1.0542694240158197
2022-11-14,1.1917081083961254,1.1351761650762444,1.049800150019961
2022-11-15,1.2129065951478057,1.1567037247904834,1.0485888211067207
2022-11-16,1.1983177642057103,1.1472549863784647,1.0445086562564747
2022-11-17,1.196416922904033,1.142548529638894,1.047147575676426
2022-11-18,1.1881309749931288,1.1374351689650375,1.0445702818159033
2022-11-21,1.1846464255503772,1.127729065917808,1.050470774721273
2022-11-22,1.1730731665181628,1.1278607278041948,1.0400868986740863
2022-11-23,1.1715939874886006,1.129045544566674,1.0376853202483134
2022-11-24,1.1696312072659003,1.1240428836364835,1.040557459411095
2022-11-25,1.170413850147148,1.129718786896265,1.0360222948603754
2022-11-28,1.1607550132048259,1.1169907701372073,1.039180487643817
2022-11-29,1.1899456867010707,1.1514527430926782,1.0334298944001858
2022-11-30,1.1912073337971567,1.1528350526847375,1.033285144325771
2022-12-01,1.2106791770605043,1.1653207779212433,1.0389235307553457
2022-12-02,1.2011225790486513,1.1581937896111782,1.0370652906469864
2022-12-05,1.219712672308698,1.1809121953329598,1.0328563606414431
2022-12-06,1.2231407951973532,1.187291136610146,1.030194496936583
2022-12-07,1.2156024778910717,1.1843708787743883,1.0263697796664863
2022-12-08,1.216728330635244,1.1845922782617202,1.0271283655678396
2022-12-09,1.2253432820287085,1.196279058419811,1.0242955215209475
2022-12-12,1.2167490867924613,1.182874924923632,1.0286371459527017
2022-12-13,1.2156121236236246,1.1805531047141775,1.0296971129629404
2022-12-14,1.2157527190978394,1.1833087501382014,1.0274180081537037
2022-12-15,1.215614124759717,1.1824410997090629,1.028054695543665
2022-12-16,1.2187919913823728,1.1831113274161222,1.0301583317980532
2022-12-19,1.1930227652694554,1.1648569466963579,1.024179637382065
2022-12-20,1.1774834394955085,1.1456482626765423,1.0277879152407483
2022-12-21,1.1772061979514472,1.1461030500338323,1.027138177423659
2022-12-22,1.1804769849274925,1.1477456687761332,1.0285179173764702
2022-12-23,1.1802733876230518,1.1454089156690213,1.0304384499518817
2022-12-26,1.1830110817461739,1.1499776812771418,1.0287252535478304
2022-12-27,1.1971957805469273,1.1632502931019357,1.0291815851208361
2022-12-28,1.187777557404502,1.158286541834655,1.0254608980633886
2022-12-29,1.1796216191352193,1.1539301318462711,1.0222643352313214
2022-12-30,1.182561624627176,1.158397241578321,1.0208601869734522
2023-01-03,1.1873799809156855,1.1632652259995933,1.0207302293381721
2023-01-04,1.1909693857300487,1.1647761828555074,1.0224877562402825
2023-01-05,1.2151772592666452,1.187404850976344,1.023389165260244
2023-01-06,1.216679856198947,1.191088018635137,1.0214861010802003
2023-01-09,1.2266029567559205,1.2007311651467034,1.021546697845605
2023-01-10,1.2286984007524753,1.2020327810054126,1.0221837708325716
2023-01-11,1.2204554215640473,1.1998067276419666,1.0172100167855056
2023-01-12,1.2212077251551334,1.2021523844016722,1.015851019388815
2023-01-13,1.2343138260153068,1.2190603505697553,1.012512485898194
2023-01-16,1.2552760270708618,1.2380836002501174,1.0138863214222942
2023-01-17,1.2554141084392902,1.2378680897928476,1.0141743848081413
2023-01-18,1.2572714216545948,1.2357945903510084,1.0173789652999583
2023-01-19,1.267657366283174,1.2434841212469983,1.0194399306136168
2023-01-20,1.2772424747759439,1.2511198095824212,1.020879427368544
2023-01-30,1.2770010162149734,1.2570499226398801,1.0158713613642287
2023-01-31,1.2619164080047702,1.2437384712596773,1.014615562005316
2023-02-01,1.2765409509103893,1.2554281959327993,1.0168171744477215
2023-02-02,1.279254157472057,1.2510060952162236,1.0225802754789544
2023-02-03,1.2715919344025601,1.2391816239266824,1.0261546086950328
2023-02-06,1.2527506607337466,1.222800305304146,1.024493251514319
2023-02-07,1.2536134996727384,1.2249994373873085,1.0233584289201456
2023-02-08,1.246496979176533,1.2195868579003006,1.0220649485536129
2023-02-09,1.2656016945234316,1.2359592027627424,1.0239833901429993
2023-02-10,1.2571928653885036,1.2286137594803765,1.0232612614726162
2023-02-13,1.2673806205044884,1.2397621140327968,1.022277262838636
2023-02-14,1.2677304296696101,1.2402767030882167,1.0221351626721966
2023-02-15,1.2643194083252753,1.2338139132401473,1.024724551050828
2023-02-16,1.2478441930500763,1.224778037899977,1.01883292681313
2023-02-17,1.2265194281633731,1.207131138674111,1.0160614608207008
2023-02-20,1.2570242500544595,1.2367460893510307,1.0163963815030694
2023-02-21,1.259262129666078,1.2399954317952544,1.0155377168147544
2023-02-22,1.250147439907172,1.2288052931723943,1.0173682086603637
2023-02-23,1.2441366454053968,1.2278178991319946,1.0132908522387063
2023-02-24,1.2374618299157947,1.2150719348527477,1.0184268062003756
2023-02-27,1.2290287269243665,1.2099226791385131,1.0157911312146468
2023-02-28,1.240578400815648,1.2175882332692507,1.0188817261190741
2023-03-01,1.261674124223565,1.2347863042753895,1.0217752819699066
2023-03-02,1.2623001330500607,1.2320337435813982,1.0245662017183728
2023-03-03,1.2645700820724937,1.235866520646767,1.0232254543239065
2023-03-06,1.2554626034150125,1.2294216783188867,1.0211814429136585
2023-03-07,1.2333302887846178,1.211421717719302,1.0180850076772292
2023-03-08,1.2343263237404696,1.2070115352778519,1.0226300972809923
2023-03-09,1.2327964302965713,1.2027447927829125,1.02498588037461
2023-03-10,1.2124327737429648,1.1869739702768063,1.0214484934831565
2023-03-13,1.2378369592184089,1.1994057127377438,1.0320419071482847
2023-03-14,1.224628295798705,1.192227966597144,1.0271762868422203
2023-03-15,1.2265973618556492,1.192886135814076,1.0282602211807643
2023-03-16,1.2103714203361176,1.1785993488836006,1.0269574826107042
2023-03-17,1.2298835196013704,1.184484593140587,1.0383280008230509
2023-03-20,1.2231544805199914,1.178578316633379,1.0378219786139835
2023-03-21,1.2323264513856274,1.191533762124832,1.0342354455723106
2023-03-22,1.2396304300563186,1.196638149038594,1.0359275534147607
2023-03-23,1.2611275514813014,1.2085014598835444,1.043546568493867
2023-03-24,1.2544772589122046,1.204899056065602,1.0411471837387705
2023-03-27,1.2440305775613987,1.200539771669688,1.0362260434164747
2023-03-28,1.2364626583401128,1.196659041073814,1.0332622876693274
2023-03-29,1.240592417768036,1.1986428029147078,1.0349975945722283
2023-03-30,1.2415305794258409,1.2083339029567794,1.0274730986094402
2023-03-31,1.2548282259349632,1.212043991895856,1.035299241879979
2023-04-03,1.2839497653817329,1.2239043582257756,1.0490605387197098
2023-04-04,1.3030713091961716,1.2276563714502937,1.0614300055778527
2023-04-06,1.3092320448761183,1.2257205631399049,1.0681325615703825
2023-04-07,1.3200297989480063,1.2336912251138559,1.0699839409380434
2023-04-10,1.3021984619731504,1.2281650714756518,1.060279674301881
2023-04-11,1.3024237032545434,1.2267707735009663,1.0616683502637403
2023-04-12,1.3126056859090838,1.2259150413469533,1.0707150509115873
2023-04-13,1.2856789416547405,1.2174446531077388,1.0560471380549596
2023-04-14,1.2988293749493165,1.2243322944102828,1.0608471089745422
2023-04-17,1.3059532221838217,1.2415003594061056,1.051915299330681
2023-04-18,1.3055361912490575,1.2452853231559708,1.0483831833337527
2023-04-19,1.2958003058785068,1.2340742924978907,1.0500180692166243
2023-04-20,1.3151210295995253,1.2306214980865242,1.068664111300175
2023-04-21,1.2729502091314893,1.206550648567998,1.0550325513829841
2023-04-24,1.2551172308693463,1.1916115814506523,1.0532939175879636
2023-04-25,1.2387488419266446,1.1856364593777193,1.0447965159377786
2023-04-26,1.2257172712434137,1.1846072812668795,1.034703475680623
2023-04-27,1.2270544139900588,1.1933409932788672,1.02825128852614
2023-04-28,1.251281356425522,1.205509411967031,1.0379689648244264
2023-05-04,1.2403344335651203,1.2058565843106879,1.0285919981721054
2023-05-05,1.2260011027379374,1.2018562503185544,1.0200896341912633
2023-05-08,1.2417993210424667,1.2155537135978227,1.0215914830838382
2023-05-09,1.229253620262546,1.205147376833218,1.02000273484615
2023-05-10,1.214128331364845,1.1958692099704957,1.0152684936129426
2023-05-11,1.2097212210395667,1.1940112209859264,1.013157330331174
2023-05-12,1.1895888876596574,1.1781834711892205,1.0096805096568913
2023-05-15,1.2064453093991343,1.1964735366268606,1.0083343028215956
2023-05-16,1.1942690541175467,1.1902861290416917,1.003346191288528
2023-05-17,1.1938446485540741,1.1848885525598418,1.0075585977895418
2023-05-18,1.206367093979161,1.183661811511921,1.019182237904793
2023-05-19,1.2007029296375182,1.1802119616155855,1.0173621084079532
2023-05-22,1.200114898943282,1.1876291949787077,1.0105131332383575
2023-05-23,1.1807024932747647,1.1708319986617912,1.0084303252936844
2023-05-24,1.1662546326830991,1.154645228353804,1.0100545206823803
2023-05-25,1.1726975213441113,1.152075087376734,1.0179002516357978
2023-05-26,1.1768945657580776,1.1522097638856523,1.0214238783996932
2023-05-29,1.1805839140699415,1.1471203098695477,1.0291718348219283
2023-05-30,1.1879492666014961,1.1482602578315542,1.0345644713376156
2023-05-31,1.1791805585066195,1.1365286088729905,1.0375282674810304
2023-06-01,1.1845741022315739,1.1390209305242407,1.0399932700853594
2023-06-02,1.198158034448215,1.1554650654674385,1.0369487319493345
2023-06-05,1.1887231696211407,1.150205110009538,1.0334879920775897
2023-06-06,1.1703625885592228,1.1394069424233064,1.0271682091650938
2023-06-07,1.1622480815925866,1.1337759079639975,1.0251126994572664
2023-06-08,1.1631905259436934,1.143006331618717,1.0176588648432
2023-06-09,1.184216565928068,1.1479461061207452,1.0315959604844964
2023-06-12,1.1919258135242512,1.1502589525701055,1.0362238962461856
2023-06-13,1.2060500443604847,1.1563865584571447,1.042947131770194
2023-06-14,1.2050649805295124,1.1561202901693401,1.042335292249739
2023-06-15,1.2234236031289003,1.1745152364280849,1.041641321614145
2023-06-16,1.239148734469307,1.1858399113448619,1.0449544855207207
2023-06-19,1.2391366770869194,1.176133878405133,1.0535677101379137
2023-06-20,1.2365939143371716,1.1741381982891135,1.0531928150698657
2023-06-21,1.2141418394847,1.1561233047918715,1.0501836910062747
2023-06-26,1.1949773658301324,1.1398676889181591,1.0483474331694387
2023-06-27,1.2106127194189973,1.1505581713832567,1.0521960119265765
2023-06-28,1.2013564762642115,1.1491728471686657,1.0454097303326613
2023-06-29,1.2010545911057444,1.143499958531416,1.0503319935824442
2023-06-30,1.2126836721559393,1.1496665441888656,1.0548133963587978
2023-07-03,1.2191196653219774,1.1647552207127871,1.0466745661598504
2023-07-04,1.2311304106975822,1.1665893731471053,1.0553245546685932
2023-07-05,1.2152582188566632,1.157553497806935,1.0498505867409615
2023-07-06,1.2111783038716466,1.1497562817898108,1.0534217756011917
2023-07-07,1.1987751593627698,1.1446549094985807,1.0472808436980334
2023-07-10,1.2070840968047492,1.15022901666729,1.049429356513882
2023-07-11,1.2148875472818907,1.1577569497740778,1.0493459335475908
2023-07-12,1.2022767117814945,1.1499627483794854,1.0454918765635925
2023-07-13,1.2200609856401718,1.1664128424602462,1.0459941293742692
2023-07-14,1.2208850884331823,1.166616294427389,1.04651811762361
2023-07-17,1.215783704256005,1.157062815409267,1.0507499576208985
2023-07-18,1.2141937716966633,1.1534035544082257,1.052705071920493
2023-07-19,1.2087724272172626,1.1521857871203995,1.0491124267712826
2023-07-20,1.1922273694976453,1.1440535273572465,1.0421080316510014
2023-07-21,1.1882893224657924,1.1435209206741368,1.0391496132534799
2023-07-24,1.1855673497050325,1.1385272335040406,1.0413166368064968
2023-07-25,1.2121659998640257,1.1714094741453729,1.0347927233117076
2023-07-26,1.2072313924233862,1.168982983437316,1.032719389014204
2023-07-27,1.2005780784818614,1.1675886854626305,1.028254293168454
2023-07-28,1.224743863498887,1.19463349516248,1.025204691194693
2023-07-31,1.2323772107624358,1.2011830780964636,1.0259695072589652
2023-08-01,1.2298705413464033,1.1962072683390559,1.0281416723492152
2023-08-02,1.2230403061025825,1.187799696420503,1.0296688151952547
2023-08-03,1.2338757334017232,1.198295770786053,1.0296921373529764
2023-08-04,1.2404496529554432,1.2029632477552132,1.031161721083484
2023-08-07,1.2271482483130938,1.1938585268493178,1.0278841426476468
2023-08-08,1.2235479577249242,1.1907408462914808,1.027551848528267
2023-08-09,1.2226047584264295,1.1871025474331605,1.0299066083802402
2023-08-10,1.2278470177271161,1.1895411667388451,1.0322022070856844
2023-08-11,1.19942352755688,1.1621731614605915,1.0320523372347312
2023-08-14,1.1917559208405806,1.1536937994612826,1.032991528078829
2023-08-15,1.1873190511221272,1.1508902706142543,1.0316526965584913
2023-08-16,1.1773100314974723,1.142449818277855,1.0305135618754493
2023-08-17,1.1811493077305542,1.1462706069605975,1.0304279814540822
2023-08-18,1.1627822406588606,1.1321782281296695,1.027031090837834
2023-08-21,1.1453589642915607,1.1158896617306102,1.0264087961127333
2023-08-22,1.156300242101423,1.1244678051984596,1.0283088913313487
2023-08-23,1.132216190214146,1.1060369638993366,1.023669395480703
2023-08-24,1.1374627807419215,1.1140555794037927,1.021010802127714
2023-08-25,1.1337266178487662,1.1097829478787913,1.0215750926933416
2023-08-28,1.1504572724522912,1.1227892914157807,1.0246421846450127
2023-08-29,1.1641724351651006,1.1340063513189245,1.0266013358841342
2023-08-30,1.1605226029391076,1.133527587196382,1.023815049627062
2023-08-31,1.1498895328459464,1.1265741850581452,1.020695794468784
2023-09-01,1.1576854422981417,1.134419214390773,1.0205093739705948
2023-09-04,1.1710414884720584,1.1516113262593488,1.0168721527564533
2023-09-05,1.1583750274729208,1.1430451711741259,1.013411417750926
2023-09-06,1.1544121151117948,1.1405648379055018,1.0121407190070155
2023-09-07,1.1343871438000013,1.1245395952792159,1.008756960236994
2023-09-08,1.1312480584324032,1.119010356910979,1.0109361825347232
2023-09-11,1.1407724621980786,1.1272533164177982,1.0119929971226358
2023-09-12,1.1391305461713255,1.1251768724609281,1.012401315785916
2023-09-13,1.1280898325361175,1.118011044595454,1.0090149269896618
2023-09-14,1.1198524271398516,1.1170715339780586,1.002489449491108
2023-09-15,1.1178473926099035,1.1096722481351255,1.0073671703410776
2023-09-18,1.1198497960978329,1.1153361630122807,1.004046881321737
2023-09-19,1.1151998088747335,1.1131788851070592,1.001815452839352
2023-09-20,1.1079300961482736,1.108747740522888,0.9992625514851297
2023-09-21,1.100988255809872,1.0987992758456058,1.0019921563586596
2023-09-22,1.1167932395847338,1.1186931905776383,0.9983016335408965
2023-09-25,1.1124502167727943,1.1114136483459665,1.000932657636849
2023-09-26,1.10670384477206,1.1049179780800509,1.0016162889259095
2023-09-27,1.1080277585106442,1.1071948593815322,1.0007522606540797
2023-09-28,1.1066712152833305,1.1039096218969304,1.0025016480802609
2023-10-09,1.1098744358042274,1.1024764843668358,1.006710303160471
2023-10-10,1.1030387118529217,1.0942185218548588,1.008060720799271
2023-10-11,1.1049540768172739,1.0973362024126958,1.0069421517196178
2023-10-12,1.112033389005673,1.1077574019674572,1.003860039238394
2023-10-13,1.0994357748140113,1.096097472982149,1.0030456249687172
2023-10-16,1.0931869041439164,1.0850838650461483,1.0074676615870826
2023-10-17,1.094453848932146,1.088913697596486,1.00508777816634
2023-10-18,1.079906423856656,1.080290685328164,0.9996442980794644
2023-10-19,1.062380515998366,1.0572401803753846,1.0048620320324528
2023-10-20,1.0507689925336539,1.050373571323062,1.0003764576921845
2023-10-23,1.0381303018223975,1.0394975844110106,0.9986846697778641
2023-10-24,1.0424109767885785,1.043354268134131,0.9990959050301875
2023-10-25,1.0424236315729567,1.0485394188887436,0.9941673272309891
2023-10-26,1.0439464090183193,1.0514356999592487,0.9928770813648237
2023-10-27,1.0664639311288377,1.0658721664038007,1.0005551929618668
2023-10-30,1.0791460242298037,1.0722691253086767,1.0064134075660784
2023-10-31,1.0739578787570547,1.0689001093606925,1.0047317512198473
2023-11-01,1.0670094635782703,1.068457240278528,0.9986449839584781
2023-11-02,1.0560857442329972,1.06341875441546,0.993104306133388
2023-11-03,1.067614905871216,1.0723798250523424,0.9955566870340052
2023-11-06,1.0906615369942552,1.0868821224400878,1.003477299401781
2023-11-07,1.0884360713756591,1.0830373569920928,1.004984790551048
2023-11-08,1.0885973446306916,1.0804372801122075,1.0075525573475552
2023-11-09,1.0896153205203034,1.0809639276577545,1.0080034057022558
2023-11-10,1.0841461245882413,1.073082933177248,1.0103097263677812
2023-11-13,1.083359087067742,1.0709645649349362,1.0115732327087394
2023-11-14,1.0842941040129017,1.0717574807682877,1.0116972575135441
2023-11-15,1.0918635932329246,1.0792943175276695,1.0116458277423783
2023-11-16,1.0777036054327351,1.0688552405602199,1.0082783566349711
2023-11-17,1.0784525807021137,1.0675716423292003,1.010192232484907
2023-11-20,1.0790390600581028,1.070040057322699,1.0084099680884095
2023-11-21,1.0745625359434963,1.0714612765776679,1.0028944203898194
2023-11-22,1.058000524842398,1.0604955520646713,0.9976473006252448
2023-11-23,1.0639436835640765,1.065611857253559,0.9984345391071551
2023-11-24,1.0482763688155954,1.0585776211669709,0.9902687794022894
2023-11-27,1.041134052674653,1.0507774606348157,0.9908225972468646
2023-11-28,1.0447757045577757,1.0527462194705517,0.9924288353970204
2023-11-29,1.035424120723042,1.0437073295078496,0.9920636671309824
2023-11-30,1.0344020369855698,1.046068059380214,0.988847740555661
2023-12-01,1.0383461785321115,1.0420826582857379,0.9964144113483541
2023-12-04,1.030733035284193,1.0352787954465763,0.9956091439500386
2023-12-05,1.009814255491898,1.0155674406464663,0.9943350043292979
2023-12-06,1.012330517349065,1.0171651905882946,0.995246914381298
2023-12-07,1.0071967432282993,1.0146758134520752,0.9926291036756547
2023-12-08,1.0123950479027444,1.017123266302853,0.9953513811385956
2023-12-11,1.0230299793660673,1.023104347513349,0.9999273112782069
2023-12-12,1.0225990518117591,1.0253034795965112,0.9973623148281752
2023-12-13,1.0047756991573482,1.0081921315687858,0.996611328035142
2023-12-14,1.0003417518209479,1.0029112139681646,0.9974379963934691
2023-12-15,0.9980223249339566,0.9997965480328594,0.9982254158584627
2023-12-18,0.9886233718071706,0.9961522900369763,0.9924420007813001
2023-12-19,0.9895382289946071,0.9975495325266927,0.991969016804816
2023-12-20,0.9730650485204765,0.9866166884315424,0.9862645340688394
2023-12-21,0.9831301491963917,0.9966010481492027,0.9864831579518927
2023-12-22,0.9800921441068344,0.9985039760417453,0.9815605822543654
2023-12-25,0.9853241659394385,1.0015617847939517,0.9837877012671228
2023-12-26,0.976012626193469,0.9947818987200426,0.9811322737670202
2023-12-27,0.9784814455923946,0.9982436668915038,0.9802030085894278
2023-12-28,1.002977011705534,1.0216352448353756,0.9817368936475483
2023-12-29,1.0081655115860688,1.0265930369650935,0.9820498243067167
2024-01-02,0.9986370008169251,1.013200751636539,0.9856259968263047
2024-01-03,0.9948512361918058,1.0107922084486711,0.9842292291891219
2024-01-04,0.9834355768608957,1.0014421112901912,0.9820193956033094
2024-01-05,0.9728284011842321,0.9960744707111566,0.9766623177177427
2024-01-08,0.9591900682998351,0.9831938299229913,0.9755859313874699
2024-01-09,0.9652208346637607,0.9851206644732858,0.9797996016861905
2024-01-10,0.9645152872205555,0.98052196296235,0.98367535216301
2024-01-11,0.9747013050035767,0.9860691488507757,0.9884715551029583
2024-01-12,0.971410687694755,0.9826283428220354,0.9885840305653467
2024-01-15,0.9683597986874221,0.9816559517867937,0.9864553838081762
2024-01-16,0.9713382649089648,0.9876279891296942,0.9835062144855939
2024-01-17,0.9470746697119067,0.9661453683234285,0.9802610463841321
2024-01-18,0.9613711891318701,0.9798039219397873,0.9811873249380095
2024-01-19,0.9511875407027051,0.9783228308791877,0.972263460158548
2024-01-22,0.9238244524205662,0.9630994778463478,0.9592201778433033
2024-01-23,0.9335998762042929,0.9669980858549099,0.9654619692229379
2024-01-24,0.9440602928309999,0.9805160038247874,0.9628198715252159
2024-01-25,0.9625851628571791,1.0002064665896773,0.9623864622063758
2024-01-26,0.9511322549221051,0.9974837015834997,0.9535316250402768
2024-01-29,0.9252812427174021,0.9885495522269008,0.9359988486495447
2024-01-30,0.9039649895125338,0.9709206005212238,0.9310390458573586
2024-01-31,0.8838080157369346,0.9620372791026601,0.918683750552064
2024-02-01,0.8867149352386551,0.9627434018500974,0.9210293558331961
2024-02-02,0.8676137309419767,0.9513498112600944,0.9119818185413769
2024-02-05,0.8555572949559612,0.9575702394781112,0.8934668807399984
2024-02-06,0.9006721135644027,0.9908623986762609,0.9089779920679727
2024-02-07,0.9141828704244486,1.0004188923169148,0.9138000865889804
2024-02-08,0.932679229477671,1.0067918744565383,0.9263873230811751
2024-02-19,0.9468717532294539,1.0184248120540622,0.9297414419035089
2024-02-20,0.9501433539430267,1.0205311919137479,0.9310282345817118
2024-02-21,0.9626391255159994,1.0343004452737725,0.9307151804050467
2024-02-22,0.9754411245699918,1.0432166471101825,0.9350321692738168
2024-02-23,0.9761889991761951,1.0441351955848572,0.9349258633403281
2024-02-26,0.9730056309827606,1.0332502349127113,0.9416940815551422
2024-02-27,0.9888683945083327,1.0456461524407712,0.9457007919936333
2024-02-28,0.9764940951472062,1.032322712677942,0.9459194137210145
2024-02-29,0.9952944939306001,1.0520161199578628,0.946082930716371
2024-03-01,1.0003809485894768,1.0585148048463102,0.9450797891624444
2024-03-04,1.0015756400191616,1.0594333533209848,0.9453880575682673
2024-03-05,1.0034351697218769,1.0668056477761336,0.9405979166061231
2024-03-06,1.0014502021645206,1.0624792437980657,0.9425597798829619
2024-03-07,0.989434327449203,1.0560972878983477,0.9368780118905474
2024-03-08,0.9976139628399346,1.0606421468487164,0.9405754483771502
2024-03-11,1.0222274818634187,1.0739117440509784,0.951872896004845
2024-03-12,1.0345658076482207,1.0763741297994134,0.9611581874798646
2024-03-13,1.0306876737377004,1.0688552405602207,0.9642911730474227
2024-03-14,1.0260168083673677,1.0658213384657662,0.9626536562350154
2024-03-15,1.0281973018475083,1.0681461031902517,0.9625998716622871
2024-03-18,1.0398964998646636,1.0781812908459474,0.9644913232066518
2024-03-19,1.0317012585865784,1.0704320283593283,0.9638176280729256
2024-03-20,1.0327832596771567,1.072750833946251,0.9627429100921148
2024-03-21,1.023487268900568,1.0714672357152315,0.9552203135893039
2024-03-22,1.0060782694917407,1.0606690681289999,0.9485317331507025
2024-03-25,0.997636906931977,1.0549124010283677,0.9457059239795111
2024-03-26,1.0005805769089784,1.0602950446125603,0.9436812724844885
2024-03-27,0.9732376249266147,1.0480397627309814,0.9286266223244742
2024-03-28,0.9912724529914603,1.0534762488757412,0.9409537747522413
2024-03-29,0.9927543308882864,1.0584190380003011,0.9379596315311214
2024-04-01,1.0179768898345118,1.0758236457036152,0.9462302617161104
2024-04-02,1.0082571172667203,1.0713445475889392,0.9411137803760731
2024-04-03,0.9976855967367662,1.0674908784883503,0.934608076604426
2024-04-08,0.9874014393202778,1.0580989271519297,0.9331844253713144
2024-04-09,0.9930000336855296,1.0572252474777277,0.9392511539566206
2024-04-10,0.9806623816624869,1.0486142235920322,0.9351984358015134
2024-04-11,0.9829837798749408,1.048473587945551,0.9375379515291985
2024-04-12,0.9778700172410065,1.039976278426053,0.9402810790270709
2024-04-15,0.9979428142328125,1.0618897799318567,0.9397800347008257
2024-04-16,0.9720549258638385,1.0505291398672008,0.9253002977020872
2024-04-17,0.9911629565136741,1.0667727673582867,0.9291228524404033
2024-04-18,0.9911452977781918,1.0680892460071525,0.9279611244878638
2024-04-19,0.9782552335941522,1.0596697558134742,0.9231699104625075
2024-04-22,0.9701873504028543,1.0564503492720658,0.9183463766861831
2024-04-23,0.9587735050492583,1.04906599632679,0.9139305900737582
2024-04-24,0.966967477097844,1.053673741705321,0.9177105197030467
2024-04-25,0.9674625365667591,1.056264844825112,0.9159279903204048
2024-04-26,0.9824672899145406,1.0724187347152527,0.9161228334708308
2024-04-29,0.9887930827926269,1.0842790309376713,0.9119360004016039
2024-04-30,0.9851857398643408,1.0784386554811576,0.9135296985666644
2024-05-06,0.9973362956842032,1.0944429359647225,0.9112729982628812
2024-05-07,0.9999555327659483,1.0947809943332834,0.9133840813293591
2024-05-08,0.9927979016086466,1.0861670259325569,0.9140379682915288
2024-05-09,1.0056034135273288,1.0964415605957734,0.9171518571230683
2024-05-10,1.005205621582067,1.096956219758694,0.9163589243362784
2024-05-13,1.002863694303137,1.0964804702586832,0.9146206626612693
2024-05-14,1.0056343233064098,1.0941945450896067,0.9190635502794026
2024-05-15,0.9970585894035924,1.0849223373644472,0.9190137902641969
2024-05-16,1.0002763445351974,1.0892009280270114,0.9183579620585773
2024-05-17,1.0062253045107208,1.1004538829705333,0.9143729874390969
2024-05-20,1.0126592392069105,1.104340502596469,0.9169809826099811
2024-05-21,1.0058596188828826,1.099912302527329,0.9144907430998486
2024-05-22,1.0099226259346223,1.102392705903454,0.9161187483610491
2024-05-23,0.9958351411110657,1.0896287941040181,0.913921462519649
2024-05-24,0.9852377472062149,1.0775679904294877,0.9143160858123927
2024-05-27,0.9937584901765757,1.087809644674858,0.9135407973640519
2024-05-28,0.9829448420798724,1.0798688484962216,0.9102446500319726
2024-05-29,0.9862626156175311,1.0811703241399293,0.9122176160376052
2024-05-30,0.9817723694093204,1.0754227009068924,0.9129176542222908
2024-05-31,0.9773182088796593,1.0711171889640445,0.9124288350044077
2024-06-03,0.9787798162876664,1.0737591200218706,0.9115450551588613
2024-06-04,0.9881017868108813,1.0818136305667048,0.913375242178514
2024-06-05,0.9765410874094727,1.0755662810684046,0.9079320397060364
2024-06-06,0.9745878694432116,1.0748063157604002,0.9067567385419704
2024-06-07,0.9712659866787648,1.069378803375735,0.9082525140883146
2024-06-11,0.9695822862299035,1.0600347354623185,0.9146702969191236
2024-06-12,0.9725410969910225,1.0604057443562263,0.917140539993447
2024-06-13,0.9687520733787777,1.0550231007720334,0.9182283048303632
2024-06-14,0.9757254875500663,1.0596308461505646,0.9208164249792177
2024-06-17,0.9758531052813881,1.058036110831268,0.9223249521367366
2024-06-18,0.9789555230327879,1.060845598815859,0.9228067912291112
2024-06-19,0.972731243158895,1.0558070428452904,0.9213153575273426
2024-06-20,0.965947314941417,1.0481863575150254,0.9215415827691408
2024-06-21,0.9649779092496878,1.0458944732083861,0.9226341031227763
2024-06-24,0.9501203403296495,1.0402665234791098,0.9133431855059878
2024-06-25,0.9359367625926917,1.034608637847018,0.9046287923328584
2024-06-26,0.9486147308667878,1.041298786319982,0.9109918721976564
2024-06-27,0.9343805356352357,1.0334776636451062,0.9041129465146329
2024-06-28,0.9381673628624317,1.0357335828038667,0.9057998875760015
2024-07-01,0.9430304131596808,1.0406764420359276,0.9061706165989336
2024-07-02,0.9294405029281457,1.0387645403832906,0.8947557091092022
2024-07-03,0.925666011816602,1.0362572157268821,0.8932782303159106
2024-07-04,0.9173361618493662,1.030991301131419,0.8897613014219163
2024-07-05,0.9188024684296066,1.0265780339599362,0.8950147363716768
2024-07-08,0.9105600664730918,1.017811441530102,0.8946254967464539
2024-07-09,0.9243441361088393,1.0291960583600106,0.8981224992075374
2024-07-10,0.9253788541723665,1.0259527451608503,0.9019702501281229
2024-07-11,0.9418815682372381,1.0376813794968822,0.9076789724162801
2024-07-12,0.9420287634985827,1.0389470302077126,0.9067149104899472
2024-07-15,0.9419785043132249,1.0400989665523455,0.9056623788749988
2024-07-16,0.9542370521252416,1.04669040366427,0.9116707756034007
2024-07-17,0.9486674074923721,1.047677727597169,0.9054954424469104
2024-07-18,0.9534654370368971,1.0534672751156473,0.9050736169590344
2024-07-19,0.9601445584818461,1.0588798546026552,0.906754958372629
2024-07-22,0.9537069218275673,1.0516690878292079,0.9068507697570077
2024-07-23,0.9252309350127543,1.0292170205027313,0.8989658318717039
2024-07-24,0.9171357975019272,1.0227213502368158,0.8967601950321661
2024-07-25,0.9103958655135811,1.017066409119755,0.895119391762732
2024-07-26,0.9165210396279627,1.0200644161738315,0.8984932962035374
2024-07-29,0.9137770145612387,1.014514215662874,0.9007040024216768
2024-07-30,0.9089466514790862,1.0081232860030616,0.9016225139316203
2024-07-31,0.932103504106842,1.0298752598271643,0.9050644679660228
2024-08-01,0.9273838123652618,1.0230504348452818,0.9064888501860733
2024-08-02,0.9156322726834599,1.012614302392863,0.9042260913358331
2024-08-05,0.8978192488214567,1.000326140093438,0.8975265294352835
2024-08-06,0.9060727984037638,1.0002244141098666,0.9058695085043574
2024-08-07,0.9053136006070208,0.9997786005126711,0.9055140809603145
2024-08-08,0.902427002666906,1.0002124257272405,0.902235344667673
2024-08-09,0.8985407806719213,0.9968284768815989,0.9013995903115115
2024-08-12,0.8946149917923221,0.9951020796759156,0.8990183118536742
2024-08-13,0.898214429735113,0.9976542731327966,0.9003263494422508
2024-08-14,0.8870099826510326,0.9901293546485405,0.8958526262115404
2024-08-15,0.8937260336629824,0.9999162215366207,0.8938009149302022
2024-08-16,0.8880215240101313,1.0010172598357174,0.8871190933869307
2024-08-19,0.882855766908932,1.0044101824414533,0.8789793077992748
2024-08-20,0.8712526919690786,0.9971485877299705,0.8737440966070097
2024-08-21,0.8633960229719797,0.9938394435876169,0.8687479939971438
2024-08-22,0.8527614799854053,0.9912962238908304,0.860248893754808
2024-08-23,0.8538436082989496,0.9955000098501069,0.8577032645409148
2024-08-26,0.8533102469030422,0.9946113972782477,0.8579333086651976
2024-08-27,0.8432000799596516,0.9889594707837187,0.8526133829240167
2024-08-28,0.8400056846596131,0.9833254918093788,0.8542498813022242
2024-08-29,0.8421030509554273,0.9806865052665837,0.8586873036725586
2024-08-30,0.8528688046590575,0.9937766272669555,0.8582097639029638
2024-09-02,0.8347350858387382,0.9768956524866566,0.8544772245776167
2024-09-03,0.8375713330264237,0.9794148954181905,0.8551752040373019
2024-09-04,0.8320703599555218,0.9730508870386616,0.8551149493196667
2024-09-05,0.8345628254739154,0.9747264563063095,0.8562020863129753
2024-09-06,0.8243434521888123,0.9668244996830822,0.8526298748728709
2024-09-09,0.8162836786139777,0.9553352123545712,0.8544473898351558
2024-09-10,0.8185212076648178,0.9561759415034261,0.8560361876265478
2024-09-11,0.8206743349912163,0.953294663438079,0.8608821243490817
2024-09-12,0.8148093929076172,0.9492075363600313,0.8584101597340907
2024-09-13,0.8083964034542418,0.9452521412758711,0.855217743662653
2024-09-18,0.8117634539248029,0.9487706965229302,0.855594989284309
2024-09-19,0.8206492896072161,0.9562597199668084,0.858186612352239
2024-09-20,0.8176546535233679,0.9577587585475971,0.8537167070790441
2024-09-23,0.8159184179214551,0.9612623808969991,0.8487988650508546
2024-09-24,0.8524045111817029,1.0028962810705082,0.8499428378294833
2024-09-25,0.863191871271564,1.0177426660718778,0.848143543596512
2024-09-26,0.9006224235274811,1.060764834975009,0.8490311837578018
2024-09-27,0.9542953498585224,1.108146358381555,0.8611636383954449
2024-09-30,1.0539518620315604,1.202146495371612,0.8767249799332976
2024-10-08,1.1348369884953262,1.273431241262419,0.891164714453136
2024-10-09,1.0459127554199543,1.1836348902316385,0.883644748943881
2024-10-10,1.049970786523895,1.1961444520183955,0.8777959758557218
2024-10-11,1.0181994000478385,1.1630468411347947,0.8754586350575293
2024-10-14,1.0379403455921052,1.1852385292035288,0.8757227511744773
2024-10-15,1.009074691756869,1.1537177061190356,0.8746287643892301
2024-10-16,0.9970532200111256,1.146417201744643,0.8697123686680451
2024-10-17,0.9882189495261658,1.1334408642179696,0.8718751729566401
2024-10-18,1.0515942158629725,1.1744344024797342,0.8954048124293759
2024-10-21,1.0587813297018018,1.1774174766361534,0.8992403720103668
2024-10-22,1.065323693389209,1.1841734560523107,0.8996348363867974
2024-10-23,1.069569076010111,1.1887900349759348,0.8997123499876603
2024-10-24,1.0566615424254793,1.175511534121079,0.8988950867381639
2024-10-25,1.0751319644464292,1.1837665521180247,0.9082297202288544
2024-10-28,1.0786541871087343,1.186082343082416,0.9094260557875813
2024-10-29,1.0629381889802278,1.1742608864154063,0.9051976449841515
2024-10-30,1.0517380914178567,1.163728987116979,0.9037654841127843
2024-10-31,1.0575089260896613,1.1642047366169896,0.9083530523700059
2024-11-01,1.0415691852329543,1.1638995586662753,0.8948961080683795
2024-11-04,1.058372006515285,1.1802778626662798,0.8967142738104008
2024-11-05,1.0997821834289383,1.2101411341108146,0.9088048926103436
2024-11-06,1.100821537148342,1.2040703854068744,0.9142501555474741
2024-11-07,1.1257214577553665,1.2403993912145097,0.9075475735707522
2024-11-08,1.123991589705675,1.2279376427432565,0.9153490784716377
2024-11-11,1.146401419297767,1.2360399666035944,0.9274792484646452
2024-11-12,1.134497584312112,1.222459302420556,0.9280452789436232
2024-11-13,1.1399659983606545,1.229984220904812,0.9268135143409096
2024-11-14,1.113356733321841,1.208660043050215,0.9211496150002085
2024-11-15,1.0834763703641053,1.1874795855721318,0.9124168394373555
2024-11-18,1.0699643818908464,1.1819593209639896,0.9052463675468952
2024-11-19,1.0918640413540976,1.1898911433825314,0.9176167479070649
2024-11-20,1.0962772310102455,1.1925480774455157,0.9192729850846046
2024-11-21,1.0993880527353295,1.1936043170516406,0.9210657476934755
2024-11-22,1.0594272161800458,1.1566229609496343,0.9159659214358091
2024-11-25,1.0546384220066904,1.1513540317316393,0.9159983749051642
2024-11-26,1.0475351485193791,1.148987342721712,0.9117029488227313
2024-11-27,1.0754548336342828,1.1689919571974108,0.9199848014460444
2024-11-28,1.0657014881967093,1.158672483626221,0.9197607635088162
2024-11-29,1.087188564670731,1.1718463139824744,0.9277569521688922
2024-12-02,1.0982019723564014,1.1811365393353237,0.9297840984365845
2024-12-03,1.088995176875421,1.182411093698748,0.9209953988750994
2024-12-04,1.0753337734250226,1.17602913779903,0.914376811647319
2024-12-05,1.0770443513961614,1.1733453525632629,0.9179261238332562
2024-12-06,1.0901927811966263,1.1887691429407141,0.9170769511225411
2024-12-09,1.085045785056864,1.1868034688350106,0.9142590273366542
2024-12-10,1.0883203517103435,1.1955011455916191,0.9103465569426661
2024-12-11,1.0877364111960146,1.1934636814051596,0.9114114054273827
2024-12-12,1.0960958198102084,1.205332881280172,0.9093718729767465
2024-12-13,1.0718188716644095,1.1768130097647864,0.9107809505595434
2024-12-16,1.0530725080086443,1.1704281093500375,0.8997327555585083
2024-12-17,1.0483374539070995,1.1734769443421493,0.8933600774702881
2024-12-18,1.0542881444072063,1.1794190457822344,0.8939046288742636
2024-12-19,1.0576555733077326,1.1804872036634848,0.895948359309139
2024-12-20,1.0572365290374441,1.1751853940276435,0.89963382323366
2024-12-23,1.0478975035721836,1.1769298088610167,0.8903653350290234
2024-12-24,1.0616969729283359,1.191925803268962,0.8907408246524557
2024-12-25,1.0580665122864272,1.1925061531600745,0.8872629373715266
2024-12-26,1.0643282884255563,1.193059721985905,0.8920997572979255
2024-12-27,1.0598162626152268,1.1911298027055781,0.8897571534251929
2024-12-30,1.060392779088479,1.196521490157366,0.8862296146047629
2024-12-31,1.037638837971063,1.1773306835502386,0.8813486749891415
