datetime,port,bench,excess
2017-01-04,1.0002218206540758,1.007803175154687,0.9924773460855117
2017-01-05,1.0003316633349053,1.0076476066105484,0.992739581548502
2017-01-06,0.9998983503720255,1.0016276157371429,0.9982735446407947
2017-01-09,1.000481702110838,1.0064836818832894,0.9940366844684251
2017-01-10,0.9999999481682577,1.0047992089630478,0.9952236618500696
2017-01-11,0.9983377628480645,0.99768715355064,1.0006521175451735
2017-01-12,0.9968141361092417,0.9926366091974451,1.0042085158587635
2017-01-13,0.9960477435823295,0.9933218399096622,1.0027442300804694
2017-01-16,0.9941320488137069,0.9931841487782119,1.00095440511879
2017-01-17,0.9950679002969521,0.9952516890824883,0.9998153343646112
2017-01-18,0.9952902949225599,0.9991442678459869,0.9961427262834269
2017-01-19,0.9938161848398797,0.9961283132717212,0.9976788849377772
2017-01-20,0.9970985518779734,1.003787908264896,0.9933358866630646
2017-01-23,0.9995193653706654,1.0065375244438564,0.9930274243108138
2017-01-24,0.9989980901363074,1.0066482241875223,0.9924003898607286
2017-01-25,1.0004617683703345,1.0100740973186053,0.9904835407879599
2017-01-26,1.0025812486680041,1.0136824602741104,0.9890486300778013
2017-02-03,1.0006834709519181,1.0066602125701485,0.9940628013866061
2017-02-06,1.002999512350556,1.0092692632101283,0.9937878313665963
2017-02-07,1.002471505065755,1.007016288566399,0.99548688183871
2017-02-08,1.0061929167198338,1.012285217784394,0.9939816358497316
2017-02-09,1.0087575524125068,1.0161747819253608,0.9927008329228555
2017-02-10,1.0111450431736793,1.0213210931245644,0.9900363852079533
2017-02-13,1.0148440088413917,1.0281398888613835,0.9870680243378979
2017-02-14,1.0164467946295104,1.0279962385923704,0.9887650912238019
2017-02-15,1.0110810388211222,1.0237805343579685,0.9875954903315188
2017-02-16,1.0151627119814883,1.029531172213537,0.9860436860778525
2017-02-17,1.0098805571402765,1.0236997004096169,0.986500784103179
2017-02-20,1.02015473252564,1.0386448668795267,0.9821978282052863
2017-02-21,1.024898974021151,1.0420647107655463,0.9835271873550111
2017-02-22,1.027094444922408,1.0441411547224164,0.983673941283791
2017-02-23,1.02189544735538,1.0392222722556084,0.9833271232124184
2017-02-24,1.023340174623298,1.0393808554222788,0.9845670807622642
2017-02-27,1.016901682908726,1.0311139191502072,0.9862166187677942
2017-02-28,1.019798249765278,1.033085692608475,0.987138101961661
2017-03-01,1.0224492347193093,1.0347701655287167,0.9880930749456697
2017-03-02,1.0149363526932729,1.0277868274876647,0.9874969454261214
2017-03-03,1.0136321958699555,1.0256205758223487,0.9883110964863582
2017-03-06,1.020739885354229,1.031191738476027,0.9898642970731666
2017-03-07,1.0214910769341423,1.033429780222099,0.988447494434125
2017-03-08,1.018723775768358,1.031864910698117,0.9872646750620987
2017-03-09,1.0102776765233694,1.0253453337744496,0.9853047975596535
2017-03-10,1.0088689627752785,1.025629549582443,0.9836582450125505
2017-03-13,1.019452596460909,1.034668439545145,0.9852939912896876
2017-03-14,1.0183173290899674,1.034246602713202,0.9845981861758634
2017-03-15,1.018617740598492,1.0363260612926037,0.9829124043527148
2017-03-16,1.0260176699863688,1.0416727397289176,0.9849712206670371
2017-03-17,1.01380063725974,1.0309913011314153,0.9833260825258077
2017-03-20,1.0152481795861998,1.03212823447089,0.9836453898644256
2017-03-21,1.018833080899836,1.0371368545386432,0.9823516312637937
2017-03-22,1.0138931050168758,1.0322598963572767,0.9822072024640159
2017-03-23,1.0173471283163542,1.035829349649872,0.9821570789244723
2017-03-24,1.0255262989114489,1.044093271299412,0.9822171324168617
2017-03-27,1.0228951899665377,1.0406345177504825,0.982953354437741
2017-03-28,1.0205567639292856,1.0381721320020474,0.9830323242844212
2017-03-29,1.018600058020859,1.036789822409988,0.9824556877431073
2017-03-30,1.0060885575173992,1.0282834690228948,0.9784155710228564
2017-03-31,1.0097689466113302,1.034055069021184,0.9765137049878373
2017-04-05,1.0318778781796887,1.0483689174469446,0.9842698128561309
2017-04-06,1.0375457866843238,1.0514087786789619,0.9868148409298464
2017-04-07,1.0421754098646265,1.052429053137208,0.9902571643741531
2017-04-10,1.041569395395817,1.0487428708558832,0.9931599292263013
2017-04-11,1.0521374025387313,1.0523901434742982,0.9997598410274612
2017-04-12,1.045863003000031,1.0500294837094344,0.9960320345532733
2017-04-13,1.0509138560595785,1.0515643472231002,0.9993814062208942
2017-04-14,1.041116311964754,1.043165749064642,0.9980353677239445
2017-04-17,1.0350720362363068,1.0412030194739696,0.994111635172975
2017-04-18,1.0304500205640845,1.036056778382267,0.9945883681906535
2017-04-19,1.0220142937018748,1.031012193166635,0.991272751646977
2017-04-20,1.0258952766102938,1.0357007023860167,0.9905325681896966
2017-04-21,1.023939860950339,1.0372685164250297,0.9871502361600367
2017-04-24,1.006224005536649,1.0266379057655628,0.9801157739118436
2017-04-25,1.009703172184452,1.0295431605961622,0.9807293281417928
2017-04-26,1.0132613818525578,1.0308027820619292,0.9829827775840078
2017-04-27,1.0129285564641484,1.031263528556782,0.9822208663596464
2017-04-28,1.0153648667834791,1.0291781108398173,0.9865783736450959
2017-05-02,1.0130155974896653,1.0252376486533143,0.9880788116007024
2017-05-03,1.0054891347695631,1.0212133378959283,0.9846024307136815
2017-05-04,1.0028231327301822,1.0185983281183857,0.9845128398970138
2017-05-05,0.9914178721432887,1.012063818297061,0.9796001538830704
2017-05-08,0.9789328406327212,1.0049607366447477,0.9741005841691631
2017-05-09,0.9794650628547726,1.0030817855174576,0.9764558354027914
2017-05-10,0.9655768331208636,0.998644611688223,0.9668873409215538
2017-05-11,0.9687167161388214,1.0043144857029411,0.9645551567055173
2017-05-12,0.9726579501540806,1.0129105065834787,0.9602605006387298
2017-05-15,0.9786254322427488,1.0170425024619991,0.9622266816516984
2017-05-16,0.9954812309045196,1.0258569783148375,0.9703898807997429
2017-05-17,0.995604211344577,1.0202678681409703,0.9758262927153308
2017-05-18,0.9933232871080966,1.0167193769910958,0.9769886456258577
2017-05-19,0.9920966024768191,1.0184368004366846,0.9741366396534656
2017-05-22,0.9876909671250452,1.0206478507949726,0.9677098387614714
2017-05-23,0.9824365566927189,1.0245225521457828,0.9589213576949399
2017-05-24,0.9863552796425015,1.0245165229007194,0.9627519494266703
2017-05-25,0.9973467432235602,1.042914413674495,0.9563073730179005
2017-05-26,0.9956441005503521,1.0413496142580139,0.9561093478291361
2017-05-31,0.9985650668088557,1.0450747062022485,0.9554963495744657
2017-06-01,0.9922892386508024,1.046528805875064,0.9481719309399146
2017-06-02,0.9959678005661332,1.0431687636871743,0.954752323148361
2017-06-05,0.9985056330536994,1.0378549656687066,0.9620859041805964
2017-06-06,1.0045199955127788,1.0450747062022485,0.9611944385900951
2017-06-07,1.0216465902957899,1.0573389618439217,0.9662432078679036
2017-06-08,1.026565293161275,1.0654503295718547,0.9635036610048209
2017-06-09,1.029650380549607,1.0699951885222236,0.9622944024371388
2017-06-12,1.024957529548338,1.069462581839114,0.9583855919351173
2017-06-13,1.0341029729802411,1.0718202970889465,0.9648100299918323
2017-06-14,1.0257927437684575,1.0577668279209282,0.9697720865237222
2017-06-15,1.0287274995551503,1.055819031227913,0.9743407431846958
2017-06-16,1.028319729351012,1.0528180095513047,0.9767307550041499
2017-06-19,1.036052986248681,1.0632631157638177,0.9744088465858333
2017-06-20,1.0347365343063926,1.0611148817261915,0.9751409127568851
2017-06-21,1.0456765079004273,1.0735227876368778,0.9740608396420276
2017-06-22,1.0413382410333047,1.0742348695218777,0.9693766890072981
2017-06-23,1.0490719020495063,1.0839708383644218,0.9678045431853373
2017-06-26,1.063630706067394,1.0974977300943938,0.9691415999337994
2017-06-27,1.0645867463998904,1.0994814919352878,0.9682625439433489
2017-06-28,1.0568330839301836,1.0909392435078165,0.9687368844959985
2017-06-29,1.064258911604567,1.0977191996892264,0.969518353970549
2017-06-30,1.065703994917972,1.0971117883028287,0.9713722943097323
2017-07-03,1.0662863110386729,1.0923395006200647,0.976149182954015
2017-07-04,1.060284132485685,1.0831031879352833,0.9789317807354089
2017-07-05,1.0696803500709127,1.0949815017853917,0.9768935350293818
2017-07-06,1.0722062135693313,1.095107134426715,0.9790879630517866
2017-07-07,1.073027001515782,1.0938595013435743,0.9809550497095796
2017-07-10,1.070038992979201,1.0931892736365152,0.9788231725140292
2017-07-11,1.06954461941498,1.0983116080704662,0.973807989969236
2017-07-12,1.0664451235925418,1.0947241371501812,0.9741679089754464
2017-07-13,1.0717795467246003,1.1031317090687338,0.9715789491985494
2017-07-14,1.07467744509118,1.1079698276946912,0.9699519050326656
2017-07-17,1.0500308062298258,1.096142411890119,0.9579328332157303
2017-07-18,1.056239311150629,1.0972255026690267,0.962645608018864
2017-07-19,1.0763662708543096,1.1159465189137059,0.9645321282081467
2017-07-20,1.0812979083974268,1.1213710166758395,0.9642641840367836
2017-07-21,1.0814511577698966,1.1156024313000819,0.969387594924487
2017-07-24,1.0842333391899046,1.1200515935119426,0.9680208889219744
2017-07-25,1.0778346428252454,1.112897683921594,0.9684939221251727
2017-07-26,1.0746462545265032,1.1086580029219395,0.9693216949629226
2017-07-27,1.0856032514499065,1.110692522593368,0.9774111460794926
2017-07-28,1.0859171455946628,1.1135948329089365,0.9751456396021757
2017-07-31,1.0928114328856582,1.1183760242442942,0.9771413274207926
2017-08-01,1.0963144993332403,1.1281030894342443,0.9718212010952418
2017-08-02,1.0902455382519065,1.1252516771642118,0.9688903917028362
2017-08-03,1.0856227141123282,1.1153720580526547,0.9733278741155966
2017-08-04,1.0823982268799923,1.10931322762384,0.9757372398763333
2017-08-07,1.0885351185872822,1.1150609209643774,0.9762113424671417
2017-08-08,1.0935134960657242,1.1166825775639575,0.979251864438705
2017-08-09,1.0953391342605792,1.1163324607052698,0.9811943778545796
2017-08-10,1.0919044221483392,1.1118085638976218,0.9820975099530574
2017-08-11,1.0721241619810178,1.0912923048815344,0.9824353724343384
2017-08-14,1.091110407271942,1.1054535292781873,0.9870251244160297
2017-08-15,1.0930665493418787,1.1088584402665496,0.9857584247445735
2017-08-16,1.0950621636925824,1.1074701715369275,0.9887960794220529
2017-08-17,1.1042541140686069,1.1134122729770128,0.9917746919710889
2017-08-18,1.1013985472942647,1.114426588297696,0.988309646287844
2017-08-21,1.1080745558407676,1.1193095757241263,0.9899625446551815
2017-08-22,1.1041104282122431,1.1226935245697676,0.983447756711124
2017-08-23,1.0990947403158,1.1238275133942113,0.977992376246678
2017-08-24,1.0903271450682572,1.1174126069691463,0.9757605545776369
2017-08-25,1.108399422052406,1.1356938388616933,0.9759667474848288
2017-08-28,1.1245591845935934,1.1497442934071798,0.9780950347325037
2017-08-29,1.1199006266391662,1.1472998551789337,0.9761185112888432
2017-08-30,1.1237790961710439,1.1472280650981777,0.9795603248904767
2017-08-31,1.1235022115565663,1.1435747632346993,0.9824475387849972
2017-09-01,1.1311395764763499,1.1461030500338283,0.9869440417621812
2017-09-04,1.1384195045881687,1.1506149584588499,0.9894009253216941
2017-09-05,1.138112710009006,1.1540348724523701,0.9862030491249117
2017-09-06,1.1394254222067215,1.15176093566592,0.9892898664321634
2017-09-07,1.1314935366953418,1.1459025425817164,0.9874256270922385
2017-09-08,1.1323203686226315,1.14474170258449,0.9891492255992643
2017-09-11,1.1385407109332586,1.1446399064934178,0.9946715158841142
2017-09-12,1.1371510692470104,1.1483141003921162,0.9902787650684651
2017-09-13,1.1398271352231537,1.1497144276118654,0.9914002189141445
2017-09-14,1.1353550647073767,1.1459294638620003,0.9907722076374702
2017-09-15,1.1308238197990286,1.1463304086587234,0.9864728452263266
2017-09-18,1.1358593012409663,1.1498729406710353,0.9878128800718704
2017-09-19,1.131070342208442,1.146575784911308,0.9864767397786397
2017-09-20,1.1382746656283846,1.1496635295663298,0.990093741651315
2017-09-21,1.1289070801570056,1.1482812199742707,0.9831277047118308
2017-09-22,1.1251417923264346,1.1482542986939872,0.9798716134624181
2017-09-25,1.1147012446408062,1.1422882204886495,0.9758493737806014
2017-09-26,1.1172882075747863,1.1431828623055722,0.9773486328525242
2017-09-27,1.121803571600244,1.1433084949468955,0.9811906205178241
2017-09-28,1.1186949797730674,1.1437094397436185,0.978128658292653
2017-09-29,1.1232216769121683,1.1478863044226113,0.9785130048024666
2017-10-09,1.1358462448857987,1.161562805559159,0.9778603786637429
2017-10-10,1.1371851662313974,1.1638516752432666,0.9770877083574284
2017-10-11,1.1358109802207612,1.1676904114461981,0.9726987299776197
2017-10-12,1.1344292675452026,1.1707602085810307,0.9689680766654502
2017-10-13,1.1388664741632828,1.1731688218763994,0.9707609449948964
2017-10-16,1.1304630363366794,1.1709098179876065,0.965456962586204
2017-10-17,1.1266842119262297,1.1707961036214087,0.9623231649313353
2017-10-18,1.127798947344323,1.1800982472493835,0.9556822493152909
2017-10-19,1.1207997318805207,1.1762356043887001,0.9528700948165993
2017-10-20,1.1283106971958903,1.1749191257398344,0.9603305218862658
2017-10-23,1.132076510732318,1.1761009979872823,0.9625674263262207
2017-10-24,1.1392452219397906,1.184658179312411,0.961665771472596
2017-10-25,1.144264558043616,1.1899090909027161,0.9616403192411344
2017-10-26,1.1474421842316698,1.1948849006601239,0.9602951577995136
2017-10-27,1.144769171545503,1.2033791254495891,0.951295520534986
2017-10-30,1.129434799451267,1.199713905310985,0.941420112287937
2017-10-31,1.1368341824201469,1.198816389086532,0.948297164410962
2017-11-01,1.134655766843502,1.1957944753747036,0.9488718924612495
2017-11-02,1.1320865520884582,1.1959470292963104,0.9466025872020207
2017-11-03,1.1265890273498516,1.19462157688735,0.9430509620337171
2017-11-06,1.136917759730063,1.2030560700861863,0.9450247482219302
2017-11-07,1.146622673259278,1.2130374151813148,0.9452492222491672
2017-11-08,1.1487927175203205,1.2111703122216495,0.9484980815068776
2017-11-09,1.1541909837289919,1.2195150678195408,0.946434377225575
2017-11-10,1.1604633656290755,1.2302893287480205,0.9432442747512066
2017-11-13,1.1676023484841225,1.235124502858947,0.9453317020117965
2017-11-14,1.1597076995120723,1.2265314264934404,0.9455181289790413
2017-11-15,1.145320678604169,1.218847924842514,0.9396747988492122
2017-11-16,1.1485733095014328,1.228224803066276,0.9351490921157166
2017-11-17,1.1357999503611818,1.2329642103311935,0.9211945820033884
2017-11-20,1.1460683202055186,1.2398397931436107,0.9243680728295268
2017-11-21,1.1596113934492394,1.261941883826401,0.9189102987319195
2017-11-22,1.1619409946689165,1.2648949519725041,0.9186067134325748
2017-11-23,1.1269694714328546,1.2274439457230515,0.9181433297705418
2017-11-24,1.1286959709981288,1.227982511543724,0.9191466168188505
2017-11-27,1.1076603292833105,1.2117508023277634,0.9140991094501477
2017-11-28,1.118798691923762,1.2135071354362619,0.9219547699829126
2017-11-29,1.116029747840249,1.2128878057747388,0.9201426071947181
2017-11-30,1.104501238305846,1.198630884639578,0.9214690297571998
2017-12-01,1.1100679360080412,1.1962491926244927,0.9279571036304105
2017-12-04,1.1100904522513184,1.2024486586997885,0.9231915593399744
2017-12-05,1.1039398034161785,1.2088246554619435,0.913234023171306
2017-12-06,1.1069896233230214,1.2015390839852083,0.9213097085875978
2017-12-07,1.0960158294775382,1.1881468687641548,0.9224582063811301
2017-12-08,1.1055766914653797,1.1978170767710061,0.9229929284742862
2017-12-11,1.125598407367518,1.2176001515443713,0.9244401012432852
2017-12-12,1.1116661311050913,1.2015989557908386,0.9251557066920405
2017-12-13,1.1219143466685702,1.2117927266132045,0.9258302364994118
2017-12-14,1.1197080422467944,1.2046298432627613,0.9295038210360498
2017-12-15,1.1077066648607226,1.1910790448750377,0.930002647286048
2017-12-18,1.1042081350108093,1.1924044972839982,0.9260348627717537
2017-12-19,1.1178972559274982,1.207376514926691,0.925889515082521
2017-12-20,1.1146619127013686,1.2059283743914384,0.9243185054534216
2017-12-21,1.1255344866236758,1.217106594739173,0.9247624583489162
2017-12-22,1.123125084328596,1.2131421557874176,0.925798414448475
2017-12-25,1.1167134590783305,1.2092345039112602,0.9234879218764673
2017-12-26,1.1233684353764162,1.2128488260043282,0.9262229647179518
2017-12-27,1.1107255582807825,1.1941756931826535,0.9301190474916935
2017-12-28,1.118918666510532,1.202460576974914,0.9305242000743573
2017-12-29,1.1239615753746501,1.2060360595125728,0.9319469069846108
2018-01-02,1.1385316655828843,1.2229559439557813,0.9309670321403257
2018-01-03,1.1477970049056523,1.2301336900963808,0.9330668805727307
2018-01-04,1.1533533113836385,1.2353459023462785,0.9336278277955086
2018-01-05,1.1523305608060939,1.2383198625276017,0.9305597008304539
2018-01-08,1.1591168367540268,1.244725865300073,0.9312225840784565
2018-01-09,1.1631053584132134,1.253444574306903,0.9279272352799142
2018-01-10,1.161783200439533,1.2589827864352343,0.922795142997214
2018-01-11,1.1620820161847316,1.2583185879732386,0.9235197089923671
2018-01-12,1.1624371994985907,1.2641260129044054,0.9195580089581588
2018-01-15,1.1507777829096333,1.2641978029851617,0.9102830112441987
2018-01-16,1.1625823821557544,1.2741403085248812,0.9124445513396546
2018-01-17,1.1585709909743758,1.2710435200022643,0.9115116616717513
2018-01-18,1.1625061360276074,1.2780150098756917,0.9096185311162195
2018-01-19,1.1669396808873815,1.2821977635847464,0.9101089660497237
2018-01-22,1.1840062422006092,1.2975169535710955,0.9125169724695495
2018-01-23,1.1929978857353507,1.311283122201088,0.9097942812935879
2018-01-24,1.198453554918349,1.3134613622490303,0.9124391393335284
2018-01-25,1.1975235443677639,1.306038099640845,0.9169131778751921
2018-01-26,1.1994232846287265,1.3108912212719603,0.914967821254401
2018-01-29,1.182532228819291,1.2871704886121218,0.9187067597349471
2018-01-30,1.1733963343786848,1.2734312412624131,0.921444595010439
2018-01-31,1.169551978295753,1.2793553250748086,0.914172908317996
2018-02-01,1.152125186848405,1.2703793215402688,0.9069143107993235
2018-02-02,1.1626817651371526,1.2779580825850922,0.9097964800107096
2018-02-05,1.1632749300521028,1.2788317622592944,0.9096387534173854
2018-02-06,1.1186577604502828,1.241353834729558,0.9011594673117468
2018-02-07,1.0979144895320565,1.211915414739498,0.9059332657865846
2018-02-08,1.095660108663222,1.2004110542983282,0.9127374366805245
2018-02-09,1.044234790432133,1.1491279783681891,0.9087193159416335
2018-02-12,1.0639327922679918,1.1639234653240227,0.9140917113238243
2018-02-13,1.072994715427198,1.1775460537925027,0.9112125270781741
2018-02-14,1.0785106683139576,1.1869201277162351,0.9086632226796345
2018-02-22,1.1057127699966678,1.2125825577165246,0.9118659698345747
2018-02-23,1.10944461053157,1.2180759010443833,0.910817305867662
2018-02-26,1.1276523614395872,1.2322371955485372,0.9151260532576332
2018-02-27,1.1159546119212032,1.214452605191221,0.9188951525576341
2018-02-28,1.1126700333777089,1.2038788517148529,0.9242375441621701
2018-03-01,1.1190263329478278,1.2114935078000542,0.9236750554114507
2018-03-02,1.1097514518871925,1.2017306176772267,0.9234610781842134
2018-03-05,1.110925069905962,1.202221229967394,0.9240604326510621
2018-03-06,1.1277038567439475,1.2167205828401084,0.9268388097056965
2018-03-07,1.1163598573841362,1.2077715005858523,0.9243137934970521
2018-03-08,1.1261840906832548,1.2200237678448993,0.9230837303051834
2018-03-09,1.137836375111167,1.229379754033441,0.9255369395649053
2018-03-12,1.1437836438965374,1.2350047592476865,0.9261370333449426
2018-03-13,1.135621334333102,1.2241078101929144,0.9277134945770281
2018-03-14,1.129729389653153,1.2187490732664734,0.9269581527764931
2018-03-15,1.1322008559049548,1.2255769829783885,0.923810475906204
2018-03-16,1.1212532839109768,1.2136866106381532,0.9238408614571638
2018-03-19,1.1165458775836967,1.2190213707993416,0.9159362619307903
2018-03-20,1.1165735754477877,1.220053633640214,0.9151840088507602
2018-03-21,1.1127052265650053,1.2150719348527441,0.9157525531192976
2018-03-22,1.100859266260051,1.2028944021894843,0.9151753173481304
2018-03-23,1.0612597049500936,1.1683636537757893,0.9083299549078158
2018-03-26,1.0634943991623274,1.1608686010868476,0.9161195316736493
2018-03-27,1.0799005704745823,1.1708559754270396,0.9223171706329777
2018-03-28,1.0644609619467118,1.1497473080297125,0.92582166056196
2018-03-29,1.0810617845327963,1.1651053375714708,0.9278661333627964
2018-03-30,1.088214951509048,1.1664367491179939,0.9329395291531293
2018-04-02,1.088533733408084,1.1629720364315017,0.9359930413702582
2018-04-03,1.0779329244916658,1.1556595436744828,0.9327426320249292
2018-04-04,1.0717194202858693,1.1533796477504699,0.9291991777175286
2018-04-09,1.0697202509972024,1.1528021722668875,0.9279304608644937
2018-04-10,1.0865471968825562,1.175014892585843,0.9247092983574048
2018-04-11,1.0908720974689214,1.178356917146043,0.9257569430754409
2018-04-12,1.080872382759707,1.1664786734034356,0.9266113538158782
2018-04-13,1.0761959171444004,1.158250646794274,0.9291563273657745
2018-04-16,1.0643323268614076,1.1396163535280082,0.9339391485270132
2018-04-17,1.0430288844604725,1.1215984454082346,0.9299485825168341
2018-04-18,1.0504271514873922,1.1268763483863242,0.9321583091095962
2018-04-19,1.061229007440472,1.1405079807223995,0.9304880153212851
2018-04-20,1.041760212213642,1.1252516771642125,0.925801963556295
2018-04-23,1.0337832083905145,1.1268912812839815,0.9173761706742646
2018-04-24,1.0583651671869942,1.149977681277139,0.9203353981719002
2018-04-25,1.0574634605787474,1.1455524958305305,0.923103449582275
2018-04-26,1.036164067654015,1.1236479680848213,0.9221429638858187
2018-04-27,1.0405074129900247,1.1240638457792016,0.9256657590198931
2018-05-02,1.0433193147216169,1.1260894617980364,0.9264977163144217
2018-05-03,1.0532110754942254,1.1348709871255278,0.9280447623054179
2018-05-04,1.0510014354154715,1.1293657255225438,0.9306121229499735
2018-05-07,1.06963992726108,1.1471951145728319,0.932395818002912
2018-05-08,1.0788672543513704,1.1605065659530347,0.9296520037052783
2018-05-09,1.0761974300268968,1.1583942269557865,0.9290424667041897
2018-05-10,1.0807274981303592,1.1648091333808515,0.9278150961896686
2018-05-11,1.073057413815672,1.1587592767121313,0.9260399768797277
2018-05-14,1.0754796277822947,1.169665129419497,0.9194765242903783
2018-05-15,1.085854687086948,1.174096344111169,0.9248429164550181
2018-05-16,1.0816089417709978,1.164743302437658,0.9286243067526805
2018-05-17,1.073566114122116,1.1561292639294305,0.9285865755817819
2018-05-18,1.0817860259047964,1.167801111189864,0.9263444053436227
2018-05-21,1.0943788192987005,1.1732406119571555,0.9327829331385821
2018-05-22,1.0946592555384298,1.168743636429791,0.9366119492914035
2018-05-23,1.08058526383701,1.1532958692870874,0.9369540745038619
2018-05-24,1.0743452773227355,1.1451096968558665,0.9382029339831554
2018-05-25,1.0673444854462082,1.1419022786970843,0.9347073785193363
2018-05-28,1.0685383743638204,1.1469168579024005,0.9316615820941662
2018-05-29,1.0615540128815681,1.1381651983702237,0.9326888701232847
2018-05-30,1.0346816366783407,1.1140376318836,0.9287672220990548
2018-05-31,1.053579069948478,1.1376775305950872,0.9260788242845758
2018-06-01,1.0455336409889469,1.128165905754906,0.9267552189403683
2018-06-04,1.0443412888201486,1.139233356251474,0.9167053291491064
2018-06-05,1.0620633864259668,1.1505252208579055,0.9231117816209401
2018-06-06,1.0642322765908971,1.1481405843277894,0.9269180892285775
2018-06-07,1.060227144391045,1.1462436856803104,0.9249578930171262
2018-06-08,1.0474552442911826,1.130867708618363,0.9262402987621873
2018-06-11,1.0439525688050104,1.1309753937394973,0.9230550678501046
2018-06-12,1.0556219979305894,1.1447297142018646,0.922158291895652
2018-06-13,1.041072714629305,1.1334767592583428,0.9184773363244787
2018-06-14,1.036200512098537,1.1289976611436667,0.9178057207389367
2018-06-15,1.0260560373040688,1.123031582938329,0.913648425291361
2018-06-19,0.9776720724579051,1.0834442609263757,0.9023741300931971
2018-06-20,0.98682339888121,1.0877288107265026,0.9072329326480769
2018-06-21,0.9674340589975248,1.0750217561101656,0.8999204467247865
2018-06-22,0.9786765363232435,1.0797880145478662,0.9063598809559295
2018-06-25,0.9682092999951154,1.0653007201652789,0.9088600821042344
2018-06-26,0.9664280604837308,1.056513165592724,0.9147335707279579
2018-06-27,0.9513649116312934,1.0350155417813003,0.9191793487409464
2018-06-28,0.9436229100865442,1.0243250593162028,0.9212143171782481
2018-06-29,0.972751421002757,1.0504902302042873,0.9259975895383505
2018-07-02,0.95310176237876,1.0196664859996363,0.9347191218552023
2018-07-03,0.9578234399722897,1.0200614716587966,0.938985998966026
2018-07-04,0.9441566245468542,1.006438813082816,0.9381162692392739
2018-07-05,0.9316258114687065,1.0000628163206609,0.9315672938388595
2018-07-06,0.9359516291113723,1.0068487316396335,0.9295851498836308
2018-07-09,0.959696283852721,1.034991565016048,0.9272503431830775
2018-07-10,0.9659225897758738,1.0374869012898302,0.9310214794760436
2018-07-11,0.9488657934249113,1.0195378387357816,0.930682273255789
2018-07-12,0.9728866486860103,1.0415381333274996,0.9340864415379954
2018-07-13,0.9776727361226323,1.0450178490191497,0.9355560166175847
2018-07-16,0.9770097024649795,1.038854277984232,0.9404684787559866
2018-07-17,0.9756342007546034,1.0320593889051648,0.9453275763418821
2018-07-18,0.9713329075124707,1.0266558532857522,0.9461134462963187
2018-07-19,0.9656841271453781,1.025764226091361,0.941428939109218
2018-07-20,0.980418100928783,1.0450776507172799,0.9381294301489288
2018-07-23,0.9904692408368967,1.0549094565133335,0.9389139842490147
2018-07-24,1.007744191827706,1.071652740162182,0.9403644987416313
2018-07-25,1.0083776476071757,1.070467923399703,0.9419970702201571
2018-07-26,0.9984525161200488,1.0580510437289221,0.9436714060610646
2018-07-27,0.9936756520363719,1.0535570127165887,0.9431626765733225
2018-07-30,0.9835462029080743,1.0517169712522085,0.935181450706298
2018-07-31,0.9846703267165507,1.052488924942839,0.9355635991799424
2018-08-01,0.9663279052948086,1.0314640360088945,0.9368507980500018
2018-08-02,0.9456859328292936,1.0085960208805371,0.9376260794720159
2018-08-03,0.9271646788548833,0.9919365156950709,0.9347016307845057
2018-08-06,0.90387547710578,0.9793670821026834,0.9229179677605415
2018-08-07,0.9309759275852991,1.0079707320814515,0.9236140474662804
2018-08-08,0.9143467325103891,0.9917061424476448,0.9219936162275614
2018-08-09,0.9399264384211172,1.0165457908192685,0.9246277412290487
2018-08-10,0.9467089822356525,1.0187868471878725,0.9292512804310593
2018-08-13,0.9485761958480585,1.0143945421591105,0.9351156344246889
2018-08-14,0.9430965834641064,1.0091794555016826,0.934518215093147
2018-08-15,0.9200558601659781,0.9849650959291448,0.9340999635099393
2018-08-16,0.9133645168950111,0.9804022894585871,0.9316221786868769
2018-08-17,0.8973722652432439,0.9663068960051273,0.9286617625861198
2018-08-20,0.9055062954178579,0.9775658801937126,0.9262867227305688
2018-08-21,0.9238819024655135,0.9953384120609017,0.9282088295503098
2018-08-22,0.9160969833779641,0.9897433427494716,0.9255904473508045
2018-08-23,0.920901696528277,0.9933577349500402,0.9270594712534178
2018-08-24,0.9216682162198488,0.9949434965092423,0.926352319959395
2018-08-27,0.9476461511903819,1.0192506083052568,0.9297479378168494
2018-08-28,0.9487662250898257,1.017335692030088,0.9325989764465726
2018-08-29,0.9435085461776774,1.01326658257973,0.931155297528463
2018-08-30,0.9332249858328824,1.0026509048179204,0.9307576359314754
2018-08-31,0.9259572358443052,0.9976871535506396,0.9281037974167985
2018-09-03,0.9249976637231425,0.9938932861481807,0.9306810666846919
2018-09-04,0.9362747100839311,1.0064836818832892,0.9302433083982187
2018-09-05,0.9205283806323824,0.9868082221235575,0.9328341211542153
2018-09-06,0.9120160855949344,0.9762583753049412,0.9341954022264441
2018-09-07,0.9146660598886073,0.980674586991455,0.9326906927349358
2018-09-10,0.8971813747071057,0.9664415725140458,0.9283348318442359
2018-09-11,0.8973081512222134,0.964688254028079,0.9301534951581318
2018-09-12,0.8916474279439566,0.9580489334931505,0.9306909039530091
2018-09-13,0.8988530807651637,0.9683863545845294,0.9281967641425536
2018-09-14,0.8963314702780477,0.9700379470869249,0.9240169139462826
2018-09-17,0.8816730123374806,0.95891665402979,0.9194469703204157
2018-09-18,0.9012299522003485,0.9782180902730824,0.9212975727618761
2018-09-19,0.9142325535287942,0.9910987310612477,0.922443470944467
2018-09-20,0.9129370722720682,0.9903956229363422,0.9217902938276085
2018-09-21,0.9359089678383573,1.0204235067926108,0.9171769972058963
2018-09-25,0.930830157712899,1.0112409665608957,0.9204830386555009
2018-09-26,0.9400603848604496,1.022443093566382,0.9194256294317825
2018-09-27,0.9336795816366239,1.018358981110866,0.9168472011884548
2018-09-28,0.9425280980341467,1.028911842552014,0.9160435899895861
2018-10-08,0.9023094613961945,0.9846419704582416,0.9163833032389118
2018-10-09,0.8991029494978519,0.9839807165112769,0.9137404162610413
2018-10-10,0.897524965523718,0.9818594037539342,0.9141074191398675
2018-10-11,0.8432131170346,0.93473818949763,0.9020848046101341
2018-10-12,0.8498020406670809,0.9486869180595449,0.8957665848341998
2018-10-15,0.8350848056190064,0.9354382830000036,0.8927203651969877
2018-10-16,0.8181854723449888,0.9278146531547077,0.8818415074207296
2018-10-17,0.8255875338743818,0.9329848710116629,0.8848884473112334
2018-10-18,0.805206944165547,0.9108858650589052,0.8839822584286954
2018-10-19,0.8306777128099734,0.93798150269679,0.8856013795812523
2018-10-22,0.8734727910568996,0.9784694256632291,0.8926929837024182
2018-10-23,0.853641845406578,0.9524868147070673,0.8962243174663908
2018-10-24,0.8504029573525902,0.953913993099599,0.8914880833117194
2018-10-25,0.850488704965635,0.9557421162888536,0.8898725822276017
2018-10-26,0.8458057101617904,0.9495575831112151,0.8907366179842587
2018-10-29,0.8278845792437223,0.9206098455188231,0.8992784329578355
2018-10-30,0.8382104439281687,0.9305942052364833,0.9007260513890284
2018-10-31,0.8520627560428997,0.9436274700537561,0.9029651881524388
2018-11-01,0.8611715549897143,0.9505718984318984,0.9059509926711883
2018-11-02,0.8950968969427321,0.9844474922511931,0.909237825265685
2018-11-05,0.8927456442038388,0.9762463869223149,0.9144675526208932
2018-11-06,0.8887752721326374,0.970355113420265,0.9159278493415894
2018-11-07,0.884404716911562,0.9640000788008306,0.9174322039596912
2018-11-08,0.8773624628225886,0.9612653955195275,0.9127161623751237
2018-11-09,0.8717668435158362,0.9477025386416768,0.9198739139871065
2018-11-12,0.8901316747840695,0.9589824849729828,0.9282043089756191
2018-11-13,0.9015848955349454,0.9686287162145817,0.9307848099510773
2018-11-14,0.8946691677967288,0.9589226131673522,0.9329941285268138
2018-11-15,0.9086767664879929,0.9701217255503067,0.9366626296020132
2018-11-16,0.9162150201502772,0.9746995350260225,0.9399973912225332
2018-11-19,0.92466560542949,0.9857490380024013,0.9380334849763632
2018-11-20,0.8995533704494119,0.9629528830623009,0.934161355422426
2018-11-21,0.9030743943543874,0.9653704000102633,0.935469322805823
2018-11-22,0.9000149882694342,0.9617620370547583,0.9357979974189722
2018-11-23,0.8722765720559681,0.9405336961536708,0.9274272422382723
2018-11-26,0.8685652804503534,0.9398634684466116,0.9241398454244653
2018-11-27,0.870791009757861,0.9386666633015063,0.9276892892894363
2018-11-28,0.8858597926304693,0.9511404001553859,0.9313659607832326
2018-11-29,0.8689112309771321,0.9387893514277985,0.9255657082769534
2018-11-30,0.8805257979612435,0.9492733673032214,0.9275787442164506
2018-12-03,0.9082689715496449,0.9756808998213586,0.93090781188393
2018-12-04,0.9113796927603628,0.9777035012176616,0.932163679096273
2018-12-05,0.9059375760930203,0.9730030737231543,0.9310737042448275
2018-12-06,0.884293856231821,0.9519602372690206,0.9289188997732504
2018-12-07,0.8863484461134732,0.9519272867436736,0.931109401376096
2018-12-10,0.8751425174197907,0.9409166934302045,0.9300956434616676
2018-12-11,0.8812029617711603,0.9454226427176634,0.9320730453822214
2018-12-12,0.8828053749762297,0.9486510230191663,0.930590231344107
2018-12-13,0.8950641170668397,0.9633358102313336,0.9291299124984265
2018-12-14,0.8755581390274121,0.9472448067693552,0.9243208648602302
2018-12-17,0.8728700610896887,0.9458355758970125,0.9228560262832949
2018-12-18,0.8639993060303102,0.9360306913812426,0.9230459150387044
2018-12-19,0.8514942900055549,0.9248704886611978,0.9206632717172551
2018-12-20,0.8530805284074169,0.9177764508764799,0.9295079728758805
2018-12-21,0.8434532892808301,0.9064008078066659,0.9305522259207183
2018-12-24,0.8484042853863972,0.9090337651043974,0.9333033798683625
2018-12-25,0.837711581166428,0.9027744973309717,0.9279300463660632
2018-12-26,0.8326776675827164,0.898211690860414,0.9270394452170609
2018-12-27,0.8269300873551281,0.8947648555866101,0.9241870444419619
2018-12-28,0.8318886717529241,0.9007908055975784,0.9235092838242892
2019-01-02,0.821789717708268,0.8884905848080263,0.9249278852919188
2019-01-03,0.8176899406397587,0.8870843685582154,0.9217724600071086
2019-01-04,0.8427823468701731,0.9083366161170545,0.9278304231231898
2019-01-07,0.8521218543518353,0.9138509215876339,0.9324517098165676
2019-01-08,0.8506361115926997,0.9118762036143352,0.9328416601081345
2019-01-09,0.8543006002450657,0.921085595018833,0.9274931720407572
2019-01-10,0.8512021169416921,0.919353238675587,0.9258705806790076
2019-01-11,0.8551992699415506,0.9259626233077004,0.9235786071867882
2019-01-14,0.848250158033763,0.9178841359976138,0.9241364184945106
2019-01-15,0.8630056603810027,0.9358990996023563,0.9221139979167364
2019-01-16,0.8614631793397193,0.9360965223244357,0.9202717442007013
2019-01-17,0.8553182573040867,0.9309413074726385,0.9187671128549912
2019-01-18,0.867408557809321,0.9479209936139769,0.9150641916920736
2019-01-21,0.8713810198166574,0.953148068654031,0.9142136971930926
2019-01-22,0.8597316330204118,0.9404858127306658,0.9141356747575093
2019-01-23,0.8590332466497806,0.9398066112635121,0.914053206643081
2019-01-24,0.8638522438724732,0.945111505629386,0.914021508284571
2019-01-25,0.8664455268879945,0.9527979517953434,0.9093696362963036
2019-01-28,0.8652895470925983,0.9525915553131696,0.9083531575168433
2019-01-29,0.8607869688062374,0.9556403903052816,0.900743603492164
2019-01-30,0.8520502216577309,0.9480137458374539,0.8987741215767383
2019-01-31,0.852185407100889,0.9579322746119208,0.8896092445012648
2019-02-01,0.8728213067966137,0.9716267232686575,0.898309284722376
2019-02-11,0.8941998282281017,0.989300543774807,0.9038707537915264
2019-02-12,0.906047817620423,0.9964424649825294,0.9092826223903542
2019-02-13,0.9269974168960166,1.0163962515201928,0.9120433251397129
2019-02-14,0.9294564103255819,1.017925155896296,0.9130891450532861
2019-02-15,0.9201721616583382,0.9989438305013753,0.9211450469607474
2019-02-18,0.9547276552238593,1.0309703389886944,0.9260476457163418
2019-02-19,0.9549222951153953,1.0291361865543762,0.927887200539071
2019-02-20,0.9568084303659649,1.0328223688357008,0.926401731059111
2019-02-21,0.9566279021111883,1.030063778896646,0.9287074467717731
2019-02-22,0.9854535765159455,1.0532249134855907,0.9356534999296972
2019-02-25,1.0434495228514544,1.1158657550728552,0.9351030965040479
2019-02-26,1.0394438169082576,1.1024644959842065,0.9428365454801443
2019-02-27,1.0345309557714488,1.100579515611853,0.9399874712335662
2019-02-28,1.0282587003172377,1.097880727370928,0.9365850722050539
2019-03-01,1.045072496936078,1.1219185562566063,0.931504779119678
2019-03-04,1.0643533564668395,1.1352001418414945,0.9375909297723227
2019-03-05,1.079599508183559,1.14175561380554,0.9455609371476519
2019-03-06,1.0990739703031822,1.1513540317316353,0.9545925406194792
2019-03-07,1.100414729884179,1.1396133389054766,0.9656035887935945
2019-03-08,1.0496132812106875,1.0943531282562735,0.9591175408646441
2019-03-11,1.0828922870570852,1.1160063907193365,0.9703280340169852
2019-03-12,1.0972542399032637,1.1236061139068805,0.976547053564893
2019-03-13,1.0774005943198937,1.114282938028684,0.966900378306034
2019-03-14,1.0552511619591978,1.1065934772401949,0.9536032731649178
2019-03-15,1.0676772001704056,1.1205123400067953,0.9528473378204212
2019-03-18,1.0974785216689944,1.1524491108931694,0.9523010702124871
2019-03-19,1.097094601652567,1.1471263391146074,0.9563851550120829
2019-03-20,1.0973720221977084,1.1475691380892712,0.9562578722052929
2019-03-21,1.1062093303692002,1.1480029633038404,0.9635944903710333
2019-03-22,1.1028224455011422,1.1470784556916032,0.9614184976006912
2019-03-25,1.0803619129501918,1.1198600598199253,0.964729390495376
2019-03-26,1.0580284216398237,1.10717691186134,0.9556091807054666
2019-03-27,1.0639534498416152,1.12002761674669,0.9499350140419289
2019-03-28,1.0560915677950058,1.115542629601952,0.9467065980005089
2019-03-29,1.1017686604826826,1.1586096673055555,0.9509403309614519
2019-04-01,1.139280138367794,1.1890055454332,0.9581789948277414
2019-04-02,1.1399417918779073,1.1882155741148797,0.9593728753530838
2019-04-03,1.1617036702200658,1.2034360527401895,0.9653223098767066
2019-04-04,1.1689162527758716,1.215424996226463,0.9617345837094126
2019-04-08,1.1551546077987302,1.2139290423757068,0.9515833030389053
2019-04-09,1.156961076519485,1.2193744321730604,0.9488152662489833
2019-04-10,1.1517560315120585,1.2224921127308974,0.9421378015594529
2019-04-11,1.1285232642967586,1.196081635697729,0.9435169227712784
2019-04-12,1.1297039353428082,1.1934008650844938,0.946625705070881
2019-04-15,1.1161477197455147,1.189481294933211,0.938348273739089
2019-04-16,1.142743092722926,1.2224741652107085,0.9347789305027646
2019-04-17,1.1476567667454458,1.2229079904252778,0.9384653430437865
2019-04-18,1.1415330215521533,1.2183721753425043,0.9369329377792543
2019-04-19,1.1498720304554093,1.2328924202504388,0.9326620973319266
2019-04-22,1.1270509728900542,1.204468315581062,0.9357248823488893
2019-04-23,1.1189403677285934,1.2024935275002626,0.9305167488548907
2019-04-24,1.1298499117570342,1.205808630780179,0.9370059915942066
2019-04-25,1.0953280750065681,1.1793981537470106,0.9287178138499307
2019-04-26,1.0821892704296285,1.1636751445564082,0.9299754106565179
2019-04-29,1.0559486430652656,1.1669842886987618,0.9048524931237029
2019-04-30,1.0639502828021137,1.1708380279068513,0.9087083417543034
2019-05-06,0.9847734818990855,1.1024435338414864,0.8932643275321528
2019-05-07,0.9989607233319999,1.1132297831525926,0.8973535728652621
2019-05-08,0.9894423968760594,1.0973092811324099,0.9016987406275894
2019-05-09,0.974919242194997,1.077035383746375,0.9051877560455109
2019-05-10,1.0148253031080638,1.1161559300184123,0.9092146319478167
2019-05-13,0.9978629342734262,1.0976892637864122,0.909057751764246
2019-05-14,0.9927582112351035,1.0906340655571034,0.9102578422836956
2019-05-15,1.0137382941451223,1.1151506585653244,0.9090594946599662
2019-05-16,1.0191603745624838,1.1201981882959873,0.9098036269035578
2019-05-17,0.9829917263170824,1.0917142118209797,0.9004112208793653
2019-05-20,0.9730882150275937,1.082447963233383,0.8989699718413063
2019-05-21,0.9936916962205513,1.0971058291652669,0.9057391454902776
2019-05-22,0.9889292319731532,1.0918997162679334,0.9056960243137264
2019-05-23,0.9690472532950516,1.072325982491773,0.903687189452659
2019-05-24,0.9672045472761728,1.0753030274031288,0.8994716118413474
2019-05-27,0.9907684210816633,1.0882554582720503,0.910418977043149
2019-05-28,0.999038647448653,1.098745433285036,0.9092539701955539
2019-05-29,0.9967097496036316,1.096247082388722,0.9092017352801536
2019-05-30,0.9881616870851803,1.089446234172092,0.9070311650910599
2019-05-31,0.9883185195377016,1.086038378668699,0.9100217257047716
2019-06-03,0.9849377634564168,1.0867025771306946,0.9063544931098118
2019-06-04,0.9744173387135951,1.076667389474999,0.9050309763619174
2019-06-05,0.9725158731424473,1.0762604154332125,0.9036064684688729
2019-06-06,0.9601524724428077,1.0665573270085147,0.9002352223633849
2019-06-10,0.9680021675942725,1.0803385687511657,0.8960174112021657
2019-06-11,1.0053368113438341,1.1128139054582122,0.9034186276903834
2019-06-12,0.9972939564475591,1.1043823567744069,0.9030332206323695
2019-06-13,0.998206068949635,1.1026739771964134,0.9052594779534096
2019-06-14,0.9842994261718095,1.0935452795252654,0.9000993782343589
2019-06-17,0.9850907068967028,1.0935273320050765,0.9008377550933767
2019-06-18,0.9862206744432848,1.097357164555414,0.8987235025187488
2019-06-19,1.0021226794388747,1.1118145230351864,0.9013397996485425
2019-06-20,1.0282577487712858,1.1454986532699645,0.8976507705495765
2019-06-21,1.0401298580609937,1.1471203098695446,0.9067312723102964
2019-06-24,1.0401965057615614,1.1493134828151441,0.905058995056501
2019-06-25,1.0319659997456894,1.1373573496392162,0.9073366432045669
2019-06-26,1.029078090399557,1.1352689172997197,0.9064619621994571
2019-06-27,1.0402895266304801,1.147383633642318,0.9066623369274736
2019-06-28,1.0384244766676431,1.1446219589732307,0.907220474434327
2019-07-01,1.068244703924607,1.1776000365680723,0.9071371185057331
2019-07-02,1.0710308542218585,1.1780069405023579,0.909188916803088
2019-07-03,1.0611171630851768,1.1649496989198325,0.910869511421024
2019-07-04,1.0537750923956972,1.1588370259304508,0.9093384736732955
2019-07-05,1.05942888161293,1.164850987558793,0.909497345950834
2019-07-08,1.033674786698727,1.1378002187213807,0.9084853119999694
2019-07-09,1.0339392752747958,1.1349098967884383,0.9110320371693219
2019-07-10,1.030737485792476,1.1329979951358014,0.909743433101955
2019-07-11,1.0298530383664544,1.1325432077785114,0.9093278130964343
2019-07-12,1.0338099714421647,1.1395774438650994,0.90718711308974
2019-07-15,1.0433037211757208,1.1442031367638195,0.9118168685732891
2019-07-16,1.042529260379641,1.1390119567641435,0.9152926395447126
2019-07-17,1.0449499151731378,1.1383537174397105,0.9179483487112875
2019-07-18,1.0334838484519784,1.1275106810530062,0.9166067034387522
2019-07-19,1.0433417225859034,1.139347070617673,0.9157365209358705
2019-07-22,1.0302176337169535,1.1314840236573553,0.9105012639833189
2019-07-23,1.039351951266566,1.1339464795132912,0.9165793712880288
2019-07-24,1.0492214446307209,1.1428985763900792,0.9180354812801992
2019-07-25,1.0549590603667227,1.1522456589260273,0.9155678324273467
2019-07-26,1.0574366773332269,1.1544896598096621,0.915934299062985
2019-07-29,1.0571960437089822,1.1532031170636117,0.9167474732473051
2019-07-30,1.0625131662499603,1.1580052705416903,0.9175374182476209
2019-07-31,1.0552820427705347,1.147545161324019,0.9195995751077608
2019-08-01,1.0458879399515935,1.1380036706885233,0.9190549792504648
2019-08-02,1.0306134911666471,1.121239424896954,0.9191734327941281
2019-08-05,1.0117217793811355,1.0997716668808448,0.9199380288188047
2019-08-06,0.9974691612410193,1.0879951491218087,0.9167955960521893
2019-08-07,0.9950756737646848,1.0835370131498534,0.9183587285790906
2019-08-08,1.0053895721104997,1.097856820713177,0.9157747651077035
2019-08-09,0.9942758283342891,1.0871573644879848,0.9145647730607612
2019-08-12,1.011404968445841,1.1067759670646178,0.9138298974166209
2019-08-13,1.0060108746177632,1.0967976365920211,0.9172256039351513
2019-08-14,1.0115781194957951,1.1017793353794907,0.9181313235897394
2019-08-15,1.0148971488668375,1.1052500773110463,0.9182511448775216
2019-08-16,1.0220991756613187,1.1101988956806697,0.9206451020964703
2019-08-19,1.0506853768148614,1.1342995408870096,0.9262856405577289
2019-08-20,1.0504274723316809,1.133294199326421,0.9268797748687038
2019-08-21,1.048331549819745,1.131508000422608,0.9264906208601289
2019-08-22,1.0494689555940957,1.1350236111546361,0.9246230168960913
2019-08-23,1.053103911490631,1.1432067689633254,0.9211841112921324
2019-08-26,1.0433991384003864,1.1267656486426594,0.9260125560779218
2019-08-27,1.061660825897482,1.1420368850985037,0.9296204349878866
2019-08-28,1.0583963531567704,1.1377373322932187,0.9302642386037127
2019-08-29,1.0565422482647653,1.1340302579766741,0.9316702449807978
2019-08-30,1.0525604015761283,1.136842760583797,0.9258627824973898
2019-09-02,1.0719448651409684,1.1514228071898613,0.9309741464624406
2019-09-03,1.0759651123881877,1.1530056242340323,0.9331828828701296
2019-09-04,1.0870371868832123,1.162696724276104,0.9349275388730476
2019-09-05,1.0982117622025769,1.1744613237600146,0.9350769923071403
2019-09-06,1.1023969585080837,1.1813998631080946,0.9331277181697266
2019-09-09,1.1179289631120002,1.1887123558651136,0.9404537250716141
2019-09-10,1.1154587992384286,1.1846191995420026,0.9416180319124384
2019-09-11,1.1064559022872904,1.175891516775078,0.9409506629674332
2019-09-12,1.1141117895400277,1.1885417142083163,0.9373771035727878
2019-09-16,1.1144136920073213,1.1841555085321185,0.9411041742218054
2019-09-17,1.095109038737409,1.1642585791775542,0.940606372435758
2019-09-18,1.0993033262148542,1.1699015319119885,0.939654574533504
2019-09-19,1.1062753965823349,1.174180122574553,0.9421683907888616
2019-09-20,1.1097958214221297,1.177552083037568,0.9424600723896162
2019-09-23,1.0987651581278521,1.1640910222507894,0.943882511870396
2019-09-24,1.1002579456225288,1.1672087028086262,0.9426402861587688
2019-09-25,1.0850695435544893,1.158202763371271,0.9368562896500893
2019-09-26,1.0688645461608672,1.149274573152235,0.9300341024940465
2019-09-27,1.075870490698661,1.152718393803507,0.9333333244980337
2019-09-30,1.065756215555651,1.1413128148308778,0.9337985184312305
2019-10-08,1.0638211426994115,1.1482393657963317,0.9264802918175741
2019-10-09,1.0699979024352642,1.1499028765738526,0.9305115451344325
2019-10-10,1.0865353009106347,1.159297842532805,0.9372356792597831
2019-10-11,1.092414871459207,1.1703952289321882,0.933372628710964
2019-10-14,1.1055730285401912,1.182815053118,0.934696447788526
2019-10-15,1.093531273135942,1.177731558239458,0.9285063862690547
2019-10-16,1.0887400513535126,1.1736744371717265,0.9276337771972905
2019-10-17,1.0891378731913453,1.1744314579647,0.9273745741440125
2019-10-18,1.0738432811478293,1.1577239992487287,0.9275468780509591
2019-10-21,1.0746717548410791,1.1611528870023435,0.9255213218437359
2019-10-22,1.083835555445209,1.1656528771522399,0.9298098745254972
2019-10-23,1.0754603097132176,1.158232629166586,0.9285356694596595
2019-10-24,1.0728396359467558,1.1581100111477947,0.9263710922276477
2019-10-25,1.0857237090388228,1.1659251045776071,0.9312122234748176
2019-10-28,1.1003976041367332,1.174841306414017,0.9366350996761347
2019-10-29,1.0873397725658653,1.1699464007124614,0.9293928097079566
2019-10-30,1.080748944302814,1.1642615938000862,0.9282698579580457
2019-10-31,1.07763913007465,1.162921138385968,0.9266656994216462
2019-11-01,1.0904653020606365,1.1825607031053218,0.9221220519142491
2019-11-04,1.100136075445622,1.1902592077614063,0.9242827682171143
2019-11-05,1.1077526471069437,1.1976464351142122,0.9249412970542547
2019-11-06,1.1008461083017622,1.1922818091577092,0.9233103280167111
2019-11-07,1.1046581142569927,1.1943732561197373,0.9248851718647737
2019-11-08,1.0995203847833261,1.188730303385303,0.9249536094537827
2019-11-11,1.0777687029060539,1.1677772045321144,0.922923224330172
2019-11-12,1.0792841175495818,1.167989630259352,0.9240528251179138
2019-11-13,1.0777743757198648,1.1668795480926601,0.9236380717114774
2019-11-14,1.0849948780723877,1.1686388958236904,0.9284261220037966
2019-11-15,1.0758368413762938,1.1600308865605264,0.927420859082583
2019-11-18,1.0859970541745272,1.1692582254852135,0.9287914598367397
2019-11-19,1.1040065307094433,1.1809600086484626,0.9348382016533414
2019-11-20,1.0928537319619083,1.1692372633424928,0.9346723425814986
2019-11-21,1.0892838410147105,1.1637738559174495,0.9359927063802138
2019-11-22,1.0787911370197485,1.1519225334551253,0.9365136158800337
2019-11-25,1.0803437950078554,1.1603660004140561,0.9310370991759098
2019-11-26,1.0883363833117214,1.1643872264414097,0.9346859520589949
2019-11-27,1.0852378123343216,1.1595910321008938,0.9358797906259568
2019-11-28,1.0817167557778347,1.1556057011139182,0.936060418129765
2019-11-29,1.0772097360982982,1.1455435220704382,0.9403481538190408
2019-12-02,1.0816639582145442,1.1477546425362268,0.9424174105925286
2019-12-03,1.0869736915868806,1.1522516180635913,0.9433475072168586
2019-12-04,1.0858831809112306,1.1518716354095893,0.9427119720029445
2019-12-05,1.0956019829653387,1.1607100179201797,0.9439067174835754
2019-12-06,1.1014673341109218,1.1676006738452556,0.9433596252419613
2019-12-09,1.1012210867022232,1.1655242298883854,0.9448289949387666
2019-12-10,1.1035455609478566,1.1669992917039216,0.9456265901726325
2019-12-11,1.1037825159610952,1.1677083589663897,0.945255300679804
2019-12-12,1.100733144432869,1.1641987073719242,0.9454856266914063
2019-12-13,1.1201443425129687,1.1872970256402073,0.9434407046618946
2019-12-16,1.1345371767579013,1.1930806140211232,0.9509308620262391
2019-12-17,1.1495139593712997,1.2093123232370835,0.9505517617601749
2019-12-18,1.1482098738684599,1.2066134648886577,0.9515970998835264
2019-12-19,1.1446798960550084,1.2049290620759168,0.9499977484839582
2019-12-20,1.1408522417675102,1.2019668799547176,0.9491544740488109
2019-12-23,1.1239685552343037,1.1869620520016793,0.9469288031060943
2019-12-24,1.1362659099149492,1.194699396213173,0.9510893815771233
2019-12-25,1.1370920029810472,1.1940740373065863,0.9522793122157897
2019-12-26,1.1480436048448313,1.2045818897322602,0.9530639756671125
2019-12-27,1.1440954454814334,1.2033970729697812,0.9507214793684006
2019-12-30,1.1597818440854468,1.221229476642601,0.9496837951159796
2019-12-31,1.167773681070918,1.2257026156197146,0.9527381815045669
2020-01-02,1.1877833207515047,1.2423560915601173,0.9560731651904395
2020-01-03,1.187433600773396,1.2401779917271765,0.9574703056290137
2020-01-06,1.1877082584540741,1.2354924270228258,0.9613237867561054
2020-01-07,1.1978218348319207,1.244746757335297,0.962301631053186
2020-01-08,1.181319096862376,1.2304120168743162,0.9601004221848761
2020-01-09,1.197028342884564,1.245985416658343,0.9607081486514675
2020-01-10,1.197436671007074,1.2456294107695933,0.961310531570747
2020-01-13,1.2095255015141073,1.257839753743199,0.9615895012975115
2020-01-14,1.2074430761635617,1.253621104993766,0.963164285726959
2020-01-15,1.2014210574247015,1.2466915394057805,0.9636875036445209
2020-01-16,1.197782328905629,1.2413987035300338,0.9648651359950856
2020-01-17,1.199401434523773,1.2431370891183433,0.9648183173220352
2020-01-20,1.2097447104967567,1.2524062822209712,0.9659363160902068
2020-01-21,1.19264740254827,1.2310073697705872,0.9688385559954317
2020-01-22,1.2009537274599478,1.236279313611114,0.9714258859124788
2020-01-23,1.1639592073654814,1.1979725752076482,0.9716075571794528
2020-02-03,1.0682444147080765,1.1035625897682748,0.9679962193466395
2020-02-04,1.090058958774521,1.1326689105273373,0.9623809293635699
2020-02-05,1.1047054653609742,1.1455016678924983,0.9643857327535967
2020-02-06,1.129059550057418,1.166819746394531,0.9676383636343217
2020-02-07,1.1327212443678165,1.1668466676748144,0.970754149407651
2020-02-10,1.14249877487448,1.1716758125406774,0.975098028521277
2020-02-11,1.1478911166191819,1.182581735355544,0.9706653521704085
2020-02-12,1.161906448212856,1.1921472027562923,0.974633372058821
2020-02-13,1.1558170825486465,1.1848136777490519,0.9755264513357964
2020-02-14,1.1645890388928726,1.1931344565816904,0.9760752717086053
2020-02-17,1.1961678657927988,1.219969925284335,0.9804896342129182
2020-02-18,1.1954173192009863,1.2140127507315912,0.9846826719740802
2020-02-19,1.1885737242137688,1.212157706262053,0.9805438005909228
2020-02-20,1.2164536872838614,1.2400882541262315,0.9809412219140621
2020-02-21,1.2225023825402175,1.2415333099314516,0.9846714323014942
2020-02-24,1.2221820589436279,1.2365516111439818,0.9883793348608716
2020-02-25,1.2238017935743442,1.233861866770652,0.9918466779246223
2020-02-26,1.2035997067120943,1.2186534466354693,0.9876472347697073
2020-02-27,1.2034097972943827,1.222201867677843,0.9846244136255782
2020-02-28,1.1548273429774094,1.178868561686435,0.9796065316436692
2020-03-02,1.1950712276274733,1.2176510495899115,0.9814562456378264
2020-03-03,1.2022503203233208,1.2241407607182644,0.9821177097459778
2020-03-04,1.2100177896637525,1.2312287692579187,0.9827725113936784
2020-03-05,1.2325345870830007,1.2586595908568339,0.9792437892154394
2020-03-06,1.2157403136746268,1.2382480724468494,0.9818229002143762
2020-03-09,1.1683091711762608,1.1959470292963137,0.9768903994549701
2020-03-10,1.1959408766338218,1.2215587014660687,0.9790285765215364
2020-03-11,1.1782192413715555,1.2053119892449502,0.9775222115807821
2020-03-12,1.1515427976792887,1.1821179041306584,0.9741353156529213
2020-03-13,1.1376452971162934,1.165482305602944,0.976115460223783
2020-03-16,1.084863387595616,1.1153750726751894,0.9726444620943587
2020-03-17,1.082902673558412,1.1099415310454606,0.9756393857417152
2020-03-18,1.0621679039956229,1.0879741869790895,0.97628042715322
2020-03-19,1.0606693512687873,1.0738608460054408,0.9877158248336146
2020-03-20,1.0756521531807253,1.0930486379900364,0.98408443668042
2020-03-23,1.0280164627554753,1.0562738185852056,0.9732480770302735
2020-03-24,1.0512974521011877,1.084638051448952,0.9692610827148974
2020-03-25,1.0850425987798584,1.1137832818709241,0.9741954439801006
2020-03-26,1.0735746223134444,1.1064618153538108,0.9702771549962163
2020-03-27,1.0740504092391212,1.1100552454116588,0.9675648249748279
2020-03-30,1.0588939785611515,1.099298932003368,0.9632447987840922
2020-03-31,1.0617293616535877,1.102904350443842,0.9626667636466532
2020-04-01,1.057746576747636,1.099589177056425,0.9619470606096717
2020-04-02,1.0845520934269557,1.117376711928772,0.9706234986362337
2020-04-03,1.0751622473479783,1.1110007151666168,0.9677421739433679
2020-04-07,1.1069473501017935,1.13637297022135,0.9741056669855277
2020-04-08,1.1032679606285587,1.131083148968135,0.9754083611227419
2020-04-09,1.1092119346248204,1.1348142000499324,0.9774392447468621
2020-04-10,1.085673999741798,1.1277440689229663,0.9626953753599904
2020-04-13,1.07646987048873,1.1229807550002966,0.9585826521919744
2020-04-14,1.1056356814647779,1.1446549094985796,0.9659117977741482
2020-04-15,1.1019692099547533,1.1361755474992707,0.969893439777149
2020-04-16,1.106592133253105,1.1376775305950904,0.9726764425718021
2020-04-17,1.1153171793088383,1.1487808761320364,0.9708702525272959
2020-04-20,1.1204076185070748,1.152960755433561,0.9717656158086275
2020-04-21,1.1077433153979965,1.1393739918979584,0.972238547900087
2020-04-22,1.1146170661124435,1.1487479957141902,0.9702885839809217
2020-04-23,1.1086940516838109,1.1458666475413424,0.9675594049819917
2020-04-24,1.093416075796059,1.1360588185105414,0.9624643178507339
2020-04-27,1.0951431713463604,1.1437782152018459,0.9574786062463144
2020-04-28,1.0984615891612617,1.1516711980649788,0.9537979164599071
2020-04-29,1.1027099555021476,1.1570208911238242,0.953059675898398
2020-04-30,1.129978085336762,1.1706495088373676,0.965257386439261
2020-05-06,1.1446992022028462,1.1777315582394594,0.9719525593030793
2020-05-07,1.1428142048372356,1.1743326764961606,0.9731605257268612
2020-05-08,1.1564372598613382,1.1859208154007126,0.9751386811357956
2020-05-11,1.1560411695704955,1.1848914970748712,0.975651502626529
2020-05-12,1.1543652158013282,1.1849094445950603,0.9742223096177864
2020-05-13,1.1584810185252015,1.187305999400302,0.9757223656836067
2020-05-14,1.1439265901452023,1.1744314579647008,0.9740258423660043
2020-05-15,1.1429720433979327,1.1707212989181235,0.9762973001808081
2020-05-18,1.140179956783432,1.1737402681149207,0.9714073784097158
2020-05-19,1.1513973837537483,1.1837156540724862,0.972697606720373
2020-05-20,1.142160601455849,1.1774235058812141,0.9700507894999315
2020-05-21,1.1310578501374642,1.1710115439711801,0.9658810418740849
2020-05-22,1.109687393890175,1.1441642271009107,0.9698672337465983
2020-05-25,1.1061257939139115,1.1457380002774864,0.9654264706643393
2020-05-26,1.1252882761141187,1.1587383145694121,0.9711323617811641
2020-05-27,1.1153717957858673,1.1506120139438218,0.9693726314944638
2020-05-28,1.115180291331789,1.153909169703549,0.9664368050895116
2020-05-29,1.124153042907396,1.1570178765012915,0.9715952240139318
2020-06-01,1.1590122623593406,1.1882305771200392,0.9754102315465436
2020-06-02,1.1618461935465245,1.1918897680135798,0.9747933279793766
2020-06-03,1.1628001866942745,1.1919137447788324,0.9755741065894328
2020-06-04,1.1615818842776668,1.191476975049232,0.9749092165458507
2020-06-05,1.166698041374426,1.1971796593742956,0.9745388106445102
2020-06-08,1.1693978909419471,1.2033732364195293,0.9717665771106302
2020-06-09,1.1788736633426673,1.2108771226535642,0.9735700190282205
2020-06-10,1.181002561678613,1.2086869643304963,0.9770954734609735
2020-06-11,1.173553960585646,1.1955729356723728,0.9815829093903471
2020-06-12,1.1767683668618105,1.1977271989550624,0.9825011637779145
2020-06-15,1.166923574768876,1.1833386159335146,0.986128196153145
2020-06-16,1.186224057100103,1.2011651305762723,0.9875611828083944
2020-06-17,1.1901323864382045,1.2020686760457888,0.9900702099260678
2020-06-18,1.1984876331486363,1.2100842068202124,0.9904167217403416
2020-06-19,1.2119282788898684,1.2263398928014253,0.9882482711390598
2020-06-22,1.2131863315784317,1.2273392051169505,0.9884686535885814
2020-06-23,1.2189488054133735,1.2332454816241583,0.9884072746068719
2020-06-24,1.2236065050462661,1.2383916526083603,0.9880610083805451
2020-06-29,1.2128836670724148,1.2296341040461214,0.9863777062472575
2020-06-30,1.2331427208893424,1.2458627285320494,0.9897902013188127
2020-07-01,1.2517645340207884,1.2709418641261954,0.9849109305101127
2020-07-02,1.2765748488890736,1.2972895248387022,0.9840323416222727
2020-07-03,1.2970174067716358,1.3223505726976577,0.9808423224150453
2020-07-06,1.3592394344725467,1.3972975942120374,0.9727630249295947
2020-07-07,1.3740649729310583,1.4056872186104012,0.9775040668644599
2020-07-08,1.3994574426421744,1.428387606704493,0.9797462790026128
2020-07-09,1.4270461030534218,1.448365299899908,0.9852805111749368
2020-07-10,1.4145989060402488,1.4221432718287244,0.9946950733179124
2020-07-13,1.4500876521463049,1.4520125725183228,0.9986743087432918
2020-07-14,1.4389240780716197,1.4381684443475096,1.0005254139228823
2020-07-15,1.4132784735031338,1.4195522388164343,0.995580461823278
2020-07-16,1.3517889951878839,1.351268514602236,1.0003851792445568
2020-07-17,1.3582716457134074,1.3597806869118905,0.9988902319226859
2020-07-20,1.4041824994066616,1.4003524584492126,1.0027350549744387
2020-07-21,1.4054115464850445,1.4035659058530583,1.0013149654207827
2020-07-22,1.4128516050936144,1.4105702060368313,1.0016173594529498
2020-07-23,1.4098460671305029,1.409968823895497,0.999912936539508
2020-07-24,1.3465255487675793,1.3480789037486414,0.998847726956677
2020-07-27,1.3515631325146242,1.354918731735682,0.9975233944719628
2020-07-28,1.3607338744804593,1.3668298558961358,0.9955400583405608
2020-07-29,1.3963365924114362,1.3999664465501471,0.9974071849024269
2020-07-30,1.3891842392056417,1.3931267587781082,0.9971700209276545
2020-07-31,1.4025352760925007,1.4047657256206958,0.998412226688397
2020-08-03,1.4329489509995694,1.4275827725960164,1.003758926281938
2020-08-04,1.4327779687154811,1.4289261725251658,1.0026955879627486
2020-08-05,1.4366684195087094,1.4293180734542936,1.0051425544747026
2020-08-06,1.4435252413218667,1.4250245498940721,1.012982717686632
2020-08-07,1.4237270901739512,1.4086193947212848,1.0107251792139746
2020-08-10,1.4333911632705174,1.4136878865946687,1.0139375012424492
2020-08-11,1.4128881248886218,1.4007952574238771,1.008632858657006
2020-08-12,1.404128025292916,1.3905804543512896,1.0097423855622554
2020-08-13,1.4036908780809194,1.3870110010586945,1.0120257712516292
2020-08-14,1.4256435830965113,1.407632000680885,1.0127956613709506
2020-08-17,1.4664748308904676,1.4407237225344234,1.0178737310653458
2020-08-18,1.4647133838589923,1.439984649261639,1.0171729154265867
2020-08-19,1.4458448389974043,1.4184181798844901,1.0193360882579408
2020-08-20,1.4233353301750296,1.4000083708355888,1.0166620141888996
2020-08-21,1.4353560051814342,1.4118835999556647,1.0166248869428802
2020-08-24,1.4419641465539685,1.4229570796972961,1.0133574421378302
2020-08-25,1.4363216843713513,1.42478225837152,1.0080990803556331
2020-08-26,1.411295334410596,1.4080808289006121,1.0022828984274246
2020-08-27,1.4204163728741839,1.4156266394200885,1.0033834722523005
2020-08-28,1.453263535640398,1.4494125657459387,1.0026569176958098
2020-08-31,1.4438064428887951,1.4410198566175425,1.0019337598010574
2020-09-01,1.4519631778000113,1.4487692593191632,1.002204573613295
2020-09-02,1.447645007167867,1.4492988513797413,0.9988588659886815
2020-09-03,1.4378243010599667,1.4412831803903163,0.9976001389751784
2020-09-04,1.42700419705103,1.4272566325025817,0.9998231324025386
2020-09-07,1.3911500318044845,1.3970822239697698,0.995753870413991
2020-09-08,1.40025907716907,1.4045681626836155,0.9969320922764529
2020-09-09,1.363346318528928,1.3717159280525995,0.9938984381878881
2020-09-10,1.3531635765594632,1.3709349304943736,0.9870370551223011
2020-09-11,1.3674116127850822,1.3844888136121298,0.9876653385284542
2020-09-14,1.370105942816825,1.391600798917037,0.9845538633515161
2020-09-15,1.382890741368974,1.4027999112999914,0.985807548339116
2020-09-16,1.3759199347990112,1.393488793911922,0.9873921776840486
2020-09-17,1.3718739462732257,1.3861134848342416,0.9897270038010497
2020-09-18,1.4067217837499018,1.4173441329731786,0.9925054551141407
2020-09-21,1.3984065369225196,1.403682564734288,0.9962412956146055
2020-09-22,1.3786125252321035,1.387026004063853,0.993934159268032
2020-09-23,1.3872064182916775,1.3919837260860701,0.996567985885995
2020-09-24,1.3580071252242005,1.3652771149697829,0.9946750812228012
2020-09-25,1.359083281292936,1.3673565034416841,0.9939494768716688
2020-09-28,1.3563663632521137,1.3709140384591538,0.989388338875433
2020-09-29,1.364283029896472,1.3738731358503207,0.9930196568346807
2020-09-30,1.3625004956290592,1.372556657201455,0.9926734087663095
2020-10-09,1.3952118655485592,1.4006037237318607,0.9961503328229522
2020-10-12,1.4391433590146026,1.4430963005744137,0.997260791564473
2020-10-13,1.4467245769170198,1.4478955796449622,0.9991912381359508
2020-10-14,1.4359536227512375,1.4382911324738035,0.9983748007132982
2020-10-15,1.4301415501766552,1.4357898370624587,0.9960660768449514
2020-10-16,1.4261964608247497,1.4336774980652105,0.9947819246304997
2020-10-19,1.4140676182745429,1.4228493945761636,0.9938280352544012
2020-10-20,1.4259975001266039,1.434213119370852,0.994271688681908
2020-10-21,1.4209564009975726,1.4340215856788348,0.9908891296952985
2020-10-22,1.4118363216733119,1.4295784527120374,0.9875892568154849
2020-10-23,1.3905545550661185,1.4117789995645647,0.9849661706931521
2020-10-26,1.3876890963207174,1.4036256374436893,0.9886461598464418
2020-10-27,1.3943589696526033,1.4060313062240268,0.9916983807403477
2020-10-28,1.406472416205704,1.4173979755337465,0.9922918195759888
2020-10-29,1.4134782688593017,1.4280644111260905,0.9897860753666657
2020-10-30,1.3837608900091078,1.4048494339765787,0.9849887514936192
2020-11-02,1.3871048478735055,1.4124790930669382,0.9820356667097018
2020-11-03,1.4068935886130864,1.429452820070714,0.9842182748945072
2020-11-04,1.4138756970737025,1.4402540022794774,0.9816849630939917
2020-11-05,1.4344486344120053,1.46163188247964,0.9814021243012854
2020-11-06,1.426019307445699,1.4618144424115629,0.9755132156809092
2020-11-09,1.4569192302786498,1.4904269960429248,0.9775180093669545
2020-11-10,1.44904608552784,1.4822080133013584,0.9776266708343749
2020-11-11,1.4311438424743648,1.4675530217770048,0.9751905527348147
2020-11-12,1.4343286436988536,1.4686182351432242,0.9766518005674725
2020-11-13,1.4250319316664182,1.453176497245584,0.9806323831740243
2020-11-16,1.4369921348076717,1.4673347070197054,0.9793213013589366
2020-11-17,1.431482530979003,1.4645281635501455,0.9774359869659065
2020-11-18,1.4292566530072313,1.463594612070313,0.9765386133701945
2020-11-19,1.4393180355873536,1.4744616953297704,0.9761650913999792
2020-11-20,1.4522814768706,1.4790394346979856,0.9819085568649158
2020-11-23,1.4665610473787651,1.4975120600675487,0.9793317105657317
2020-11-24,1.459416900403191,1.488314657045677,0.9805835704797476
2020-11-25,1.4370944619756114,1.4692884628502836,0.9780887132182208
2020-11-26,1.4339872204144073,1.4719483414282988,0.9742102898957337
2020-11-27,1.448529939556775,1.4902535500860985,0.9720023411271773
2020-11-30,1.4508011458782843,1.4841138156014317,0.9775538308632701
2020-12-01,1.4787545558131905,1.516083537013153,0.9753780182367098
2020-12-02,1.4747927874852638,1.5160954552882786,0.972757211520589
2020-12-03,1.4751496781801496,1.5130795708215137,0.9749319907737765
2020-12-04,1.4802784866998284,1.5157304756394343,0.9766106247057875
2020-12-07,1.4700922788462454,1.5026613157817834,0.978325763368312
2020-12-08,1.469469643978215,1.4989632853328339,0.9803239734800642
2020-12-09,1.4482639239458512,1.4788629040111265,0.979309116496004
2020-12-10,1.4478159649795044,1.4782106238242563,0.9794382083615945
2020-12-11,1.434351607670886,1.4629842561688844,0.9804286010753261
2020-12-14,1.4426276969631115,1.476511218006357,0.9770516331809544
2020-12-15,1.4514762296086714,1.479580945033689,0.981004949057128
2020-12-16,1.4501254146991154,1.4822049285713261,0.9783568970431561
2020-12-17,1.4669674754741766,1.5012371520117829,0.9771723764685133
2020-12-18,1.4732717756031706,1.4959981586966031,0.9848085487530058
2020-12-21,1.4929235319981866,1.5100217620693066,0.9886768320161897
2020-12-22,1.4589724645288178,1.4854663295056765,0.9821646142691938
2020-12-23,1.4801573008347637,1.4981374189741348,0.9879983518790398
2020-12-24,1.4746646403845893,1.496013161701761,0.9857297235988973
2020-12-25,1.4958885772355839,1.508576566049085,0.9915894299970928
2020-12-28,1.5012827881615853,1.5152787029046755,0.9907634716199331
2020-12-29,1.4868017669667444,1.5088548928270167,0.985384197005881
2020-12-30,1.507871670276767,1.5300293210600362,0.9855181528364972
2020-12-31,1.5332397150258399,1.5592254495275446,0.9833342032035338
2021-01-04,1.5565666655533232,1.5761092987153738,0.9876007119696718
2021-01-05,1.5759932812726478,1.6062628152129657,0.9811553043165576
2021-01-06,1.58636069586611,1.6209745938129176,0.9786462427733753
2021-01-07,1.6142308658564894,1.6496949727804149,0.9785026277529635
2021-01-08,1.6202437379841443,1.6442404690079653,0.9854055830177327
2021-01-11,1.6017948248100888,1.6280028707619427,0.9839017200629456
2021-01-12,1.6339815678704808,1.6744359097909989,0.9758400177134474
2021-01-13,1.629622933722954,1.6689365372180767,0.9764439194550477
2021-01-14,1.6019905282484574,1.6367693930842762,0.9787515180924281
2021-01-15,1.6002502173739819,1.6330653333902632,0.9799058155572032
2021-01-18,1.620322059511396,1.6511490023457296,0.981330005474649
2021-01-19,1.5948856142895804,1.626913680630471,0.9803136043895834
2021-01-20,1.6126451862326403,1.638555732203091,0.9841869608331154
2021-01-21,1.6397989691798938,1.66504697307711,0.9848364614899985
2021-01-22,1.6460992363772,1.6664861398522681,0.9877665328336451
2021-01-25,1.6577764877235128,1.6832833361691846,0.9848469667003772
2021-01-26,1.6331769991001166,1.6494884360832398,0.9901112147097829
2021-01-27,1.643622163653324,1.6539855518256055,0.9937342934097321
2021-01-28,1.5966395973676675,1.6088479591951936,0.99241173675999
2021-01-29,1.585996667407613,1.6013140669508428,0.9904344813679201
2021-02-01,1.6087907408494158,1.620968564567854,0.99248731654356
2021-02-02,1.6402202917834587,1.6459339857958024,0.9965286007448342
2021-02-03,1.63048126151914,1.6411797157407282,0.9934812415002585
2021-02-04,1.6156107222466718,1.6378137144152758,0.9864435179818172
2021-02-05,1.6005745771200561,1.6406440944350869,0.9755769594082331
2021-02-08,1.632694588613772,1.6649242849508181,0.9806419447248328
2021-02-09,1.6770489627439833,1.701334054599304,0.9857258533151266
2021-02-10,1.7049083132545952,1.7376780634120974,0.9811416447916965
2021-02-18,1.7123256497490311,1.7259075748981247,0.9921305605545562
2021-02-19,1.7180067857355534,1.7290371737310872,0.9936205026918355
2021-02-22,1.6826600772668183,1.6747290993590873,1.0047356780931114
2021-02-23,1.672177414969357,1.669445237243435,1.0016365782266887
2021-02-24,1.631943851909687,1.6269286836356294,1.0030825987177572
2021-02-25,1.6353168888432006,1.6365001802814412,0.999276937789254
2021-02-26,1.596761679886542,1.596766193377943,0.9999971733548596
2021-03-01,1.629621732208609,1.6213067631514164,1.005128560027117
2021-03-02,1.6121005232043117,1.6006169179635006,1.0071744869818207
2021-03-03,1.6351212109586897,1.631309000281765,1.0023369028652855
2021-03-04,1.5761671661459384,1.5799959183413097,0.9975767328567591
2021-03-05,1.5701631957811193,1.5746373216298701,0.997158630887702
2021-03-08,1.5045322174484241,1.5199492646038681,0.9898568672557225
2021-03-09,1.4648309995582947,1.4873303477353095,0.9848726624779266
2021-03-10,1.4757643785435044,1.4970872086130735,0.9857571222658946
2021-03-11,1.5161282659177504,1.534370798150763,0.9881107407316415
2021-03-12,1.5180824232099566,1.539804269672991,0.9858931119423071
2021-03-15,1.479928181346415,1.5066407577386962,0.9822701090123341
2021-03-16,1.4860708012177528,1.5197517016667872,0.9778378925898916
2021-03-17,1.5015597531311686,1.526184625719542,0.9838650762342966
2021-03-18,1.5192543846169666,1.5384249747034635,0.9875388202858627
2021-03-19,1.4803331281562628,1.4981284452140402,0.9881216346204315
2021-03-22,1.4973888362110805,1.5131064921017965,0.9896123267114642
2021-03-23,1.4741461598583774,1.4987746961558468,0.9835675526410752
2021-03-24,1.4387101463285872,1.474671036326975,0.9756142969431629
2021-03-25,1.4460309281003978,1.4739709428246013,0.9810443924554839
2021-03-26,1.4858915620678042,1.507373801766417,0.9857485650384537
2021-03-29,1.4894880130906314,1.5100336803444323,0.9863939013273435
2021-03-30,1.5071287716638546,1.524350473285224,0.9887022689839471
2021-03-31,1.4941150116253414,1.5104764793190961,0.9891680089575905
2021-04-01,1.5133825633249016,1.5291526968708034,0.9896870119130855
2021-04-02,1.5250700995299842,1.5443461140008279,0.9875183326483034
2021-04-06,1.5258616372548426,1.5379970385189563,0.9921096068716753
2021-04-07,1.5238778692421135,1.5270462469036172,0.9979251593277361
2021-04-08,1.52491597334079,1.5295804928403094,0.9969504582979757
2021-04-09,1.507055665147501,1.5065808859330658,1.0003151368896739
2021-04-12,1.472503666604997,1.4803738608670403,0.9946836441320075
2021-04-13,1.4697626170451674,1.4779473000514824,0.9944621279757202
2021-04-14,1.4877405039587221,1.4902116258006566,0.9983417644855598
2021-04-15,1.4840560924822928,1.4807388405158843,1.002240268084852
2021-04-16,1.4874858243345872,1.4858880962301189,1.0010752681231663
2021-04-19,1.5266090387220406,1.5220436560809274,1.0029995083405614
2021-04-20,1.5278994864635087,1.5209515214344245,1.0045681699457005
2021-04-21,1.5303331363842534,1.525550293052861,1.0031351593934155
2021-04-22,1.531360661131139,1.5227078545429231,1.0056825126122524
2021-04-23,1.5368624646553992,1.5365340351935473,1.0002137469488663
2021-04-26,1.5288483788658078,1.5191175092151077,1.006405606934073
2021-04-27,1.5288117974213808,1.523090781711956,1.003756188257534
2021-04-28,1.543772328199993,1.5316838580774628,1.007892274935706
2021-04-29,1.54867017123591,1.5451269713440525,1.002293144807883
2021-04-30,1.5371802588186059,1.5329554679258561,1.0027559775747863
2021-05-06,1.5272090427077532,1.5142943935943083,1.0085284929852978
2021-05-07,1.5119652358817366,1.4948252602092496,1.011466206872961
2021-05-10,1.5187962899585874,1.4937391548078103,1.0167747729381849
2021-05-11,1.5184221301640484,1.5029066920343674,1.0103236203630706
2021-05-12,1.5273662390255716,1.50933653135709,1.011945452385142
2021-05-13,1.5084595267438499,1.4939037672195443,1.0097434385291073
2021-05-14,1.5399246093326682,1.5290957695802043,1.007081858421096
2021-05-17,1.5651631273372002,1.551356443429665,1.0088997496133203
2021-05-18,1.5678985640910355,1.5521373007728894,1.0101545548259794
2021-05-19,1.564362352750814,1.5475505876445799,1.010863467236843
2021-05-20,1.5605909830018572,1.5517812948841396,1.0056771454500457
2021-05-21,1.5520298778580726,1.5361449385644497,1.010340781585667
2021-05-24,1.5548924426579305,1.5425599150970153,1.0079948450884901
2021-05-25,1.5905596847653436,1.5912968268153367,0.999536766467719
2021-05-26,1.5928707061214702,1.591928074751985,1.0005921318836166
2021-05-27,1.6037665095779419,1.5972060478375754,1.0041074611189011
2021-05-28,1.5924795990186562,1.5920776841585609,1.0002524467644351
2021-05-31,1.6021647213206478,1.5952133122365868,1.004357667423371
2021-06-01,1.6096974777610384,1.5982383106784475,1.0071698738580022
2021-06-02,1.5925145457303271,1.5827665667704913,1.0061588228892944
2021-06-03,1.5817550063562098,1.5723902360162028,1.0059557545738351
2021-06-04,1.589123408168842,1.5804657788112586,1.0054778973854752
2021-06-07,1.5928932566852612,1.5790744253516042,1.008751222305801
2021-06-08,1.582260279786468,1.5654577259131863,1.0107333169047923
2021-06-09,1.5842965385423529,1.566753312526832,1.0111971845696803
2021-06-10,1.5942313283864256,1.5772312991571913,1.010778399616035
2021-06-11,1.5845165375474177,1.5632377017948036,1.0136120282463654
2021-06-15,1.564062993908369,1.545842067851584,1.0117870553763026
2021-06-16,1.5373687723625833,1.5200899002503494,1.0113670067207132
2021-06-17,1.5471303300446702,1.5264928182927882,1.013519560331088
2021-06-18,1.554483988484399,1.526666264249615,1.0182212215506425
2021-06-21,1.5568808639264367,1.5230519421565472,1.0222112725334829
2021-06-22,1.5689063001666157,1.532557537751665,1.0237177146825274
2021-06-23,1.5870220243585305,1.5401064330011738,1.030462564373511
2021-06-24,1.587772979601761,1.5426736294632128,1.0292345375439138
2021-06-25,1.612673522244169,1.5678064674029246,1.0286177253213955
2021-06-28,1.623766546164623,1.57133413662508,1.0333680840487292
2021-06-29,1.6052863754086806,1.5530170096921547,1.03365666015911
2021-06-30,1.6166120510292485,1.5630402790727247,1.0342740828075816
2021-07-01,1.6062420953407894,1.5647217373704347,1.0265352982442304
2021-07-02,1.5729751743136107,1.5202783492123346,1.034662616308769
2021-07-05,1.5810584608423746,1.5216755917020512,1.039024657728722
2021-07-06,1.5796385138252111,1.5208707575935743,1.0386408614527005
2021-07-07,1.6021134481160313,1.5380419073194294,1.0416578641269072
2021-07-08,1.5946041938877253,1.5224146649748354,1.0474177834552607
2021-07-09,1.5953602083644707,1.5167836305155264,1.0518047375170034
2021-07-12,1.6161857482493576,1.5357141980799127,1.0524000821702746
2021-07-13,1.6228953444138225,1.5385236860645037,1.0548393626393486
2021-07-14,1.6061984970665322,1.5208647283485106,1.0561087170524919
2021-07-15,1.6174369020877468,1.5413242002890002,1.0493813707618913
2021-07-16,1.6112393124768452,1.52436239156035,1.0569923014353348
2021-07-19,1.6147370757205017,1.5299635602243442,1.0554088461320783
2021-07-20,1.615170375642538,1.5286170755651622,1.0566219633817548
2021-07-21,1.6348590452891965,1.5391041761706177,1.0622146769537215
2021-07-22,1.6367520329990097,1.5414109933749143,1.061853094362164
2021-07-23,1.6186366132875374,1.5227049100278924,1.063000849756167
2021-07-26,1.5730764300197928,1.4736567210062923,1.0674646324319081
2021-07-27,1.5243115015067639,1.421598676762991,1.0722516322100497
2021-07-28,1.513926480352459,1.4243424039118893,1.0628950427892419
2021-07-29,1.550097772709256,1.4512077384098485,1.0681432655587721
2021-07-30,1.5451120317162337,1.4395088997616305,1.073360527310453
2021-08-02,1.5852575667225837,1.47618199318289,1.0738903292706539
2021-08-03,1.5792024092749133,1.4763975036401598,1.0696322673137018
2021-08-04,1.5963205334124673,1.489679089225048,1.0715868571686105
2021-08-05,1.5818637283747055,1.4806491029149396,1.068358279662957
2021-08-06,1.5700341572505552,1.4725378052945073,1.0662097445685266
2021-08-09,1.589805546578118,1.4916866876161927,1.0657771231562878
2021-08-10,1.604045222327018,1.5089177091476784,1.0630435394870361
2021-08-11,1.5962882528552098,1.5005969303150397,1.0637688379917454
2021-08-12,1.593742763386073,1.4880333857527142,1.0710396545168146
2021-08-13,1.5779619471658657,1.4798442688064624,1.0663027052424496
2021-08-16,1.5783718344465447,1.4783752362359897,1.067639524634592
2021-08-17,1.5447498711242944,1.4473570138242902,1.0672901408358586
2021-08-18,1.5589582586991144,1.4643635511384117,1.064597829881223
2021-08-19,1.5605258497686172,1.4547592441822543,1.0727038553006867
2021-08-20,1.5324498755602347,1.4269724166945896,1.0739169570705305
2021-08-23,1.5630782251175923,1.4469021563594995,1.0802929681509352
2021-08-24,1.576573742634421,1.4626132472749764,1.077915672903802
2021-08-25,1.5846059828827816,1.4655364496257652,1.0812463813420823
2021-08-26,1.5531100479054036,1.436648513731503,1.0810647371717994
2021-08-27,1.5597442663817391,1.4442572807866425,1.079962889667549
2021-08-30,1.5565356925790852,1.4401372031832478,1.0808245833373047
2021-08-31,1.5562854246038995,1.4378453889841092,1.0823732763808998
2021-09-01,1.565291287792385,1.4569494025053225,1.0743621467573008
2021-09-02,1.5649367500810984,1.4569343995001645,1.0741298651593283
2021-09-03,1.554999339766832,1.4490505306121275,1.0731160210886146
2021-09-06,1.5929836964392647,1.4761790486678588,1.0791263416702828
2021-09-07,1.6119805822594941,1.4938618429341028,1.0790693864255838
2021-09-08,1.6114435859819927,1.4876684061038705,1.08320078545076
2021-09-09,1.612293744665174,1.4870340734371894,1.0842345669581426
2021-09-10,1.618936826789754,1.5000523352493043,1.0792535625236646
2021-09-13,1.6102415524947207,1.4935118662904168,1.0781578565520453
2021-09-14,1.589066664726102,1.4712213266456415,1.0801003465257983
2021-09-15,1.5783359599445208,1.456309040593578,1.0837919122586823
2021-09-16,1.5492038755039697,1.438470747890696,1.0769797562971979
2021-09-17,1.5654670041888894,1.4529041997127161,1.0774743472408095
2021-09-22,1.5713003268716976,1.442680422880034,1.0891534271567216
2021-09-23,1.5911460459429543,1.4520843625990811,1.095766945038212
2021-09-24,1.5802166567644227,1.4509563329122002,1.0890862949629816
2021-09-27,1.558683350240157,1.4593160915152494,1.068091662459318
2021-09-28,1.5652103187787307,1.4612489553106074,1.0711455519542357
2021-09-29,1.5306843981068454,1.4463187217383546,1.0583313173648823
2021-09-30,1.5478517154795204,1.4560279095156168,1.063064591937974
2021-10-08,1.54952891504589,1.4750451299509155,1.0504959364175204
2021-10-11,1.5431356301264383,1.4769150372106103,1.0448371038600135
2021-10-12,1.5125549494855224,1.4612518998256383,1.0351089703739689
2021-10-13,1.5244020436994796,1.478087935697964,1.0313337974574874
2021-10-14,1.5237025874331822,1.470159057794453,1.0364202290594704
2021-10-15,1.52910268083075,1.4756943254077532,1.0361920178884196
2021-10-18,1.5326785577605768,1.458541123202087,1.0508298555173599
2021-10-19,1.5461445185221283,1.4728848374231622,1.049738906421995
2021-10-20,1.5440944629664641,1.469132824198644,1.051024412179143
2021-10-21,1.5450100321346305,1.4744706690898648,1.0478404654114326
2021-10-22,1.540763578405413,1.4839583171647934,1.0382795531273075
2021-10-25,1.5631919972634576,1.4898794564621578,1.0492070284500643
2021-10-26,1.5603997117521786,1.4849666032404132,1.0507978484816827
2021-10-27,1.545350734826412,1.465536449625765,1.0544607984475773
2021-10-28,1.5239604874693442,1.4553576818085572,1.0471381066787204
2021-10-29,1.5392834970327718,1.4687110574742017,1.0480505945668688
2021-11-01,1.528924002203941,1.4633014225022247,1.044845565440306
2021-11-02,1.5123252324148737,1.448090057852011,1.0443585495353407
2021-11-03,1.5171496788794345,1.4424830001579547,1.0517626056690468
2021-11-04,1.5274987575733365,1.4567338920480521,1.0485777573457804
2021-11-05,1.5057257004954936,1.4488379646698883,1.0392643878838217
2021-11-08,1.5088260762555734,1.4505823795032613,1.0401519400589003
2021-11-09,1.5109439652367957,1.450151498803723,1.041921458884277
2021-11-10,1.50519181933063,1.442506976923207,1.0434554864622745
2021-11-11,1.5298396476839917,1.46568311451731,1.0437724447605514
2021-11-12,1.5298692844605264,1.462607218029913,1.0459877851014665
2021-11-15,1.5263896234681185,1.460815130096038,1.0448889746697583
2021-11-16,1.5225386024840457,1.461096261173999,1.0420522199274382
2021-11-17,1.5320491545590067,1.4618234161716577,1.0480398231485866
2021-11-18,1.5228623202185443,1.4474227746599828,1.052119910560536
2021-11-19,1.5420625775644978,1.4631129735402397,1.0539600191181593
2021-11-22,1.5498695107927405,1.4697970226606394,1.054478602757783
2021-11-23,1.551906304769348,1.4700813786836342,1.0556601336988451
2021-11-24,1.550040326100376,1.471071717239065,1.0536810054437866
2021-11-25,1.5454374082611892,1.465021860570345,1.0548903397656728
2021-11-26,1.5328823128614337,1.45415786204092,1.0541374859466932
2021-11-29,1.5282920411108576,1.4515518260234717,1.052867705934838
2021-11-30,1.5281215504560026,1.4457502901223669,1.0569747493024289
2021-12-01,1.533144082842018,1.4492867928896151,1.0578610737114402
2021-12-02,1.5334666214027484,1.4529699605484083,1.0554014625491346
2021-12-03,1.5531428091067434,1.466392181779778,1.0591592265731224
2021-12-06,1.5421616762307047,1.4638788278783061,1.0534763170704906
2021-12-07,1.55255830610242,1.4726993329762081,1.0542262574159134
2021-12-08,1.5801741977430144,1.4947893651688713,1.057121648416663
2021-12-09,1.6068889208417851,1.5195513344296767,1.057475903862694
2021-12-10,1.595806658254228,1.5124990807153988,1.0550794235851209
2021-12-13,1.5997349800173022,1.52108023880578,1.0517097909793864
2021-12-14,1.5904507882060328,1.5108774942233196,1.0526669397664292
2021-12-15,1.5776595998695302,1.4977724393252905,1.0533373150999006
2021-12-16,1.5899838601495817,1.506398466216144,1.0554869085490988
2021-12-17,1.5673394116058845,1.48247119685913,1.057247800110088
2021-12-20,1.5443113621643247,1.4602286107448599,1.0575819092988286
2021-12-21,1.5607152617167797,1.4701231627540743,1.061622115247129
2021-12-22,1.5695055384517016,1.4704104632921005,1.0673927978842976
2021-12-23,1.576746662487752,1.4806701351651603,1.0648871919820784
2021-12-24,1.5710187134047697,1.4724719042438124,1.066926104923928
2021-12-27,1.5739310944818334,1.4718675775874472,1.0693428664701476
2021-12-28,1.5809176467176456,1.482830287477912,1.0661487427577208
2021-12-29,1.5634938038789779,1.4611442147045035,1.0700475614552347
2021-12-30,1.580128032622106,1.4725228022893484,1.0730754254979702
2021-12-31,1.5892404300984835,1.478165755023783,1.075143585688679
2022-01-04,1.5868879586235936,1.4714037463625622,1.0784857402643688
2022-01-05,1.5673882195342173,1.456548387601098,1.0760975968094475
2022-01-06,1.5573519079161915,1.4416212387588778,1.0802781382833597
2022-01-07,1.555371498778208,1.4428600382969254,1.0779780834557486
2022-01-10,1.5613190872713438,1.4493466646952458,1.0772571706298042
2022-01-11,1.5405026611646861,1.4354995920094016,1.0731474043878355
2022-01-12,1.5532231316512473,1.4498044666750676,1.071332836498536
2022-01-13,1.5274028184524353,1.4259700196490313,1.0711324904491115
2022-01-14,1.519783405508974,1.4142443999355312,1.0746257192733122
2022-01-17,1.533670066759516,1.426376923583317,1.0752207508423925
2022-01-18,1.547398253632079,1.4401611799484997,1.0744618555038499
2022-01-19,1.536190134064545,1.4302964937345999,1.0740361462073151
2022-01-20,1.5382247837938137,1.443201041180517,1.065842346216414
2022-01-21,1.5149094461301973,1.4299763828862282,1.0593947314518177
2022-01-24,1.5182589657572665,1.432199491734643,1.0600890270659087
2022-01-25,1.4792173579586114,1.3997988896233837,1.0567356274704542
2022-01-26,1.485935450108059,1.409929844125088,1.0539073673060202
2022-01-27,1.4560105831479169,1.38227467852381,1.053343887267654
2022-01-28,1.4424766954218609,1.3654864559669881,1.0563830121627615
2022-02-07,1.4657841703926096,1.3865262777985903,1.0571629213691198
2022-02-08,1.4653811047693828,1.3789506014837993,1.0626784622977656
2022-02-09,1.4786933842293946,1.3919029622452201,1.0623537878274045
2022-02-10,1.479950121982715,1.3882527451117743,1.0660523648837141
2022-02-11,1.4604145069735004,1.3767454401555737,1.060773084389858
2022-02-14,1.4442751608322817,1.3618721338739206,1.0605071687045693
2022-02-15,1.46498470555384,1.3763564837414772,1.0643933623732686
2022-02-16,1.4685641639276306,1.3817091914228548,1.0628605303083598
2022-02-17,1.4685510337611503,1.3850512159830546,1.060286447760584
2022-02-18,1.476645416640895,1.3916575859926363,1.0610694983476405
2022-02-21,1.4757255446102422,1.386592178849285,1.0642823226039886
2022-02-22,1.453853523752258,1.3685922182497003,1.062298546174403
2022-02-23,1.4709032254834318,1.3832230927938,1.063388279986374
2022-02-24,1.4400520809327093,1.3551789707784254,1.0626287095537883
2022-02-25,1.455246781732943,1.3683737632773996,1.0634863228066238
2022-02-28,1.4549539633406743,1.3708362191333354,1.0613623589990344
2022-03-01,1.4654957317714248,1.3822178914482128,1.060249430164703
2022-03-02,1.455266907231531,1.3699236999037243,1.062297781499659
2022-03-03,1.4474621568106112,1.3618541863537321,1.0628613336983517
2022-03-04,1.4370473711353788,1.345338261329778,1.0681680677950485
2022-03-07,1.390782311269246,1.3023580167120885,1.06789553519269
2022-03-08,1.3519605654366993,1.276210723236692,1.0593552779496263
2022-03-09,1.3349627916607376,1.2645299723236645,1.0556988136925278
2022-03-10,1.3591818972464744,1.2844238169481963,1.0582035923904807
2022-03-11,1.3705784268480976,1.2885169732713075,1.0636867462975292
2022-03-14,1.3280127932837662,1.2490941234560864,1.0631807230101458
2022-03-15,1.2620770524201501,1.191961698309339,1.0588234959313387
2022-03-16,1.3114301666390722,1.2435050132822192,1.054623948139594
2022-03-17,1.3408350492576426,1.2679258394444315,1.0575027399434953
2022-03-18,1.3520852885644425,1.2763634173733003,1.0593262625365545
2022-03-21,1.3548226396794658,1.274224016880767,1.0632531028539236
2022-03-22,1.352014008972184,1.273191894254896,1.061909061055888
2022-03-23,1.3586563695010812,1.2795408295217663,1.061831196124382
2022-03-24,1.3492825764651903,1.271997963517321,1.0607584407872497
2022-03-25,1.3248843542727509,1.2490373363804883,1.0607243800349917
2022-03-28,1.3175481357311898,1.2412282020882386,1.0614874311706346
2022-03-29,1.3113062376659985,1.2369405675580791,1.0601206493329984
2022-03-30,1.3488907930537655,1.2728328036361143,1.0597548941230739
2022-03-31,1.338137936777773,1.2634079718818472,1.0591495119225942
2022-04-01,1.35223803241398,1.2794331444006322,1.0569040190431007
2022-04-06,1.348394937753209,1.275747032226808,1.0569453846971484
2022-04-07,1.327857151234602,1.2593686581193029,1.0543831964323913
2022-04-08,1.3306862437693547,1.2658524802175937,1.0512174716761755
2022-04-11,1.2895972202101813,1.226746796735713,1.0512334115252706
2022-04-12,1.3167236773685354,1.2506530338425055,1.0528289155650423
2022-04-13,1.2973054301213633,1.238616136825727,1.0473829555022938
2022-04-14,1.317064775395449,1.254123775774061,1.0501872309872604
2022-04-15,1.3178181820931847,1.2532799618951735,1.0514954536577912
2022-04-18,1.3191252180281912,1.2465867987996777,1.0581896257030474
2022-04-19,1.3077839731646375,1.2371679962904742,1.0570787290698582
2022-04-20,1.2901589671786102,1.2179861634434417,1.059255848630599
2022-04-21,1.2596588948186502,1.195558072882218,1.0536158162370983
2022-04-22,1.2572567399655676,1.200770144917114,1.0470419715942827
2022-04-25,1.1909215281073402,1.1414265291970773,1.043362404538713
2022-04-26,1.1772737951316727,1.1322141231700478,1.039797835974227
2022-04-27,1.2155484033757762,1.1655511511686703,1.0428958026912631
2022-04-28,1.2197104995174586,1.1732017022942496,1.0396426267812764
2022-04-29,1.26467643363301,1.2016647166265364,1.0524370201892654
2022-05-05,1.2749070300009098,1.1998605702025342,1.062545983810192
2022-05-06,1.2447585321098094,1.1695244937730194,1.0643287410715756
2022-05-09,1.2405229993974989,1.1601355570591303,1.06929142189396
2022-05-10,1.2532565792800172,1.1728306934003419,1.0685741653354073
2022-05-11,1.2735614987362536,1.1897505077360497,1.0704441733415908
2022-05-12,1.2723928025984996,1.184460616375334,1.0742381679960404
2022-05-13,1.2817469536727129,1.1933948358394335,1.0740342719609077
2022-05-16,1.2760923634428278,1.1838024471584017,1.0779605723116714
2022-05-17,1.2841182935825928,1.1985680683189206,1.0713770269081693
2022-05-18,1.2792020883672564,1.1943851743948641,1.0710130331409755
2022-05-19,1.2839876476690506,1.196685962354097,1.0729528782498754
2022-05-20,1.3087971315967046,1.2200237678449024,1.0727636346860807
2022-05-23,1.3065225031376284,1.212956651340468,1.0771386608859916
2022-05-24,1.2688187385885583,1.1845833045016256,1.0711097596655492
2022-05-25,1.2814988315550033,1.1917731091323522,1.0752875876583372
2022-05-26,1.2902362189900194,1.1947232327634243,1.0799457009015143
2022-05-27,1.2874342036599966,1.1971946623794547,1.0753758299433014
2022-05-30,1.298521523208184,1.2054885199318097,1.0771745244671735
2022-05-31,1.3218962575387572,1.2241885740337681,1.0798142423295432
2022-06-01,1.3214656182419549,1.2216933078674868,1.0816672316463978
2022-06-02,1.3266630028602977,1.223605139412623,1.0842247716425466
2022-06-06,1.3530715657841084,1.2465000057137634,1.085496638252577
2022-06-07,1.359862084687858,1.2504016283448574,1.0875402381616315
2022-06-08,1.371404376608155,1.2625731317630535,1.0861979730973126
2022-06-09,1.3524819506351033,1.2493664209889537,1.0825342572954115
2022-06-10,1.3718868816338583,1.2683118513434966,1.0816636934998651
2022-06-13,1.3630573947984053,1.2534594370970635,1.0874363816312749
2022-06-14,1.3703169943762434,1.2633211787959322,1.084694072557454
2022-06-15,1.3859302004130385,1.2800495295471237,1.082716073418952
2022-06-16,1.3910574642283282,1.271624010108382,1.093921987293844
2022-06-17,1.4081976479520408,1.289270909334248,1.0922434049793337
2022-06-20,1.4242769219456777,1.2956708828616559,1.0992582613263477
2022-06-21,1.4192534969686386,1.2942167130813398,1.0966119372617316
2022-06-22,1.3957718776454189,1.2777756628681742,1.0923450165832578
2022-06-23,1.4172621757528867,1.2996950534040401,1.0904574669580573
2022-06-24,1.4311893272500018,1.314921421059412,1.0884219424282513
2022-06-27,1.4496394312671472,1.3297289665053724,1.0901766207867973
2022-06-28,1.462506779279172,1.3435700099461534,1.0885229414563855
2022-06-29,1.4445847635064468,1.3228772202432066,1.0920021460803933
2022-06-30,1.4662531227814752,1.3419213619587893,1.092652046794456
2022-07-01,1.460718601059472,1.3364490508811522,1.0929848766747867
2022-07-04,1.4721216077132786,1.3452186579335181,1.0943362991818035
2022-07-05,1.4645953446352944,1.3432768203780658,1.0903153560135754
2022-07-06,1.4468413199344923,1.3236580775864313,1.09306273609018
2022-07-07,1.4512642123759159,1.329492564012883,1.0915925757384326
2022-07-08,1.449477987958961,1.3250972443615894,1.0938653703542311
2022-07-11,1.4265378633179242,1.3029085008078862,1.0948872176621611
2022-07-12,1.4113907975773745,1.2906412305436812,1.0935578100064476
2022-07-13,1.4144740813559804,1.2929870275183883,1.093958447572951
2022-07-14,1.420018832269532,1.2931694472353097,1.0980918512306457
2022-07-15,1.4040634915224124,1.2711662081285606,1.1045475269433933
2022-07-18,1.415573950583756,1.2843490823524093,1.1021722754618983
2022-07-19,1.4106011913958514,1.27739259548414,1.104281640885216
2022-07-20,1.417143560374117,1.2817190695697087,1.1056584816592236
2022-07-21,1.4058395631480372,1.2674352271542642,1.1092003228476837
2022-07-22,1.3993538024224592,1.2680844226111019,1.1035178553341596
2022-07-25,1.3864965885437377,1.260427842240459,1.1000205978306437
2022-07-26,1.397868666960629,1.2704032983055253,1.100334569994519
2022-07-27,1.3971678582310243,1.2641379311795353,1.1052337120581155
2022-07-28,1.4000209228775857,1.2643265203565215,1.1073254419141667
2022-07-29,1.3804328200397744,1.247699825481401,1.1063821536619685
2022-08-01,1.392830354087837,1.2532590698599537,1.11136666598669
2022-08-02,1.361321475533705,1.2288261852076143,1.1078226456443108
2022-08-03,1.3537184770332875,1.2168462154814352,1.11248114988606
2022-08-04,1.3643462290807704,1.2271866511953458,1.111767494986866
2022-08-05,1.3872054421603326,1.2437534742648357,1.1153379434620587
2022-08-08,1.3861629025525004,1.2411084584769771,1.1168749137795149
2022-08-09,1.3894781424171685,1.2435679698178819,1.1173318838540485
2022-08-10,1.3739114991151882,1.229640133291187,1.1173281205761008
2022-08-11,1.4078209537409145,1.254713099425268,1.1220261862140268
2022-08-12,1.4036797631171956,1.2539980029177362,1.1193636352300305
2022-08-15,1.4018788378234335,1.2523614134204988,1.119388399227797
2022-08-16,1.3986839648918301,1.2500157566607932,1.1189330673944295
2022-08-17,1.409349281323483,1.2617204843390735,1.1170059445153113
2022-08-18,1.3954589949138063,1.2506918733979147,1.1157496299408938
2022-08-19,1.3821296734545268,1.2420061149164319,1.1128203451297203
2022-08-22,1.3940692401494108,1.2510808298120113,1.1142919041920618
2022-08-23,1.388728116697845,1.2450011073479765,1.115443278324488
2022-08-24,1.3546703591294322,1.2214658791350919,1.1090529684616823
2022-08-25,1.3609458341245582,1.2315849153616707,1.1050361344551698
2022-08-26,1.3572108639259364,1.2289847683742847,1.1043349753807532
2022-08-29,1.3536786094406654,1.2235902766224673,1.1063169063236487
2022-08-30,1.3514014471231082,1.219482117294198,1.1081765185057526
2022-08-31,1.3432261875275233,1.2203947767388108,1.1006489155230144
2022-09-01,1.3342848039180255,1.209892813343199,1.1028124055312836
2022-09-02,1.3305537995178371,1.2038698779547623,1.1052305767283557
2022-09-05,1.3260150572822642,1.2014224251039844,1.1037042671877013
2022-09-06,1.3445295165186415,1.212447951315111,1.1089379260035577
2022-09-07,1.35040671752797,1.2132558701536205,1.1130436297472714
2022-09-08,1.343040922124164,1.2080795529441009,1.111715630689354
2022-09-09,1.3575494423562933,1.224867775500923,1.1083232570153205
2022-09-13,1.3593350666881125,1.2300499817405044,1.10510555413746
2022-09-14,1.347345532864416,1.2163614922213304,1.1076851260753753
2022-09-15,1.3229431389208062,1.2049200883158238,1.0979509361238629
2022-09-16,1.2920021187908675,1.1766634003582102,1.0980218458375988
2022-09-19,1.2867037681614322,1.1752632133534626,1.0948217842112051
2022-09-20,1.292417794175549,1.176711353888715,1.0983303508583098
2022-09-21,1.281711101987313,1.1680016186419797,1.097353874798172
2022-09-22,1.2729734815490268,1.157712080973605,1.0995596422199292
2022-09-23,1.2624270665874617,1.1537266798791288,1.0942167574036867
2022-09-26,1.2542377676070455,1.147940146983182,1.09259857397898
2022-09-27,1.2775972565274607,1.1645817046484594,1.0970439011946491
2022-09-28,1.2517500343669707,1.145555510453066,1.0927013339335299
2022-09-29,1.2508200045706641,1.145085720090618,1.0923374404421695
2022-09-30,1.2401077651599253,1.1384285221430008,1.0893154388169417
2022-10-10,1.2128235181807272,1.1133105469934457,1.089384737669127
2022-10-11,1.210841912173461,1.1153301337672168,1.0856354325186544
2022-10-12,1.23627288582146,1.132270980353146,1.0918524869690438
2022-10-13,1.2337176141072521,1.1228042243134375,1.0987824835283595
2022-10-14,1.2658869195368279,1.1496725033264277,1.1010848009969352
2022-10-17,1.2742114650407277,1.1508513609513438,1.107190301263066
2022-10-18,1.2708112451481142,1.148415896483192,1.1065775465488894
2022-10-19,1.2532785967972122,1.1299432010061283,1.109151854430615
2022-10-20,1.2536770124910246,1.123480411158059,1.1158868459475513
2022-10-21,1.252528125269533,1.1198780073401167,1.1184505071623658
2022-10-24,1.2259093464031185,1.0871094810649822,1.127677908946357
2022-10-25,1.2217205335091668,1.0853382150588262,1.125658819120221
2022-10-26,1.2413178099391946,1.0941496762891327,1.1345045717594968
2022-10-27,1.2366448220037565,1.0864422679804544,1.1382517584689593
2022-10-28,1.2083213857640789,1.0595709743449324,1.1403873973719503
2022-10-31,1.197607533654849,1.049808014114604,1.1407871892318306
2022-11-01,1.2332059866878886,1.0873488280725028,1.134140171810311
2022-11-02,1.25292989537979,1.1004059995475275,1.1386069286199625
2022-11-03,1.2482337792790348,1.0914569172932713,1.1436399911913682
2022-11-04,1.2837021443429997,1.127142616674131,1.1388994838389042
2022-11-07,1.284882543379978,1.1295751366272515,1.1374918778899932
2022-11-08,1.2749348188395622,1.1218049119979117,1.1365031523787226
2022-11-09,1.265760238286921,1.1113148668774253,1.138975348942696
2022-11-10,1.2524428127716143,1.1027637147973604,1.1357308877375951
2022-11-11,1.2801012613825034,1.13350662505366,1.129328433631258
2022-11-14,1.278969236432356,1.1351761650762444,1.1266702700249644
2022-11-15,1.3033500553637711,1.1567037247904834,1.1267795092471498
2022-11-16,1.2943054173639053,1.1472549863784647,1.1281758917863884
2022-11-17,1.2915741365807711,1.142548529638894,1.1304326276530041
2022-11-18,1.2840582623882284,1.1374351689650375,1.1289067697428457
2022-11-21,1.2772369365409808,1.127729065917808,1.1325742814844406
2022-11-22,1.2692884080678404,1.1278607278041948,1.1253946314266903
2022-11-23,1.268942676945385,1.129045544566674,1.1239074305300973
2022-11-24,1.2673044799527542,1.1240428836364835,1.1274520735835214
2022-11-25,1.2674194860553483,1.129718786896265,1.1218893593310912
2022-11-28,1.2571127480728852,1.1169907701372073,1.1254459586254826
2022-11-29,1.2845997851128992,1.1514527430926782,1.1156339613752644
2022-11-30,1.2858078296420026,1.1528350526847375,1.1153441480180502
2022-12-01,1.3020909365205153,1.1653207779212433,1.1173669612613013
2022-12-02,1.2926537831050766,1.1581937896111782,1.1160945557643152
2022-12-05,1.3104717013249807,1.1809121953329598,1.1097113794777023
2022-12-06,1.3196944914461206,1.187291136610146,1.1115171761611913
2022-12-07,1.3144276994588102,1.1843708787743883,1.1098108903344597
2022-12-08,1.31271455516254,1.1845922782617202,1.10815727845941
2022-12-09,1.3206003578343966,1.196279058419811,1.1039233267017179
2022-12-12,1.3127415921667385,1.182874924923632,1.1097890102383317
2022-12-13,1.3054554783651795,1.1805531047141775,1.105799877322115
2022-12-14,1.3052267379419735,1.1833087501382014,1.1030314258975378
2022-12-15,1.3060461097321772,1.1824410997090629,1.1045337565258235
2022-12-16,1.3023236798591566,1.1831113274161222,1.100761737023844
2022-12-19,1.2785575708280004,1.1648569466963579,1.097609087926297
2022-12-20,1.2622402023646397,1.1456482626765423,1.1017694029541907
2022-12-21,1.2583033194845483,1.1461030500338323,1.0978971912232534
2022-12-22,1.257991590692117,1.1477456687761332,1.0960543131768397
2022-12-23,1.2559756818085974,1.1454089156690213,1.0965303872067342
2022-12-26,1.269570855844765,1.1499776812771418,1.1039960831542446
2022-12-27,1.2841902874260498,1.1632502931019357,1.1039673018277212
2022-12-28,1.2765277956870063,1.158286541834655,1.1020829039980593
2022-12-29,1.273390007146881,1.1539301318462711,1.1035243573278357
2022-12-30,1.275508263450971,1.158397241578321,1.1010974626571846
2023-01-03,1.2855626446640245,1.1632652259995933,1.105132875917735
2023-01-04,1.2876283148918097,1.1647761828555074,1.1054727370327269
2023-01-05,1.3084788682401276,1.187404850976344,1.101965237184462
2023-01-06,1.310411986346155,1.191088018635137,1.1001806464712414
2023-01-09,1.3186535470073877,1.2007311651467034,1.0982088124999043
2023-01-10,1.3209399219046043,1.2020327810054126,1.0989217122678923
2023-01-11,1.3138633445467214,1.1998067276419666,1.0950624915472138
2023-01-12,1.3126413177992982,1.2021523844016722,1.0919092577873295
2023-01-13,1.3278622848941963,1.2190603505697553,1.0892506546321437
2023-01-16,1.3495435326920424,1.2380836002501174,1.0900261762771173
2023-01-17,1.3507039300570327,1.2378680897928476,1.09115336375063
2023-01-18,1.3503159400520088,1.2357945903510084,1.0926702144475908
2023-01-19,1.361910436897607,1.2434841212469983,1.095237497308649
2023-01-20,1.3707296725697056,1.2511198095824212,1.09560224534148
2023-01-30,1.3716789836548282,1.2570499226398801,1.0911889487843254
2023-01-31,1.3582708981854892,1.2437384712596773,1.0920872269954083
2023-02-01,1.3716521803468258,1.2554281959327993,1.0925771659347436
2023-02-02,1.3729742810537344,1.2510060952162236,1.0974960764011543
2023-02-03,1.3641652495282937,1.2391816239266824,1.100859811982659
2023-02-06,1.348784822507651,1.222800305304146,1.1030295107525092
2023-02-07,1.3524915341116137,1.2249994373873085,1.1040752287986528
2023-02-08,1.3463157937483976,1.2195868579003006,1.1039113655802093
2023-02-09,1.3641704823136271,1.2359592027627424,1.1037342327030648
2023-02-10,1.358661145106309,1.2286137594803765,1.1058488761194845
2023-02-13,1.3730787921463201,1.2397621140327968,1.1075340798081499
2023-02-14,1.3740576941481197,1.2402767030882167,1.1078638264564642
2023-02-15,1.36782046079718,1.2338139132401473,1.1086116359355318
2023-02-16,1.3548197742070085,1.224778037899977,1.106175757796901
2023-02-17,1.3358206397566925,1.207131138674111,1.106607722193242
2023-02-20,1.3671598054087237,1.2367460893510307,1.10544906281137
2023-02-21,1.3700258218912655,1.2399954317952544,1.1048636041406654
2023-02-22,1.3617090393652314,1.2288052931723943,1.1081568796385315
2023-02-23,1.3575542260497404,1.2278178991319946,1.1056641436889485
2023-02-24,1.3457008728824709,1.2150719348527477,1.1075071642120957
2023-02-27,1.3396658479024992,1.2099226791385131,1.1072326116379316
2023-02-28,1.350794247212051,1.2175882332692507,1.1094015286145953
2023-03-01,1.3678044417627833,1.2347863042753895,1.107725634003896
2023-03-02,1.363867301360671,1.2320337435813982,1.1070048271535533
2023-03-03,1.3655726943877624,1.235866520646767,1.104951604056008
2023-03-06,1.3594694617703262,1.2294216783188867,1.1057796407407319
2023-03-07,1.3356332525047978,1.211421717719302,1.102533686633375
2023-03-08,1.3344115650606694,1.2070115352778519,1.1055499687113515
2023-03-09,1.3319430847145932,1.2027447927829125,1.1074195396288031
2023-03-10,1.3140384569969772,1.1869739702768063,1.1070490928209142
2023-03-13,1.329692756550123,1.1994057127377438,1.1086263325484653
2023-03-14,1.3209655936644766,1.192227966597144,1.1079807139860804
2023-03-15,1.3201591455042965,1.192886135814076,1.1066933430350951
2023-03-16,1.301844460684761,1.1785993488836006,1.1045691327743403
2023-03-17,1.3112858117911543,1.184484593140587,1.1070518091876247
2023-03-20,1.306780202724376,1.178578316633379,1.1087767221589542
2023-03-21,1.3235850286018112,1.191533762124832,1.110824611668154
2023-03-22,1.330309030829316,1.196638149038594,1.1117053487707342
2023-03-23,1.3502636950472726,1.2085014598835444,1.1173041488732574
2023-03-24,1.3500323686547178,1.204899056065602,1.1204526734903621
2023-03-27,1.3462509704021357,1.200539771669688,1.1213714049054746
2023-03-28,1.3396719635923415,1.196659041073814,1.1195101675663568
2023-03-29,1.340505687471109,1.1986428029147078,1.1183529273370156
2023-03-30,1.3475691460377228,1.2083339029567794,1.1152291123672324
2023-03-31,1.3572671837641979,1.212043991895856,1.119816766420488
2023-04-03,1.3832650471816943,1.2239043582257756,1.130206815495726
2023-04-04,1.394209439396097,1.2276563714502937,1.1356674976964813
2023-04-06,1.3960798802850796,1.2257205631399049,1.1389870760663168
2023-04-07,1.402998333634017,1.2336912251138559,1.1372362103852494
2023-04-10,1.3857883836298723,1.2281650714756518,1.1283404941363742
2023-04-11,1.386006256045614,1.2267707735009663,1.1298005185518238
2023-04-12,1.3970527063992146,1.2259150413469533,1.1395999390497948
2023-04-13,1.3752174382194005,1.2174446531077388,1.1295933944174952
2023-04-14,1.3844551499586486,1.2243322944102828,1.1307838209278727
2023-04-17,1.398668313908947,1.2415003594061056,1.1265951743888545
2023-04-18,1.402900702888632,1.2452853231559708,1.1265696919427355
2023-04-19,1.390601937732066,1.2340742924978907,1.1268381054412433
2023-04-20,1.4035980575158307,1.2306214980865242,1.1405603263865172
2023-04-21,1.3657192216810128,1.206550648567998,1.1319203410995842
2023-04-24,1.3526406026415865,1.1916115814506523,1.1351354952382215
2023-04-25,1.3417882660024922,1.1856364593777193,1.1317029392860685
2023-04-26,1.32557060585587,1.1846072812668795,1.1189958282530874
2023-04-27,1.3270619651515074,1.1933409932788672,1.1120559610587277
2023-04-28,1.3510829818198524,1.205509411967031,1.1207568919891624
2023-05-04,1.3463230951286194,1.2058565843106879,1.116486912826559
2023-05-05,1.333794206226158,1.2018562503185544,1.109778482969684
2023-05-08,1.3518245170635645,1.2155537135978227,1.1121059496930041
2023-05-09,1.337266256798267,1.205147376833218,1.1096288159479877
2023-05-10,1.3248239627154021,1.1958692099704957,1.1078334918816817
2023-05-11,1.3183106865375152,1.1940112209859264,1.1041024266496855
2023-05-12,1.2971773044822414,1.1781834711892205,1.1009977106306816
2023-05-15,1.3154611063348798,1.1964735366268606,1.0994485595088654
2023-05-16,1.3059724242744317,1.1902861290416917,1.0971920048550678
2023-05-17,1.3061959577300555,1.1848885525598418,1.1023787468518793
2023-05-18,1.3166372163915638,1.183661811511921,1.1123423967778348
2023-05-19,1.3156775265602842,1.1802119616155855,1.1147807083392551
2023-05-22,1.3142594659106057,1.1876291949787077,1.1066244173411115
2023-05-23,1.2924030804259943,1.1708319986617912,1.1038330707592152
2023-05-24,1.2775314480507043,1.154645228353804,1.1064276859066928
2023-05-25,1.2810604921834003,1.152075087376734,1.1119591997257445
2023-05-26,1.290548759604263,1.1522097638856523,1.1200640717121537
2023-05-29,1.2920918623361906,1.1471203098695477,1.126378681659929
2023-05-30,1.3066283442002706,1.1482602578315542,1.137920027527373
2023-05-31,1.303259462062034,1.1365286088729905,1.146701853246244
2023-06-01,1.3126465617335235,1.1390209305242407,1.1524341006880099
2023-06-02,1.3237679739438561,1.1554650654674385,1.1456581540250474
2023-06-05,1.3220678142296123,1.150205110009538,1.1494191798701443
2023-06-06,1.3019522308170222,1.1394069424233064,1.1426578005993295
2023-06-07,1.295628820627214,1.1337759079639975,1.1427556464432793
2023-06-08,1.3010691784986903,1.143006331618717,1.1382869390199493
2023-06-09,1.3187268706702455,1.1479461061207452,1.148770716359342
2023-06-12,1.3194131273801837,1.1502589525701055,1.1470574729560896
2023-06-13,1.3358477698683515,1.1563865584571447,1.1551913675394538
2023-06-14,1.3359524822297568,1.1561202901693401,1.1555479940881206
2023-06-15,1.3506599999629436,1.1745152364280849,1.1499723103384738
2023-06-16,1.3721711800247596,1.1858399113448619,1.1571302052640304
2023-06-19,1.3753611919538942,1.176133878405133,1.1693916969885423
2023-06-20,1.3751476027362486,1.1741381982891135,1.1711973980064991
2023-06-21,1.3483756004948453,1.1561233047918715,1.166290476894749
2023-06-26,1.3269341208117573,1.1398676889181591,1.164112408582387
2023-06-27,1.3442380651667816,1.1505581713832567,1.1683355944972982
2023-06-28,1.3387170826294048,1.1491728471686657,1.1649397093985805
2023-06-29,1.3388850744471548,1.143499958531416,1.1708658705739434
2023-06-30,1.3534296720872963,1.1496665441888656,1.1772367204459215
2023-07-03,1.3660131967530444,1.1647552207127871,1.1727899325637663
2023-07-04,1.3709956049425163,1.1665893731471053,1.175216949940136
2023-07-05,1.359453853683549,1.157553497806935,1.1744198918314601
2023-07-06,1.353355012377919,1.1497562817898108,1.1770799027696275
2023-07-07,1.3443164732293127,1.1446549094985807,1.1744294826972737
2023-07-10,1.3506493613161366,1.15022901666729,1.1742438607830907
2023-07-11,1.3602034766168511,1.1577569497740778,1.1748609903678646
2023-07-12,1.3460004757366895,1.1499627483794854,1.1704731110929099
2023-07-13,1.3682451674959981,1.1664128424602462,1.1730367822511614
2023-07-14,1.3713138222856989,1.166616294427389,1.175462599687742
2023-07-17,1.36613452252673,1.157062815409267,1.1806917518505786
2023-07-18,1.3620080313936118,1.1534035544082257,1.180859922087213
2023-07-19,1.3591310636208616,1.1521857871203995,1.1796110304551404
2023-07-20,1.3415060909886667,1.1440535273572465,1.1725903193424296
2023-07-21,1.3385779175762482,1.1435209206741368,1.1705758009106821
2023-07-24,1.3356828338844686,1.1385272335040406,1.1731672239175543
2023-07-25,1.365873428060854,1.1714094741453729,1.166008520681768
2023-07-26,1.3610957026814696,1.168982983437316,1.1643417585765528
2023-07-27,1.356006205368772,1.1675886854626305,1.1613731978153636
2023-07-28,1.378426328453463,1.19463349516248,1.1538487193228963
2023-07-31,1.3873446215611287,1.2011830780964636,1.1549818232202194
2023-08-01,1.3864423971483604,1.1962072683390559,1.159031911813617
2023-08-02,1.3789964382826405,1.187799696420503,1.160967158383959
2023-08-03,1.3882236564693273,1.198295770786053,1.1584983359815133
2023-08-04,1.3983352977974701,1.2029632477552132,1.1624089932978672
2023-08-07,1.3894136126703012,1.1938585268493178,1.1638008871428576
2023-08-08,1.3831433309100947,1.1907408462914808,1.1615821656054248
2023-08-09,1.3755682627272101,1.1871025474331605,1.1587611076242434
2023-08-10,1.3824536066448043,1.1895411667388451,1.162173824076079
2023-08-11,1.3528657926175254,1.1621731614605915,1.164082804078246
2023-08-14,1.3481020480635946,1.1536937994612826,1.1685093988483695
2023-08-15,1.3383961749223683,1.1508902706142543,1.1629224862662522
2023-08-16,1.3229810947417775,1.142449818277855,1.1580211870802848
2023-08-17,1.3291972309943474,1.1462706069605975,1.1595841530987088
2023-08-18,1.3098985783921446,1.1321782281296695,1.1569720613300123
2023-08-21,1.2917160343972318,1.1158896617306102,1.157566091609753
2023-08-22,1.3019168604742746,1.1244678051984596,1.157807146149904
2023-08-23,1.2744201454543471,1.1060369638993366,1.1522401032252803
2023-08-24,1.2819166560172615,1.1140555794037927,1.1506756751788836
2023-08-25,1.2691351732751066,1.1097829478787913,1.143588641094997
2023-08-28,1.283416957122411,1.1227892914157807,1.1430612733259033
2023-08-29,1.3043027375818177,1.1340063513189245,1.1501723390392191
2023-08-30,1.305766427543338,1.133527587196382,1.151949403166238
2023-08-31,1.2933604241890913,1.1265741850581452,1.14804727584126
2023-09-01,1.2997764907451637,1.134419214390773,1.1457638183986454
2023-09-04,1.3163400695718426,1.1516113262593488,1.1430419617767775
2023-09-05,1.3050463071166583,1.1430451711741259,1.1417276762353374
2023-09-06,1.3001640398417436,1.1405648379055018,1.1399299685840962
2023-09-07,1.28057516147036,1.1245395952792159,1.138755066381101
2023-09-08,1.276346252720196,1.119010356910979,1.1406027163533514
2023-09-11,1.28743618298028,1.1272533164177982,1.1421001510747497
2023-09-12,1.2848645393569487,1.1251768724609281,1.1419222797805646
2023-09-13,1.2733265597936634,1.118011044595454,1.1389212709024796
2023-09-14,1.2686521235974981,1.1170715339780586,1.135694613110083
2023-09-15,1.2628822510569717,1.1096722481351255,1.138067797207081
2023-09-18,1.2683230277485706,1.1153361630122807,1.1371665958746515
2023-09-19,1.2646097657192406,1.1131788851070592,1.1360346325627777
2023-09-20,1.2580189299789866,1.108747740522888,1.1346304339575943
2023-09-21,1.2486480546122052,1.0987992758456058,1.136375025048392
2023-09-22,1.267301727455117,1.1186931905776383,1.1328411919632269
2023-09-25,1.2597274445008604,1.1114136483459665,1.1334460813717901
2023-09-26,1.2531836385024788,1.1049179780800509,1.1341870286879214
2023-09-27,1.258073080498059,1.1071948593815322,1.1362707023412355
2023-09-28,1.256424635105761,1.1039096218969304,1.1381589671686643
2023-10-09,1.255944307930612,1.1024764843668358,1.1392028090757098
2023-10-10,1.246129612013082,1.0942185218548588,1.138830669673469
2023-10-11,1.2496242060956035,1.0973362024126958,1.1387797134078639
2023-10-12,1.2609954375343597,1.1077574019674572,1.1383317640620056
2023-10-13,1.248583046931843,1.096097472982149,1.139116800930876
2023-10-16,1.2379530153727702,1.0850838650461483,1.1408823366110237
2023-10-17,1.2435844367725057,1.088913697596486,1.1420413201867312
2023-10-18,1.2286887711897427,1.080290685328164,1.1373686618583583
2023-10-19,1.208848817663524,1.0572401803753846,1.1434003740136978
2023-10-20,1.1994407433987155,1.050373571323062,1.141918243323551
2023-10-23,1.1824760848227611,1.0394975844110106,1.137545774570283
2023-10-24,1.191790048320159,1.043354268134131,1.1422678611853299
2023-10-25,1.1946443942564382,1.0485394188887436,1.139341423637214
2023-10-26,1.195650275579783,1.0514356999592487,1.1371596718906576
2023-10-27,1.2166511543038554,1.0658721664038007,1.1414606672850605
2023-10-30,1.2275236908775833,1.0722691253086767,1.1447906704617772
2023-10-31,1.2231015261418825,1.0689001093606925,1.1442617653705898
2023-11-01,1.2167313641776019,1.068457240278528,1.1387740363483534
2023-11-02,1.207611407830297,1.06341875441546,1.1355934835793795
2023-11-03,1.221028997017825,1.0723798250523424,1.1386161586527674
2023-11-06,1.2426024213390552,1.0868821224400878,1.1432724816094775
2023-11-07,1.2409737605104232,1.0830373569920928,1.145827290719653
2023-11-08,1.2394153088840174,1.0804372801122075,1.1471423021938854
2023-11-09,1.2405934046109837,1.0809639276577545,1.1476732690785678
2023-11-10,1.2336756981020922,1.073082933177248,1.1496555018812493
2023-11-13,1.2325456486566178,1.0709645649349362,1.1508743510402681
2023-11-14,1.2343800757705363,1.0717574807682877,1.151734508898107
2023-11-15,1.2425804789239205,1.0792943175276695,1.1512897443676804
2023-11-16,1.2294603093066416,1.0688552405602199,1.1502589524304936
2023-11-17,1.2298564590674173,1.0675716423292003,1.1520130455920954
2023-11-20,1.230918809593654,1.070040057322699,1.1503483455315522
2023-11-21,1.229321577294966,1.0714612765776679,1.1473317833953984
2023-11-22,1.213564380054115,1.0604955520646713,1.1443370768424583
2023-11-23,1.2221465255313,1.065611857253559,1.1468965150980805
2023-11-24,1.2116892489482718,1.0585776211669709,1.1446390181690327
2023-11-27,1.2054693627662834,1.0507774606348157,1.1472166161976982
2023-11-28,1.208928380164299,1.0527462194705517,1.148356895332566
2023-11-29,1.1990272115635168,1.0437073295078496,1.1488155517015548
2023-11-30,1.199245789738259,1.046068059380214,1.146431897030487
2023-12-01,1.1976830353732908,1.0420826582857379,1.1493167320752855
2023-12-04,1.1883387523082123,1.0352787954465763,1.1478441918590754
2023-12-05,1.165938025150734,1.0155674406464663,1.1480655823394144
2023-12-06,1.1695690250726607,1.0171651905882946,1.1498319406666098
2023-12-07,1.1639720057196126,1.0146758134520752,1.1471368394596988
2023-12-08,1.1692347540404202,1.017123266302853,1.1495506914225628
2023-12-11,1.1776722570763396,1.023104347513349,1.151077365606614
2023-12-12,1.1777963511096752,1.0253034795965112,1.1487294977026457
2023-12-13,1.1584468065820943,1.0081921315687858,1.1490337707550906
2023-12-14,1.1534829701236737,1.0029112139681646,1.1501346819722456
2023-12-15,1.1506081757855662,0.9997965480328594,1.150842316918812
2023-12-18,1.140154982850356,0.9961522900369763,1.1445589135854264
2023-12-19,1.1401030254136542,0.9975495325266927,1.1429036736911578
2023-12-20,1.124230689456887,0.9866166884315424,1.1394807148905155
2023-12-21,1.1351723009720556,0.9966010481492027,1.1390438561952096
2023-12-22,1.1353866036079556,0.9985039760417453,1.1370877140708426
2023-12-25,1.1407728341426404,1.0015617847939517,1.1389939706788315
2023-12-26,1.129543770444458,0.9947818987200426,1.1354687614418895
2023-12-27,1.1314073322999265,0.9982436668915038,1.133397956656304
2023-12-28,1.1643429237918483,1.0216352448353756,1.1396855479271062
2023-12-29,1.1695690823268012,1.0265930369650935,1.139272370076059
2024-01-02,1.1555370628256676,1.013200751636539,1.1404818452406638
2024-01-03,1.1501410476088032,1.0107922084486711,1.1378610143562542
2024-01-04,1.1376504335746664,1.0014421112901912,1.1360121775875727
2024-01-05,1.1274561833693835,0.9960744707111566,1.1318994879614028
2024-01-08,1.110361997351025,0.9831938299229913,1.1293419095581532
2024-01-09,1.1134138521769432,0.9851206644732858,1.1302309375189605
2024-01-10,1.1088402467161285,0.98052196296235,1.1308673223046466
2024-01-11,1.118614751558021,0.9860691488507757,1.1344181621154277
2024-01-12,1.1128956873296634,0.9826283428220354,1.1325703104934974
2024-01-15,1.1090750696083869,0.9816559517867937,1.1298001785550906
2024-01-16,1.1139813000488599,0.9876279891296942,1.1279361382118274
2024-01-17,1.0893288881579872,0.9661453683234285,1.1274999848607892
2024-01-18,1.1021218965029898,0.9798039219397873,1.1248392375497342
2024-01-19,1.0951694915965484,0.9783228308791877,1.1194356883324028
2024-01-22,1.067810273987145,0.9630994778463478,1.1087227213277575
2024-01-23,1.0773579208707567,0.9669980858549099,1.1141262186866474
2024-01-24,1.0894171546864946,0.9805160038247874,1.111065143696693
2024-01-25,1.111129833744413,1.0002064665896773,1.1109004699129192
2024-01-26,1.1053010727372792,0.9974837015834997,1.1080893562297007
2024-01-29,1.0864045343044415,0.9885495522269008,1.0989884440866957
2024-01-30,1.0658964409685527,0.9709206005212238,1.0978203989042385
2024-01-31,1.0468603494667765,0.9620372791026601,1.0881702530729735
2024-02-01,1.0498338820685467,0.9627434018500974,1.0904607396436974
2024-02-02,1.031279283658451,0.9513498112600944,1.0840169109746154
2024-02-05,1.0256737809567604,0.9575702394781112,1.0711211968280956
2024-02-06,1.0709604368132115,0.9908623986762609,1.0808366915970948
2024-02-07,1.082151855409732,1.0004188923169148,1.08169874011828
2024-02-08,1.0958648741747221,1.0067918744565383,1.0884721082659363
2024-02-19,1.1136287120546888,1.0184248120540622,1.0934815205538932
2024-02-20,1.114549753606416,1.0205311919137479,1.0921270828737337
2024-02-21,1.1272402571172733,1.0343004452737725,1.0898576542900937
2024-02-22,1.1433900437533622,1.0432166471101825,1.096023579493934
2024-02-23,1.1493805106429296,1.0441351955848572,1.1007966358217824
2024-02-26,1.141327411948043,1.0332502349127113,1.104599228128375
2024-02-27,1.1615555473475654,1.0456461524407712,1.1108495399100697
2024-02-28,1.142348223489707,1.032322712677942,1.1065805386828589
2024-02-29,1.1729434501452394,1.0520161199578628,1.1149481722696608
2024-03-01,1.1821065104856676,1.0585148048463102,1.116759543724381
2024-03-04,1.18660350139928,1.0594333533209848,1.1200360057380272
2024-03-05,1.186518843280629,1.0668056477761336,1.1122164995602057
2024-03-06,1.1875515281049753,1.0624792437980657,1.1177173907509113
2024-03-07,1.173735965962678,1.0560972878983477,1.1113900011034339
2024-03-08,1.1862278009315748,1.0606421468487164,1.1184053023500782
2024-03-11,1.2034763512196072,1.0739117440509784,1.1206473510382602
2024-03-12,1.2069600657104165,1.0763741297994134,1.121320210413584
2024-03-13,1.200208310142825,1.0688552405602207,1.1228913557216202
2024-03-14,1.1946979260444504,1.0658213384657662,1.1209176274929906
2024-03-15,1.1982588179624256,1.0681461031902517,1.1218117206846179
2024-03-18,1.2128995556359625,1.0781812908459474,1.1249495478485945
2024-03-19,1.2044947899868657,1.0704320283593283,1.1252417323807267
2024-03-20,1.2048214942464774,1.072750833946251,1.123114013171528
2024-03-21,1.1983836193066508,1.0714672357152315,1.1184510168495254
2024-03-22,1.180782866499552,1.0606690681289999,1.1132434252866736
2024-03-25,1.17080514943946,1.0549124010283677,1.1098600682844526
2024-03-26,1.1748765022807166,1.0602950446125603,1.1080656353628675
2024-03-27,1.151270449787009,1.0480397627309814,1.0984988267878588
2024-03-28,1.1646951558436844,1.0534762488757412,1.1055732458008758
2024-03-29,1.1683080858465693,1.0584190380003011,1.1038237634631785
2024-04-01,1.1907845910611672,1.0758236457036152,1.1068585411899594
2024-04-02,1.1821570929800886,1.0713445475889392,1.103433153825754
2024-04-03,1.173706757437019,1.0674908784883503,1.099500502617014
2024-04-08,1.1595441155712138,1.0580989271519297,1.0958749563165542
2024-04-09,1.1666671456643598,1.0572252474777277,1.1035180520402184
2024-04-10,1.1511745324117024,1.0486142235920322,1.0978055671115632
2024-04-11,1.153088624686727,1.048473587945551,1.0997784187832196
2024-04-12,1.1451093896221591,1.039976278426053,1.1010918358207358
2024-04-15,1.1651488240428796,1.0618897799318567,1.0972408305103465
2024-04-16,1.1426158383920297,1.0505291398672008,1.0876574433113486
2024-04-17,1.1682592002084309,1.0667727673582867,1.0951340678685124
2024-04-18,1.1651167813613408,1.0680892460071525,1.0908421610992782
2024-04-19,1.151598919595109,1.0596697558134742,1.0867526540955808
2024-04-22,1.1479156251710798,1.0564503492720658,1.0865779219648486
2024-04-23,1.1382043386930318,1.04906599632679,1.0849692418573775
2024-04-24,1.1457537454232427,1.053673741705321,1.0873894831704685
2024-04-25,1.1458794957128628,1.056264844825112,1.084841080650174
2024-04-26,1.1702784265577189,1.0724187347152527,1.0912513822023537
2024-04-29,1.1936477635526104,1.0842790309376713,1.100867700558922
2024-04-30,1.1866628514081996,1.0784386554811576,1.100352667606074
2024-05-06,1.205331427448109,1.0944429359647225,1.1013195734920993
2024-05-07,1.2067177672775418,1.0947809943332834,1.102245813111167
2024-05-08,1.1940169906300384,1.0861670259325569,1.0992940884067846
2024-05-09,1.2104407418064416,1.0964415605957734,1.1039719628547504
2024-05-10,1.2086979300606084,1.096956219758694,1.1018652415558527
2024-05-13,1.2083844558016748,1.0964804702586832,1.1020574361133773
2024-05-14,1.208838811859,1.0941945450896067,1.1047750304403179
2024-05-15,1.1965101391351705,1.0849223373644472,1.1028532623282497
2024-05-16,1.1993428819337433,1.0892009280270114,1.1011217958712576
2024-05-17,1.2069483415435058,1.1004538829705333,1.0967732135085067
2024-05-20,1.2161335268221785,1.104340502596469,1.1012305751377112
2024-05-21,1.207357039091962,1.099912302527329,1.0976848211605155
2024-05-22,1.2134372273382918,1.102392705903454,1.100730457340819
2024-05-23,1.1952138977381668,1.0896287941040181,1.0969000674408291
2024-05-24,1.1796302144360709,1.0775679904294877,1.094715345029787
2024-05-27,1.1928051512606217,1.087809644674858,1.0965201100208544
2024-05-28,1.1823986804534996,1.0798688484962216,1.0949465595753194
2024-05-29,1.1863618762317443,1.0811703241399293,1.0972941540691055
2024-05-30,1.1809944979431513,1.0754227009068924,1.098167722280022
2024-05-31,1.1769938494332952,1.0711171889640445,1.0988469436959103
2024-06-03,1.1791647778746586,1.0737591200218706,1.0981650873900295
2024-06-04,1.1913109331771303,1.0818136305667048,1.101216419831081
2024-06-05,1.1832538501391248,1.0755662810684046,1.1001217414176927
2024-06-06,1.1799020929556836,1.0748063157604002,1.097781131031902
2024-06-07,1.1755384197536791,1.069378803375735,1.099272227991454
2024-06-11,1.1717308211488875,1.0600347354623185,1.1053702128335015
2024-06-12,1.175610291269206,1.0604057443562263,1.108641949108754
2024-06-13,1.1719594769705142,1.0550231007720334,1.1108377400579288
2024-06-14,1.1759953153414289,1.0596308461505646,1.1098160454780965
2024-06-17,1.1728055283575392,1.058036110831268,1.108474007977006
2024-06-18,1.1769330975227141,1.060845598815859,1.1094292127303302
2024-06-19,1.1689065724141339,1.0558070428452904,1.1071214009560422
2024-06-20,1.157017009737297,1.0481863575150254,1.1038275793631587
2024-06-21,1.1569288267012363,1.0458944732083861,1.1061620998457342
2024-06-24,1.14149735916872,1.0402665234791098,1.0973124035089101
2024-06-25,1.1324490649297891,1.034608637847018,1.0945675722236123
2024-06-26,1.144297415271721,1.041298786319982,1.0989136166342253
2024-06-27,1.1281406965860565,1.0334776636451062,1.0915965930091522
2024-06-28,1.1331448242490374,1.0357335828038667,1.0940504808016998
2024-07-01,1.1419731626421166,1.0406764420359276,1.0973373822203731
2024-07-02,1.1301975714313994,1.0387645403832906,1.0880209397736769
2024-07-03,1.1248652449771435,1.0362572157268821,1.0855077560913362
2024-07-04,1.1140797012818586,1.030991301131419,1.0805907868080533
2024-07-05,1.1176603487201986,1.0265780339599362,1.0887241999606403
2024-07-08,1.1054020131372055,1.017811441530102,1.0860577588668352
2024-07-09,1.121535936380218,1.0291960583600106,1.0897203960996003
2024-07-10,1.1229990850671658,1.0259527451608503,1.094591432562618
2024-07-11,1.143711991105053,1.0376813794968822,1.1021803163313768
2024-07-12,1.1456664687371847,1.0389470302077126,1.1027188445864617
2024-07-15,1.1444287185373223,1.0400989665523455,1.1003075239376523
2024-07-16,1.159394539309817,1.04669040366427,1.1076766685268067
2024-07-17,1.1590507528316536,1.047677727597169,1.1063046605848126
2024-07-18,1.1645316020838685,1.0534672751156473,1.105427410600893
2024-07-19,1.1736408635941513,1.0588798546026552,1.1083796320164767
2024-07-22,1.167164572345018,1.0516690878292079,1.1098211270564289
2024-07-23,1.1382006713602293,1.0292170205027313,1.1058898645149338
2024-07-24,1.1291871636862219,1.0227213502368158,1.104100509317375
2024-07-25,1.1252297837844123,1.017066409119755,1.1063483895395483
2024-07-26,1.1314794677638702,1.0200644161738315,1.1092235449286099
2024-07-29,1.1236915642839187,1.014514215662874,1.1076153955612238
2024-07-30,1.1178474005210928,1.0081232860030616,1.1088399762622863
2024-07-31,1.1465842531506585,1.0298752598271643,1.1133234265119452
2024-08-01,1.1398132945371744,1.0230504348452818,1.1141320659421359
2024-08-02,1.1248167883910745,1.012614302392863,1.1108047612334437
2024-08-05,1.102428181847255,1.000326140093438,1.102068753041163
2024-08-06,1.1129226631018565,1.0002244141098666,1.11267296358916
2024-08-07,1.112198630112317,0.9997786005126711,1.11244492484836
2024-08-08,1.1098383965889966,1.0002124257272405,1.1096026884309587
2024-08-09,1.106787495170261,0.9968284768815989,1.11030886540546
2024-08-12,1.1040297143211681,0.9951020796759156,1.1094637795156936
2024-08-13,1.1095490927516167,0.9976542731327966,1.1121579114450661
2024-08-14,1.0985675687002296,0.9901293546485405,1.109519239625191
2024-08-15,1.1070245914420414,0.9999162215366207,1.1071173440319049
2024-08-16,1.105398779660342,1.0010172598357174,1.1042754446029783
2024-08-19,1.1068087796888808,1.0044101824414533,1.101948983629899
2024-08-20,1.095302526842382,0.9971485877299705,1.0984346167865122
2024-08-21,1.0917366362867806,0.9938394435876169,1.0985040323472863
2024-08-22,1.0826669235308277,0.9912962238908304,1.0921729523808412
2024-08-23,1.0837047561760036,0.9955000098501069,1.0886034610277682
2024-08-26,1.0837058955303969,0.9946113972782477,1.0895771941644306
2024-08-27,1.074028981778632,0.9889594707837187,1.0860192085804066
2024-08-28,1.0721390746276713,0.9833254918093788,1.090319618028889
2024-08-29,1.076007203568126,0.9806865052665837,1.097197930010907
2024-08-30,1.0920367975614824,0.9937766272669555,1.0988755094439664
2024-09-02,1.0701878151936062,0.9768956524866566,1.0954985954431034
2024-09-03,1.0750089602548214,0.9794148954181905,1.0976032376920448
2024-09-04,1.0680062934928958,0.9730508870386616,1.0975852421688008
2024-09-05,1.0725089321442047,0.9747264563063095,1.1003178637506552
2024-09-06,1.0605384049327307,0.9668244996830822,1.0969295929926963
2024-09-09,1.0492973027681525,0.9553352123545712,1.0983551000721488
2024-09-10,1.0516149968200315,0.9561759415034261,1.0998132782618892
2024-09-11,1.0513589129070657,0.953294663438079,1.1028687699932314
2024-09-12,1.0464199171076727,0.9492075363600313,1.1024142529677188
2024-09-13,1.0406973998683493,0.9452521412758711,1.1009733323255415
2024-09-18,1.043234252300409,0.9487706965229302,1.0995641582562259
2024-09-19,1.0537823892157787,0.9562597199668084,1.1019834540896016
2024-09-20,1.0534474488270968,0.9577587585475971,1.099908969169447
2024-09-23,1.0547956494306492,0.9612623808969991,1.097302537155745
2024-09-24,1.0974300229415177,1.0028962810705082,1.0942607362848156
2024-09-25,1.1094005120092356,1.0177426660718778,1.09005994245198
2024-09-26,1.153458844023094,1.060764834975009,1.087384126991982
2024-09-27,1.2165602354791871,1.108146358381555,1.0978335364075649
2024-09-30,1.3390093558194547,1.202146495371612,1.1138487372169523
2024-10-08,1.4427046476997625,1.273431241262419,1.132927009289904
2024-10-09,1.3380284194796528,1.1836348902316385,1.130440164042308
2024-10-10,1.3402858764314345,1.1961444520183955,1.1205050311187852
2024-10-11,1.2945507958428453,1.1630468411347947,1.113068493939368
2024-10-14,1.3204137351280025,1.1852385292035288,1.1140489467679644
2024-10-15,1.2856927459657757,1.1537177061190356,1.1143911020406265
2024-10-16,1.2717108774161086,1.146417201744643,1.109291517504091
2024-10-17,1.2573571513648156,1.1334408642179696,1.1093275274068608
2024-10-18,1.3137764143618686,1.1744344024797342,1.118646057700561
2024-10-21,1.323981694235104,1.1774174766361534,1.124479397076456
2024-10-22,1.3347511439377304,1.1841734560523107,1.1271584725327333
2024-10-23,1.3431629235045126,1.1887900349759348,1.1298571522192333
2024-10-24,1.3268488801020952,1.175511534121079,1.1287416937973052
2024-10-25,1.3493088132429014,1.1837665521180247,1.1398436717346714
2024-10-28,1.3551145740306214,1.186082343082416,1.1425130657530242
2024-10-29,1.3350732481515246,1.1742608864154063,1.1369477290749421
2024-10-30,1.323715465142628,1.163728987116979,1.1374774365825495
2024-10-31,1.3316302072741277,1.1642047366169896,1.1438110199960638
2024-11-01,1.318621904729902,1.1638995586662753,1.1329344486056208
2024-11-04,1.338442192199536,1.1802778626662798,1.1340060120893556
2024-11-05,1.3799384453472425,1.2101411341108146,1.1403119904367116
2024-11-06,1.3819668954932425,1.2040703854068744,1.1477459393092324
2024-11-07,1.421554286231484,1.2403993912145097,1.1460456174842206
2024-11-08,1.4135804607047362,1.2279376427432565,1.1511826101745257
2024-11-11,1.4436609406326664,1.2360399666035944,1.1679727028565066
2024-11-12,1.4283014113332968,1.222459302420556,1.1683836087673094
2024-11-13,1.436983605612853,1.229984220904812,1.168294341658925
2024-11-14,1.400209610118851,1.208660043050215,1.1584809294971274
2024-11-15,1.3645217748785046,1.1874795855721318,1.149090722448987
2024-11-18,1.3446038849226207,1.1819593209639896,1.1376058897069152
2024-11-19,1.3693340716550806,1.1898911433825314,1.1508061718674891
2024-11-20,1.3749157979662494,1.1925480774455157,1.1529227407849019
2024-11-21,1.375427611492507,1.1936043170516406,1.1523312976028721
2024-11-22,1.3243789991544481,1.1566229609496343,1.1450395192458216
2024-11-25,1.3203156077628095,1.1513540317316393,1.1467503229888827
2024-11-26,1.312142530207962,1.148987342721712,1.1419991164565566
2024-11-27,1.345465623331643,1.1689919571974108,1.1509622585918533
2024-11-28,1.332689983058801,1.158672483626221,1.1501869612782802
2024-11-29,1.3575088362947012,1.1718463139824744,1.1584358973501054
2024-12-02,1.373148419759204,1.1811365393353237,1.1625653546641896
2024-12-03,1.366715052932826,1.182411093698748,1.1558713041650763
2024-12-04,1.350010219784614,1.17602913779903,1.1479394314253084
2024-12-05,1.3521297248252844,1.1733453525632629,1.1523714836995376
2024-12-06,1.370465213168322,1.1887691429407141,1.152843864855154
2024-12-09,1.3624569054142313,1.1868034688350106,1.1480054964379616
2024-12-10,1.368870282604284,1.1955011455916191,1.145017959750151
2024-12-11,1.3669943645561151,1.1934636814051596,1.145400891417696
2024-12-12,1.3771809110222237,1.205332881280172,1.1425730869961281
2024-12-13,1.3446143931271886,1.1768130097647864,1.1425896739499346
2024-12-16,1.3228270262830228,1.1704281093500375,1.1302078408024698
2024-12-17,1.318588942134028,1.1734769443421493,1.1236598626769172
2024-12-18,1.3254408376048166,1.1794190457822344,1.123808236220007
2024-12-19,1.3305461500683897,1.1804872036634848,1.1271161143799078
2024-12-20,1.330806583682787,1.1751853940276435,1.1324226717299404
2024-12-23,1.318343780722664,1.1769298088610167,1.1201549750859838
2024-12-24,1.335547670236504,1.191925803268962,1.1204956437503462
2024-12-25,1.3278679371128301,1.1925061531600745,1.1135103442393606
2024-12-26,1.3327343139138195,1.193059721985905,1.1170725902098342
2024-12-27,1.3271847483360446,1.1911298027055781,1.1142234417453296
2024-12-30,1.3290450273348102,1.196521490157366,1.110757339728194
2024-12-31,1.2999166094201549,1.1773306835502386,1.1041219154335284
