datetime,port,bench,excess
2017-01-04,1.000219082509672,1.007803175154687,0.9924746291418948
2017-01-05,1.0003118320943774,1.0076476066105484,0.9927199008184552
2017-01-06,0.9998800761189175,1.0016276157371429,0.9982553000828164
2017-01-09,1.0004596627817284,1.0064836818832894,0.9940147871147904
2017-01-10,1.000000033028279,1.0047992089630478,0.9952237463047752
2017-01-11,0.9983266315876682,0.99768715355064,1.0006409604801991
2017-01-12,0.9968120248804629,0.9926366091974451,1.004206388968863
2017-01-13,0.9959788832118849,0.9933218399096622,1.0026749067577778
2017-01-16,0.993915472063255,0.9931841487782119,1.0007363420831301
2017-01-17,0.9948525939519851,0.9952516890824883,0.9995990008006205
2017-01-18,0.9950831580310389,0.9991442678459869,0.9959354119863959
2017-01-19,0.9935357394576454,0.9961283132717212,0.9973973495386746
2017-01-20,0.9967518977726784,1.003787908264896,0.9929905406966102
2017-01-23,0.9990967499463628,1.0065375244438564,0.9926075538002372
2017-01-24,0.9984892071883028,1.0066482241875223,0.9918948677371335
2017-01-25,0.9998651346727296,1.0100740973186053,0.9898928576893745
2017-01-26,1.001914803223737,1.0136824602741104,0.9883911801658369
2017-02-03,0.9999242659474803,1.0066602125701485,0.9933086193945518
2017-02-06,1.0022123958528069,1.0092692632101283,0.9930079438514989
2017-02-07,1.0016422394634408,1.007016288566399,0.9946633940642522
2017-02-08,1.005535843853511,1.012285217784394,0.9933325373004502
2017-02-09,1.0079647079514775,1.0161747819253608,0.9919206084229648
2017-02-10,1.0102850251260456,1.0213210931245644,0.9891943208920166
2017-02-13,1.0140181384826659,1.0281398888613835,0.9862647578099933
2017-02-14,1.0154914800708823,1.0279962385923704,0.9878357935058101
2017-02-15,1.0102413593411512,1.0237805343579685,0.9867753150578235
2017-02-16,1.014276455027931,1.029531172213537,0.9851828506048946
2017-02-17,1.009166809845586,1.0236997004096169,0.9858035607920801
2017-02-20,1.0193129860739303,1.0386448668795267,0.9813874006197358
2017-02-21,1.024065165801269,1.0420647107655463,0.9827270372191627
2017-02-22,1.026462752253294,1.0441411547224164,0.9830689534751438
2017-02-23,1.0209427361928818,1.0392222722556084,0.9824103692244285
2017-02-24,1.0225638621040987,1.0393808554222788,0.9838201817645105
2017-02-27,1.0159908134602131,1.0311139191502072,0.9853332348549249
2017-02-28,1.0191319098212364,1.033085692608475,0.9864931022788571
2017-03-01,1.0216644805605495,1.0347701655287167,0.98733468995845
2017-03-02,1.0138968743958643,1.0277868274876647,0.9864855700420356
2017-03-03,1.012389628329295,1.0256205758223487,0.9870995689780844
2017-03-06,1.0198406174417523,1.031191738476027,0.988992230435195
2017-03-07,1.020729060030528,1.033429780222099,0.987710127543604
2017-03-08,1.0177794630655295,1.031864910698117,0.9863495235795372
2017-03-09,1.0089773084762985,1.0253453337744496,0.9840365730851889
2017-03-10,1.0077626291532518,1.025629549582443,0.9825795576614721
2017-03-13,1.0181706103298467,1.034668439545145,0.984054960425244
2017-03-14,1.01695159479017,1.034246602713202,0.9832776749010719
2017-03-15,1.0171595002816827,1.0363260612926037,0.9815052793451756
2017-03-16,1.024846234940912,1.0416727397289176,0.9838466495798052
2017-03-17,1.0123371930085532,1.0309913011314153,0.9819066289866937
2017-03-20,1.0133046520945834,1.03212823447089,0.9817623607729749
2017-03-21,1.0165162012364006,1.0371368545386432,0.9801177123231095
2017-03-22,1.011367558907485,1.0322598963572767,0.9797605840123034
2017-03-23,1.0148097179082984,1.035829349649872,0.9797074375729181
2017-03-24,1.0233429752285434,1.044093271299412,0.9801260130284682
2017-03-27,1.0206662132504623,1.0406345177504825,0.9808114144212847
2017-03-28,1.0182975885553542,1.0381721320020474,0.9808562156177643
2017-03-29,1.0160766170571747,1.036789822409988,0.9800217894648443
2017-03-30,1.003549808747626,1.0282834690228948,0.9759466518519728
2017-03-31,1.0075532517955592,1.034055069021184,0.9743709807924341
2017-04-05,1.0300179405718153,1.0483689174469446,0.9824956877586386
2017-04-06,1.0358576408533375,1.0514087786789619,0.9852092372243996
2017-04-07,1.040723908507696,1.052429053137208,0.9888779727292591
2017-04-10,1.040303595445643,1.0487428708558832,0.9919529604016731
2017-04-11,1.0509492215939307,1.0523901434742982,0.9986308101712066
2017-04-12,1.0444417366056202,1.0500294837094344,0.9946784855182595
2017-04-13,1.0494597053164822,1.0515643472231002,0.997998560989467
2017-04-14,1.0393423275978104,1.043165749064642,0.9963347900654715
2017-04-17,1.0331062402838893,1.0412030194739696,0.9922236307054018
2017-04-18,1.0287033589942127,1.036056778382267,0.9929024938193676
2017-04-19,1.0205528385197062,1.031012193166635,0.9898552561102075
2017-04-20,1.0242058027865175,1.0357007023860167,0.9889013306904035
2017-04-21,1.0222300352905982,1.0372685164250297,0.98550184364386
2017-04-24,1.0046661045164378,1.0266379057655628,0.978598295342757
2017-04-25,1.00824710952505,1.0295431605961622,0.9793150477938384
2017-04-26,1.0115622685827488,1.0308027820619292,0.9813344377663655
2017-04-27,1.010823954099038,1.031263528556782,0.9801800665962187
2017-04-28,1.0131358932961645,1.0291781108398173,0.9844125935300332
2017-05-02,1.0104456762792895,1.0252376486533143,0.9855721525702312
2017-05-03,1.0029486518103428,1.0212133378959283,0.9821147203940584
2017-05-04,1.000382399145245,1.0185983281183857,0.982116671046584
2017-05-05,0.9889069221460441,1.012063818297061,0.9771191344534167
2017-05-08,0.9762820585925106,1.0049607366447477,0.9714628870497107
2017-05-09,0.9769410591111743,1.0030817855174576,0.9739395861995459
2017-05-10,0.9629068519070478,0.998644611688223,0.9642137359347887
2017-05-11,0.9660913157748691,1.0043144857029411,0.9619410349325801
2017-05-12,0.9700530416008767,1.0129105065834787,0.9576887941194735
2017-05-15,0.9762594601590434,1.0170425024619991,0.9599003559789975
2017-05-16,0.9932379126002769,1.0258569783148375,0.9682031058869985
2017-05-17,0.9932155105456669,1.0202678681409703,0.9734850440359398
2017-05-18,0.9909772125170129,1.0167193769910958,0.9746811509088527
2017-05-19,0.9896145666324884,1.0184368004366846,0.9716995361991654
2017-05-22,0.9852494931972636,1.0206478507949726,0.9653177561975588
2017-05-23,0.9801583140180126,1.0245225521457828,0.9566976461036872
2017-05-24,0.9841353786452567,1.0245165229007194,0.9605851703190386
2017-05-25,0.9953534823202814,1.042914413674495,0.9543961319063159
2017-05-26,0.9933854115262737,1.0413496142580139,0.9539403461863134
2017-05-31,0.9962765440531551,1.0450747062022485,0.9533065321938338
2017-06-01,0.9902485349644755,1.046528805875064,0.9462219572030517
2017-06-02,0.9938372496008928,1.0431687636871743,0.9527099393659807
2017-06-05,0.996508168985059,1.0378549656687066,0.9601612960853281
2017-06-06,1.0029919033028836,1.0450747062022485,0.9597322539244186
2017-06-07,1.0205746938048277,1.0573389618439217,0.9652294397862916
2017-06-08,1.025193279254587,1.0654503295718547,0.9622159295464813
2017-06-09,1.028322870147306,1.0699951885222236,0.961053732930826
2017-06-12,1.0236664801154438,1.069462581839114,0.9571783973545701
2017-06-13,1.0326970035570047,1.0718202970889465,0.9634982714563249
2017-06-14,1.0242391350829256,1.0577668279209282,0.9683033236125373
2017-06-15,1.0270700890187083,1.055819031227913,0.9727709566138718
2017-06-16,1.0266470106364343,1.0528180095513047,0.9751419536164431
2017-06-19,1.0343078428686538,1.0632631157638177,0.9727675375305733
2017-06-20,1.033095476167113,1.0611148817261915,0.9735943713149161
2017-06-21,1.0442323131258215,1.0735227876368778,0.9727155540167594
2017-06-22,1.039754099641001,1.0742348695218777,0.9679020195125266
2017-06-23,1.047484577214052,1.0839708383644218,0.9663401819873466
2017-06-26,1.061958981754873,1.0974977300943938,0.9676183855647116
2017-06-27,1.0627827086886692,1.0994814919352878,0.9666217362313011
2017-06-28,1.055105604882603,1.0909392435078165,0.9671534058028809
2017-06-29,1.0628816159530323,1.0977191996892264,0.9682636654746889
2017-06-30,1.0640259644682082,1.0971117883028287,0.969842796160451
2017-07-03,1.0648081388069839,1.0923395006200647,0.9747959660916293
2017-07-04,1.0589082901003628,1.0831031879352833,0.9776615025194015
2017-07-05,1.0686353615895212,1.0949815017853917,0.9759391915270601
2017-07-06,1.0713279843740433,1.095107134426715,0.9782860057202349
2017-07-07,1.0720194730231705,1.0938595013435743,0.9800339730161158
2017-07-10,1.0690188861460432,1.0931892736365152,0.9778900250182032
2017-07-11,1.0684292357416116,1.0983116080704662,0.9727924460514876
2017-07-12,1.065298807831221,1.0947241371501812,0.9731207814641221
2017-07-13,1.0710356386693984,1.1031317090687338,0.9709045890572477
2017-07-14,1.0741197424291065,1.1079698276946912,0.9694485495728568
2017-07-17,1.0497525298296555,1.096142411890119,0.9576789643779299
2017-07-18,1.056380233644342,1.0972255026690267,0.9627740433253441
2017-07-19,1.0766499617833585,1.1159465189137059,0.9647863437321353
2017-07-20,1.0815034011600895,1.1213710166758395,0.9644474353957065
2017-07-21,1.0817429221376773,1.1156024313000819,0.9696491256988873
2017-07-24,1.0846184926505413,1.1200515935119426,0.9683647600997557
2017-07-25,1.0784373486675067,1.112897683921594,0.9690354865932894
2017-07-26,1.0749536281234742,1.1086580029219395,0.9695989433083645
2017-07-27,1.0853045752432633,1.110692522593368,0.9771422361871799
2017-07-28,1.086040110617864,1.1135948329089365,0.9752560612919747
2017-07-31,1.0931808271638916,1.1183760242442942,0.9774716226615933
2017-08-01,1.0969131897637767,1.1281030894342443,0.972351906521141
2017-08-02,1.090527070090675,1.1252516771642118,0.9691405862544036
2017-08-03,1.0854001017466632,1.1153720580526547,0.9731282883683495
2017-08-04,1.081914600047696,1.10931322762384,0.9753012702869936
2017-08-07,1.0879305037450429,1.1150609209643774,0.975669116629188
2017-08-08,1.0931839964681482,1.1166825775639575,0.9789567943765439
2017-08-09,1.09478642991987,1.1163324607052698,0.9806992705633699
2017-08-10,1.091550810816652,1.1118085638976218,0.9817794593972609
2017-08-11,1.0716652798151935,1.0912923048815344,0.9820148781600073
2017-08-14,1.0902582893804462,1.1054535292781873,0.9862542933779741
2017-08-15,1.0923525855570608,1.1088584402665496,0.9851145519481089
2017-08-16,1.094443823181562,1.1074701715369275,0.9882377433811262
2017-08-17,1.1039512646311032,1.1134122729770128,0.9915026908041771
2017-08-18,1.1013126742012553,1.114426588297696,0.9882325904333704
2017-08-21,1.1076708295852893,1.1193095757241263,0.989601852435411
2017-08-22,1.1039505024077843,1.1226935245697676,0.9833053083928974
2017-08-23,1.0987661874369887,1.1238275133942113,0.9777000245513373
2017-08-24,1.0900110420418958,1.1174126069691463,0.9754776662117907
2017-08-25,1.1079149363852527,1.1356938388616933,0.9755401486510806
2017-08-28,1.1239070686230959,1.1497442934071798,0.977527851251588
2017-08-29,1.1197862904129001,1.1472998551789337,0.9760188544940219
2017-08-30,1.1235260689890065,1.1472280650981777,0.9793397696323418
2017-08-31,1.1231192265215948,1.1435747632346993,0.9821126371700926
2017-09-01,1.1307410517266199,1.1461030500338283,0.986596320194109
2017-09-04,1.1380746836675686,1.1506149584588499,0.98910124129789
2017-09-05,1.1381771613682579,1.1540348724523701,0.986258897835198
2017-09-06,1.139703545268506,1.15176093566592,0.9895313428125233
2017-09-07,1.1321951403865338,1.1459025425817164,0.9880378987864885
2017-09-08,1.1331921715283066,1.14474170258449,0.9899107973177637
2017-09-11,1.1396788298915144,1.1446399064934178,0.9956658189411711
2017-09-12,1.138289021208042,1.1483141003921162,0.9912697412836341
2017-09-13,1.1410272974231859,1.1497144276118654,0.9924440974384187
2017-09-14,1.1366788173421087,1.1459294638620003,0.9919273857496297
2017-09-15,1.1325796658726388,1.1463304086587234,0.9880045555084125
2017-09-18,1.1379840232266614,1.1498729406710353,0.9896606685627058
2017-09-19,1.1334443997619434,1.146575784911308,0.9885473029151924
2017-09-20,1.1407329272458133,1.1496635295663298,0.9922319860630134
2017-09-21,1.131502446889604,1.1482812199742707,0.9853879234521987
2017-09-22,1.1278336479098472,1.1482542986939872,0.9822159161020636
2017-09-25,1.1172423216066782,1.1422882204886495,0.9780739235223339
2017-09-26,1.1198269518070825,1.1431828623055722,0.979569401126793
2017-09-27,1.1248760479337856,1.1433084949468955,0.9838779759841056
2017-09-28,1.122202745168999,1.1437094397436185,0.98119566576329
2017-09-29,1.1268992429800704,1.1478863044226113,0.9817167768604945
2017-10-09,1.1400526745922313,1.161562805559159,0.9814817323144459
2017-10-10,1.1410463135703506,1.1638516752432666,0.980405267992462
2017-10-11,1.139826671555693,1.1676904114461981,0.9761377334117222
2017-10-12,1.1392955178218924,1.1707602085810307,0.9731245642544739
2017-10-13,1.143909304305496,1.1731688218763994,0.9750594142758543
2017-10-16,1.1358702590378704,1.1709098179876065,0.9700749294168896
2017-10-17,1.1322988024716258,1.1707961036214087,0.9671186972430927
2017-10-18,1.133743345002695,1.1800982472493835,0.9607194550498366
2017-10-19,1.1262979003435294,1.1762356043887001,0.9575444716527487
2017-10-20,1.133584882101909,1.1749191257398344,0.964819498863892
2017-10-23,1.1375310943555257,1.1761009979872823,0.9672052793954234
2017-10-24,1.1446467989344757,1.184658179312411,0.9662253795426811
2017-10-25,1.1500792574646883,1.1899090909027161,0.9665269945892999
2017-10-26,1.1531165208225487,1.1948849006601239,0.965044014018003
2017-10-27,1.150702826446005,1.2033791254495891,0.9562263480481233
2017-10-30,1.1352913658247448,1.199713905310985,0.9463017481075698
2017-10-31,1.1421268895995393,1.198816389086532,0.9527121083736696
2017-11-01,1.1394541172936297,1.1957944753747036,0.9528845807190909
2017-11-02,1.1366623103823168,1.1959470292963104,0.9504286415186161
2017-11-03,1.131122283644274,1.19462157688735,0.946845683627675
2017-11-06,1.1427177958476709,1.2030560700861863,0.9498458336740757
2017-11-07,1.1522433730140784,1.2130374151813148,0.9498827971780661
2017-11-08,1.154390074911261,1.2111703122216495,0.9531195268432261
2017-11-09,1.1605918933419241,1.2195150678195408,0.9516831107441996
2017-11-10,1.1671359560638919,1.2302893287480205,0.9486678692495891
2017-11-13,1.17397656998378,1.235124502858947,0.9504924946969899
2017-11-14,1.1656748667145072,1.2265314264934404,0.9503832038344769
2017-11-15,1.1508306605481922,1.218847924842514,0.9441954464474227
2017-11-16,1.1541955341467396,1.228224803066276,0.9397266129663547
2017-11-17,1.1405681507474175,1.2329642103311935,0.9250618478544831
2017-11-20,1.150793433787495,1.2398397931436107,0.9281791406853147
2017-11-21,1.1646185898754602,1.261941883826401,0.9228781489874623
2017-11-22,1.1664035622872642,1.2648949519725041,0.9221347278430906
2017-11-23,1.130780137582853,1.2274439457230515,0.9212478838834007
2017-11-24,1.1316285477775396,1.227982511543724,0.9215347426690502
2017-11-27,1.1108758453001604,1.2117508023277634,0.9167527210761296
2017-11-28,1.1223120421501276,1.2135071354362619,0.9248499735822738
2017-11-29,1.1190414637160067,1.2128878057747388,0.9226257023840823
2017-11-30,1.1073844318033483,1.198630884639578,0.9238744354033003
2017-12-01,1.1132344148798803,1.1962491926244927,0.9306041096985124
2017-12-04,1.1134328888834928,1.2024486586997885,0.9259712511031043
2017-12-05,1.1073331762223797,1.2088246554619435,0.916041190274383
2017-12-06,1.1103776886577506,1.2015390839852083,0.9241294798125934
2017-12-07,1.0990921846548949,1.1881468687641548,0.9250474108458581
2017-12-08,1.1088666237610434,1.1978170767710061,0.9257395350801398
2017-12-11,1.129687032203555,1.2176001515443713,0.9277980384370768
2017-12-12,1.1155742365656018,1.2015989557908386,0.9284081275115463
2017-12-13,1.126027884430427,1.2117927266132045,0.9292248250882983
2017-12-14,1.1240475267896668,1.2046298432627613,0.9331061596026577
2017-12-15,1.1118910908268496,1.1910790448750377,0.9335157860522211
2017-12-18,1.1086255714564561,1.1924044972839982,0.9297395086831945
2017-12-19,1.122489715418883,1.207376514926691,0.9296931831467982
2017-12-20,1.1194081849239572,1.2059283743914384,0.9282542883103295
2017-12-21,1.1302888077339037,1.217106594739173,0.9286687070955568
2017-12-22,1.1276848147049332,1.2131421557874176,0.9295570262109832
2017-12-25,1.1210203077708167,1.2092345039112602,0.9270495541972088
2017-12-26,1.1273130422428752,1.2128488260043282,0.9294753130583913
2017-12-27,1.1149676066417378,1.1941756931826535,0.9336713291075164
2017-12-28,1.1232100570339947,1.202460576974914,0.9340930410040607
2017-12-29,1.1280172506118875,1.2060360595125728,0.9353097212265634
2018-01-02,1.1428620290321139,1.2229559439557813,0.9345079311159852
2018-01-03,1.1520076054495232,1.2301336900963808,0.9364897610106618
2018-01-04,1.157063002549637,1.2353459023462785,0.9366307852335449
2018-01-05,1.1557649555284055,1.2383198625276017,0.9333331318527921
2018-01-08,1.1631433255297914,1.244725865300073,0.9344574238837609
2018-01-09,1.166855570071455,1.253444574306903,0.9309191598812195
2018-01-10,1.1659526988531037,1.2589827864352343,0.9261069423788215
2018-01-11,1.1657430377864397,1.2583185879732386,0.9264291642262796
2018-01-12,1.166571465796746,1.2641260129044054,0.922828463213472
2018-01-15,1.1558807796282737,1.2641978029851617,0.914319560514092
2018-01-16,1.1676179677003018,1.2741403085248812,0.9163966950014286
2018-01-17,1.1628271466152484,1.2710435200022643,0.9148602139234201
2018-01-18,1.1668346983144005,1.2780150098756917,0.9130054727822755
2018-01-19,1.1704303383202668,1.2821977635847464,0.9128313677977397
2018-01-22,1.1872199113356516,1.2975169535710955,0.9149937563961084
2018-01-23,1.1966563141884838,1.311283122201088,0.9125842420512557
2018-01-24,1.202070863850984,1.3134613622490303,0.9151931670016443
2018-01-25,1.201704893013464,1.306038099640845,0.9201147296881521
2018-01-26,1.203311261437817,1.3108912212719603,0.9179337247145813
2018-01-29,1.1868965028595584,1.2871704886121218,0.9220973549038692
2018-01-30,1.1770017768780245,1.2734312412624131,0.9242758766552692
2018-01-31,1.1745878426624439,1.2793553250748086,0.9181091598565562
2018-02-01,1.1578836555899963,1.2703793215402688,0.9114471842836065
2018-02-02,1.169302154280512,1.2779580825850922,0.9149769231203673
2018-02-05,1.1702521492357756,1.2788317622592944,0.9150946854559722
2018-02-06,1.1251231115969182,1.241353834729558,0.9063677737315228
2018-02-07,1.1039797246938332,1.211915414739498,0.9109379345019177
2018-02-08,1.1009263771569344,1.2004110542983282,0.9171244909940077
2018-02-09,1.049059454915388,1.1491279783681891,0.9129178600325242
2018-02-12,1.0687932353777194,1.1639234653240227,0.9182676243065345
2018-02-13,1.078287867979158,1.1775460537925027,0.9157075975978474
2018-02-14,1.084147339208447,1.1869201277162351,0.9134122119021318
2018-02-22,1.1116476326848288,1.2125825577165246,0.916760368694589
2018-02-23,1.1152275199906407,1.2180759010443833,0.915564883136133
2018-02-26,1.1339114491245363,1.2322371955485372,0.9202055036325774
2018-02-27,1.122037269925473,1.214452605191221,0.9239037119516107
2018-02-28,1.1180974940217365,1.2038788517148529,0.9287458554729773
2018-03-01,1.1242571845848537,1.2114935078000542,0.927992743953195
2018-03-02,1.1154175181463046,1.2017306176772267,0.9281760002938488
2018-03-05,1.1168801834194557,1.202221229967394,0.9290138583310055
2018-03-06,1.1338249427136324,1.2167205828401084,0.9318696163313205
2018-03-07,1.1221605239104628,1.2077715005858523,0.9291165782320064
2018-03-08,1.1325120885336295,1.2200237678448993,0.9282705127410312
2018-03-09,1.1439868230717767,1.229379754033441,0.9305398265413914
2018-03-12,1.1502760489767494,1.2350047592476865,0.931394021248509
2018-03-13,1.1416494577804888,1.2241078101929144,0.932637998282659
2018-03-14,1.1361379327710988,1.2187490732664734,0.9322164485639677
2018-03-15,1.1388031375756236,1.2255769829783885,0.9291975562466197
2018-03-16,1.1275649206312461,1.2136866106381532,0.9290412456955223
2018-03-19,1.1234577686248126,1.2190213707993416,0.921606294636274
2018-03-20,1.1237269674515222,1.220053633640214,0.9210471871623491
2018-03-21,1.1197634161950047,1.2150719348527441,0.9215614187737042
2018-03-22,1.1076518462024727,1.2028944021894843,0.920822180389523
2018-03-23,1.068020595756783,1.1683636537757893,0.9141165871646822
2018-03-26,1.0700613123328329,1.1608686010868476,0.921776427867032
2018-03-27,1.0861454959270773,1.1708559754270396,0.9276508116473794
2018-03-28,1.070021617715408,1.1497473080297125,0.9306580761202843
2018-03-29,1.087119305900398,1.1651053375714708,0.9330652524229047
2018-03-30,1.0939557771125197,1.1664367491179939,0.9378612067390015
2018-04-02,1.0941836052842593,1.1629720364315017,0.9408511735515886
2018-04-03,1.0840297364773064,1.1556595436744828,0.9380182445693085
2018-04-04,1.0780062051570605,1.1533796477504699,0.9346499283731802
2018-04-09,1.0756773513414248,1.1528021722668875,0.9330979566304917
2018-04-10,1.09283080900101,1.175014892585843,0.9300569855723518
2018-04-11,1.09757707049137,1.178356917146043,0.9314470467485182
2018-04-12,1.0872988321139179,1.1664786734034356,0.932120626724795
2018-04-13,1.0823089468407454,1.158250646794274,0.9344341398265439
2018-04-16,1.069848524383601,1.1396163535280082,0.9387795472323462
2018-04-17,1.0483290840385788,1.1215984454082346,0.9346741593039677
2018-04-18,1.0548268102770493,1.1268763483863242,0.9360626050831139
2018-04-19,1.0660365730125618,1.1405079807223995,0.9347032997851823
2018-04-20,1.0462379831985626,1.1252516771642125,0.9297813141991709
2018-04-23,1.0390165303069898,1.1268912812839815,0.9220202051107653
2018-04-24,1.0635721174492363,1.149977681277139,0.9248632688836685
2018-04-25,1.062756361580189,1.1455524958305305,0.9277238410708415
2018-04-26,1.0407240074074187,1.1236479680848213,0.9262011207845277
2018-04-27,1.0451589082116906,1.1240638457792016,0.9298038649105255
2018-05-02,1.0482531343326715,1.1260894617980364,0.9308790907774921
2018-05-03,1.058764034906348,1.1348709871255278,0.9329377937381691
2018-05-04,1.0563878388033134,1.1293657255225438,0.935381528702348
2018-05-07,1.0753691357987094,1.1471951145728319,0.9373899192371757
2018-05-08,1.0846371278519125,1.1605065659530347,0.9346238614007182
2018-05-09,1.0821059081427244,1.1583942269557865,0.9341430429832642
2018-05-10,1.08684027564435,1.1648091333808515,0.9330629752960493
2018-05-11,1.0788471607166539,1.1587592767121313,0.9310364822086081
2018-05-14,1.0820409360798575,1.169665129419497,0.9250860856362134
2018-05-15,1.0929188636604548,1.174096344111169,0.9308596088746292
2018-05-16,1.0885444814587573,1.164743302437658,0.9345788717398706
2018-05-17,1.079916566076637,1.1561292639294305,0.934079431919435
2018-05-18,1.0879753558364746,1.167801111189864,0.9316443916789431
2018-05-21,1.101037661200545,1.1732406119571555,0.9384585309946233
2018-05-22,1.101598890060888,1.168743636429791,0.9425496368271037
2018-05-23,1.0873241229985497,1.1532958692870874,0.9427972057774574
2018-05-24,1.0809808017256068,1.1451096968558665,0.9439975966439385
2018-05-25,1.0741536843134702,1.1419022786970843,0.9406704096773364
2018-05-28,1.0757874432311982,1.1469168579024005,0.9379820654120552
2018-05-29,1.0691859123794616,1.1381651983702237,0.9393943110459397
2018-05-30,1.0426248511675733,1.1140376318836,0.9358973353572599
2018-05-31,1.0617071157427762,1.1376775305950872,0.9332232440131141
2018-06-01,1.053030915320939,1.128165905754906,0.933400761314719
2018-06-04,1.0517932596464403,1.139233356251474,0.9232465445949142
2018-06-05,1.0701579083104378,1.1505252208579055,0.9301472830925508
2018-06-06,1.0724498562757128,1.1481405843277894,0.9340753832019693
2018-06-07,1.0681947675767778,1.1462436856803104,0.9319089657124614
2018-06-08,1.055738568271633,1.130867708618363,0.933565049409255
2018-06-11,1.0520995423930661,1.1309753937394973,0.9302585610765295
2018-06-12,1.0644439376605896,1.1447297142018646,0.9298648619449419
2018-06-13,1.0495553948482736,1.1334767592583428,0.9259611070764427
2018-06-14,1.0443691905123915,1.1289976611436667,0.9250410576178278
2018-06-15,1.0334737533541836,1.123031582938329,0.9202535076085536
2018-06-19,0.9850026552945119,1.0834442609263757,0.9091401291399214
2018-06-20,0.993727849383727,1.0877288107265026,0.9135805171143793
2018-06-21,0.9739136431504459,1.0750217561101656,0.9059478448830962
2018-06-22,0.9854716896720568,1.0797880145478662,0.9126529248286739
2018-06-25,0.9753569283389258,1.0653007201652789,0.9155695756852595
2018-06-26,0.9747650046460204,1.056513165592724,0.9226245695662095
2018-06-27,0.9593472476808292,1.0350155417813003,0.9268916349118361
2018-06-28,0.9515197720450387,1.0243250593162028,0.928923649178547
2018-06-29,0.9830548740342765,1.0504902302042873,0.9358058226235033
2018-07-02,0.9635628180191682,1.0196664859996363,0.944978413284353
2018-07-03,0.9683074769852893,1.0200614716587966,0.9492638472176129
2018-07-04,0.954204904172917,1.006438813082816,0.9481002637906009
2018-07-05,0.941664035363294,1.0000628163206609,0.9416048872087632
2018-07-06,0.9458483046184178,1.0068487316396335,0.9394145067632179
2018-07-09,0.9700452539757066,1.034991565016048,0.9372494296228063
2018-07-10,0.9763438307698388,1.0374869012898302,0.9410661759257135
2018-07-11,0.958583170749867,1.0195378387357816,0.9402134323317535
2018-07-12,0.9835467454405871,1.0415381333274996,0.944321397334112
2018-07-13,0.988061519311669,1.0450178490191497,0.9454972661367078
2018-07-16,0.9872714136407298,1.038854277984232,0.9503463907916013
2018-07-17,0.9862139971427479,1.0320593889051648,0.955578727101111
2018-07-18,0.981396701701385,1.0266558532857522,0.9559159464785422
2018-07-19,0.9758104446960982,1.025764226091361,0.9513009128953444
2018-07-20,0.9902900800331367,1.0450776507172799,0.9475755981897228
2018-07-23,1.000924648252053,1.0549094565133335,0.9488251736412432
2018-07-24,1.018199805618998,1.071652740162182,0.9501210303114659
2018-07-25,1.01921064057415,1.070467923399703,0.9521169371775616
2018-07-26,1.0088754471561914,1.0580510437289221,0.9535224724135996
2018-07-27,1.0038580489080111,1.0535570127165887,0.9528274566931796
2018-07-30,0.9931177422736939,1.0517169712522085,0.9442823206430295
2018-07-31,0.9942619936796588,1.052488924942839,0.9446769178437269
2018-08-01,0.9757172671117521,1.0314640360088945,0.9459537444341282
2018-08-02,0.9550641400629261,1.0085960208805371,0.9469243585049285
2018-08-03,0.9355984367384582,0.9919365156950709,0.9432039469611264
2018-08-06,0.9120293218662493,0.9793670821026834,0.9312435944938428
2018-08-07,0.9399148512600465,1.0079707320814515,0.9324822847972281
2018-08-08,0.9229731350386263,0.9917061424476448,0.9306921632658466
2018-08-09,0.9490454176506105,1.0165457908192685,0.933598295543325
2018-08-10,0.9559762580078112,1.0187868471878725,0.938347663838186
2018-08-13,0.9580775205627281,1.0143945421591105,0.9444821326852635
2018-08-14,0.9525356300228419,1.0091794555016826,0.9438714044662334
2018-08-15,0.9290543101247108,0.9849650959291448,0.9432357694343556
2018-08-16,0.9223936066504794,0.9804022894585871,0.9408317550542011
2018-08-17,0.9059856682132751,0.9663068960051273,0.9375754969345348
2018-08-20,0.914293357856702,0.9775658801937126,0.935275439109564
2018-08-21,0.9327576065487008,0.9953384120609017,0.9371261022845245
2018-08-22,0.9249400538112095,0.9897433427494716,0.9345251580493171
2018-08-23,0.9302522896674363,0.9933577349500402,0.9364725888143633
2018-08-24,0.931026503097819,0.9949434965092423,0.9357581675384824
2018-08-27,0.9579613434936465,1.0192506083052568,0.9398683068597642
2018-08-28,0.9588934265928708,1.017335692030088,0.9425536075308673
2018-08-29,0.9537419215820789,1.01326658257973,0.941254688528162
2018-08-30,0.9429265393529871,1.0026509048179204,0.9404335395520546
2018-08-31,0.934944804749542,0.9976871535506396,0.9371122013771495
2018-09-03,0.9337905675363201,0.9938932861481807,0.9395279961646709
2018-09-04,0.9453927945560899,1.0064836818832892,0.9393026549492699
2018-09-05,0.92923323804606,0.9868082221235575,0.9416553462094193
2018-09-06,0.92068360620417,0.9762583753049412,0.9430737082451026
2018-09-07,0.9230306458129031,0.980674586991455,0.9412201132330819
2018-09-10,0.9046792180744055,0.9664415725140458,0.9360930280772429
2018-09-11,0.9046425763329291,0.964688254028079,0.937756391824584
2018-09-12,0.8987706524742175,0.9580489334931505,0.9381260403862693
2018-09-13,0.905902982830754,0.9683863545845294,0.9354768151596035
2018-09-14,0.9030222221821862,0.9700379470869249,0.9309143264900198
2018-09-17,0.8881606894893327,0.95891665402979,0.926212602270375
2018-09-18,0.9080540957112284,0.9782180902730824,0.9282736689706211
2018-09-19,0.9212758890261835,0.9910987310612477,0.9295500641391203
2018-09-20,0.9202765043076727,0.9903956229363422,0.9292009001203185
2018-09-21,0.9433910096578857,1.0204235067926108,0.9245092879358952
2018-09-25,0.9379906294490131,1.0112409665608957,0.9275639145029915
2018-09-26,0.9470554123018793,1.022443093566382,0.9262671128213669
2018-09-27,0.940630770849037,1.018358981110866,0.9236730743248909
2018-09-28,0.949712100464947,1.028911842552014,0.9230257260032817
2018-10-08,0.909021705287839,0.9846419704582416,0.9232002418755217
2018-10-09,0.9056185273825377,0.9839807165112769,0.920362068266364
2018-10-10,0.9039243076672399,0.9818594037539342,0.9206249939770136
2018-10-11,0.8494124843106906,0.93473818949763,0.9087170010323455
2018-10-12,0.8561446049094376,0.9486869180595449,0.9024522090602931
2018-10-15,0.8415625827789538,0.9354382830000036,0.8996452230712804
2018-10-16,0.8241906963842313,0.9278146531547077,0.8883139467369484
2018-10-17,0.8316527246702831,0.9329848710116629,0.8913892931280842
2018-10-18,0.8112616200665774,0.9108858650589052,0.8906292777022231
2018-10-19,0.8371811524823187,0.93798150269679,0.8925348208630338
2018-10-22,0.8803359750104038,0.9784694256632291,0.8997071874920279
2018-10-23,0.8602399945754677,0.9524868147070673,0.9031516040881158
2018-10-24,0.8565560943548712,0.953913993099599,0.89793849398479
2018-10-25,0.85615288445732,0.9557421162888536,0.8957990548556773
2018-10-26,0.850981914762325,0.9495575831112151,0.8961877930289304
2018-10-29,0.8333219953398219,0.9206098455188231,0.9051847526898772
2018-10-30,0.8434118842944454,0.9305942052364833,0.9063154267977812
2018-10-31,0.8575187702990267,0.9436274700537561,0.9087471460005038
2018-11-01,0.8667027592206097,0.9505718984318984,0.9117698099958114
2018-11-02,0.9011341560757067,0.9844474922511931,0.9153704622833981
2018-11-05,0.8984235770233983,0.9762463869223149,0.9202836384939067
2018-11-06,0.8939124207493916,0.970355113420265,0.9212219406960905
2018-11-07,0.8894698948344537,0.9640000788008306,0.9226865374750914
2018-11-08,0.8822561703986064,0.9612653955195275,0.9178070640125149
2018-11-09,0.8768930201672371,0.9477025386416768,0.925282970565923
2018-11-12,0.8954677331383738,0.9589824849729828,0.9337686007514534
2018-11-13,0.9071629027670413,0.9686287162145817,0.9365434738629782
2018-11-14,0.9001337368297128,0.9589226131673522,0.9386927834108971
2018-11-15,0.9143382750706734,0.9701217255503067,0.9424985040428924
2018-11-16,0.9218250904429494,0.9746995350260225,0.9457530831984429
2018-11-19,0.9307401533594951,0.9857490380024013,0.9441958525728004
2018-11-20,0.9054659568885172,0.9629528830623009,0.9403014133038694
2018-11-21,0.9090478726563217,0.9653704000102633,0.9416570806880522
2018-11-22,0.905761463662594,0.9617620370547583,0.9417729425423601
2018-11-23,0.8777483070915563,0.9405336961536708,0.9332449338935155
2018-11-26,0.8742029969207483,0.9398634684466116,0.9301382873893528
2018-11-27,0.8763896949617634,0.9386666633015063,0.9336537976956586
2018-11-28,0.8913082793416429,0.9511404001553859,0.9370943334927542
2018-11-29,0.873869802249533,0.9387893514277985,0.9308475867567844
2018-11-30,0.8862106134354565,0.9492733673032214,0.9335673410422131
2018-12-03,0.9145044510235067,0.9756808998213586,0.9372987123053726
2018-12-04,0.9172553470804838,0.9777035012176616,0.9381733275355015
2018-12-05,0.9116766282310904,0.9730030737231543,0.9369719920232102
2018-12-06,0.8896362833630236,0.9519602372690206,0.9345309273790766
2018-12-07,0.8918763534484688,0.9519272867436736,0.9369164702688318
2018-12-10,0.8808168255438734,0.9409166934302045,0.9361262603735607
2018-12-11,0.8870790242808742,0.9454226427176634,0.938288321222054
2018-12-12,0.8887743515522514,0.9486510230191663,0.9368822991658702
2018-12-13,0.9012451461625788,0.9633358102313336,0.935546189180028
2018-12-14,0.881636705800854,0.9472448067693552,0.9307379671024407
2018-12-17,0.8787453847108315,0.9458355758970125,0.9290678074542144
2018-12-18,0.8702914130695156,0.9360306913812426,0.929768031201285
2018-12-19,0.8574203846846149,0.9248704886611978,0.9270707576860618
2018-12-20,0.859212618870493,0.9177764508764799,0.9361894370355024
2018-12-21,0.8493478173118412,0.9064008078066659,0.9370554505209642
2018-12-24,0.8544779171150079,0.9090337651043974,0.9399847947527845
2018-12-25,0.8440260673327701,0.9027744973309717,0.9349245795357647
2018-12-26,0.8387915073191717,0.898211690860414,0.9338461254224797
2018-12-27,0.8328456353668643,0.8947648555866101,0.9307983322845739
2018-12-28,0.8377955628456251,0.9007908055975784,0.9300667342955807
2019-01-02,0.8277990430596516,0.8884905848080263,0.9316914069928065
2019-01-03,0.8231315465478457,0.8870843685582154,0.927906719724627
2019-01-04,0.849049744048925,0.9083366161170545,0.9347302849888752
2019-01-07,0.8588902327082685,0.9138509215876339,0.9398581458079812
2019-01-08,0.857432945340702,0.9118762036143352,0.9402953404663478
2019-01-09,0.8612419819125215,0.921085595018833,0.9350292595715951
2019-01-10,0.8583856459411117,0.919353238675587,0.9336842574000122
2019-01-11,0.8623894611710795,0.9259626233077004,0.9313437059591818
2019-01-14,0.8551396179552665,0.9178841359976138,0.9316422241308784
2019-01-15,0.8702826994981582,0.9358990996023563,0.9298894505485932
2019-01-16,0.868192422457997,0.9360965223244357,0.9274603652005617
2019-01-17,0.8619282488792589,0.9309413074726385,0.9258674440167025
2019-01-18,0.8740984423425708,0.9479209936139769,0.9221216200835943
2019-01-21,0.878373717171802,0.953148068654031,0.9215501201321007
2019-01-22,0.866606860359731,0.9404858127306658,0.9214459682741731
2019-01-23,0.8658587795493267,0.9398066112635121,0.9213159060301065
2019-01-24,0.8706356751394111,0.945111505629386,0.9211988955309791
2019-01-25,0.8730138921614797,0.9527979517953434,0.9162634014026502
2019-01-28,0.8715491485629616,0.9525915553131696,0.9149242859668593
2019-01-29,0.8666711935544597,0.9556403903052816,0.9069009664583133
2019-01-30,0.8571943054477695,0.9480137458374539,0.9042002916218725
2019-01-31,0.8574088347599483,0.9579322746119208,0.8950620596923757
2019-02-01,0.8788133857794523,0.9716267232686575,0.9044763433667499
2019-02-11,0.9005366584934551,0.989300543774807,0.9102761179705192
2019-02-12,0.9124172036686787,0.9964424649825294,0.9156747486516205
2019-02-13,0.9342803097927666,1.0163962515201928,0.9192087322197343
2019-02-14,0.936717287064816,1.017925155896296,0.9202221613631549
2019-02-15,0.9278322194066285,0.9989438305013753,0.9288132035821719
2019-02-18,0.9632435151572164,1.0309703389886944,0.9343076892998561
2019-02-19,0.9632455013209125,1.0291361865543762,0.9359747659305707
2019-02-20,0.9651675103511875,1.0328223688357008,0.9344951653586081
2019-02-21,0.9652287521432169,1.030063778896646,0.9370572695771545
2019-02-22,0.9956824973832198,1.0532249134855907,0.9453655004115528
2019-02-25,1.0548593158254453,1.1158657550728552,0.9453281553179067
2019-02-26,1.0505943784575875,1.1024644959842065,0.9529507592166832
2019-02-27,1.0461473058922477,1.100579515611853,0.9505422289371391
2019-02-28,1.0387154933465512,1.097880727370928,0.946109597746507
2019-03-01,1.0557012497503109,1.1219185562566063,0.9409785085227255
2019-03-04,1.0750841982664638,1.1352001418414945,0.9470437490630401
2019-03-05,1.0902912450273574,1.14175561380554,0.9549252325489789
2019-03-06,1.110156537509227,1.1513540317316353,0.9642182221219591
2019-03-07,1.1115253032968222,1.1396133389054766,0.9753530125966838
2019-03-08,1.0598288533481919,1.0943531282562735,0.968452345027704
2019-03-11,1.0930201069314815,1.1160063907193365,0.9794030894634583
2019-03-12,1.1073753747880293,1.1236061139068805,0.9855547785670056
2019-03-13,1.0873228070148842,1.114282938028684,0.9758049503463672
2019-03-14,1.0646232969551856,1.1065934772401949,0.9620726299691542
2019-03-15,1.0771555746938732,1.1205123400067953,0.9613063026930527
2019-03-18,1.1071767698995703,1.1524491108931694,0.9607164077218887
2019-03-19,1.1071485580560314,1.1471263391146074,0.9651496267713352
2019-03-20,1.1078026694845555,1.1475691380892712,0.9653472132660105
2019-03-21,1.1171805252828824,1.1480029633038404,0.9731512556968894
2019-03-22,1.1132880236700458,1.1470784556916032,0.9705421788249137
2019-03-25,1.0898331060213255,1.1198600598199253,0.9731868696134871
2019-03-26,1.0666669165045168,1.10717691186134,0.9634114522053036
2019-03-27,1.0725316259508637,1.12002761674669,0.9575939110021354
2019-03-28,1.064494043843428,1.115542629601952,0.9542387853194467
2019-03-29,1.1108136262526893,1.1586096673055555,0.9587470721144422
2019-04-01,1.148509493445107,1.1890055454332,0.9659412421215086
2019-04-02,1.149390427192062,1.1882155741148797,0.9673248291230832
2019-04-03,1.1713036988464827,1.2034360527401895,0.9732994920498331
2019-04-04,1.17822943235193,1.215424996226463,0.9693970718143742
2019-04-08,1.1643544536102872,1.2139290423757068,0.9591618727002361
2019-04-09,1.1661334118762237,1.2193744321730604,0.9563374309874979
2019-04-10,1.1608300712130075,1.2224921127308974,0.949560376810821
2019-04-11,1.137160445689626,1.196081635697729,0.9507381534424014
2019-04-12,1.1384689663929342,1.1934008650844938,0.9539702875213933
2019-04-15,1.1247277982183121,1.189481294933211,0.9455615678945715
2019-04-16,1.151609032248145,1.2224741652107085,0.9420313860372264
2019-04-17,1.1563847030346381,1.2229079904252778,0.9456023773566926
2019-04-18,1.1503847292940608,1.2183721753425043,0.944198129746905
2019-04-19,1.1588654563487644,1.2328924202504388,0.9399566720617544
2019-04-22,1.135886020904012,1.204468315581062,0.943060108937806
2019-04-23,1.1273812018624054,1.2024935275002626,0.9375361913223763
2019-04-24,1.1385928903496743,1.205808630780179,0.9442567098006133
2019-04-25,1.1031462724600756,1.1793981537470106,0.9353467859478338
2019-04-26,1.0899586881756893,1.1636751445564082,0.9366520315179375
2019-04-29,1.0626417280655271,1.1669842886987618,0.9105878616844266
2019-04-30,1.0707199795300175,1.1708380279068513,0.9144902659543623
2019-05-06,0.9902000890392164,1.1024435338414864,0.8981866722813862
2019-05-07,1.004622798367197,1.1132297831525926,0.9024397420649061
2019-05-08,0.9951731497863731,1.0973092811324099,0.9069212909229807
2019-05-09,0.9807586887114573,1.077035383746375,0.910609533829773
2019-05-10,1.021242305604537,1.1161559300184123,0.9149638308938522
2019-05-13,1.004025507948205,1.0976892637864122,0.9146718849056428
2019-05-14,0.9991176789428179,1.0906340655571034,0.9160888243780114
2019-05-15,1.020338740067856,1.1151506585653244,0.9149783773436975
2019-05-16,1.026031137563971,1.1201981882959873,0.9159371513756326
2019-05-17,0.9896210150011048,1.0917142118209797,0.90648358726632
2019-05-20,0.9799900463638448,1.082447963233383,0.9053461040626046
2019-05-21,1.0007268529237587,1.0971058291652669,0.912151614111067
2019-05-22,0.9958195331508732,1.0918997162679334,0.9120064034401821
2019-05-23,0.975485392337289,1.072325982491773,0.9096910904560433
2019-05-24,0.9734072792288166,1.0753030274031288,0.905239969034225
2019-05-27,0.9972199750636705,1.0882554582720503,0.9163473222060128
2019-05-28,1.0055866238156448,1.098745433285036,0.9152134728871051
2019-05-29,1.003125770866951,1.096247082388722,0.9150544498427674
2019-05-30,0.9948826536799825,1.089446234172092,0.913200323681901
2019-05-31,0.9950658421115214,1.086038378668699,0.9162345103598506
2019-06-03,0.992001950490812,1.0867025771306946,0.9128550639035677
2019-06-04,0.9810706403533739,1.076667389474999,0.9112105093400854
2019-06-05,0.9797176588397193,1.0762604154332125,0.9102979583666717
2019-06-06,0.9669583298602503,1.0665573270085147,0.9066163677974816
2019-06-10,0.9749311897420143,1.0803385687511657,0.9024311618060635
2019-06-11,1.0129022670185053,1.1128139054582122,0.910217119008261
2019-06-12,1.0046576732246884,1.1043823567744069,0.9097009446610623
2019-06-13,1.005714657355709,1.1026739771964134,0.9120689144335964
2019-06-14,0.9917279035992842,1.0935452795252654,0.9068924004955857
2019-06-17,0.9923185808026039,1.0935273320050765,0.9074474425646979
2019-06-18,0.9936774691668955,1.097357164555414,0.9055187328817198
2019-06-19,1.0096505872747887,1.1118145230351864,0.9081106302861593
2019-06-20,1.0359202881463183,1.1454986532699645,0.9043400314694029
2019-06-21,1.0474169421686572,1.1471203098695446,0.9130837743495047
2019-06-24,1.0476002648244702,1.1493134828151441,0.9115008920442348
2019-06-25,1.0393241253044783,1.1373573496392162,0.9138061363336375
2019-06-26,1.036933424191019,1.1352689172997197,0.9133813217201477
2019-06-27,1.0482661873123702,1.147383633642318,0.9136143802092558
2019-06-28,1.046250249742837,1.1446219589732307,0.9140574680931013
2019-07-01,1.0762913364932383,1.1776000365680723,0.9139701962220703
2019-07-02,1.0795634139807324,1.1780069405023579,0.9164321336853546
2019-07-03,1.0697407225884188,1.1649496989198325,0.9182720280371817
2019-07-04,1.062619611441046,1.1588370259304508,0.9169707108623405
2019-07-05,1.0683732722389179,1.164850987558793,0.9171759166191156
2019-07-08,1.043002056284436,1.1378002187213807,0.9166829458483708
2019-07-09,1.042690311627716,1.1349098967884383,0.9187428134852953
2019-07-10,1.0397942471827526,1.1329979951358014,0.9177370583591569
2019-07-11,1.0393085339839752,1.1325432077785114,0.9176767180676343
2019-07-12,1.0435660126548167,1.1395774438650994,0.9157482172649529
2019-07-15,1.0529782848822926,1.1442031367638195,0.9202721536496216
2019-07-16,1.052223984341738,1.1390119567641435,0.9238041603452836
2019-07-17,1.0547233766060622,1.1383537174397105,0.9265339590388982
2019-07-18,1.0433816156393667,1.1275106810530062,0.9253851277620984
2019-07-19,1.0532538199272254,1.139347070617673,0.9244363259355431
2019-07-22,1.0404664320253654,1.1314840236573553,0.919559101384579
2019-07-23,1.0498639070876312,1.1339464795132912,0.9258496111194334
2019-07-24,1.0596864757055016,1.1428985763900792,0.9271920515052101
2019-07-25,1.0655732371872966,1.1522456589260273,0.9247795632230758
2019-07-26,1.0685089381176505,1.1544896598096621,0.9255249096763785
2019-07-29,1.0684548504371587,1.1532031170636117,0.9265105466916821
2019-07-30,1.0738347312832057,1.1580052705416903,0.9273142002029823
2019-07-31,1.0667377006104235,1.147545161324019,0.9295823263109216
2019-08-01,1.057342094465148,1.1380036706885233,0.9291201089232226
2019-08-02,1.0427897586045798,1.121239424896954,0.9300330825420414
2019-08-05,1.0235315239710856,1.0997716668808448,0.9306763892854321
2019-08-06,1.0104571641595763,1.0879951491218087,0.928733151958611
2019-08-07,1.0083087410505687,1.0835370131498534,0.9305715714495111
2019-08-08,1.0194026155135,1.097856820713177,0.9285387641452987
2019-08-09,1.0081435827087357,1.0871573644879848,0.9273207500953995
2019-08-12,1.0256351795197065,1.1067759670646178,0.9266872520189319
2019-08-13,1.0203439154570382,1.0967976365920211,0.930293685376146
2019-08-14,1.0258716285918543,1.1017793353794907,0.9311044377488791
2019-08-15,1.0298452032342738,1.1052500773110463,0.9317757350804947
2019-08-16,1.0371613798582657,1.1101988956806697,0.934212224398202
2019-08-19,1.065337937691017,1.1342995408870096,0.939203357922489
2019-08-20,1.065277402582218,1.133294199326421,0.9399831069596677
2019-08-21,1.0628266003453903,1.131508000422608,0.9393010035708402
2019-08-22,1.0642860198975632,1.1350236111546361,0.9376774275337647
2019-08-23,1.0684725207004948,1.1432067689633254,0.9346275317013731
2019-08-26,1.058990606491868,1.1267656486426594,0.9398499215587238
2019-08-27,1.0774961723310246,1.1420368850985037,0.9434863150134487
2019-08-28,1.0737685362808154,1.1377373322932187,0.9437754267204469
2019-08-29,1.0716697482087327,1.1340302579766741,0.9450098360874388
2019-08-30,1.0680704824300595,1.136842760583797,0.9395059013100271
2019-09-02,1.0876484190963882,1.1514228071898613,0.9446125370322309
2019-09-03,1.0914913357586247,1.1530056242340323,0.9466487524583647
2019-09-04,1.1024278685452904,1.162696724276104,0.9481645948832126
2019-09-05,1.1144355713940164,1.1744613237600146,0.9488908224122469
2019-09-06,1.119070172127217,1.1813998631080946,0.9472408175019614
2019-09-09,1.1345368895427306,1.1887123558651136,0.954425083532546
2019-09-10,1.1316384224542684,1.1846191995420026,0.9552761114219509
2019-09-11,1.1223365485359489,1.175891516775078,0.9544558596816776
2019-09-12,1.1300792919632,1.1885417142083163,0.9508116361872431
2019-09-16,1.130298735233112,1.1841555085321185,0.9545188339614554
2019-09-17,1.111047149278502,1.1642585791775542,0.9542958661840899
2019-09-18,1.1158602613297803,1.1699015319119885,0.9538069922056708
2019-09-19,1.1231831301785666,1.174180122574553,0.956567998882345
2019-09-20,1.1270954786040315,1.177552083037568,0.9571512758031214
2019-09-23,1.1151367934068732,1.1640910222507894,0.9579463908679045
2019-09-24,1.1171838478844092,1.1672087028086262,0.9571414651005913
2019-09-25,1.1020379209847686,1.158202763371271,0.9515069000327551
2019-09-26,1.0854709493332695,1.149274573152235,0.9444835678875548
2019-09-27,1.0927371153996808,1.152718393803507,0.9479653671475544
2019-09-30,1.0821766322848816,1.1413128148308778,0.9481858244492251
2019-10-08,1.0803947396817617,1.1482393657963317,0.9409142134161912
2019-10-09,1.086665825598533,1.1499028765738526,0.9450066155467539
2019-10-10,1.1037429426750096,1.159297842532805,0.9520788378796423
2019-10-11,1.1095282741548245,1.1703952289321882,0.9479945293070823
2019-10-14,1.1226474424285198,1.182815053118,0.9491318524135508
2019-10-15,1.110230117764513,1.177731558239458,0.9426852069958539
2019-10-16,1.1051754490732846,1.1736744371717265,0.9416371474669688
2019-10-17,1.1059526247649552,1.1744314579647,0.9416919286899729
2019-10-18,1.0905675064042064,1.1577239992487287,0.9419926572411892
2019-10-21,1.091226289721223,1.1611528870023435,0.9397783030435859
2019-10-22,1.1007061872399095,1.1656528771522399,0.944282992659874
2019-10-23,1.0920566454657625,1.158232629166586,0.9428646870806593
2019-10-24,1.0895290640716087,1.1581100111477947,0.9407820099852034
2019-10-25,1.1033492795823832,1.1659251045776071,0.9463294642601473
2019-10-28,1.1188159587996307,1.174841306414017,0.9523124124862504
2019-10-29,1.1060513094296733,1.1699464007124614,0.9453863089421208
2019-10-30,1.100061717410774,1.1642615938000862,0.9448578594955046
2019-10-31,1.097140500189087,1.162921138385968,0.9434349965568787
2019-11-01,1.1109576520133497,1.1825607031053218,0.9394508451837208
2019-11-04,1.1209949095045453,1.1902592077614063,0.941807382958935
2019-11-05,1.1287170307347514,1.1976464351142122,0.9424459486886149
2019-11-06,1.1221415384889133,1.1922818091577092,0.9411713991356232
2019-11-07,1.1260154435787317,1.1943732561197373,0.9427667923819012
2019-11-08,1.120999120587504,1.188730303385303,0.9430222460007018
2019-11-11,1.0986058817380158,1.1677772045321144,0.940766678330724
2019-11-12,1.1000195061707874,1.167989630259352,0.9418058839499527
2019-11-13,1.098952986622597,1.1668795480926601,0.9417878549837527
2019-11-14,1.1067246311856371,1.1686388958236904,0.9470201917296153
2019-11-15,1.0969389652220711,1.1600308865605264,0.9456118607966363
2019-11-18,1.107480359135908,1.1692582254852135,0.9471649076287924
2019-11-19,1.126065049299047,1.1809600086484626,0.9535166652999202
2019-11-20,1.1141396347346024,1.1692372633424928,0.9528772898920592
2019-11-21,1.1108147848201981,1.1637738559174495,0.9544936751861455
2019-11-22,1.0996274427303574,1.1519225334551253,0.954601903161047
2019-11-25,1.1009390216603578,1.1603660004140561,0.9487860048187444
2019-11-26,1.1092441576273848,1.1643872264414097,0.952641984073844
2019-11-27,1.1060487185115417,1.1595910321008938,0.9538265542703047
2019-11-28,1.1025067468057008,1.1556057011139182,0.9540509758155105
2019-11-29,1.097445279262409,1.1455435220704382,0.9580127320513347
2019-12-02,1.101352609914031,1.1477546425362268,0.9595714703277871
2019-12-03,1.106958901251805,1.1522516180635913,0.9606919911400058
2019-12-04,1.1061322706539591,1.1518716354095893,0.9602912656674927
2019-12-05,1.1168845017525713,1.1607100179201797,0.9622424933954329
2019-12-06,1.1231343316087534,1.1676006738452556,0.9619164811801099
2019-12-09,1.122563711760735,1.1655242298883854,0.9631406048660486
2019-12-10,1.1251623109611537,1.1669992917039216,0.9641499518978437
2019-12-11,1.1254055799287597,1.1677083589663897,0.9637728216015558
2019-12-12,1.1225215803166453,1.1641987073719242,0.9642010193007675
2019-12-13,1.1426418044079556,1.1872970256402073,0.9623891745132832
2019-12-16,1.1576209451115873,1.1930806140211232,0.9702788994366243
2019-12-17,1.1727545136481639,1.2093123232370835,0.9697697535314436
2019-12-18,1.1708322299839764,1.2066134648886577,0.9703457354439659
2019-12-19,1.167326794653089,1.2049290620759168,0.9687929616719141
2019-12-20,1.1631009120171663,1.2019668799547176,0.9676646931078371
2019-12-23,1.1455483408580767,1.1869620520016793,0.9651094901696622
2019-12-24,1.1582636410652436,1.194699396213173,0.9695021565563527
2019-12-25,1.159312819103778,1.1940740373065863,0.9708885570603164
2019-12-26,1.1711264980612848,1.2045818897322602,0.9722265526684852
2019-12-27,1.1664691434133627,1.2033970729697812,0.9693135953328468
2019-12-30,1.182135827904902,1.221229476642601,0.9679882859975053
2019-12-31,1.1905231628175268,1.2257026156197146,0.9712985414619507
2020-01-02,1.2113934077245954,1.2423560915601173,0.9750774483693803
2020-01-03,1.2109827480125597,1.2401779917271765,0.9764588277574923
2020-01-06,1.21075570607609,1.2354924270228258,0.9799782496390173
2020-01-07,1.2210815472106569,1.244746757335297,0.9809879318944348
2020-01-08,1.2043637963505933,1.2304120168743162,0.9788296764283116
2020-01-09,1.2211101699759335,1.245985416658343,0.98003568392548
2020-01-10,1.2218755840060833,1.2456294107695933,0.9809302617952526
2020-01-13,1.234981626635319,1.257839753743199,0.9818274728240569
2020-01-14,1.2329208830935954,1.253621104993766,0.9834876568225345
2020-01-15,1.2271281951071071,1.2466915394057805,0.9843077909167508
2020-01-16,1.2232535972619216,1.2413987035300338,0.9853833371852936
2020-01-17,1.2249042264389494,1.2431370891183433,0.9853331842167745
2020-01-20,1.2358762702052895,1.2524062822209712,0.9868013980364518
2020-01-21,1.2182230857507073,1.2310073697705872,0.9896147786489187
2020-01-22,1.2278550323023547,1.236279313611114,0.9931857783140021
2020-01-23,1.1893919622769848,1.1979725752076482,0.9928373878432266
2020-02-03,1.091255664308095,1.1035625897682748,0.9888480041147789
2020-02-04,1.113836346185338,1.1326689105273373,0.9833732839605959
2020-02-05,1.1286718780805272,1.1455016678924983,0.9853079307663212
2020-02-06,1.1531394617781072,1.166819746394531,0.9882755801324963
2020-02-07,1.1573270154296715,1.1668466676748144,0.9918415568138762
2020-02-10,1.1676567577705899,1.1716758125406774,0.9965698235577872
2020-02-11,1.1734898715830493,1.182581735355544,0.9923118516879841
2020-02-12,1.188611074277865,1.1921472027562923,0.9970338155638402
2020-02-13,1.182478039284241,1.1848136777490519,0.9980286871187642
2020-02-14,1.1917054318605156,1.1931344565816904,0.9988022936448681
2020-02-17,1.223896520583256,1.219969925284335,1.0032186000798387
2020-02-18,1.2235797503594112,1.2140127507315912,1.0078804770559904
2020-02-19,1.2159597308009018,1.212157706262053,1.0031365758095727
2020-02-20,1.2457149905577731,1.2400882541262315,1.0045373677339653
2020-02-21,1.2519478863640094,1.2415333099314516,1.0083884792693423
2020-02-24,1.2513368777901532,1.2365516111439818,1.01195685365085
2020-02-25,1.252750192083923,1.233861866770652,1.0153082981344637
2020-02-26,1.2321599076302026,1.2186534466354693,1.0110831024455909
2020-02-27,1.231406743492608,1.222201867677843,1.007531387455866
2020-02-28,1.1810490460060876,1.178868561686435,1.001849641588994
2020-03-02,1.221963321657648,1.2176510495899115,1.003541467868967
2020-03-03,1.2292714404850018,1.2241407607182644,1.0041912498393788
2020-03-04,1.2374848435794,1.2312287692579187,1.005081163206779
2020-03-05,1.261018737748221,1.2586595908568339,1.0018743327493187
2020-03-06,1.242922999693105,1.2382480724468494,1.003775436724095
2020-03-09,1.1940996551041145,1.1959470292963137,0.9984553043346024
2020-03-10,1.222842782101451,1.2215587014660687,1.0010511820953354
2020-03-11,1.2043556581218884,1.2053119892449502,0.9992065696420551
2020-03-12,1.1766753557770326,1.1821179041306584,0.9953959344202402
2020-03-13,1.1620433711635307,1.165482305602944,0.9970493465041204
2020-03-16,1.1069145621084495,1.1153750726751894,0.9924146497675911
2020-03-17,1.104795623228248,1.1099415310454606,0.995363802801067
2020-03-18,1.0832627317008228,1.0879741869790895,0.9956695155687941
2020-03-19,1.0814356865625434,1.0738608460054408,1.0070538381069387
2020-03-20,1.0965953531733907,1.0930486379900364,1.0032447917321192
2020-03-23,1.0471088711360284,1.0562738185852056,0.9913233223356298
2020-03-24,1.0709357913524906,1.084638051448952,0.9873669745606318
2020-03-25,1.1061498987598914,1.1137832818709241,0.9931464376999715
2020-03-26,1.094092882659016,1.1064618153538108,0.9888211843163881
2020-03-27,1.0947978818835242,1.1100552454116588,0.9862553115340882
2020-03-30,1.0791301608393327,1.099298932003368,0.9816530603488538
2020-03-31,1.0817462787660979,1.102904350443842,0.9808160411469684
2020-04-01,1.0781093305334248,1.099589177056425,0.9804655711685875
2020-04-02,1.1058941610610757,1.117376711928772,0.9897236529586556
2020-04-03,1.096000286420691,1.1110007151666168,0.9864982726463176
2020-04-07,1.1289810928337196,1.13637297022135,0.9934952013279666
2020-04-08,1.125506924818717,1.131083148968135,0.9950700139468039
2020-04-09,1.1313717200610078,1.1348142000499324,0.9969664813951279
2020-04-10,1.107037716266348,1.1277440689229663,0.9816391385002863
2020-04-13,1.0977637802532765,1.1229807550002966,0.9775446064995001
2020-04-14,1.1278923268933785,1.1446549094985796,0.9853557762552697
2020-04-15,1.1242515978243155,1.1361755474992707,0.9895051872035092
2020-04-16,1.1293972390688898,1.1376775305950904,0.9927217587554275
2020-04-17,1.1384382738904348,1.1487808761320364,0.9909968885655328
2020-04-20,1.1435032069169169,1.152960755433561,0.9917971635443154
2020-04-21,1.1304961315552873,1.1393739918979584,0.9922081244562354
2020-04-22,1.1376628458959626,1.1487479957141902,0.9903502335938041
2020-04-23,1.1310314450775514,1.1458666475413424,0.987053290628868
2020-04-24,1.1154415426800823,1.1360588185105414,0.9818519292359441
2020-04-27,1.1175118891437397,1.1437782152018459,0.9770354726912936
2020-04-28,1.1210109844236176,1.1516711980649788,0.9733776327020455
2020-04-29,1.1246048092653569,1.1570208911238242,0.9719831490449742
2020-04-30,1.1533661804783113,1.1706495088373676,0.9852361204369177
2020-05-06,1.1695191405044816,1.1777315582394594,0.9930269188445164
2020-05-07,1.1671887964180325,1.1743326764961606,0.9939166471127729
2020-05-08,1.1818869940159988,1.1859208154007126,0.9965985744306624
2020-05-11,1.18127712677558,1.1848914970748712,0.996949619177609
2020-05-12,1.1797881524705394,1.1849094445950603,0.9956779042078856
2020-05-13,1.1840353605775493,1.187305999400302,0.9972453278056335
2020-05-14,1.1689432645403455,1.1744314579647008,0.9953269359508928
2020-05-15,1.168358222342851,1.1707212989181235,0.9979815208133173
2020-05-18,1.1649708957515952,1.1737402681149207,0.9925286942933214
2020-05-19,1.1767898368599305,1.1837156540724862,0.9941490870812362
2020-05-20,1.1673828818749312,1.1774235058812141,0.9914723767988917
2020-05-21,1.1554911251427054,1.1710115439711801,0.9867461436154239
2020-05-22,1.1333188528102587,1.1441642271009107,0.9905211384574293
2020-05-25,1.129326508460644,1.1457380002774864,0.9856760517562762
2020-05-26,1.1492756478759154,1.1587383145694121,0.9918336464976452
2020-05-27,1.1383689418402438,1.1506120139438218,0.9893595130633012
2020-05-28,1.138378693132042,1.153909169703549,0.9865409886850133
2020-05-29,1.1473000858847544,1.1570178765012915,0.9916010021850978
2020-06-01,1.183478360581127,1.1882305771200392,0.9960005939668458
2020-06-02,1.1866819907776955,1.1918897680135798,0.9956306553041699
2020-06-03,1.188114565349512,1.1919137447788324,0.9968125382847856
2020-06-04,1.1872494861326461,1.191476975049232,0.9964518920590881
2020-06-05,1.192095616326668,1.1971796593742956,0.9957533165487586
2020-06-08,1.1953066433255313,1.2033732364195293,0.9932966823177828
2020-06-09,1.204815979820169,1.2108771226535642,0.9949944195657834
2020-06-10,1.2070349878404634,1.2086869643304963,0.9986332470368389
2020-06-11,1.1994532720898612,1.1955729356723728,1.003245587367956
2020-06-12,1.202843679026888,1.1977271989550624,1.0042718242320032
2020-06-15,1.1922255690833952,1.1833386159335146,1.0075100677272073
2020-06-16,1.2131442985987828,1.2011651305762723,1.0099729568546194
2020-06-17,1.2170743606678125,1.2020686760457888,1.012483217407665
2020-06-18,1.2260805764639446,1.2100842068202124,1.0132192202439916
2020-06-19,1.2402047341318643,1.2263398928014253,1.0113058715710261
2020-06-22,1.2419180969034196,1.2273392051169505,1.0118784535894296
2020-06-23,1.2472865586866022,1.2332454816241583,1.0113854680772494
2020-06-24,1.2522417626629363,1.2383916526083603,1.011183949783095
2020-06-29,1.241406660164659,1.2296341040461214,1.009574031884607
2020-06-30,1.261775406459003,1.2458627285320494,1.0127724167057337
2020-07-01,1.2814456966712198,1.2709418641261954,1.0082646050472546
2020-07-02,1.3064779022529789,1.2972895248387022,1.0070827500248405
2020-07-03,1.327504222595911,1.3223505726976577,1.0038973400886724
2020-07-06,1.3908997086201524,1.3972975942120374,0.9954212433926841
2020-07-07,1.4056202054084077,1.4056872186104012,0.9999523270887675
2020-07-08,1.4318918580163849,1.428387606704493,1.0024532915963733
2020-07-09,1.461507094977184,1.448365299899908,1.0090735362675316
2020-07-10,1.4483441156893382,1.4221432718287244,1.0184234910642458
2020-07-13,1.4848795161959503,1.4520125725183228,1.0226354401467916
2020-07-14,1.4731130241041632,1.4381684443475096,1.0242979742004477
2020-07-15,1.4471059889073348,1.4195522388164343,1.019410169867277
2020-07-16,1.383946296548733,1.351268514602236,1.0241830410413404
2020-07-17,1.390274612634859,1.3597806869118905,1.0224256205551951
2020-07-20,1.437771575222703,1.4003524584492126,1.0267212133257717
2020-07-21,1.4393118482916565,1.4035659058530583,1.0254679472403347
2020-07-22,1.447470849431526,1.4105702060368313,1.0261600898961079
2020-07-23,1.4444138640101816,1.409968823895497,1.0244296466212062
2020-07-24,1.3787532857646008,1.3480789037486414,1.0227541443832866
2020-07-27,1.3838885694653247,1.354918731735682,1.0213812364174284
2020-07-28,1.393557263094701,1.3668298558961358,1.019554304497572
2020-07-29,1.4305490805760186,1.3999664465501471,1.0218452621498426
2020-07-30,1.4230586593185905,1.3931267587781082,1.0214854106791655
2020-07-31,1.4367945330433778,1.4047657256206958,1.0228001059810383
2020-08-03,1.4687928614022459,1.4275827725960164,1.0288670398643787
2020-08-04,1.468701544651317,1.4289261725251658,1.0278358482690964
2020-08-05,1.4736461820295879,1.4293180734542936,1.0310134667703212
2020-08-06,1.48111992119274,1.4250245498940721,1.03936449466982
2020-08-07,1.4596888378995863,1.4086193947212848,1.036254962390608
2020-08-10,1.468101939599832,1.4136878865946687,1.038490853264816
2020-08-11,1.446622129632515,1.4007952574238771,1.0327148967458066
2020-08-12,1.4374556335065705,1.3905804543512896,1.0337090737961998
2020-08-13,1.4370646705081136,1.3870110010586945,1.0360874350752904
2020-08-14,1.4594090665170847,1.407632000680885,1.0367830980051282
2020-08-17,1.5014133951733195,1.4407237225344234,1.0421244348861938
2020-08-18,1.5002067613685353,1.439984649261639,1.0418213570108372
2020-08-19,1.4807242219170238,1.4184181798844901,1.0439264265758408
2020-08-20,1.4574520364177996,1.4000083708355888,1.0410309443706582
2020-08-21,1.4694985417400708,1.4118835999556647,1.040807147123329
2020-08-24,1.4765886362955438,1.4229570796972961,1.0376902138254631
2020-08-25,1.4707709951509087,1.42478225837152,1.0322777298139243
2020-08-26,1.4449136057951866,1.4080808289006121,1.0261581410232907
2020-08-27,1.4546679471432635,1.4156266394200885,1.0275788167840416
2020-08-28,1.488308562504119,1.4494125657459387,1.0268356972179018
2020-08-31,1.4778248121219135,1.4410198566175425,1.0255409079447122
2020-09-01,1.486063641740142,1.4487692593191632,1.0257421133013997
2020-09-02,1.481809699271888,1.4492988513797413,1.0224321214780487
2020-09-03,1.4712219039860355,1.4412831803903163,1.0207722701569384
2020-09-04,1.459936133384781,1.4272566325025817,1.0228967237832332
2020-09-07,1.423151403002155,1.3970822239697698,1.018659731392409
2020-09-08,1.4324789427488005,1.4045681626836155,1.0198714315237345
2020-09-09,1.394331906238373,1.3717159280525995,1.016487362815624
2020-09-10,1.383868145766028,1.3709349304943736,1.009433865155796
2020-09-11,1.3990888406900706,1.3844888136121298,1.0105454279835235
2020-09-14,1.4023121191962982,1.391600798917037,1.0076971213925696
2020-09-15,1.4156287500189328,1.4027999112999914,1.0091451664742785
2020-09-16,1.408204404976282,1.393488793911922,1.0105602650905066
2020-09-17,1.4036119839021375,1.3861134848342416,1.0126241460452918
2020-09-18,1.4391244535182686,1.4173441329731786,1.0153669952401758
2020-09-21,1.4302595532384725,1.403682564734288,1.018933759791492
2020-09-22,1.4096362753980196,1.387026004063853,1.016301259866737
2020-09-23,1.4181681776385886,1.3919837260860701,1.0188108891374348
2020-09-24,1.3879737963704197,1.3652771149697829,1.0166242304597182
2020-09-25,1.388468690088885,1.3673565034416841,1.0154401479014878
2020-09-28,1.386169990721308,1.3709140384591538,1.0111283069792627
2020-09-29,1.3942951101844625,1.3738731358503207,1.0148645270085306
2020-09-30,1.3925929174676916,1.372556657201455,1.0145977655356604
2020-10-09,1.425833508341535,1.4006037237318607,1.0180135067344034
2020-10-12,1.4719601360901653,1.4430963005744137,1.0200013231994722
2020-10-13,1.4794735083994586,1.4478955796449622,1.021809534609008
2020-10-14,1.4689580175985852,1.4382911324738035,1.0213217508141317
2020-10-15,1.463671112629665,1.4357898370624587,1.019418772056675
2020-10-16,1.4588912957128937,1.4336774980652105,1.0175867987617229
2020-10-19,1.4462702909097507,1.4228493945761636,1.0164605589480282
2020-10-20,1.4585896864811612,1.434213119370852,1.0169964747784501
2020-10-21,1.4526580617160842,1.4340215856788348,1.0129959522390504
2020-10-22,1.4437835448212024,1.4295784527120374,1.00993656002734
2020-10-23,1.4219275735062058,1.4117789995645647,1.007188500427313
2020-10-26,1.4191853957096805,1.4036256374436893,1.0110854047196864
2020-10-27,1.4259665317793475,1.4060313062240268,1.014178365351521
2020-10-28,1.439321241563028,1.4173979755337465,1.0154672621294143
2020-10-29,1.4475144030646383,1.4280644111260905,1.0136198282003335
2020-10-30,1.4165627103227498,1.4048494339765787,1.008337745001623
2020-11-02,1.4206575854738155,1.4124790930669382,1.0057901688223359
2020-11-03,1.4413937984444054,1.429452820070714,1.0083535309497664
2020-11-04,1.4492410665084394,1.4402540022794774,1.0062399161639115
2020-11-05,1.4706032389603354,1.46163188247964,1.0061379042070946
2020-11-06,1.4623058879472577,1.4618144424115629,1.0003361887264461
2020-11-09,1.4949743741000807,1.4904269960429248,1.0030510572267068
2020-11-10,1.4861978131891365,1.4822080133013584,1.0026917948438907
2020-11-11,1.4673956564111479,1.4675530217770048,0.9998927702348591
2020-11-12,1.471252873472027,1.4686182351432242,1.0017939572489005
2020-11-13,1.462329248152046,1.453176497245584,1.006298444080131
2020-11-16,1.4750084592715902,1.4673347070197054,1.005229721763667
2020-11-17,1.4688665735814275,1.4645281635501455,1.0029623261192637
2020-11-18,1.4667398866498218,1.463594612070313,1.0021490066672627
2020-11-19,1.4772881464778906,1.4744616953297704,1.0019169376573651
2020-11-20,1.4912695974301045,1.4790394346979856,1.0082689902954591
2020-11-23,1.507021187604501,1.4975120600675487,1.0063499505550049
2020-11-24,1.4993008247632351,1.488314657045677,1.0073816162903118
2020-11-25,1.4754370192464104,1.4692884628502836,1.0041847169916513
2020-11-26,1.4722212879984662,1.4719483414282988,1.0001854321666632
2020-11-27,1.4869430026278116,1.4902535500860985,0.997778534090326
2020-11-30,1.4894870171918073,1.4841138156014317,1.0036204781155535
2020-12-01,1.5183256542385397,1.516083537013153,1.0014788876540432
2020-12-02,1.5142640527545348,1.5160954552882786,0.9987920268955653
2020-12-03,1.5143284871809153,1.5130795708215137,1.0008254135363968
2020-12-04,1.520428291225905,1.5157304756394343,1.003099373973126
2020-12-07,1.5108313251775796,1.5026613157817834,1.005437026500909
2020-12-08,1.5099728974096764,1.4989632853328339,1.007344817704723
2020-12-09,1.488054630220267,1.4788629040111265,1.0062154011600466
2020-12-10,1.488314721330367,1.4782106238242563,1.006835357115734
2020-12-11,1.4745360815846178,1.4629842561688844,1.0078960695352828
2020-12-14,1.4837900712329406,1.476511218006357,1.0049297649335924
2020-12-15,1.4925657166986277,1.479580945033689,1.0087759792450173
2020-12-16,1.49115623512122,1.4822049285713261,1.0060391828264408
2020-12-17,1.5084259418323298,1.5012371520117829,1.004788577081851
2020-12-18,1.5146268486459673,1.4959981586966031,1.0124523481804246
2020-12-21,1.5354237675260445,1.5100217620693066,1.0168222777279232
2020-12-22,1.5012187553613678,1.4854663295056765,1.0106043641264715
2020-12-23,1.5225019165097435,1.4981374189741348,1.0162631926998342
2020-12-24,1.5179541424474796,1.496013161701761,1.0146663019466755
2020-12-25,1.5394816487394813,1.508576566049085,1.0204862539866542
2020-12-28,1.5459805012927168,1.5152787029046755,1.0202614861075974
2020-12-29,1.5304272684511566,1.5088548928270167,1.014297183729657
2020-12-30,1.5524257260401162,1.5300293210600362,1.01463789266768
2020-12-31,1.5785309042402265,1.5592254495275446,1.012381438950045
2021-01-04,1.6029067575095468,1.5761092987153738,1.0170022845598428
2021-01-05,1.62471787918136,1.6062628152129657,1.0114894423213971
2021-01-06,1.6355996421597683,1.6209745938129176,1.0090223797477598
2021-01-07,1.6657589304997595,1.6496949727804149,1.0097375320798063
2021-01-08,1.6717310422740335,1.6442404690079653,1.016719314348621
2021-01-11,1.6550282369364744,1.6280028707619427,1.0166003185005952
2021-01-12,1.689337724997899,1.6744359097909989,1.0088996032154853
2021-01-13,1.6844352046594124,1.6689365372180767,1.0092865529010289
2021-01-14,1.6552702704853322,1.6367693930842762,1.0113032889539764
2021-01-15,1.652920698776328,1.6330653333902632,1.0121583411147703
2021-01-18,1.6750479186679192,1.6511490023457296,1.014474112444266
2021-01-19,1.6479241474549695,1.626913680630471,1.0129143095141695
2021-01-20,1.666757237631454,1.638555732203091,1.0172111969547994
2021-01-21,1.6945953126188837,1.66504697307711,1.0177462498173049
2021-01-22,1.7009893643462868,1.6664861398522681,1.0207041772919139
2021-01-25,1.7124727003830078,1.6832833361691846,1.017340731406664
2021-01-26,1.6853764130484974,1.6494884360832398,1.0217570345933886
2021-01-27,1.6961745635791676,1.6539855518256055,1.025507485060553
2021-01-28,1.6470377844299842,1.6088479591951936,1.0237373737005544
2021-01-29,1.635754554131584,1.6013140669508428,1.0215076404382817
2021-02-01,1.6592701076947292,1.620968564567854,1.0236288006837975
2021-02-02,1.6926327500477845,1.6459339857958024,1.0283721975820332
2021-02-03,1.6826144750202445,1.6411797157407282,1.0252469360193226
2021-02-04,1.6674871322418412,1.6378137144152758,1.0181177001788382
2021-02-05,1.6506914977146274,1.6406440944350869,1.0061240602478139
2021-02-08,1.6849852219933912,1.6649242849508181,1.0120491587658988
2021-02-09,1.731860933525318,1.701334054599304,1.0179429071224955
2021-02-10,1.760958530691411,1.7376780634120974,1.013397457083391
2021-02-18,1.7679806730573264,1.7259075748981247,1.0243773761533466
2021-02-19,1.774122148104127,1.7290371737310872,1.0260751908969956
2021-02-22,1.7361452603776146,1.6747290993590873,1.0366722958608834
2021-02-23,1.7250605221749926,1.669445237243435,1.0333136323916734
2021-02-24,1.6835674829034448,1.6269286836356294,1.0348133263845636
2021-02-25,1.686617843292251,1.6365001802814412,1.0306249052793814
2021-02-26,1.647327748795432,1.596766193377943,1.031664971131764
2021-03-01,1.6833291533169792,1.6213067631514164,1.0382545682132398
2021-03-02,1.6659277124431,1.6006169179635006,1.0408035137868565
2021-03-03,1.6889380809034171,1.631309000281765,1.0353268942988105
2021-03-04,1.6267181346573358,1.5799959183413097,1.029571099376684
2021-03-05,1.6210117876866599,1.5746373216298701,1.029450887147009
2021-03-08,1.5525347100878675,1.5199492646038681,1.0214385086679139
2021-03-09,1.5113707982057167,1.4873303477353095,1.0161634908525954
2021-03-10,1.5223535065557063,1.4970872086130735,1.016876971359631
2021-03-11,1.5637604703385004,1.534370798150763,1.0191542176266377
2021-03-12,1.565745872974054,1.539804269672991,1.0168473382052463
2021-03-15,1.5257202392168776,1.5066407577386962,1.0126635904280312
2021-03-16,1.531827481577657,1.5197517016667872,1.0079458900408702
2021-03-17,1.547613653686206,1.526184625719542,1.0140409145823763
2021-03-18,1.5656852777017918,1.5384249747034635,1.017719618081202
2021-03-19,1.524042486576756,1.4981284452140402,1.0172976098581543
2021-03-22,1.542392290830704,1.5131064921017965,1.0193547505623533
2021-03-23,1.518070545903875,1.4987746961558468,1.0128744165467427
2021-03-24,1.4811217140278838,1.474671036326975,1.0043743164014232
2021-03-25,1.489392757791243,1.4739709428246013,1.0104627672897597
2021-03-26,1.5314729958411417,1.507373801766417,1.0159875367652562
2021-03-29,1.534630507289705,1.5100336803444323,1.0162889260454524
2021-03-30,1.5523155783186668,1.524350473285224,1.018345587529601
2021-03-31,1.538513866038204,1.5104764793190961,1.01856194856589
2021-04-01,1.558049798146643,1.5291526968708034,1.0188974595767797
2021-04-02,1.570635581568345,1.5443461140008279,1.0170230412270802
2021-04-06,1.5720460248860322,1.5379970385189563,1.0221385253120279
2021-04-07,1.5706914961569443,1.5270462469036172,1.0285814849038306
2021-04-08,1.5713909898173941,1.5295804928403094,1.027334617022636
2021-04-09,1.552432387881731,1.5065808859330658,1.0304341455389354
2021-04-12,1.5161386435844368,1.4803738608670403,1.0241592908810546
2021-04-13,1.5140161352070582,1.4779473000514824,1.0244046828694902
2021-04-14,1.5330212191833548,1.4902116258006566,1.028727190582544
2021-04-15,1.5289297658294705,1.4807388405158843,1.0325451889252777
2021-04-16,1.5319979794646459,1.4858880962301189,1.0310318679795023
2021-04-19,1.573842541930741,1.5220436560809274,1.034032457375887
2021-04-20,1.5743107797493918,1.5209515214344245,1.0350828133329613
2021-04-21,1.577323524329948,1.525550293052861,1.0339374136092758
2021-04-22,1.5776623583732086,1.5227078545429231,1.0360899851316399
2021-04-23,1.583795984341151,1.5365340351935473,1.0307588039477762
2021-04-26,1.5748045261959318,1.5191175092151077,1.0366574782023257
2021-04-27,1.5750318312990406,1.523090781711956,1.0341023990235845
2021-04-28,1.5898146161476212,1.5316838580774628,1.0379521908281537
2021-04-29,1.5955897864352786,1.5451269713440525,1.0326593322277782
2021-04-30,1.582551257085455,1.5329554679258561,1.0323530527776543
2021-05-06,1.5736915275097763,1.5142943935943083,1.0392242975782824
2021-05-07,1.559267476495389,1.4948252602092496,1.0431102002364603
2021-05-10,1.5672604305400022,1.4937391548078103,1.0492196214416374
2021-05-11,1.566999269596682,1.5029066920343674,1.0426457463407508
2021-05-12,1.575699387422486,1.50933653135709,1.0439682302035898
2021-05-13,1.5559531662482273,1.4939037672195443,1.0415350709933409
2021-05-14,1.5882566064255876,1.5290957695802043,1.038690079472017
2021-05-17,1.6149530478901488,1.551356443429665,1.0409941923597439
2021-05-18,1.6179618017304145,1.5521373007728894,1.0424089421243519
2021-05-19,1.6148535700151903,1.5475505876445799,1.0434900047261444
2021-05-20,1.6108433297714233,1.5517812948841396,1.0380607983109458
2021-05-21,1.6026835484198558,1.5361449385644497,1.043315320179089
2021-05-24,1.6061488435380145,1.5425599150970153,1.0412229877223278
2021-05-25,1.6428817198197132,1.5912968268153367,1.0324168892535364
2021-05-26,1.6468608380457301,1.591928074751985,1.0345070635821931
2021-05-27,1.6570446387333664,1.5972060478375754,1.0374645406438356
2021-05-28,1.6461666222964901,1.5920776841585609,1.0339738058488748
2021-05-31,1.6566451123567016,1.5952133122365868,1.0385100849202316
2021-06-01,1.6636140810054656,1.5982383106784475,1.040904895027367
2021-06-02,1.6457849519035306,1.5827665667704913,1.0398153375589827
2021-06-03,1.6339265288966451,1.5723902360162028,1.0391355094116779
2021-06-04,1.6429852155112432,1.5804657788112586,1.0395576022829223
2021-06-07,1.6466929017821792,1.5790744253516042,1.04282158924556
2021-06-08,1.6343315489328316,1.5654577259131863,1.04399596480925
2021-06-09,1.6371970973742802,1.566753312526832,1.044961631345676
2021-06-10,1.6471659558917344,1.5772312991571913,1.0443401400745176
2021-06-11,1.6372739371032192,1.5632377017948036,1.0473608301689579
2021-06-15,1.6169447147050184,1.545842067851584,1.0459960615202128
2021-06-16,1.5887931604385965,1.5200899002503494,1.0451968401190825
2021-06-17,1.59917665433399,1.5264928182927882,1.047614921714791
2021-06-18,1.6071637047842078,1.526666264249615,1.052727595034766
2021-06-21,1.6100387567515402,1.5230519421565472,1.0571134917905853
2021-06-22,1.6233642538340933,1.532557537751665,1.0592517499967056
2021-06-23,1.6412152495563317,1.5401064330011738,1.0656505384229382
2021-06-24,1.6414958094026761,1.5426736294632128,1.0640590323527144
2021-06-25,1.6676356721230516,1.5678064674029246,1.0636744437503785
2021-06-28,1.6802511028449743,1.57133413662508,1.0693149621593703
2021-06-29,1.6616539886910389,1.5530170096921547,1.0699522145094975
2021-06-30,1.6737414446025076,1.5630402790727247,1.0708242564263644
2021-07-01,1.6632662067298867,1.5647217373704347,1.0629789099274987
2021-07-02,1.628168162906211,1.5202783492123346,1.0709671447664664
2021-07-05,1.6371258371926232,1.5216755917020512,1.0758704720770584
2021-07-06,1.635607748333813,1.5208707575935743,1.0754416443128825
2021-07-07,1.6599753580141619,1.5380419073194294,1.079278366938157
2021-07-08,1.6520033340876674,1.5224146649748354,1.0851204813604276
2021-07-09,1.652707501086023,1.5167836305155264,1.089613223557996
2021-07-12,1.6748272576318932,1.5357141980799127,1.0905852532495384
2021-07-13,1.6825582100308936,1.5385236860645037,1.0936186587642507
2021-07-14,1.665138109219388,1.5208647283485106,1.0948627305122278
2021-07-15,1.6781269952461455,1.5413242002890002,1.0887566645171045
2021-07-16,1.6706838640070876,1.52436239156035,1.0959886397465906
2021-07-19,1.675178849640256,1.5299635602243442,1.0949142144239163
2021-07-20,1.675026549380391,1.5286170755651622,1.0957790385542423
2021-07-21,1.6963060436990787,1.5391041761706177,1.1021385491394018
2021-07-22,1.6976590332176573,1.5414109933749143,1.1013668907996033
2021-07-23,1.6788137204962246,1.5227049100278924,1.1025207244294448
2021-07-26,1.6324086357500263,1.4736567210062923,1.1077265230638853
2021-07-27,1.580555440280693,1.421598676762991,1.1118154976618646
2021-07-28,1.5705391169963738,1.4243424039118893,1.1026415507134817
2021-07-29,1.6089475698744906,1.4512077384098485,1.1086955556325
2021-07-30,1.604685933798723,1.4395088997616305,1.1147454066205802
2021-08-02,1.6459757821797676,1.47618199318289,1.1150222599794586
2021-08-03,1.6399289315344026,1.4763975036401598,1.110763820374286
2021-08-04,1.65972803050377,1.489679089225048,1.114151391738461
2021-08-05,1.645409163280197,1.4806491029149396,1.1112755615364207
2021-08-06,1.6337280496850108,1.4725378052945073,1.1094642485992172
2021-08-09,1.6528223513290834,1.4916866876161927,1.1080224587714163
2021-08-10,1.6678533399155995,1.5089177091476784,1.105330880408115
2021-08-11,1.658547443782528,1.5005969303150397,1.105258454336787
2021-08-12,1.65587225696423,1.4880333857527142,1.1127924096451742
2021-08-13,1.6397867818673895,1.4798442688064624,1.1080806382349444
2021-08-16,1.6382808233165962,1.4783752362359897,1.1081630584449813
2021-08-17,1.6025582392370676,1.4473570138242902,1.1072307826820804
2021-08-18,1.6162351868531875,1.4643635511384117,1.1037117016445193
2021-08-19,1.6186913589745462,1.4547592441822543,1.1126867661765167
2021-08-20,1.588282481509335,1.4269724166945896,1.1130435759847417
2021-08-23,1.6209561626589382,1.4469021563594995,1.120294247634111
2021-08-24,1.6354996506737949,1.4626132472749764,1.1182037724059497
2021-08-25,1.6447534070243979,1.4655364496257652,1.1222876151899168
2021-08-26,1.6118226460238714,1.436648513731503,1.121932491223881
2021-08-27,1.6200866961772564,1.4442572807866425,1.1217438317464081
2021-08-30,1.6160805503524651,1.4401372031832478,1.1221712395043444
2021-08-31,1.6156261069322377,1.4378453889841092,1.123643834942321
2021-09-01,1.6240966149547396,1.4569494025053225,1.1147241024032792
2021-09-02,1.6221489339860915,1.4569343995001645,1.1133987463969606
2021-09-03,1.6111582620320573,1.4490505306121275,1.1118716897687826
2021-09-06,1.65161661660252,1.4761790486678588,1.1188457240962608
2021-09-07,1.670744868598845,1.4938618429341028,1.1184065491071953
2021-09-08,1.669826895111671,1.4876684061038705,1.1224456258265674
2021-09-09,1.670867513353595,1.4870340734371894,1.1236242283887186
2021-09-10,1.6785628764902172,1.5000523352493043,1.1190028754638384
2021-09-13,1.6688273211402829,1.4935118662904168,1.1173847083554242
2021-09-14,1.64766540838674,1.4712213266456415,1.1199303453161515
2021-09-15,1.63587590970198,1.456309040593578,1.1233027222266039
2021-09-16,1.6056055775000218,1.438470747890696,1.1161892446227386
2021-09-17,1.6235445840932523,1.4529041997127161,1.1174477879644624
2021-09-22,1.6292652689868796,1.442680422880034,1.1293320704625387
2021-09-23,1.6500564061024092,1.4520843625990811,1.1363364612982807
2021-09-24,1.6384337311309516,1.4509563329122002,1.1292095385410168
2021-09-27,1.6165110026735265,1.4593160915152494,1.1077182058583739
2021-09-28,1.6234734355220846,1.4612489553106074,1.111017687726589
2021-09-29,1.5885682791803548,1.4463187217383546,1.098352842498663
2021-09-30,1.6079844631460303,1.4560279095156168,1.1043637643463617
2021-10-08,1.6092759374047039,1.4750451299509155,1.0910011529330328
2021-10-11,1.6021390743773036,1.4769150372106103,1.0847875700441096
2021-10-12,1.5699203599749232,1.4612518998256383,1.0743666852801024
2021-10-13,1.5831108083829515,1.478087935697964,1.071053196598479
2021-10-14,1.5819913705425637,1.470159057794453,1.0760681724573955
2021-10-15,1.5890109453287729,1.4756943254077532,1.076788680399451
2021-10-18,1.5927554618638564,1.458541123202087,1.0920195780062167
2021-10-19,1.6065695613836397,1.4728848374231622,1.0907638673192952
2021-10-20,1.6049152301408665,1.469132824198644,1.0924235056937663
2021-10-21,1.6050483392460106,1.4744706690898648,1.0885590150374076
2021-10-22,1.6011918871332487,1.4839583171647934,1.0790005814937162
2021-10-25,1.6240415007138573,1.4898794564621578,1.090048925548835
2021-10-26,1.6202691704852028,1.4849666032404132,1.0911148890147022
2021-10-27,1.6045233655261093,1.465536449625765,1.0948368878411967
2021-10-28,1.5824454251391475,1.4553576818085572,1.0873240612387876
2021-10-29,1.5988749175326247,1.4687110574742017,1.0886245523896787
2021-11-01,1.5880613407356194,1.4633014225022247,1.0852592065550357
2021-11-02,1.5714845000227808,1.448090057852011,1.0852118564737638
2021-11-03,1.5767255292031173,1.4424830001579547,1.0930635085685327
2021-11-04,1.5885127916428472,1.4567338920480521,1.0904618889655435
2021-11-05,1.5664579619204668,1.4488379646698883,1.0811822992762188
2021-11-08,1.5719963383958748,1.4505823795032613,1.0837001473395744
2021-11-09,1.574603024676786,1.450151498803723,1.0858196719278828
2021-11-10,1.5678908249195658,1.442506976923207,1.0869207913737762
2021-11-11,1.5928310361326132,1.46568311451731,1.086749939571472
2021-11-12,1.5923739296534845,1.462607218029913,1.0887228710647028
2021-11-15,1.5874762742329231,1.460815130096038,1.0867057997465828
2021-11-16,1.58319676825992,1.461096261173999,1.0835677363158895
2021-11-17,1.5943112646809436,1.4618234161716577,1.0906319101497608
2021-11-18,1.5845988006456297,1.4474227746599828,1.0947726043746073
2021-11-19,1.6050260494558481,1.4631129735402397,1.0969939290280686
2021-11-22,1.6139104207326656,1.4697970226606394,1.0980498639268916
2021-11-23,1.6159089243393592,1.4700813786836342,1.099196920504023
2021-11-24,1.6142061979080813,1.471071717239065,1.0972994579337394
2021-11-25,1.6090245352224033,1.465021860570345,1.0982938743289448
2021-11-26,1.596264187821343,1.45415786204092,1.0977241395105315
2021-11-29,1.5916790774770067,1.4515518260234717,1.096536168355362
2021-11-30,1.5916608653050601,1.4457502901223669,1.1009237737523425
2021-12-01,1.597803484834168,1.4492867928896151,1.1024757092062072
2021-12-02,1.5985341686818542,1.4529699605484083,1.1001839075038442
2021-12-03,1.6195978868359313,1.466392181779778,1.1044779881942672
2021-12-06,1.607941130925304,1.4638788278783061,1.098411357759574
2021-12-07,1.6175139340562,1.4726993329762081,1.0983327674816916
2021-12-08,1.6465036522322518,1.4947893651688713,1.1014954284520488
2021-12-09,1.6738556860026084,1.5195513344296767,1.101545994581911
2021-12-10,1.6623399591633388,1.5124990807153988,1.0990684096000023
2021-12-13,1.6655938882353685,1.52108023880578,1.095007249284264
2021-12-14,1.6562752942743992,1.5108774942233196,1.0962340101080283
2021-12-15,1.6430054080844256,1.4977724393252905,1.0969659775717058
2021-12-16,1.655795319113235,1.506398466216144,1.0991748572821867
2021-12-17,1.6314771841941151,1.48247119685913,1.1005118936885114
2021-12-20,1.6063728446048486,1.4602286107448599,1.1000831190298626
2021-12-21,1.6237073959578752,1.4701231627540743,1.1044703172461292
2021-12-22,1.6324921611014165,1.4704104632921005,1.1102288795241781
2021-12-23,1.640073932042381,1.4806701351651603,1.1076565219298085
2021-12-24,1.6334949484721264,1.4724719042438124,1.109355597050259
2021-12-27,1.635142890110266,1.4718675775874472,1.1109307080399482
2021-12-28,1.6431355100151233,1.482830287477912,1.1081075992923426
2021-12-29,1.6240842138023142,1.4611442147045035,1.1115153435629646
2021-12-30,1.6418204389346693,1.4725228022893484,1.114971147735106
2021-12-31,1.6516135111477457,1.478165755023783,1.1173398555165228
2022-01-04,1.6490992595080327,1.4714037463625622,1.120765978464272
2022-01-05,1.6276397500744164,1.456548387601098,1.117463562439626
2022-01-06,1.6171013363559301,1.4416212387588778,1.1217241345224123
2022-01-07,1.6143992528203261,1.4428600382969254,1.1188883259431568
2022-01-10,1.6216033432428048,1.4493466646952458,1.1188512608774517
2022-01-11,1.600143049822567,1.4354995920094016,1.114694186420979
2022-01-12,1.6137560687893977,1.4498044666750676,1.11308532004342
2022-01-13,1.5860759912219324,1.4259700196490313,1.112278637956433
2022-01-14,1.5785882778037232,1.4142443999355312,1.1162061365600484
2022-01-17,1.5922282775165053,1.426376923583317,1.116274563329684
2022-01-18,1.6069412424059248,1.4401611799484997,1.1158065255330583
2022-01-19,1.5950947456362325,1.4302964937345999,1.115219643356136
2022-01-20,1.5963764454088853,1.443201041180517,1.1061358742528853
2022-01-21,1.5723772535978116,1.4299763828862282,1.0995826731237093
2022-01-24,1.576976798780848,1.432199491734643,1.101087388929914
2022-01-25,1.5363283706050377,1.3997988896233837,1.0975350687829073
2022-01-26,1.5433994805647788,1.409929844125088,1.094664026721495
2022-01-27,1.511893745352549,1.38227467852381,1.0937722934830614
2022-01-28,1.4977577922637124,1.3654864559669881,1.0968675564072545
2022-02-07,1.5222483140340024,1.3865262777985903,1.0978863786490223
2022-02-08,1.5211158031372893,1.3789506014837993,1.103096660243315
2022-02-09,1.5353495540956867,1.3919029622452201,1.1030578968084663
2022-02-10,1.5354921866825721,1.3882527451117743,1.1060609763526474
2022-02-11,1.5148155215936019,1.3767454401555737,1.1002872988796144
2022-02-14,1.4987736274323726,1.3618721338739206,1.1005244840196768
2022-02-15,1.5204208488536388,1.3763564837414772,1.10467082243151
2022-02-16,1.5238160163046737,1.3817091914228548,1.102848577518313
2022-02-17,1.5244462356246389,1.3850512159830546,1.1006425019039077
2022-02-18,1.5323804823492408,1.3916575859926363,1.101118908683439
2022-02-21,1.5302550693937282,1.386592178849285,1.1036086116277297
2022-02-22,1.5075302786376885,1.3685922182497003,1.1015189612620162
2022-02-23,1.526257305245846,1.3832230927938,1.1034064665325598
2022-02-24,1.4951226876750519,1.3551789707784254,1.103265856329103
2022-02-25,1.511321922686975,1.3683737632773996,1.1044657265769255
2022-02-28,1.510647714513238,1.3708362191333354,1.101989933902019
2022-03-01,1.522351979987946,1.3822178914482128,1.1013835006815809
2022-03-02,1.5108949254092172,1.3699236999037243,1.1029044358568292
2022-03-03,1.5027856832516806,1.3618541863537321,1.1034850120593913
2022-03-04,1.4915019917470147,1.345338261329778,1.108644594908617
2022-03-07,1.4441900158395022,1.3023580167120885,1.1089040012864362
2022-03-08,1.4039148504925691,1.276210723236692,1.1000650793248292
2022-03-09,1.3868074855394816,1.2645299723236645,1.0966979952172453
2022-03-10,1.41260603213185,1.2844238169481963,1.099797444965024
2022-03-11,1.4236340354717023,1.2885169732713075,1.1048624620422014
2022-03-14,1.3803764432112917,1.2490941234560864,1.1051020233703155
2022-03-15,1.3118877496888264,1.191961698309339,1.1006123364111353
2022-03-16,1.3636856678565905,1.2435050132822192,1.096646698879931
2022-03-17,1.3927639732076484,1.2679258394444315,1.0984585453498743
2022-03-18,1.4039527199146586,1.2763634173733003,1.0999631459227588
2022-03-21,1.4067301946922781,1.274224016880767,1.1039897035812267
2022-03-22,1.4040662207174193,1.273191894254896,1.1027923026003195
2022-03-23,1.410974622831523,1.2795408295217663,1.102719499274502
2022-03-24,1.4015775042661434,1.271997963517321,1.1018708712319867
2022-03-25,1.377079217930455,1.2490373363804883,1.1025124532474038
2022-03-28,1.369972918959778,1.2412282020882386,1.103723647798962
2022-03-29,1.3644103040017628,1.2369405675580791,1.1030524341968422
2022-03-30,1.4032165829501222,1.2728328036361143,1.102435904339941
2022-03-31,1.3914300746525183,1.2634079718818472,1.101330770123274
2022-04-01,1.405418391066147,1.2794331444006322,1.0984695817963466
2022-04-06,1.400966702192944,1.275747032226808,1.0981539966803338
2022-04-07,1.3800666195260436,1.2593686581193029,1.095840054958162
2022-04-08,1.383443556705576,1.2658524802175937,1.0928947711725217
2022-04-11,1.3403992091286443,1.226746796735713,1.092645371233373
2022-04-12,1.368792999118247,1.2506530338425055,1.0944626223891756
2022-04-13,1.3488989061337722,1.238616136825727,1.0890370842339203
2022-04-14,1.3697191150835513,1.254123775774061,1.0921721934807778
2022-04-15,1.3707383825364199,1.2532799618951735,1.0937208159489193
2022-04-18,1.3723680371318243,1.2465867987996777,1.100900505647308
2022-04-19,1.3607955450911189,1.2371679962904742,1.0999278587639914
2022-04-20,1.3416136187405379,1.2179861634434417,1.101501526870865
2022-04-21,1.3094146091544134,1.195558072882218,1.09523296178973
2022-04-22,1.3075303081052436,1.200770144917114,1.0889097415021916
2022-04-25,1.2383099618201,1.1414265291970773,1.0848792542882055
2022-04-26,1.224618429313262,1.1322141231700478,1.0816138080705924
2022-04-27,1.2655509259287836,1.1655511511686703,1.0857961271453818
2022-04-28,1.270766104717109,1.1732017022942496,1.0831608087782927
2022-04-29,1.3176121672538634,1.2016647166265364,1.096489019793166
2022-05-05,1.3270391028660344,1.1998605702025342,1.1059944262040653
2022-05-06,1.29502111963574,1.1695244937730194,1.1073056840886284
2022-05-09,1.2907007302063125,1.1601355570591303,1.1125430320213239
2022-05-10,1.3036454296436324,1.1728306934003419,1.1115376132116943
2022-05-11,1.325202590259493,1.1897505077360497,1.11384914874396
2022-05-12,1.3232076118956322,1.184460616375334,1.117139391214956
2022-05-13,1.3324629712225644,1.1933948358394335,1.1165315377666356
2022-05-16,1.3267449828335693,1.1838024471584017,1.1207486401285
2022-05-17,1.335765006893457,1.1985680683189206,1.1144673733607513
2022-05-18,1.330407227134227,1.1943851743948641,1.113884578991261
2022-05-19,1.3352860026655766,1.196685962354097,1.115819893164643
2022-05-20,1.3616294631762207,1.2200237678449024,1.116067980857009
2022-05-23,1.3591921722380365,1.212956651340468,1.1205612094512694
2022-05-24,1.319631471261101,1.1845833045016256,1.1140047865323346
2022-05-25,1.333376723539474,1.1917731091323522,1.1188175948274361
2022-05-26,1.34259674867697,1.1947232327634243,1.1237721941436685
2022-05-27,1.3408491541230279,1.1971946623794547,1.1199925928988492
2022-05-30,1.3524031681124546,1.2054885199318097,1.1218714618609187
2022-05-31,1.3770189926482075,1.2241885740337681,1.1248422194555001
2022-06-01,1.3752461191484016,1.2216933078674868,1.1256885097856084
2022-06-02,1.3802749838219255,1.223605139412623,1.1280395442638544
2022-06-06,1.4089014822753405,1.2465000057137634,1.1302859814016477
2022-06-07,1.416102553723719,1.2504016283448574,1.1325181618630793
2022-06-08,1.4289136647650564,1.2625731317630535,1.131747246014752
2022-06-09,1.4085599116165823,1.2493664209889537,1.1274193766962433
2022-06-10,1.4283798872957998,1.2683118513434966,1.1262055824699158
2022-06-13,1.4194770752037282,1.2534594370970635,1.1324475552963658
2022-06-14,1.426364643009398,1.2633211787959322,1.129059392773627
2022-06-15,1.4426172016202599,1.2800495295471237,1.1270010795056125
2022-06-16,1.4477624117105403,1.271624010108382,1.1385145296109547
2022-06-17,1.4657027028344438,1.289270909334248,1.136846175790394
2022-06-20,1.4825084707944185,1.2956708828616559,1.1442014252262178
2022-06-21,1.477409988740964,1.2942167130813398,1.141547604669289
2022-06-22,1.4541413885637808,1.2777756628681742,1.138025578996962
2022-06-23,1.477032591627494,1.2996950534040401,1.1364454975488196
2022-06-24,1.4915717123616292,1.314921421059412,1.1343428500540305
2022-06-27,1.5109781988583626,1.3297289665053724,1.1363053952485722
2022-06-28,1.5241386422946146,1.3435700099461534,1.134394658269946
2022-06-29,1.5042665821724677,1.3228772202432066,1.1371173069983873
2022-06-30,1.5276544673620007,1.3419213619587893,1.1384083379760037
2022-07-01,1.5224860471691741,1.3364490508811522,1.1392024605542301
2022-07-04,1.535041168766978,1.3452186579335181,1.14110903808386
2022-07-05,1.5275942646638596,1.3432768203780658,1.137214788113382
2022-07-06,1.509159653906946,1.3236580775864313,1.1401431226550287
2022-07-07,1.5156681363836502,1.329492564012883,1.1400350610527845
2022-07-08,1.5138905081278504,1.3250972443615894,1.1424750255647982
2022-07-11,1.489196133593853,1.3029085008078862,1.1429782925435337
2022-07-12,1.4727326673567565,1.2906412305436812,1.1410860218190686
2022-07-13,1.4759154330481945,1.2929870275183883,1.1414773711078123
2022-07-14,1.4831931108980245,1.2931694472353097,1.1469441333221797
2022-07-15,1.4670194945440949,1.2711662081285606,1.154073704259236
2022-07-18,1.479526854076975,1.2843490823524093,1.1519662951501306
2022-07-19,1.4730753193749264,1.27739259548414,1.1531891797263951
2022-07-20,1.4802356941491845,1.2817190695697087,1.1548831013695697
2022-07-21,1.4681960250974593,1.2674352271542642,1.1583992567367387
2022-07-22,1.4611329760198823,1.2680844226111019,1.1522363574274304
2022-07-25,1.4476238352436788,1.260427842240459,1.148517818100933
2022-07-26,1.4597875738078205,1.2704032983055253,1.1490741371302307
2022-07-27,1.4594466771543777,1.2641379311795353,1.154499553535748
2022-07-28,1.4622394658303153,1.2643265203565215,1.1565362604416343
2022-07-29,1.4417424224084467,1.247699825481401,1.1555202565265874
2022-08-01,1.4546900490191579,1.2532590698599537,1.1607257302208978
2022-08-02,1.4220781503197826,1.2288261852076143,1.157265500555327
2022-08-03,1.4143456097656848,1.2168462154814352,1.1623043173176246
2022-08-04,1.4250542501252523,1.2271866511953458,1.1612367594914539
2022-08-05,1.4483716059694793,1.2437534742648357,1.1645166312605402
2022-08-08,1.44697435614536,1.2411084584769771,1.165872608684829
2022-08-09,1.450630874956132,1.2435679698178819,1.1665071071013304
2022-08-10,1.4341258331153635,1.229640133291187,1.1662971907698403
2022-08-11,1.47007965478011,1.254713099425268,1.1716460563402842
2022-08-12,1.4649437445391251,1.2539980029177362,1.1682185626536656
2022-08-15,1.4640529429138824,1.2523614134204988,1.1690338964654008
2022-08-16,1.4610216829243639,1.2500157566607932,1.1688026131984428
2022-08-17,1.4733309817681421,1.2617204843390735,1.1677158293422782
2022-08-18,1.458998365323585,1.2506918733979147,1.1665530066648129
2022-08-19,1.4443131117310022,1.2420061149164319,1.1628872792048874
2022-08-22,1.45783875376358,1.2510808298120113,1.1652634418374361
2022-08-23,1.452765670077612,1.2450011073479765,1.1668790184228852
2022-08-24,1.4161133256806255,1.2214658791350919,1.1593556151428164
2022-08-25,1.4216408037157877,1.2315849153616707,1.1543181359105106
2022-08-26,1.417263192234052,1.2289847683742847,1.153198337932881
2022-08-29,1.4136497170522662,1.2235902766224673,1.1553293157530058
2022-08-30,1.4110753512801413,1.219482117294198,1.1571103268090988
2022-08-31,1.4014672103105332,1.2203947767388108,1.1483720161893773
2022-09-01,1.3923620111583188,1.209892813343199,1.1508143496702963
2022-09-02,1.388545902937254,1.2038698779547623,1.153401981696091
2022-09-05,1.3838320040685566,1.2014224251039844,1.1518280124900984
2022-09-06,1.403292478291862,1.212447951315111,1.157404304877374
2022-09-07,1.410041817158488,1.2132558701536205,1.162196575220321
2022-09-08,1.4018360672154149,1.2080795529441009,1.1603839033606087
2022-09-09,1.4172895788240247,1.224867775500923,1.1570959798043579
2022-09-13,1.4188838401622075,1.2300499817405044,1.1535172238728915
2022-09-14,1.406278857991459,1.2163614922213304,1.1561356282525022
2022-09-15,1.379688514595329,1.2049200883158238,1.1450456573628778
2022-09-16,1.3468417306123954,1.1766634003582102,1.14462787760916
2022-09-19,1.3421365615287377,1.1752632133534626,1.1419880638475217
2022-09-20,1.3487477752560826,1.176711353888715,1.1462010380020837
2022-09-21,1.337402041665818,1.1680016186419797,1.1450344077611794
2022-09-22,1.3285555226424222,1.157712080973605,1.147569887605511
2022-09-23,1.3172031110455078,1.1537266798791288,1.141694245281305
2022-09-26,1.309302562829334,1.147940146983182,1.1405669243908028
2022-09-27,1.3329800803977923,1.1645817046484594,1.1445998808646625
2022-09-28,1.3055616660892553,1.145555510453066,1.139675602077901
2022-09-29,1.3052063116336492,1.145085720090618,1.1398328428463502
2022-09-30,1.2933709197905785,1.1384285221430008,1.1361019990573593
2022-10-10,1.264347370003129,1.1133105469934457,1.1356645936909213
2022-10-11,1.2626110155867913,1.1153301337672168,1.1320513786551327
2022-10-12,1.2891406133289443,1.132270980353146,1.1385442492987605
2022-10-13,1.2860693088074457,1.1228042243134375,1.1454083276128038
2022-10-14,1.3201965291274316,1.1496725033264277,1.1483240012330598
2022-10-17,1.3283137389772195,1.1508513609513438,1.1542009542215579
2022-10-18,1.3252873193921306,1.148415896483192,1.154013387876791
2022-10-19,1.3069302670324936,1.1299432010061283,1.1566335952716666
2022-10-20,1.3067072848837429,1.123480411158059,1.1630886234472193
2022-10-21,1.305592940070803,1.1198780073401167,1.16583496730308
2022-10-24,1.277302550425326,1.0871094810649822,1.1749530039734561
2022-10-25,1.2729252113026934,1.0853382150588262,1.1728373640964074
2022-10-26,1.292752480282112,1.0941496762891327,1.1815133781938787
2022-10-27,1.2871039001813736,1.0864422679804544,1.1846960838277412
2022-10-28,1.2582800582816351,1.0595709743449324,1.18753730401076
2022-10-31,1.246915416810239,1.049808014114604,1.187755665841314
2022-11-01,1.2846023718309802,1.0873488280725028,1.1814077862282157
2022-11-02,1.3053698136180247,1.1004059995475275,1.1862619925325522
2022-11-03,1.3000167804604614,1.0914569172932713,1.1910839171594627
2022-11-04,1.3376476296999347,1.127142616674131,1.1867598739607084
2022-11-07,1.3386560378968002,1.1295751366272515,1.185096939982084
2022-11-08,1.3283593018022695,1.1218049119979117,1.184126836667606
2022-11-09,1.3184831489918905,1.1113148668774253,1.18641726866893
2022-11-10,1.3045519258682627,1.1027637147973604,1.1829840865846608
2022-11-11,1.3327972410238005,1.13350662505366,1.1758177778279029
2022-11-14,1.3308890624162695,1.1351761650762444,1.172407511152139
2022-11-15,1.3556596826020155,1.1567037247904834,1.1720025219487984
2022-11-16,1.3460315918042471,1.1472549863784647,1.1732627949199503
2022-11-17,1.342886875512578,1.142548529638894,1.1753434017695525
2022-11-18,1.3358179511728279,1.1374351689650375,1.1744123864117026
2022-11-21,1.3291936822355774,1.127729065917808,1.1786462922757128
2022-11-22,1.3201541532841867,1.1278607278041948,1.170493945519642
2022-11-23,1.320461004481722,1.129045544566674,1.169537412229471
2022-11-24,1.3184715841302614,1.1240428836364835,1.1729726715272335
2022-11-25,1.3179725875634205,1.129718786896265,1.1666377534398227
2022-11-28,1.3074174373740297,1.1169907701372073,1.1704818628120186
2022-11-29,1.335115339260887,1.1514527430926782,1.1595051097580529
2022-11-30,1.3363621742354044,1.1528350526847375,1.1591963404680197
2022-12-01,1.3532164134362703,1.1653207779212433,1.1612394107056123
2022-12-02,1.3431601404075182,1.1581937896111782,1.1597024197983619
2022-12-05,1.360905571889843,1.1809121953329598,1.1524189328116252
2022-12-06,1.3700565889555563,1.187291136610146,1.1539348241638752
2022-12-07,1.365279460402416,1.1843708787743883,1.152746563487981
2022-12-08,1.363482659696332,1.1845922782617202,1.1510143065402358
2022-12-09,1.371755953308289,1.196279058419811,1.146685586154345
2022-12-12,1.363659346226538,1.182874924923632,1.1528347735620295
2022-12-13,1.356048147919615,1.1805531047141775,1.148654933441496
2022-12-14,1.3554194262872452,1.1833087501382014,1.1454486634438752
2022-12-15,1.3563708199472388,1.1824410997090629,1.1470937709125393
2022-12-16,1.3530514401207898,1.1831113274161222,1.1436383109236317
2022-12-19,1.32841240447836,1.1648569466963579,1.140408191963709
2022-12-20,1.3112266746382681,1.1456482626765423,1.1445281395311422
2022-12-21,1.3068916509594195,1.1461030500338323,1.1402915740611987
2022-12-22,1.3061289982463222,1.1477456687761332,1.1379951445506884
2022-12-23,1.3043709871397107,1.1454089156690213,1.1387819400531218
2022-12-26,1.3188487734120389,1.1499776812771418,1.1468472778944303
2022-12-27,1.334009501553227,1.1632502931019357,1.1467948982810423
2022-12-28,1.3249573304650621,1.158286541834655,1.1438942633024214
2022-12-29,1.3218422079767755,1.1539301318462711,1.1455132087259456
2022-12-30,1.3238827251667735,1.158397241578321,1.142857283882149
2023-01-03,1.3351728376577419,1.1632652259995933,1.1477802377445165
2023-01-04,1.3373988773327325,1.1647761828555074,1.1482024589943383
2023-01-05,1.3600740576625672,1.187404850976344,1.1454172993686575
2023-01-06,1.3624757423644442,1.191088018635137,1.1438917368388104
2023-01-09,1.3714984079578623,1.2007311651467034,1.1422193807972785
2023-01-10,1.3747827705596996,1.2020327810054126,1.1437148739070113
2023-01-11,1.3676478483235999,1.1998067276419666,1.139890131314315
2023-01-12,1.3666862896176235,1.2021523844016722,1.1368660973024998
2023-01-13,1.3825570791291228,1.2190603505697553,1.134117009451545
2023-01-16,1.4057526101916338,1.2380836002501174,1.1354262425474693
2023-01-17,1.4067860406294115,1.2378680897928476,1.1364587650569713
2023-01-18,1.4065983739358554,1.2357945903510084,1.13821373302527
2023-01-19,1.4190317271722597,1.2434841212469983,1.141173982784129
2023-01-20,1.4289078904451764,1.2511198095824212,1.1421031619042898
2023-01-30,1.4308614966508018,1.2570499226398801,1.1382694281909718
2023-01-31,1.417288594718897,1.2437384712596773,1.1395390811409456
2023-02-01,1.4317616773815018,1.2554281959327993,1.140456843346333
2023-02-02,1.43295575084859,1.2510060952162236,1.14544266117338
2023-02-03,1.423130182889579,1.2391816239266824,1.1484435819666257
2023-02-06,1.406371222918591,1.222800305304146,1.1501233822220756
2023-02-07,1.410375705763596,1.2249994373873085,1.1513276355225597
2023-02-08,1.4034692693420447,1.2195868579003006,1.15077434645231
2023-02-09,1.422421988989208,1.2359592027627424,1.1508648390737048
2023-02-10,1.416341899630771,1.2286137594803765,1.152796709870636
2023-02-13,1.4313372873908674,1.2397621140327968,1.1545257523113848
2023-02-14,1.432634803198196,1.2402767030882167,1.1550928914741516
2023-02-15,1.4255678535950762,1.2338139132401473,1.1554156087050107
2023-02-16,1.4118894730707523,1.224778037899977,1.1527717099594628
2023-02-17,1.3912340110146197,1.207131138674111,1.1525127357270593
2023-02-20,1.4247147021431095,1.2367460893510307,1.1519864217971478
2023-02-21,1.428342965609805,1.2399954317952544,1.151893732013079
2023-02-22,1.4191205468113763,1.2288052931723943,1.1548782827486421
2023-02-23,1.4153577910768584,1.2278178991319946,1.1527424319823365
2023-02-24,1.4020210322372886,1.2150719348527477,1.1538584605751732
2023-02-27,1.3948564971448556,1.2099226791385131,1.152847633319857
2023-02-28,1.4068215011690064,1.2175882332692507,1.155416472276231
2023-03-01,1.424459984175033,1.2347863042753895,1.1536085063811505
2023-03-02,1.4200766923689796,1.2320337435813982,1.1526280832544078
2023-03-03,1.4219590551964836,1.235866520646767,1.1505765642492918
2023-03-06,1.415907431521352,1.2294216783188867,1.151685753140018
2023-03-07,1.3907261150824717,1.211421717719302,1.1480115427522128
2023-03-08,1.389283416326242,1.2070115352778519,1.1510108857463666
2023-03-09,1.3870231620474653,1.2027447927829125,1.153214855196479
2023-03-10,1.3682506771299052,1.1869739702768063,1.1527217204357267
2023-03-13,1.384116945974225,1.1994057127377438,1.1540022956993115
2023-03-14,1.3751200024740244,1.192227966597144,1.1534035780077285
2023-03-15,1.3739935862575465,1.192886135814076,1.1518229150344472
2023-03-16,1.3543122294118728,1.1785993488836006,1.149086184965834
2023-03-17,1.3637569561310194,1.184484593140587,1.151350523281272
2023-03-20,1.3587164563856564,1.178578316633379,1.1528435889325064
2023-03-21,1.3768215888900932,1.191533762124832,1.1555036312482174
2023-03-22,1.3838222602061194,1.196638149038594,1.1564249905603572
2023-03-23,1.4044689475968604,1.2085014598835444,1.1621574273747257
2023-03-24,1.4043242882030718,1.204899056065602,1.1655119830441727
2023-03-27,1.4014344674004535,1.200539771669688,1.167336976642902
2023-03-28,1.3942979978875911,1.196659041073814,1.1651589550824997
2023-03-29,1.3956207003296937,1.1986428029147078,1.1643341093243125
2023-03-30,1.401672768606255,1.2083339029567794,1.1600045030404074
2023-03-31,1.4121178364208862,1.212043991895856,1.1650714378873974
2023-04-03,1.4387558561730873,1.2239043582257756,1.1755459865007505
2023-04-04,1.4498366767007589,1.2276563714502937,1.1809792303590556
2023-04-06,1.4524715307647529,1.2257205631399049,1.1849940144954283
2023-04-07,1.4598515579282312,1.2336912251138559,1.183320046548522
2023-04-10,1.4405358235749282,1.2281650714756518,1.172917107831532
2023-04-11,1.4405942062653119,1.2267707735009663,1.1742977884565466
2023-04-12,1.4517649645202777,1.2259150413469533,1.1842296697209749
2023-04-13,1.428718388586094,1.2174446531077388,1.17353867786847
2023-04-14,1.4389293017924707,1.2243322944102828,1.175276767885594
2023-04-17,1.4534359982297915,1.2415003594061056,1.1707092851145602
2023-04-18,1.4572113605250432,1.2452853231559708,1.1701827151001674
2023-04-19,1.4440739577167154,1.2340742924978907,1.1701677658269376
2023-04-20,1.4570713257205508,1.2306214980865242,1.1840125724978234
2023-04-21,1.4185242576086177,1.206550648567998,1.1756856285247552
2023-04-24,1.4047532778286855,1.1916115814506523,1.1788684330497672
2023-04-25,1.3942781382836598,1.1856364593777193,1.1759744121022104
2023-04-26,1.3788000426811609,1.1846072812668795,1.163930075802507
2023-04-27,1.3794005303929802,1.1933409932788672,1.1559148124149234
2023-04-28,1.403867745605959,1.205509411967031,1.164543164632175
2023-05-04,1.3991766156205792,1.2058565843106879,1.1603175981498663
2023-05-05,1.385815158402396,1.2018562503185544,1.1530623217502785
2023-05-08,1.404048449268658,1.2155537135978227,1.1550690303211073
2023-05-09,1.3895205893095923,1.205147376833218,1.1529881042108348
2023-05-10,1.3770071685065124,1.1958692099704957,1.1514697067419988
2023-05-11,1.3699959204820913,1.1940112209859264,1.1473894854613256
2023-05-12,1.3480974212760186,1.1781834711892205,1.1442168849264982
2023-05-15,1.3677210670362674,1.1964735366268606,1.1431268851062044
2023-05-16,1.3578827224395884,1.1902861290416917,1.1408036179778303
2023-05-17,1.3582071600284877,1.1848885525598418,1.1462741851072888
2023-05-18,1.3685067782638003,1.183661811511921,1.1561636651230405
2023-05-19,1.3673018417438842,1.1802119616155855,1.1585222707556637
2023-05-22,1.3659994696191395,1.1876291949787077,1.1501902070061774
2023-05-23,1.3429204064508078,1.1708319986617912,1.1469795905695317
2023-05-24,1.3276330429587069,1.154645228353804,1.1498190183070642
2023-05-25,1.3315097364618753,1.152075087376734,1.155749092269422
2023-05-26,1.3411895644305734,1.1522097638856523,1.1640151007813155
2023-05-29,1.3422074190475124,1.1471203098695477,1.1700668251616522
2023-05-30,1.3577554955354236,1.1482602578315542,1.1824457794084882
2023-05-31,1.3530606097662383,1.1365286088729905,1.1905205018182219
2023-06-01,1.3631577493533495,1.1390209305242407,1.1967802459309933
2023-06-02,1.3742527605721269,1.1554650654674385,1.1893503331631914
2023-06-05,1.3726251428334855,1.150205110009538,1.1933742346372491
2023-06-06,1.35147965878059,1.1394069424233064,1.1861255258865147
2023-06-07,1.3452302156137603,1.1337759079639975,1.1865044989617801
2023-06-08,1.350696695443977,1.143006331618717,1.1817053485006777
2023-06-09,1.3686213244299696,1.1479461061207452,1.1922348245554422
2023-06-12,1.3696299235526601,1.1502589525701055,1.1907144217329484
2023-06-13,1.3875605820313188,1.1563865584571447,1.1999106802854984
2023-06-14,1.3881730165973116,1.1561202901693401,1.2007167665866172
2023-06-15,1.404438183335155,1.1745152364280849,1.1957598673698842
2023-06-16,1.428080391467083,1.1858399113448619,1.2042775570333908
2023-06-19,1.4321992642075443,1.176133878405133,1.2177178895226133
2023-06-20,1.433164816407499,1.1741381982891135,1.220609991648193
2023-06-21,1.4045777713230265,1.1561233047918715,1.2149030864626351
2023-06-26,1.3818822021425825,1.1398676889181591,1.2123180747882394
2023-06-27,1.4000054216202495,1.1505581713832567,1.2168054223082831
2023-06-28,1.393012257307545,1.1491728471686657,1.2121868879339182
2023-06-29,1.3932911570191684,1.143499958531416,1.2184444316102612
2023-06-30,1.4085558693834352,1.1496665441888656,1.2251864477601426
2023-07-03,1.4211381958093698,1.1647552207127871,1.2201174723558532
2023-07-04,1.4274835801849648,1.1665893731471053,1.2236384224331187
2023-07-05,1.4154108645403887,1.157553497806935,1.2227606475398176
2023-07-06,1.4089763004603328,1.1497562817898108,1.225456492629027
2023-07-07,1.3991916413906698,1.1446549094985807,1.2223698424563518
2023-07-10,1.4051306534878802,1.15022901666729,1.22160946483436
2023-07-11,1.4158007750186345,1.1577569497740778,1.2228825534538237
2023-07-12,1.400628891365202,1.1499627483794854,1.2179776200046066
2023-07-13,1.4238218078723592,1.1664128424602462,1.2206842689327524
2023-07-14,1.4262312811961926,1.166616294427389,1.2225367398080365
2023-07-17,1.4216500387932642,1.157062815409267,1.2286714427776417
2023-07-18,1.4174877755762538,1.1534035544082257,1.2289608178843539
2023-07-19,1.4146275127347072,1.1521857871203995,1.2277772634830144
2023-07-20,1.3955772905750639,1.1440535273572465,1.2198531425350656
2023-07-21,1.3915047403238312,1.1435209206741368,1.2168598887578734
2023-07-24,1.3882369845016227,1.1385272335040406,1.2193269898595673
2023-07-25,1.4204643826687156,1.1714094741453729,1.2126113148479067
2023-07-26,1.414689337285407,1.168982983437316,1.210188135609646
2023-07-27,1.4087509843607249,1.1675886854626305,1.206547307198801
2023-07-28,1.4319999279187976,1.19463349516248,1.198693937276582
2023-07-31,1.4418725296241055,1.2011830780964636,1.2003769915815554
2023-08-01,1.4406523836468652,1.1962072683390559,1.2043501337750802
2023-08-02,1.432585376086359,1.187799696420503,1.2060832987274963
2023-08-03,1.4418710019650856,1.198295770786053,1.203268038757454
2023-08-04,1.4529078379885512,1.2029632477552132,1.2077740867809108
2023-08-07,1.4434115689714018,1.1938585268493178,1.209030665283828
2023-08-08,1.436815282610149,1.1907408462914808,1.2066565844995223
2023-08-09,1.428666682328011,1.1871025474331605,1.2034905370367355
2023-08-10,1.4359215065328506,1.1895411667388451,1.2071221633039089
2023-08-11,1.4050856365246887,1.1621731614605915,1.2090157328696274
2023-08-14,1.4006100742429504,1.1536937994612826,1.2140223644237018
2023-08-15,1.3898661688609835,1.1508902706142543,1.207644381352866
2023-08-16,1.3740324804637916,1.142449818277855,1.2027070760403529
2023-08-17,1.3799637923983878,1.1462706069605975,1.2038726143885354
2023-08-18,1.3595938495195925,1.1321782281296695,1.200865566692276
2023-08-21,1.3410559901973325,1.1158896617306102,1.2017818931286777
2023-08-22,1.3519896049328266,1.1244678051984596,1.2023373178694177
2023-08-23,1.3231764069953416,1.1060369638993366,1.196322049066497
2023-08-24,1.3313589155366876,1.1140555794037927,1.195056099668913
2023-08-25,1.317930092284935,1.1097829478787913,1.1875566251977385
2023-08-28,1.33290009377493,1.1227892914157807,1.187132887680297
2023-08-29,1.3551272479622245,1.1340063513189245,1.1949908802416511
2023-08-30,1.3567413341207861,1.133527587196382,1.1969195540061723
2023-08-31,1.3437528797257454,1.1265741850581452,1.192777979069697
2023-09-01,1.350739647348358,1.134419214390773,1.1906882660426
2023-09-04,1.3674148074657946,1.1516113262593488,1.1873926352456226
2023-09-05,1.3558566167287078,1.1430451711741259,1.1861793837386005
2023-09-06,1.3507885697798472,1.1405648379055018,1.1843154592249168
2023-09-07,1.3303259578948672,1.1245395952792159,1.1829961021199578
2023-09-08,1.3257302162319506,1.119010356910979,1.1847345362304067
2023-09-11,1.3377431529301107,1.1272533164177982,1.1867280702985288
2023-09-12,1.3353360011377517,1.1251768724609281,1.1867787490309631
2023-09-13,1.323373547284318,1.118011044595454,1.1836855759892544
2023-09-14,1.3184397108602397,1.1170715339780586,1.1802643526015555
2023-09-15,1.312499134554961,1.1096722481351255,1.1827808947738387
2023-09-18,1.318153468210987,1.1153361630122807,1.1818441039793248
2023-09-19,1.314186962380042,1.1131788851070592,1.1805712271066398
2023-09-20,1.3072841294457904,1.108747740522888,1.1790636243635293
2023-09-21,1.2977955106226169,1.0987992758456058,1.1811033544992728
2023-09-22,1.317275256064238,1.1186931905776383,1.1775125361977592
2023-09-25,1.309932472635697,1.1114136483459665,1.1786183070409213
2023-09-26,1.302949880161001,1.1049179780800509,1.179227694733557
2023-09-27,1.3077941650000833,1.1071948593815322,1.1811779597049465
2023-09-28,1.3063600401112136,1.1039096218969304,1.1833940154144118
2023-10-09,1.3062319925539838,1.1024764843668358,1.184816194337394
2023-10-10,1.2962060953438421,1.0942185218548588,1.1845952791464223
2023-10-11,1.3001053402562828,1.0973362024126958,1.1847830568222955
2023-10-12,1.3125306295294625,1.1077574019674572,1.184853856267007
2023-10-13,1.2996223274038339,1.096097472982149,1.185681346265634
2023-10-16,1.2882218678895514,1.0850838650461483,1.1872094954013197
2023-10-17,1.2941796260204896,1.088913697596486,1.1885052312934246
2023-10-18,1.2787019650313276,1.080290685328164,1.1836647139495529
2023-10-19,1.2583950852148917,1.0572401803753846,1.1902641505434317
2023-10-20,1.2480952521507418,1.050373571323062,1.18823939046622
2023-10-23,1.2298758358522353,1.0394975844110106,1.1831444866214815
2023-10-24,1.2397640646761101,1.043354268134131,1.188248423896541
2023-10-25,1.2427107993382347,1.0485394188887436,1.1851827188865027
2023-10-26,1.2431877384985472,1.0514356999592487,1.1823716262884458
2023-10-27,1.265549244706793,1.0658721664038007,1.187336797598058
2023-10-30,1.2774230032110852,1.0722691253086767,1.191326853548404
2023-10-31,1.2722821529954305,1.0689001093606925,1.190272263847349
2023-11-01,1.265305849356293,1.068457240278528,1.1842363003936873
2023-11-02,1.255774430380084,1.06341875441546,1.1808842237979504
2023-11-03,1.2696400241416672,1.0723798250523424,1.1839462049555964
2023-11-06,1.2924749119625152,1.0868821224400878,1.189158313746908
2023-11-07,1.2907234546395747,1.0830373569920928,1.1917626352467527
2023-11-08,1.2888169852310807,1.0804372801122075,1.1928660820526593
2023-11-09,1.2903572458972448,1.0809639276577545,1.1937098111064688
2023-11-10,1.2831516825777862,1.073082933177248,1.1957618958476528
2023-11-13,1.2821105313602437,1.0709645649349362,1.1971549510960104
2023-11-14,1.2836548016707958,1.0717574807682877,1.1977101393783693
2023-11-15,1.292582248172357,1.0792943175276695,1.1976179501558615
2023-11-16,1.2784136419683267,1.0688552405602199,1.1960587303649004
2023-11-17,1.2789875681178162,1.0675716423292003,1.1980344151211755
2023-11-20,1.2804301006239103,1.070040057322699,1.1966188479220294
2023-11-21,1.2789396704125489,1.0714612765776679,1.1936405900711442
2023-11-22,1.2625465287963324,1.0604955520646713,1.1905250581563398
2023-11-23,1.2718085540261557,1.065611857253559,1.1935007529890247
2023-11-24,1.2607731290472228,1.0585776211669709,1.191006784799921
2023-11-27,1.2542487679330567,1.0507774606348157,1.1936388197509642
2023-11-28,1.2577851352768559,1.0527462194705517,1.1947657583699731
2023-11-29,1.2473839588584867,1.0437073295078496,1.195147263598004
2023-11-30,1.2474255201762117,1.046068059380214,1.1924898279709448
2023-12-01,1.2464092824991453,1.0420826582857379,1.196075256208113
2023-12-04,1.2356055436225788,1.0352787954465763,1.1935002909912686
2023-12-05,1.211845500137052,1.0155674406464663,1.1932693503502274
2023-12-06,1.2154343824513265,1.0171651905882946,1.1949232963314047
2023-12-07,1.2094756365132557,1.0146758134520752,1.1919823262549671
2023-12-08,1.2148983305050551,1.017123266302853,1.194445521751848
2023-12-11,1.2239524466445426,1.023104347513349,1.1963124285605413
2023-12-12,1.2238908274863938,1.0253034795965112,1.1936864078214509
2023-12-13,1.2035663264839278,1.0081921315687858,1.1937866690262025
2023-12-14,1.198367656933712,1.0029112139681646,1.1948890791560656
2023-12-15,1.1952441954754245,0.9997965480328594,1.1954874197426628
2023-12-18,1.1841132380382624,0.9961522900369763,1.1886869606998638
2023-12-19,1.1841056692970156,0.9975495325266927,1.1870144094978372
2023-12-20,1.167431062669433,0.9866166884315424,1.1832670948687656
2023-12-21,1.1790726088577517,0.9966010481492027,1.1830938880180977
2023-12-22,1.1785934283638775,0.9985039760417453,1.180359274117305
2023-12-25,1.183980458230026,1.0015617847939517,1.1821342189824091
2023-12-26,1.1724159643339502,0.9947818987200426,1.178565840253491
2023-12-27,1.1743541772632415,0.9982436668915038,1.1764203632968089
2023-12-28,1.2075659510826804,1.0216352448353756,1.1819932379851141
2023-12-29,1.214099777972894,1.0265930369650935,1.1826495351674355
2024-01-02,1.1983299385410824,1.013200751636539,1.182717182755263
2024-01-03,1.192280210190781,1.0107922084486711,1.1795502579315005
2024-01-04,1.1787411516335673,1.0014421112901912,1.1770437235907283
2024-01-05,1.168056234316238,0.9960744707111566,1.1726595437008775
2024-01-08,1.1500173144256052,0.9831938299229913,1.1696750726310805
2024-01-09,1.1528578367348474,0.9851206644732858,1.1702706869429498
2024-01-10,1.1476544412411183,0.98052196296235,1.1704525595467827
2024-01-11,1.1585803623379238,0.9860691488507757,1.1749483935160157
2024-01-12,1.1522337091201387,0.9826283428220354,1.1726037799917406
2024-01-15,1.1480267574058458,0.9816559517867937,1.169479750330273
2024-01-16,1.1530621763827968,0.9876279891296942,1.1675065804877447
2024-01-17,1.1264481496206018,0.9661453683234285,1.1659199397450406
2024-01-18,1.1403397539373175,0.9798039219397873,1.163844855488745
2024-01-19,1.1327954648954366,0.9783228308791877,1.1578953584037583
2024-01-22,1.1036011119531999,0.9630994778463478,1.1458848616770485
2024-01-23,1.1137103475785626,0.9669980858549099,1.151719288662238
2024-01-24,1.1257308318024182,0.9805160038247874,1.1481004159148633
2024-01-25,1.1480136339586313,1.0002064665896773,1.1477766564266678
2024-01-26,1.1413373819334756,0.9974837015834997,1.1442165722824431
2024-01-29,1.1212752022659631,0.9885495522269008,1.1342630217575558
2024-01-30,1.1002905993551464,0.9709206005212238,1.1332446739357187
2024-01-31,1.080649927362249,0.9620372791026601,1.1232931933471693
2024-02-01,1.0837835469541564,0.9627434018500974,1.1257242011437907
2024-02-02,1.064200662646125,0.9513498112600944,1.1186218255896385
2024-02-05,1.0569168598504388,0.9575702394781112,1.1037486507793652
2024-02-06,1.1040633748449122,0.9908623986762609,1.1142449005228998
2024-02-07,1.115970764528301,1.0004188923169148,1.1155034886873982
2024-02-08,1.1309438872022075,1.0067918744565383,1.123314476303939
2024-02-19,1.148199594529911,1.0184248120540622,1.1274269646024295
2024-02-20,1.148799625220242,1.0205311919137479,1.125687910690862
2024-02-21,1.1626169904565498,1.0343004452737725,1.1240611910872886
2024-02-22,1.1797350769720694,1.0432166471101825,1.1308629710233795
2024-02-23,1.1863140877689915,1.0441351955848572,1.1361690447610042
2024-02-26,1.1783860608425525,1.0332502349127113,1.140465321009196
2024-02-27,1.199400539538212,1.0456461524407712,1.1470424643542596
2024-02-28,1.1792698164500552,1.032322712677942,1.1423460919414614
2024-02-29,1.2112494486729852,1.0520161199578628,1.1513601604521995
2024-03-01,1.2209566238329637,1.0585148048463102,1.1534620188994325
2024-03-04,1.2253174040653672,1.0594333533209848,1.1565780898103584
2024-03-05,1.224575209808735,1.0668056477761336,1.1478896951487727
2024-03-06,1.2257505441510153,1.0624792437980657,1.1536701081983498
2024-03-07,1.2111718026919513,1.0560972878983477,1.146837338349959
2024-03-08,1.2242762166906318,1.0606421468487164,1.1542783023737933
2024-03-11,1.2426955616655537,1.0739117440509784,1.1571673077881557
2024-03-12,1.2466145310202053,1.0763741297994134,1.1581609930113397
2024-03-13,1.2400469814906785,1.0688552405602207,1.1601636352933355
2024-03-14,1.2340863041958212,1.0658213384657662,1.1578735193763994
2024-03-15,1.237699734162588,1.0681461031902517,1.1587363661824233
2024-03-18,1.2527924039642724,1.0781812908459474,1.161949678222782
2024-03-19,1.2441080563048093,1.0704320283593283,1.1622485345582172
2024-03-20,1.244762802027751,1.072750833946251,1.1603466179082165
2024-03-21,1.2377825474936097,1.0714672357152315,1.1552220228809502
2024-03-22,1.219519715073953,1.0606690681289999,1.149764570041778
2024-03-25,1.209306192343078,1.0549124010283677,1.1463569782326963
2024-03-26,1.2136195756606234,1.0602950446125603,1.1446055339286143
2024-03-27,1.1886001585010908,1.0480397627309814,1.1341174264264908
2024-03-28,1.202811528595676,1.0534762488757412,1.1417547665448593
2024-03-29,1.2064688227877236,1.0584190380003011,1.1398782329795738
2024-04-01,1.2301357658193335,1.0758236457036152,1.1434362599594976
2024-04-02,1.2208538814655348,1.0713445475889392,1.1395529890109268
2024-04-03,1.2119643804891014,1.0674908784883503,1.1353393316159635
2024-04-08,1.1971973913861758,1.0580989271519297,1.1314607364820373
2024-04-09,1.2050206706744226,1.0572252474777277,1.1397955861811828
2024-04-10,1.1886689732172455,1.0486142235920322,1.1335617489008067
2024-04-11,1.190704883501058,1.048473587945551,1.1356555827354742
2024-04-12,1.1823479077945778,1.039976278426053,1.136898920025365
2024-04-15,1.2024481039253192,1.0618897799318567,1.1323662084802082
2024-04-16,1.1786946561929286,1.0505291398672008,1.1220009150264307
2024-04-17,1.2056037529409558,1.0667727673582867,1.1301411039264384
2024-04-18,1.2016872452394538,1.0680892460071525,1.1250813073268287
2024-04-19,1.1869483470581306,1.0596697558134742,1.1201115635757186
2024-04-22,1.182497823515541,1.0564503492720658,1.1193122557348072
2024-04-23,1.1717883323176448,1.04906599632679,1.1169824743348424
2024-04-24,1.1796450097047713,1.053673741705321,1.1195543392735323
2024-04-25,1.1797817499831897,1.056264844825112,1.1169374383358643
2024-04-26,1.2052207853277677,1.0724187347152527,1.1238341389548518
2024-04-29,1.22969165486211,1.0842790309376713,1.134109965954693
2024-04-30,1.2217013163806834,1.0784386554811576,1.132842661167044
2024-05-06,1.241417076684456,1.0944429359647225,1.134291278137932
2024-05-07,1.2431130495089917,1.0947809943332834,1.135490162821142
2024-05-08,1.2294717110661764,1.0861670259325569,1.1319361403100794
2024-05-09,1.2468787425065575,1.0964415605957734,1.1372049248379832
2024-05-10,1.244797406063956,1.096956219758694,1.1347740079706954
2024-05-13,1.2436584815133171,1.0964804702586832,1.1342276631884847
2024-05-14,1.2437470695664117,1.0941945450896067,1.1366781850155885
2024-05-15,1.2313700149110192,1.0849223373644472,1.1349844799972786
2024-05-16,1.2348479201692981,1.0892009280270114,1.1337191223350433
2024-05-17,1.2432471455937986,1.1004538829705333,1.1297585158569419
2024-05-20,1.2530101882491438,1.104340502596469,1.1346230490533764
2024-05-21,1.243743686990477,1.099912302527329,1.1307662293917968
2024-05-22,1.2505688496549332,1.102392705903454,1.134413211333835
2024-05-23,1.2315244913669887,1.0896287941040181,1.1302238872823187
2024-05-24,1.2149414966714178,1.0775679904294877,1.1274847689074143
2024-05-27,1.2282618542533452,1.087809644674858,1.1291146941618337
2024-05-28,1.2171876180930414,1.0798688484962216,1.1271624510587968
2024-05-29,1.2216481783367297,1.0811703241399293,1.1299312893262683
2024-05-30,1.2161784168147933,1.0754227009068924,1.130884084731709
2024-05-31,1.2119484556242677,1.0711171889640445,1.1314807269561524
2024-06-03,1.2141821675387179,1.0737591200218706,1.1307770475690928
2024-06-04,1.2268910513858555,1.0818136305667048,1.1341057430965742
2024-06-05,1.2185477333264336,1.0755662810684046,1.1329359750065795
2024-06-06,1.215474870037355,1.0748063157604002,1.1308780495743878
2024-06-07,1.2107775937128051,1.069378803375735,1.1322251665085497
2024-06-11,1.2066650752770547,1.0600347354623185,1.1383259764132025
2024-06-12,1.211241362733207,1.0604057443562263,1.1422433056212395
2024-06-13,1.207384321440156,1.0550231007720334,1.1444150564633413
2024-06-14,1.2122999336469076,1.0596308461505646,1.1440776172673346
2024-06-17,1.2094146294422377,1.058036110831268,1.1430750019411304
2024-06-18,1.2138248162766085,1.060845598815859,1.1442049791520168
2024-06-19,1.2056875485028824,1.0558070428452904,1.1419582362830993
2024-06-20,1.193447750597778,1.0481863575150254,1.138583556293491
2024-06-21,1.1928801842537033,1.0458944732083861,1.1405358903890408
2024-06-24,1.1765437240011642,1.0402665234791098,1.1310021974621307
2024-06-25,1.1670874919670025,1.034608637847018,1.1280473111027451
2024-06-26,1.1791616919100114,1.041298786319982,1.1323951467160025
2024-06-27,1.1624189102919573,1.0334776636451062,1.1247644251856121
2024-06-28,1.1670797395100638,1.0357335828038667,1.126814616120321
2024-07-01,1.1759639384692915,1.0406764420359276,1.1299995762070814
2024-07-02,1.1634554035144546,1.0387645403832906,1.1200376584718177
2024-07-03,1.1577978254779544,1.0362572157268821,1.1172880708635815
2024-07-04,1.1469311096381687,1.030991301131419,1.1124546913048796
2024-07-05,1.150258028057496,1.0265780339599362,1.1204779276451835
2024-07-08,1.1375807802701416,1.017811441530102,1.1176734057538076
2024-07-09,1.1539211445805484,1.0291960583600106,1.1211869062336703
2024-07-10,1.1549660216626647,1.0259527451608503,1.1257497259111944
2024-07-11,1.1766251478663845,1.0376813794968822,1.1338982958688812
2024-07-12,1.1786976899599872,1.0389470302077126,1.134511823691661
2024-07-15,1.177660266280615,1.0400989665523455,1.1322578948273059
2024-07-16,1.1930128903473969,1.04669040366427,1.1397953837838573
2024-07-17,1.1915778151626273,1.047677727597169,1.1373514810661203
2024-07-18,1.197369764300137,1.0534672751156473,1.136598917293081
2024-07-19,1.2063999192102042,1.0588798546026552,1.1393170943486368
2024-07-22,1.1995743928227856,1.0516690878292079,1.140638635009112
2024-07-23,1.169779080632505,1.0292170205027313,1.1365718379405685
2024-07-24,1.1607326666668298,1.0227213502368158,1.1349451797384076
2024-07-25,1.1565966143624953,1.017066409119755,1.1371888836280613
2024-07-26,1.1632305009036594,1.0200644161738315,1.1403500430559383
2024-07-29,1.1549720922725808,1.014514215662874,1.1384484065784461
2024-07-30,1.148896212412219,1.0081232860030616,1.1396386021071732
2024-07-31,1.1788132396277202,1.0298752598271643,1.1446174945745866
2024-08-01,1.1718814023840387,1.0230504348452818,1.1454776445711252
2024-08-02,1.156203228097008,1.012614302392863,1.1418002149138486
2024-08-05,1.1330738459908145,1.000326140093438,1.132704425663591
2024-08-06,1.1440318130222178,1.0002244141098666,1.1437751337436912
2024-08-07,1.1429378515449256,0.9997786005126711,1.1431909534359352
2024-08-08,1.1402133808280714,1.0002124257272405,1.1399712216122873
2024-08-09,1.1372173214641597,0.9968284768815989,1.1408355076509675
2024-08-12,1.134569687934991,0.9951020796759156,1.140154071735532
2024-08-13,1.1404777568680107,0.9976542731327966,1.1431592963429356
2024-08-14,1.1295050309849155,0.9901293546485405,1.1407651189029218
2024-08-15,1.1385923418139148,0.9999162215366207,1.138687739322984
2024-08-16,1.1363938392389614,1.0010172598357174,1.1352390061940205
2024-08-19,1.1380048674383405,1.0044101824414533,1.1330080950316077
2024-08-20,1.1257979080804306,0.9971485877299705,1.129017201582096
2024-08-21,1.1221921914442758,0.9938394435876169,1.1291483736983954
2024-08-22,1.1126715485421768,0.9912962238908304,1.1224410239100369
2024-08-23,1.113807835190515,0.9955000098501069,1.1188426159415326
2024-08-26,1.1134245157470675,0.9946113972782477,1.1194568238348683
2024-08-27,1.1030707729892064,0.9889594707837187,1.115385216054464
2024-08-28,1.1010567571573504,0.9833254918093788,1.1197276652833834
2024-08-29,1.1052540727073858,0.9806865052665837,1.127020782657696
2024-08-30,1.121613254285864,0.9937766272669555,1.1286371841632858
2024-09-02,1.0978381759868632,0.9768956524866566,1.1238029089313186
2024-09-03,1.1028137717217361,0.9794148954181905,1.1259924439385383
2024-09-04,1.0953457811257705,0.9730508870386616,1.1256819100790254
2024-09-05,1.0999303030487444,0.9747264563063095,1.1284502394824598
2024-09-06,1.0868119904119666,0.9668244996830822,1.124104727143567
2024-09-09,1.0753280080724095,0.9553352123545712,1.1256028189540899
2024-09-10,1.0783040446722791,0.9561759415034261,1.127725555379303
2024-09-11,1.078479469393605,0.953294663438079,1.1313180601515633
2024-09-12,1.073174159247462,0.9492075363600313,1.1306001249872193
2024-09-13,1.0670014565554804,0.9452521412758711,1.1288008881051315
2024-09-18,1.0687449364221562,0.9487706965229302,1.1264523033214553
2024-09-19,1.0796550120531796,0.9562597199668084,1.1290395166813616
2024-09-20,1.07899462223383,0.9577587585475971,1.1265828817583274
2024-09-23,1.0803632591130625,0.9612623808969991,1.1239004881319965
2024-09-24,1.124943784590433,1.0028962810705082,1.1216950404778143
2024-09-25,1.137427727548401,1.0177426660718778,1.117598549679031
2024-09-26,1.1831340545744604,1.060764834975009,1.1153594232809712
2024-09-27,1.248314995558861,1.108146358381555,1.1264892819591286
2024-09-30,1.373427384025754,1.202146495371612,1.1424792147326397
2024-10-08,1.4791762205141084,1.273431241262419,1.1615674035511518
2024-10-09,1.372534015928639,1.1836348902316385,1.1595923939518484
2024-10-10,1.3757145747977522,1.1961444520183955,1.1501241112445464
2024-10-11,1.3270396997313392,1.1630468411347947,1.1410027978207096
2024-10-14,1.3545034088852936,1.1852385292035288,1.1428108144573308
2024-10-15,1.3189826417304076,1.1537177061190356,1.143245557153927
2024-10-16,1.3043274193371512,1.146417201744643,1.1377423658265045
2024-10-17,1.2895159846496838,1.1334408642179696,1.1377002765286743
2024-10-18,1.3478930834740077,1.1744344024797342,1.1476955040043344
2024-10-21,1.3593639223292724,1.1774174766361534,1.1545301044901546
2024-10-22,1.370688414863461,1.1841734560523107,1.1575064513208537
2024-10-23,1.3793787607608776,1.1887900349759348,1.1603216044697084
2024-10-24,1.3623961085635852,1.175511534121079,1.1589814893498587
2024-10-25,1.3853351616383178,1.1837665521180247,1.170277331421167
2024-10-28,1.3918592056711,1.186082343082416,1.1734928976801955
2024-10-29,1.3711126945090515,1.1742608864154063,1.1676389040722992
2024-10-30,1.3596488029405276,1.163728987116979,1.1683551909357524
2024-10-31,1.368231928991864,1.1642047366169896,1.1752502682369665
2024-11-01,1.354126910081197,1.1638995586662753,1.1634396628115447
2024-11-04,1.3737068495810119,1.1802778626662798,1.1638842793151867
2024-11-05,1.4168159685557922,1.2101411341108146,1.17078572789515
2024-11-06,1.418392745562967,1.2040703854068744,1.1779981990701232
2024-11-07,1.458730988938464,1.2403993912145097,1.1760171758147833
2024-11-08,1.4505870472377778,1.2279376427432565,1.181319797312439
2024-11-11,1.482322442428846,1.2360399666035944,1.1992512236493367
2024-11-12,1.466534201828988,1.222459302420556,1.1996589161906221
2024-11-13,1.4755728961895627,1.229984220904812,1.1996681511117993
2024-11-14,1.4375768646337035,1.208660043050215,1.18939719476933
2024-11-15,1.4006509192945826,1.1874795855721318,1.1795157881554184
2024-11-18,1.3799982984301722,1.1819593209639896,1.1675514325693246
2024-11-19,1.4056441772175499,1.1898911433825314,1.1813216570565372
2024-11-20,1.4115854708590538,1.1925480774455157,1.1836717508972256
2024-11-21,1.4125061644297126,1.1936043170516406,1.1833956565428552
2024-11-22,1.359685877798884,1.1566229609496343,1.1755653516358753
2024-11-25,1.355263535988522,1.1513540317316393,1.1771040866988602
2024-11-26,1.3466120999185478,1.148987342721712,1.1719990724429599
2024-11-27,1.3808622621638995,1.1689919571974108,1.1812418842251364
2024-11-28,1.3677769413202818,1.158672483626221,1.1804689941713644
2024-11-29,1.3932614842980822,1.1718463139824744,1.1889455704845262
2024-12-02,1.409189108927048,1.1811365393353237,1.1930789218662725
2024-12-03,1.4024068710322888,1.182411093698748,1.186056929358945
2024-12-04,1.3849728112744102,1.17602913779903,1.1776687896240599
2024-12-05,1.3868039447086296,1.1733453525632629,1.1819230729290826
2024-12-06,1.4057889724751251,1.1887691429407141,1.1825584309814425
2024-12-09,1.397252295685511,1.1868034688350106,1.177324074606119
2024-12-10,1.4040205370824923,1.1955011455916191,1.1744200683201211
2024-12-11,1.4023604847254665,1.1934636814051596,1.1750340681287896
2024-12-12,1.4125348356378027,1.205332881280172,1.1719043407639917
2024-12-13,1.3788042257178337,1.1768130097647864,1.1716425755638271
2024-12-16,1.3568671115840198,1.1704281093500375,1.159291289011775
2024-12-17,1.3525604182454019,1.1734769443421493,1.1526092819860612
2024-12-18,1.3597708433574518,1.1794190457822344,1.152915792075921
2024-12-19,1.3657929487366287,1.1804872036634848,1.156973954904443
2024-12-20,1.365973626492459,1.1751853940276435,1.162347348285991
2024-12-23,1.3529672380278295,1.1769298088610167,1.1495734306680314
2024-12-24,1.3708190486699707,1.191925803268962,1.1500875682952565
2024-12-25,1.3631877465546296,1.1925061531600745,1.1431284802533375
2024-12-26,1.3687462271491917,1.193059721985905,1.1472570919340468
2024-12-27,1.3629853672606427,1.1911298027055781,1.1442794598579475
2024-12-30,1.3653945073016123,1.196521490157366,1.1411366352659793
2024-12-31,1.3352388381986293,1.1773306835502386,1.1341238760313448
