datetime,port,bench,excess
2017-01-04,1.0006121340126564,1.0116932748592655,0.9890469363373493
2017-01-05,1.0005675692353941,1.0124226247677133,0.9882904083311659
2017-01-06,0.9998157741252692,1.0080465253170263,0.9918349490970483
2017-01-09,1.0007706418559172,1.0149760939857742,0.98600415101988
2017-01-10,1.0008019105249144,1.0115761589542032,0.9893490486762485
2017-01-11,0.9981823718943135,1.0017720016150526,0.9964167198574606
2017-01-12,0.9952105691827743,0.9924202258646864,1.0028116550281476
2017-01-13,0.9911849138481572,0.9800498676992322,1.0113617138432616
2017-01-16,0.9802120391399447,0.9541953962355685,1.0272655296881703
2017-01-17,0.9845802814534366,0.962237156506235,1.0232199773165347
2017-01-18,0.983564426681043,0.9601045004448243,1.0244347633256063
2017-01-19,0.9812268978156042,0.9561635092898672,1.0262124503625445
2017-01-20,0.9888942481176983,0.9685544167177481,1.0210001947736485
2017-01-23,0.9944137741486451,0.9764917926915951,1.0183534378795442
2017-01-24,0.993455948506622,0.9753985868212665,1.0185128027960373
2017-01-25,0.9943115966526757,0.9776625050191199,1.0170294877302573
2017-01-26,0.9989570732222496,0.984645903820964,1.0145343309160688
2017-02-03,0.9980738557162773,0.9820164172226941,1.016351496993295
2017-02-06,1.0056418566971597,0.9902685840716859,1.0155243464982635
2017-02-07,1.0052931185440597,0.9897433866182161,1.015710872268593
2017-02-08,1.0104940596197556,0.9953866905852141,1.0151773870169587
2017-02-09,1.0161452767457886,1.0016485571327944,1.0144728602759543
2017-02-10,1.0171819034017147,1.0025867500887307,1.0145574967070852
2017-02-13,1.0228249699229905,1.0077348615035557,1.0149742844034593
2017-02-14,1.0238313179174057,1.0085639051163127,1.0151377743379904
2017-02-15,1.0134145466781346,0.9985666889457406,1.0148691698779477
2017-02-16,1.0215718931517446,1.0061037265715147,1.0153743258987227
2017-02-17,1.0129555792071752,0.9978483582069999,1.0151397964188877
2017-02-20,1.02545559850665,1.0101728528012408,1.0151288422204474
2017-02-21,1.0353571516288176,1.0179852207619922,1.0170650128435283
2017-02-22,1.042002996177964,1.0242803681802417,1.0173025165260257
2017-02-23,1.0421274116119064,1.024242396717062,1.0174617014021
2017-02-24,1.0447049467059026,1.024587266947353,1.0196349109612577
2017-02-27,1.0354071611326994,1.0163730715615409,1.0187274634715724
2017-02-28,1.0401473453571344,1.0206004122211827,1.0191523860875293
2017-03-01,1.042902206006183,1.0232377164736366,1.019217909207174
2017-03-02,1.0362561391151937,1.0180153001171384,1.0179180401276449
2017-03-03,1.0387646236845869,1.0208962918185869,1.0175025925837873
2017-03-06,1.0481724625866302,1.0310975859902876,1.016559903571051
2017-03-07,1.0489086359331237,1.0320262488535041,1.0163584861318928
2017-03-08,1.0446301114957937,1.0278969639134852,1.0162790125564733
2017-03-09,1.0340824347392883,1.0187667628188497,1.015033541021756
2017-03-10,1.033079676136557,1.0201178768234027,1.012706177989466
2017-03-13,1.0427368906732601,1.0296072432874084,1.0127520930640799
2017-03-14,1.0406600556316843,1.0273258284349525,1.012979550233878
2017-03-15,1.0388284018202356,1.026151989045754,1.0123533481490103
2017-03-16,1.0493309592524065,1.0352141393220633,1.0136366181586236
2017-03-17,1.0392662093380851,1.0257073506573045,1.0132190323800367
2017-03-20,1.042235855066812,1.0280947877912658,1.013754633758942
2017-03-21,1.0430817595188024,1.0308808508347649,1.0118354208191547
2017-03-22,1.0368161672706586,1.0283241801011809,1.008258083718932
2017-03-23,1.0398826943471233,1.030285964578283,1.0093146272964792
2017-03-24,1.0460995832874342,1.0357330826521856,1.0100088534477467
2017-03-27,1.0425139748314658,1.0308935079891581,1.0112722281712436
2017-03-28,1.038172954410107,1.0281501070013492,1.0097484281142468
2017-03-29,1.0350379484931937,1.0252786453926204,1.0095186836714385
2017-03-30,1.0168950357091007,1.0086983687682776,1.0081259841342185
2017-03-31,1.0201150181836278,1.01279757435315,1.007224981591362
2017-04-05,1.0433711547841003,1.0346809753067103,1.0083988975198988
2017-04-06,1.0481017761114586,1.0377945608335968,1.0099318455375048
2017-04-07,1.0509545799631168,1.0408131432486845,1.0097437631146529
2017-04-10,1.047720155188857,1.0388845651884024,1.0085048813857893
2017-04-11,1.0594592921237065,1.0487932557320712,1.0101698178676695
2017-04-12,1.0488313204052393,1.0404571793948372,1.0080485205698448
2017-04-13,1.0567965764612661,1.0466621632014972,1.0096826021003473
2017-04-14,1.0419322332882228,1.0328125559567207,1.0088299442903792
2017-04-17,1.0292001874065815,1.0214911036212189,1.0075468927316484
2017-04-18,1.0242698252926281,1.015417456404851,1.0087179601177227
2017-04-19,1.0132528042264677,1.0047288617890109,1.0084838236081715
2017-04-20,1.0105742630898917,1.0042732786847037,1.0062741731149518
2017-04-21,1.0011184396451178,0.996827968201356,1.0043041242627888
2017-04-24,0.9726916600855735,0.9711649175844277,1.0015720733662241
2017-04-25,0.9797187470897248,0.974639157557672,1.005211764264409
2017-04-26,0.98726388426121,0.97716098388975,1.0103390337293694
2017-04-27,0.994482775727828,0.9796765560984809,1.01511337546783
2017-04-28,0.9987948450413839,0.9827710814399281,1.016304675528281
2017-05-02,1.0026088218168046,0.9834450376844431,1.0194863804259802
2017-05-03,1.0002028794766202,0.9804960696185181,1.0200988157614639
2017-05-04,0.9973309995496206,0.9771467632045201,1.0206562996523745
2017-05-05,0.9799178693919184,0.963441149704429,1.0171019472155038
2017-05-08,0.9523725371846598,0.9453831875316007,1.0073931393589812
2017-05-09,0.9611934976947497,0.9511514995116941,1.0105577273317774
2017-05-10,0.9364487091457642,0.9311918371182069,1.0056453158393506
2017-05-11,0.93911215103382,0.9291034810971724,1.01077239526089
2017-05-12,0.940160489897058,0.9277017384750463,1.0134296950251396
2017-05-15,0.947183598810622,0.9324052859552712,1.0158496665323065
2017-05-16,0.9732249777092521,0.9515834062919007,1.0227426952532552
2017-05-17,0.9784325419879127,0.9536274622725588,1.0260112892053692
2017-05-18,0.9691312908780085,0.9455034304983362,1.0249897140692754
2017-05-19,0.9697497903588161,0.9452945874508478,1.0258704569269947
2017-05-22,0.9507799773911131,0.9316617153615931,1.0205206049731257
2017-05-23,0.9249157837038111,0.9120548897602796,1.0141010087089295
2017-05-24,0.9359877742801818,0.9174925521953121,1.0201584438376263
2017-05-25,0.9462987404422664,0.9256482268555177,1.0223092455509797
2017-05-26,0.9463492618709746,0.9234538485529776,1.024793240456871
2017-05-31,0.9414484062257772,0.9214240132575496,1.0217320068503908
2017-06-01,0.9177361192455835,0.9033723796619179,1.0159001314486074
2017-06-02,0.9305670695844799,0.9132636480048335,1.0189467976935778
2017-06-05,0.9389263061619532,0.9201108707161763,1.0204490959128998
2017-06-06,0.9441478576206112,0.9241800713997519,1.021605947627302
2017-06-07,0.9673988219706258,0.9421367018835849,1.0268136460839867
2017-06-08,0.9677567787183818,0.9427632310260501,1.0265109487406825
2017-06-09,0.9698822082020797,0.9443912388964176,1.0269919586880645
2017-06-12,0.9563031166026299,0.9338845350345932,1.0240057316798872
2017-06-13,0.9704272767401855,0.9460983167548183,1.0257150441497636
2017-06-14,0.9679373700621209,0.9439419099154578,1.0254204839244951
2017-06-15,0.9805037552271629,0.9526022327667066,1.0292897932638894
2017-06-16,0.9796662011190796,0.9513097139416092,1.0298078394048764
2017-06-19,0.9870875837900913,0.9583357747991432,1.0300018112096192
2017-06-20,0.9893291193695737,0.9598371366717289,1.0307260279593988
2017-06-21,0.991779414689255,0.9616232845181625,1.0313596089618429
2017-06-22,0.9746383618134805,0.9480411155003302,1.0280549502318932
2017-06-23,0.9768724435559053,0.9508841357385989,1.0273306776720172
2017-06-26,0.9931682026782931,0.9669153896776728,1.0271510964463726
2017-06-27,0.9935275241459672,0.967157439141981,1.0272655556755894
2017-06-28,0.9868125246034986,0.9628921270191596,1.0248422402812554
2017-06-29,0.9926306524689081,0.9677618554911827,1.0256972279250491
2017-06-30,0.9959011860750582,0.9711110874513313,1.0255275621337907
2017-07-03,1.0024099466348841,0.977319198319665,1.0256730332918442
2017-07-04,0.9983246068159958,0.972485952233834,1.0265696944236669
2017-07-05,1.0059722674542886,0.9799391548252152,1.0265660500459508
2017-07-06,1.0052938123494581,0.9811558051778027,1.0246016046017088
2017-07-07,1.0078725354073723,0.985009759782844,1.0232107097391285
2017-07-10,1.00534781636876,0.9819325821883005,1.023846071110378
2017-07-11,0.9956288042873032,0.9696603541963186,1.0267809753988633
2017-07-12,0.9932004456178717,0.970293137462131,1.023608646986473
2017-07-13,0.9942484695726574,0.9729732526779737,1.0218661888557847
2017-07-14,0.9926721715672546,0.9696207447484527,1.0237736526818866
2017-07-17,0.9488780760691262,0.9297078229925242,1.0206196534034717
2017-07-18,0.9559951451052436,0.939512054785524,1.0175443095549024
2017-07-19,0.9707121108630274,0.9586442370970912,1.012588479958404
2017-07-20,0.9776509888307618,0.9649599337777675,1.0131518984454717
2017-07-21,0.9802246519365427,0.9692046966381623,1.0113701010081821
2017-07-24,0.9891242178346591,0.9756943919648208,1.0137643774325624
2017-07-25,0.9857501656914432,0.9735538437953766,1.0125276295438572
2017-07-26,0.9842747256484636,0.9724622014558847,1.0121470265629804
2017-07-27,0.9964707301216463,0.9783665406187808,1.0185045059813833
2017-07-28,0.9989299608147334,0.9833406533876233,1.0158534149619511
2017-07-31,1.0102547514136426,0.9963991884828227,1.01390563449968
2017-08-01,1.0081187916870749,0.9945861627967659,1.0136062911354562
2017-08-02,0.9996311392076045,0.9890994352749972,1.0106477706457078
2017-08-03,1.0015208003313216,0.9906989273210554,1.010923473026795
2017-08-04,0.9975620280170217,0.9848689675536819,1.012888070272808
2017-08-07,1.0096343973715138,0.9972566734660399,1.0124117734529208
2017-08-08,1.012841528281557,0.9973041750219391,1.0155793524671408
2017-08-09,1.022510378207374,1.003047172693246,1.0194040779376985
2017-08-10,1.0158701142664297,0.9950101030150897,1.0209646225582332
2017-08-11,0.9942051994158223,0.9747546354780476,1.019954317968681
2017-08-14,1.015492945746474,0.9955512335923253,1.0200308246138088
2017-08-15,1.0188292204273686,0.9990507878743561,1.0197972243183895
2017-08-16,1.0205383395110292,0.9996899741712144,1.0208548308760415
2017-08-17,1.0301667223991708,1.0071621624941853,1.022840969172249
2017-08-18,1.0261767568328664,1.0042716407000174,1.0218119433478976
2017-08-21,1.0361672395833774,1.0131345524754074,1.0227340850745776
2017-08-22,1.0297286963880767,1.0087363402314569,1.0208105481277725
2017-08-23,1.0189201502950473,1.000319630375353,1.0185945765282192
2017-08-24,1.0114197595189902,0.9933283394654756,1.0182129305434393
2017-08-25,1.0249046994903346,1.0040770927916083,1.0207430354185452
2017-08-28,1.037841011517557,1.0164252637099498,1.0210696728743633
2017-08-29,1.0362059832996768,1.0138274944515124,1.0220732708183964
2017-08-30,1.048343963936844,1.020994347538209,1.0267872358594143
2017-08-31,1.0519090507440845,1.0236791533465623,1.027576899759299
2017-09-01,1.0620426673273187,1.0325498827761366,1.028563060287109
2017-09-04,1.0689921097997488,1.0385903235756846,1.0292721639456415
2017-09-05,1.0681320008425021,1.0397262659555528,1.0273203975094765
2017-09-06,1.0747208295742172,1.0453047206197477,1.028141180628199
2017-09-07,1.0658609185912886,1.0376284542956482,1.0272086450393314
2017-09-08,1.0703997304479076,1.0400933234329568,1.029138161290105
2017-09-11,1.0831448537737176,1.052030136833518,1.0295758798639087
2017-09-12,1.0858504313814583,1.051141008964318,1.033020709991459
2017-09-13,1.0940361173057762,1.0575279579788432,1.0345221694154618
2017-09-14,1.090174767717158,1.0555978163877242,1.0327558003556288
2017-09-15,1.078736635121961,1.047665205460237,1.0296577852350022
2017-09-18,1.0862044677964147,1.055165835153668,1.0294158810005694
2017-09-19,1.0816161577040606,1.0498769315096805,1.0302313778327716
2017-09-20,1.0919119098721353,1.0588078196495472,1.031265437984341
2017-09-21,1.0774590166236346,1.0460846991457686,1.0299921387852113
2017-09-22,1.0712317624959264,1.0397500167335028,1.0302781873101838
2017-09-25,1.0579207559521462,1.0267500023639098,1.030358659378107
2017-09-26,1.0653290609523243,1.0316354405981505,1.0326603943876123
2017-09-27,1.075650059220263,1.0415108502711499,1.0327785437283012
2017-09-28,1.0729826378816258,1.0390823890661842,1.0326251788810583
2017-09-29,1.0781028361985512,1.0446940501471988,1.031979492988062
2017-10-09,1.0925328008104578,1.0565771078685136,1.0340303539364766
2017-10-10,1.0958880649927556,1.0608661707692846,1.0330125469059637
2017-10-11,1.087081159566558,1.0546943933794444,1.030707251683912
2017-10-12,1.0842982080215913,1.0535284460982792,1.0292063892885543
2017-10-13,1.0940576704502232,1.0615527841681929,1.0306201319112929
2017-10-16,1.0773284074788214,1.0472174400101135,1.0287533097886692
2017-10-17,1.0731083778437036,1.0462254913749307,1.0256951170568822
2017-10-18,1.0605387841543277,1.0383941376825894,1.0213258585233917
2017-10-19,1.0499951334598248,1.0285788867198824,1.0208212000231098
2017-10-20,1.0656668985073496,1.0396566516063899,1.0250181123361939
2017-10-23,1.0704650568040432,1.0461970500044706,1.0231964014804562
2017-10-24,1.0682344872690568,1.044652877168496,1.0225736324629462
2017-10-25,1.0764319671389306,1.0517548809523896,1.0234627731550867
2017-10-26,1.081622898698812,1.055558206939858,1.0246928038525867
2017-10-27,1.0713094999098993,1.0490526529432833,1.0212161390604855
2017-10-30,1.043213963387263,1.0302179137599572,1.0126148550260348
2017-10-31,1.051538335707494,1.0378831609143497,1.013156755314456
2017-11-01,1.0511971688510586,1.0367345613800882,1.0139501546584093
2017-11-02,1.0414694602876737,1.0259731508995624,1.0151040106405556
2017-11-03,1.0305092165477898,1.0168049783417472,1.013477744993334
2017-11-06,1.0457889503323177,1.0301135294631376,1.0152171779331445
2017-11-07,1.051814370141161,1.036574783419336,1.014701869045622
2017-11-08,1.055280631342896,1.0381173182706245,1.0165331150633952
2017-11-09,1.0624225348752037,1.0459739118179028,1.0157256532610006
2017-11-10,1.0678640712554466,1.0506996465452405,1.0163361858611484
2017-11-13,1.07095492033755,1.055444292550319,1.0146958280003124
2017-11-14,1.0623282716817903,1.0464738694164357,1.015150308792895
2017-11-15,1.0495093177323243,1.034315555813993,1.0146896774711796
2017-11-16,1.0515289684771512,1.0375825162705856,1.0134412945359697
2017-11-17,1.0173459716755435,1.0065150840892942,1.0107607801983904
2017-11-20,1.0279422220320165,1.017784269822537,1.0099804570680293
2017-11-21,1.030695930741079,1.0214515686272028,1.0090502206837866
2017-11-22,1.0266402490120863,1.0187762929115691,1.0077190214919929
2017-11-23,0.9967446091414442,0.9926828990452709,1.0040916491057514
2017-11-24,0.9970934022612777,0.9932397393847239,1.0038798919573446
2017-11-27,0.9846731533884592,0.9800325199523288,1.0047351831104097
2017-11-28,1.00199150265561,0.996606467999475,1.0054033711691082
2017-11-29,1.0020509369314554,0.9996219233528891,1.0024299322792152
2017-11-30,0.9921979170615666,0.9909283196309709,1.0012812202511967
2017-12-01,1.0029783430907016,0.9993118230702548,1.0036690449725512
2017-12-04,0.9975371510065714,0.9934913189417517,1.0040723376114944
2017-12-05,0.9731671618574059,0.9702804803077386,1.0029751000955434
2017-12-06,0.9810340596853551,0.9765914863959043,1.0045490600228821
2017-12-07,0.9743550678486181,0.9706855092483222,1.0037803784699924
2017-12-08,0.9883940399085905,0.9813915260649152,1.007135290714964
2017-12-11,1.0034956519497948,0.9945275676173106,1.0090174316172753
2017-12-12,0.9960127070562654,0.9861488292243866,1.0100024231024407
2017-12-13,1.0045333239919054,0.9931464487114606,1.011465454359947
2017-12-14,1.0049715115847806,0.9941969180722496,1.0108374843219419
2017-12-15,0.9952797891236554,0.9865522946341332,1.0088464590645536
2017-12-18,0.9900614884532316,0.9808931319972191,1.0093469473451655
2017-12-19,0.9985255188488824,0.9890013795553748,1.009630056631255
2017-12-20,0.9908900344486686,0.9807935127467594,1.0102942378499562
2017-12-21,1.0010968971209513,0.9869857649451768,1.0142971992879333
2017-12-22,1.0018249134390955,0.9876787069212818,1.014322680461452
2017-12-25,0.9899505869688563,0.9786149186602863,1.0115833798283889
2017-12-26,0.9940709635847625,0.9840826604504651,1.0101498619330669
2017-12-27,0.9837943625841008,0.9766468056059876,1.0073184665501242
2017-12-28,0.9879037114735488,0.9815702897572572,1.0064523364066549
2017-12-29,0.9970801424077242,0.9889348922678858,1.0082363866453932
2018-01-02,1.0087681466511738,1.001814663670743,1.0069408876038533
2018-01-03,1.019435893478863,1.010677575446133,1.0086657884230428
2018-01-04,1.0255137251031043,1.015311508577195,1.0100483609608701
2018-01-05,1.0210079840112365,1.0152655705521325,1.0056560703186075
2018-01-08,1.0239486330904204,1.0198426209422744,1.0040261233094496
2018-01-09,1.025228682074863,1.0197745701239485,1.0053483506165992
2018-01-10,1.0184709573550186,1.0134762956440253,1.0049282471947893
2018-01-11,1.0230067919178993,1.0166404353346352,1.0062621516536165
2018-01-12,1.016626577328439,1.012436845452943,1.0041382649143133
2018-01-15,0.9906976781061704,0.9893399212084691,1.001372386647496
2018-01-16,0.9938375814673408,0.9968943810349962,0.9969336776033568
2018-01-17,0.9932837186089915,0.9915675059278292,1.0017308077068907
2018-01-18,0.9946634131281405,0.9946272613216197,1.0000363470899367
2018-01-19,0.9912578350575941,0.9923459209230131,0.9989035216022182
2018-01-22,1.0041374421635905,1.004252654968428,0.9998852750806606
2018-01-23,1.0030206646852768,1.0054171131726057,0.9976164634001834
2018-01-24,1.011063951010245,1.0116346796798097,0.9994358352070876
2018-01-25,1.010187063950237,1.009802668262163,1.0003806641635593
2018-01-26,1.0077451972411884,1.0099465875529992,0.9978202903609541
2018-01-29,0.9927757308619137,0.9982787014563695,0.9944875408175816
2018-01-30,0.993044327334387,0.9988419448268686,0.9941956607624377
2018-01-31,0.9715553907702488,0.9792082413859318,0.9921846546094716
2018-02-01,0.9388143462055787,0.9468386858329738,0.9915251248734775
2018-02-02,0.9444848449818147,0.950020247724337,0.9941733844559821
2018-02-05,0.9423901079287996,0.9489713418943847,0.9930648759609039
2018-02-06,0.8928436188601843,0.9024642660611288,0.989339581008637
2018-02-07,0.8962663651396477,0.9035828606940934,0.9919027951140801
2018-02-08,0.9076122156186736,0.9123080328481452,0.994852816087992
2018-02-09,0.8699480109167466,0.8788342522551515,0.9898886037775585
2018-02-12,0.8966063836572127,0.9016479540566146,0.9944084934960266
2018-02-13,0.9041810171925387,0.9076361282539034,0.9961932861046292
2018-02-14,0.90678205939307,0.910464927806942,0.995954958503736
2018-02-22,0.9310633921657099,0.9295923450721494,1.001582464723767
2018-02-23,0.9356305171369559,0.9330650215145568,1.0027495357378575
2018-02-26,0.9630137584167668,0.9539485817249009,1.0095027938250871
2018-02-27,0.9608334426200668,0.9509236707326164,1.010421206446376
2018-02-28,0.9606083966142511,0.9529993695992577,1.0079842938597043
2018-03-01,0.9752212135752832,0.9635265482696594,1.0121373565955454
2018-03-02,0.9691975669055121,0.9581664667456725,1.0115127178237677
2018-03-05,0.9730040447083272,0.9593941362679669,1.0141859408202167
2018-03-06,0.9891366907039341,0.9722850012943804,1.0173320470717118
2018-03-07,0.97801712882515,0.9629364270595371,1.015661160323599
2018-03-08,0.9850685809489186,0.9700589801058573,1.015472874485862
2018-03-09,0.9996186160427764,0.981999069475791,1.0179425287810009
2018-03-12,1.0164550596925277,0.9960479896753361,1.0204880389586883
2018-03-13,1.0094652698956723,0.9894617277060422,1.0202165901211824
2018-03-14,0.9976938719382897,0.979205039870409,1.018881471515228
2018-03-15,0.9948718318004011,0.9777479780381995,1.0175135660178605
2018-03-16,0.98798732813561,0.9724004792147564,1.0160292484979445
2018-03-19,0.9882998048342624,0.9735902517277205,1.0151085665457706
2018-03-20,0.9893053763964101,0.9767338421559039,1.0128709927903774
2018-03-21,0.981965252450748,0.9696935606131397,1.0126552266984725
2018-03-22,0.9781243813333271,0.965268470529566,1.013318482055783
2018-03-23,0.9220737863721682,0.9155781948202609,1.0070945240817826
2018-03-26,0.9420895287499369,0.9339003937045105,1.0087687456827623
2018-03-27,0.964786228741718,0.9547554380905451,1.010506136179998
2018-03-28,0.9538690973571315,0.9450351157857875,1.0093477812874696
2018-03-29,0.9663992024008847,0.9547680952449383,1.0121821280097996
2018-03-30,0.9802748697637396,0.9674058171834873,1.0133026413028188
2018-04-02,0.9826056422132547,0.968548088140552,1.014514048651617
2018-04-03,0.9723247294590976,0.9586996307610253,1.0142120621108999
2018-04-04,0.9663290488052788,0.9520517210044515,1.014996378333064
2018-04-09,0.9665700746604947,0.9533110334127289,1.013908410563864
2018-04-10,0.973944967779234,0.9593371790731975,1.0152269598475783
2018-04-11,0.9789753331322483,0.9629554127911272,1.0166362015606594
2018-04-12,0.9708698909468656,0.9573738310652586,1.0140969592479774
2018-04-13,0.9678530486318079,0.953554646407874,1.0149948430095719
2018-04-16,0.964331034766383,0.9512163488144979,1.0137872798004681
2018-04-17,0.9440331955475231,0.9319860363294585,1.0129263301685412
2018-04-18,0.9593429685446216,0.9446111011136141,1.0155956958515944
2018-04-19,0.9664793902462355,0.9500012619927474,1.0173453751197374
2018-04-20,0.9448278934194726,0.9304008394224799,1.0155062779241988
2018-04-23,0.9341249260080329,0.9213955718870906,1.0138152976955073
2018-04-24,0.9575632897789247,0.9424800830368896,1.0160037405707647
2018-04-25,0.959643092233417,0.9428328453752141,1.0178295091655543
2018-04-26,0.9385557870092582,0.925202099390082,1.014433265583789
2018-04-27,0.9408829803167825,0.9272588125251334,1.0146929504552753
2018-05-02,0.9385956696069571,0.9263632816248873,1.0132047418380115
2018-05-03,0.9498593012068691,0.9351107154799013,1.0157720208771202
2018-05-04,0.9504437702412676,0.9349018724324129,1.0166240952843726
2018-05-07,0.9707384546303369,0.9522811133143664,1.0193822402417818
2018-05-08,0.9756526958953251,0.955867704146313,1.0206984624160749
2018-05-09,0.9732369028692328,0.9538774038449014,1.0202955840512595
2018-05-10,0.9724715628416674,0.9556715182532178,1.0175793086511113
2018-05-11,0.9635119355074454,0.947882901070416,1.0164883599222858
2018-05-14,0.9557984532485327,0.944119110076964,1.0123706246880402
2018-05-15,0.967784150492677,0.9525073041087583,1.0160385608782423
2018-05-16,0.9657714449153961,0.9498968776959276,1.016711884828987
2018-05-17,0.96064248236036,0.9451047301349501,1.0164402438480984
2018-05-18,0.9645811244610526,0.9484856794349312,1.0169696236591683
2018-05-21,0.9809089738559564,0.960675635923357,1.0210615708112052
2018-05-22,0.9837705459500857,0.9639521264726693,1.0205595474434366
2018-05-23,0.9742188994143758,0.9514441775935757,1.0239370026714576
2018-05-24,0.969947756977682,0.9480854155407074,1.0230594639244674
2018-05-25,0.9591864612752499,0.9362482213906059,1.0245001692506008
2018-05-28,0.9519629957244229,0.9320493221014243,1.021365471923847
2018-05-29,0.9429075278735833,0.9232196911967036,1.0213251914626733
2018-05-30,0.9192537436710584,0.8990358896590975,1.0224883725383056
2018-05-31,0.9320937360966055,0.9104079706121724,1.0238198326293775
2018-06-01,0.9175599610292052,0.8994361535533213,1.0201501878752415
2018-06-04,0.9164565920077481,0.8991244897398503,1.0192766435189777
2018-06-05,0.9373344185088239,0.9143014602112303,1.0251918642810351
2018-06-06,0.937307045582059,0.9135389038859626,1.0260176568233632
2018-06-07,0.9299889696271378,0.9078054363073753,1.0244364402685195
2018-06-08,0.9194159007051874,0.8969333129528333,1.0250660639176599
2018-06-11,0.9105550915607123,0.8910890580463805,1.0218452166352587
2018-06-12,0.9239102133247816,0.9007382024711384,1.0257255779649088
2018-06-13,0.9083870529497997,0.8870800905269467,1.0240192093705949
2018-06-14,0.9057572407629442,0.8839016556972572,1.024726263295034
2018-06-15,0.8883246877546437,0.8676077285775988,1.0238782556847543
2018-06-19,0.8310701492400134,0.81346392141426,1.0216435263596495
2018-06-20,0.8457922127305564,0.8224312174864695,1.028404801213022
2018-06-21,0.8277263395998322,0.8051642530093689,1.0280217191785845
2018-06-22,0.8433247326441687,0.8163765560016915,1.0330094935288925
2018-06-25,0.8378903159316892,0.8108249791771198,1.033379998704575
2018-06-26,0.844258453598812,0.8164018703104778,1.034121165447282
2018-06-27,0.834653608238945,0.8083680021478447,1.032516880951818
2018-06-28,0.8244147309279526,0.7997629985066791,1.0308237971340302
2018-06-29,0.8507769531859233,0.8254956634727703,1.0306255875491792
2018-07-02,0.8376137289870034,0.8130003717480699,1.0302747183079524
2018-07-03,0.8466813958352143,0.8222318300778512,1.0297356108861027
2018-07-04,0.8343694819531824,0.8102411865441941,1.0297791519484454
2018-07-05,0.8134537406951166,0.7883166126119312,1.0318870967337583
2018-07-06,0.8166485724736469,0.7905109909144713,1.033064159587382
2018-07-09,0.8357519656167659,0.8080594653960472,1.0342703741576074
2018-07-10,0.8404388546711957,0.8126444078942227,1.0342024709786608
2018-07-11,0.8227168137420477,0.7967649653540181,1.0325715229917254
2018-07-12,0.8461570908517676,0.8183351389632705,1.033998236863865
2018-07-13,0.8511750454874519,0.8233487867261297,1.0337964410829674
2018-07-16,0.8494572291840752,0.8219264948415769,1.0334953727800256
2018-07-17,0.8507471655488915,0.8220847092714922,1.0348655752310478
2018-07-18,0.8459438627173578,0.8158259697855856,1.0369170559006446
2018-07-19,0.8357830452653346,0.8086575531680523,1.03354385548124
2018-07-20,0.8466931346168087,0.8187702472590002,1.0341034465422823
2018-07-23,0.855912026292433,0.8249008516701377,1.0375938205900848
2018-07-24,0.8750835151621369,0.8392408864207274,1.0427083919782252
2018-07-25,0.8767516041673962,0.8398768712020628,1.0439049272931602
2018-07-26,0.8765039526296252,0.8343110736922611,1.0505721190426476
2018-07-27,0.8685534586076057,0.830483996926843,1.0458400906238248
2018-07-30,0.8549619534446016,0.8203365328882384,1.0422087998866199
2018-07-31,0.8557629342570618,0.8209013397895742,1.042467459580982
2018-08-01,0.8397361929245944,0.8077145951657565,1.0396446937451547
2018-08-02,0.8155896280985883,0.7904128607409993,1.0318526792871086
2018-08-03,0.8038214506805131,0.779929982110974,1.0306328377130394
2018-08-06,0.7856654230455756,0.763397132588681,1.0291699948903172
2018-08-07,0.8108554063501427,0.7842206085425819,1.033963399478955
2018-08-08,0.7989630297893414,0.7721492570362055,1.0347261523711841
2018-08-09,0.821266013367705,0.7917988191470585,1.037215506651537
2018-08-10,0.8273904020939207,0.7958710724384583,1.0396035623695816
2018-08-13,0.8300071392980182,0.799789950800152,1.0377814055648427
2018-08-14,0.8265761689075241,0.7970370941734728,1.0370611041192295
2018-08-15,0.8082973177720164,0.7804140810395904,1.0357287719556298
2018-08-16,0.8010216618724825,0.7733832551356965,1.0357370120871527
2018-08-17,0.7847261400677935,0.759881719636734,1.0326951152910173
2018-08-20,0.7903497653072019,0.7645679193700552,1.0337208052861921
2018-08-21,0.8022053263305666,0.7739543906142289,1.036502067898235
2018-08-22,0.7917849267274234,0.7652592978153233,1.0346622758950148
2018-08-23,0.7968485957793173,0.7694755448514087,1.0355736463765
2018-08-24,0.794424359704076,0.7676751018658957,1.034844503583826
2018-08-27,0.8153616827053781,0.7847268947183113,1.0390387894097393
2018-08-28,0.8178675495336483,0.7869639350765414,1.0392694163984797
2018-08-29,0.8128800576014203,0.7818616872329296,1.039672452142101
2018-08-30,0.7995627410298676,0.7700213660211545,1.0383643575519974
2018-08-31,0.7895842668091982,0.7617470119250499,1.036543963347883
2018-09-03,0.792266074076791,0.7655519758972045,1.0348952115867487
2018-09-04,0.8004396331767447,0.7736854633102972,1.034580163561529
2018-09-05,0.7868328890541694,0.7617802183418697,1.0328870061325963
2018-09-06,0.782511464279416,0.7583502784090018,1.0318601925235706
2018-09-07,0.7853466417817223,0.7581019003674969,1.0359380993518394
2018-09-10,0.7699997793754884,0.7443535503578663,1.0344543651404523
2018-09-11,0.7705177818162573,0.7440403230135584,1.0355860535830346
2018-09-12,0.7671543015748369,0.7426274867678758,1.033027076487175
2018-09-13,0.7711848292321446,0.7469370989310736,1.032462881192769
2018-09-14,0.7612933637590098,0.7388479115583572,1.0303789884894055
2018-09-17,0.7496639670755226,0.728138693226241,1.029562051913362
2018-09-18,0.7657615292881865,0.740972601057885,1.0334545814445912
2018-09-19,0.7753110947738155,0.7494178267382983,1.0345511770759617
2018-09-20,0.7759215025932311,0.7488783341457489,1.0361115647421295
2018-09-21,0.7875524140702133,0.7602282278517108,1.0359420832027197
2018-09-25,0.7855399413548613,0.7582237068650693,1.036026616211636
2018-09-26,0.7906505477544086,0.761875146999819,1.0377691815619712
2018-09-27,0.78055311617566,0.752343118480123,1.0374961862514627
2018-09-28,0.7874895525528304,0.7595178636748531,1.0368282172359173
2018-10-08,0.7574339521647724,0.7351157634508885,1.0303601008487624
2018-10-09,0.7549731565766398,0.7332805505177188,1.0295829557235703
2018-10-10,0.753379233648663,0.7324894783681416,1.0285188468878217
2018-10-11,0.6996767811707824,0.681471839432233,1.0267141511727276
2018-10-12,0.6936448413209257,0.6768236856159409,1.024853083694429
2018-10-15,0.6799282050599537,0.6643426145764706,1.0234601697099006
2018-10-16,0.666223344121502,0.6486056022501147,1.027162487974616
2018-10-17,0.670609502147758,0.6539372424036415,1.0254951984120606
2018-10-18,0.6532476932924479,0.6357558357485544,1.0275134832593367
2018-10-19,0.6724794452043218,0.653084448012935,1.0296975333747385
2018-10-22,0.7095131862884057,0.6855410401158087,1.034968214548537
2018-10-23,0.6977655721848763,0.6729507452793098,1.0368746555073167
2018-10-24,0.6951118523176749,0.6716740106702792,1.0348946680607851
2018-10-25,0.6918720506180499,0.6699226327715023,1.0327641085295802
2018-10-26,0.6930488591588411,0.6698498169068166,1.0346331993627338
2018-10-29,0.6807870706917464,0.6585489882875908,1.0337683039525742
2018-10-30,0.6884626483745713,0.6651953345133278,1.0349781675457275
2018-10-31,0.7015217027003461,0.6759551070091675,1.0378229196378153
2018-11-01,0.7074522157805241,0.6801365840975961,1.040161979698784
2018-11-02,0.7342850933642768,0.7021228802709883,1.0458071001487308
2018-11-05,0.7374998203263566,0.7025785378291448,1.0497044538324682
2018-11-06,0.7382732250339946,0.702146631048938,1.0514516375747427
2018-11-07,0.7352864143533331,0.6985141021919289,1.0526436217193227
2018-11-08,0.732224868377782,0.6933233287214139,1.056108799523749
2018-11-09,0.73049769967166,0.6911527011968235,1.0569266363376797
2018-11-12,0.7523393110390195,0.7090429188470168,1.0610631472949585
2018-11-13,0.7704694885714127,0.7219923045990367,1.0671436297361896
2018-11-14,0.768788092987823,0.7191398287218977,1.0690384015500343
2018-11-15,0.78333985383117,0.7308947513684433,1.0717546573765027
2018-11-16,0.7900010092171947,0.7371107543448104,1.071753470642816
2018-11-19,0.7895774515901575,0.7389522958551767,1.0685093693042702
2018-11-20,0.7670073146680999,0.7178646576437041,1.068456716041294
2018-11-21,0.7726669012201806,0.7205889984460739,1.0722712987381307
2018-11-22,0.7723534038694023,0.7200605994770811,1.0726227826245416
2018-11-23,0.7376991912233696,0.6921256641004165,1.0658457408629498
2018-11-26,0.7366567154087132,0.6909707359889585,1.0661185445927261
2018-11-27,0.7407492127136523,0.6941649550347148,1.067108339798871
2018-11-28,0.7492466487254229,0.7027414428515708,1.0661768369389801
2018-11-29,0.7302978075752257,0.6875281389016973,1.0622078810357514
2018-11-30,0.7369988606981319,0.6924246707594944,1.0643740638093466
2018-12-03,0.7620507121210636,0.7143397890528872,1.0667902359624042
2018-12-04,0.7680567048704058,0.7176684717506092,1.070211016790085
2018-12-05,0.760796531755212,0.7123669109522286,1.0679840964795053
2018-12-06,0.7441804510597171,0.697873352364234,1.0663545878899163
2018-12-07,0.7431209098465678,0.6978528031018073,1.064867700672052
2018-12-10,0.7328507897711148,0.6896813442255348,1.0625933206792135
2018-12-11,0.7390422738553124,0.6954180133196451,1.0627309901384674
2018-12-12,0.7375462653029117,0.6950619750119483,1.0611230247349281
2018-12-13,0.7433136057286848,0.7029471588373856,1.057424582180632
2018-12-14,0.7203298233858122,0.6861674948044245,1.0497871566928783
2018-12-17,0.7187445765878818,0.6851470303449323,1.049036987325239
2018-12-18,0.7155980306181652,0.6814481631081328,1.050113668740807
2018-12-19,0.7061569974699798,0.6720552888329131,1.0507424153990181
2018-12-20,0.7105546799381327,0.6739316747447854,1.0543423117888266
2018-12-21,0.7041034446999156,0.6694036894413796,1.0518368150726702
2018-12-24,0.7088503997937118,0.6762984137086215,1.0481325779053432
2018-12-25,0.6997752464999168,0.6685129980413427,1.046763860314113
2018-12-26,0.7003992843628626,0.6658076429705627,1.051954407188788
2018-12-27,0.6879057713170361,0.6583496753328217,1.0448942212499348
2018-12-28,0.6906453692821684,0.6594206939560375,1.04735167642193
2019-01-02,0.6873574446997642,0.6537125406862366,1.0514674293661381
2019-01-03,0.6843045278606397,0.6506828646475924,1.0516713518055476
2019-01-04,0.7010127276511555,0.6661983767720667,1.0522582343231979
2019-01-07,0.7137121331997831,0.678450055501622,1.051974463576526
2019-01-08,0.7138589259745,0.6767066441647279,1.0549016063757284
2019-01-09,0.7159096141897889,0.6785213078354709,1.0551026267304549
2019-01-10,0.7148708428382962,0.6774280275112929,1.0552720197665264
2019-01-11,0.7194961197549531,0.6826520818524773,1.0539719117277049
2019-01-14,0.7142285302934066,0.678170034574134,1.0531702875104412
2019-01-15,0.7241195796854821,0.687790737628432,1.0528196151380511
2019-01-16,0.7224989765897247,0.6861327248567676,1.0530017741692013
2019-01-17,0.7168685472288098,0.6808880467993073,1.0528434896142447
2019-01-18,0.7223894652915074,0.6878619155084317,1.0501954665676683
2019-01-21,0.7276406977692345,0.6919469004080742,1.0515845902916972
2019-01-22,0.7186240907552831,0.6816031760225251,1.0543144692323654
2019-01-23,0.7210020409879009,0.6827786533964098,1.0559821069410313
2019-01-24,0.7257929497969898,0.6863368028578961,1.0574880245016716
2019-01-25,0.720219222600848,0.6832153252229762,1.0541613983348443
2019-01-28,0.7181011720579527,0.6814401965462498,1.0537992558958396
2019-01-29,0.7050366998618323,0.6730662231996855,1.0474997489996787
2019-01-30,0.6970442405848156,0.6663154926771289,1.0461174147162997
2019-01-31,0.6878902840422385,0.660754460213687,1.0410679389432738
2019-02-01,0.7102502625992083,0.6793914499730812,1.0454212554887905
2019-02-11,0.7312078812311558,0.6965729414311027,1.0497219138729332
2019-02-12,0.7400683067859626,0.7023649297352964,1.0536806088323283
2019-02-13,0.7530276295920887,0.71390311722632,1.054803672125395
2019-02-14,0.7580606116160051,0.7170292854537503,1.057224059037267
2019-02-15,0.7566479302652398,0.7123716015447386,1.062153416313186
2019-02-18,0.7847468876189254,0.7374113245347248,1.0641915326077578
2019-02-19,0.7911742621223322,0.7384049111545937,1.071463976160758
2019-02-20,0.7920766657861696,0.7384586668338403,1.0726079892625782
2019-02-21,0.7918008330989671,0.7371170829220068,1.0741859759377552
2019-02-22,0.8120833412550879,0.7558110298761705,1.0744528845896
2019-02-25,0.8579248107548912,0.7980606856946383,1.075011996121757
2019-02-26,0.858039843449147,0.7971414784702919,1.0763959304886737
2019-02-27,0.856213663585738,0.793872880029013,1.0785274130468427
2019-02-28,0.856415333907284,0.795045230341224,1.077190707174887
2019-03-01,0.8615284461672676,0.8016805573972541,1.0746530375693737
2019-03-04,0.876670748490335,0.8160806764042868,1.0742451988362383
2019-03-05,0.9038586564581554,0.8377616373414047,1.0788971661754605
2019-03-06,0.9198370652718603,0.8527503140277229,1.0786710366921732
2019-03-07,0.9344051335949318,0.8636018881198383,1.0819859780867784
2019-03-08,0.8990327252420067,0.8299160629638332,1.0832815092544914
2019-03-11,0.9371871606445906,0.8632474877968277,1.0856529256012908
2019-03-12,0.9552387656910546,0.878217178751556,1.0877022094341058
2019-03-13,0.9333593526528745,0.8582607178735917,1.0875009577105492
2019-03-14,0.9107261092902598,0.8382694870479708,1.0864359533083454
2019-03-15,0.9212472724345353,0.8478426885463693,1.086578070295114
2019-03-18,0.9452577307030723,0.870335270895491,1.0860845955725698
2019-03-19,0.9499934533470182,0.8736576250160164,1.0873749923828597
2019-03-20,0.9508829476943764,0.8726466906492438,1.089653989275918
2019-03-21,0.9678665031057353,0.8843050466531539,1.09449392691904
2019-03-22,0.971655635369563,0.889472218253418,1.0923957099835244
2019-03-25,0.9572793488258375,0.8780067721732308,1.090286976325242
2019-03-26,0.9297455020684894,0.8535176353993502,1.0893102421175787
2019-03-27,0.9379144114493062,0.861902702369471,1.088190591433198
2019-03-28,0.9256835825843208,0.8496003950223427,1.0895517328001916
2019-03-29,0.9570222149404201,0.877688779782563,1.0903890273925012
2019-04-01,0.9937771911957927,0.9109411346275244,1.0909345877789778
2019-04-02,0.9982809163008646,0.9137429818870905,1.0925182858742004
2019-04-03,1.005470605836824,0.9233130563238156,1.088981249588433
2019-04-04,1.007961603719585,0.9289326095128638,1.0850750564652525
2019-04-08,0.9994723869648733,0.9251467057261484,1.0803393459423136
2019-04-09,1.007411576553317,0.9267952628589425,1.0869839509598833
2019-04-10,1.0058891023620102,0.9256418982783214,1.0866935736519137
2019-04-11,0.983448057294404,0.9060888283562545,1.0853770916461776
2019-04-12,0.9796021922420528,0.9040637581071862,1.0835543217582566
2019-04-15,0.9701807923446372,0.8948259712002082,1.0842117054820808
2019-04-16,0.9919187973703946,0.9139740121816916,1.085281183217284
2019-04-17,1.0021408131020546,0.9188341361071456,1.0906656312834186
2019-04-18,0.9944710622279882,0.913682897630647,1.0884203532832235
2019-04-19,0.9999772104802235,0.9192217428469761,1.0878519989998656
2019-04-22,0.984910647495506,0.9054354213741658,1.0877756980180011
2019-04-23,0.9681952767589304,0.8904087732246678,1.0873604414886369
2019-04-24,0.9802723778051705,0.8985834336164634,1.0909085802527425
2019-04-25,0.9408392598938055,0.863570245233855,1.0894762355308178
2019-04-26,0.9314617419755529,0.8555980993123512,1.0886673810100487
2019-04-29,0.8977469749807155,0.8330644184383762,1.0776441234443672
2019-04-30,0.9058140596670516,0.8397028725560798,1.078731643384436
2019-05-06,0.8326433901252926,0.7766155200984811,1.0721436393901924
2019-05-07,0.8436207246969852,0.7868358000017716,1.072168710034655
2019-05-08,0.8432342748111087,0.7827761294109156,1.077235550662092
2019-05-09,0.8321136420185784,0.7733895837128925,1.075930759273694
2019-05-10,0.864529005889835,0.8012201347927375,1.0790155768033394
2019-05-13,0.8540305409500479,0.7919775828393998,1.078351912295517
2019-05-14,0.8482905430115856,0.7856033654331173,1.079794945307939
2019-05-15,0.8715222152577372,0.803156604961053,1.0851211455828087
2019-05-16,0.8739856877368909,0.8081876749246651,1.081414274003076
2019-05-17,0.8400054343147323,0.7819598174064011,1.0742309459082648
2019-05-20,0.8330119897166035,0.7789506906301835,1.0694027230949414
2019-05-21,0.849590276788908,0.7926056755127016,1.071895272815635
2019-05-22,0.8426480275303533,0.7873088053068314,1.0702890934922986
2019-05-23,0.8222983693891384,0.7709389352608137,1.0666193284309209
2019-05-24,0.818144379888199,0.7660091969861967,1.0680607793054235
2019-05-27,0.8425616830502475,0.7851824778226172,1.0730775416521623
2019-05-28,0.8419887725563273,0.7840022354023727,1.073962208952369
2019-05-29,0.8431960609013339,0.7842190450117439,1.075204773799783
2019-05-30,0.8389691612710283,0.7793999451572937,1.0764295872534513
2019-05-31,0.836966230190849,0.7771217318203608,1.0770078816742212
2019-06-03,0.8233576678532898,0.7679171513302028,1.072195960758334
2019-06-04,0.8109411260833815,0.7586761629077019,1.0688896867081852
2019-06-05,0.8085419353644866,0.7568425879592183,1.0683092471641593
2019-06-06,0.7887361188135324,0.7402242654178464,1.0655366970012823
2019-06-10,0.7978058617351037,0.7475778487587676,1.0671876688959305
2019-06-11,0.8307203636235984,0.7754558269406627,1.0712671628259807
2019-06-12,0.8268435166444111,0.7694470290270978,1.0745944625842359
2019-06-13,0.8355113804014482,0.771687270900851,1.0827072207969561
2019-06-14,0.8183871450231438,0.7586951486392916,1.0786771821210521
2019-06-17,0.8181913093229067,0.7598153068030928,1.0768292004611353
2019-06-18,0.8166469061112499,0.7589514932426792,1.0760198950555622
2019-06-19,0.8271381336053144,0.7687240076958466,1.0759884240958686
2019-06-20,0.8405214866272378,0.7838819924356367,1.072255128626713
2019-06-21,0.8550456532783329,0.7944155741370844,1.0763203556364143
2019-06-24,0.8563913352590258,0.7948727952260777,1.0773941948981296
2019-06-25,0.8447054864232523,0.7870873051049495,1.0732043077617928
2019-06-26,0.842294213939825,0.7851255206278475,1.072814717914482
2019-06-27,0.8520213341685238,0.7922275244117409,1.0754755520532842
2019-06-28,0.8424386037546014,0.7832096741758079,1.075623337570647
2019-07-01,0.8661941032576222,0.8069061752692743,1.0734756156359353
2019-07-02,0.8647703219675026,0.8043985696224264,1.0750520384110254
2019-07-03,0.8568519912908652,0.7974864231544314,1.0744408511703751
2019-07-04,0.8530133636779296,0.7950024938316836,1.0729694187079215
2019-07-05,0.8551536830864365,0.7977933219215426,1.071898773264656
2019-07-08,0.8250981853435646,0.770600393607719,1.0707212093166776
2019-07-09,0.8271711415474937,0.772315363574153,1.0710276922622346
2019-07-10,0.8193175822267322,0.7663414100620942,1.0691286826851045
2019-07-11,0.8203387345912,0.7664505594052735,1.0703087427162177
2019-07-12,0.8234626998191221,0.7691432573216602,1.0706233097415625
2019-07-15,0.8323746619917909,0.7792290735729848,1.0682027791585325
2019-07-16,0.834209509409584,0.7802938380728532,1.069096625791497
2019-07-17,0.8324668212445404,0.7798255233603035,1.0675039432633637
2019-07-18,0.8178321834056596,0.7663809450561107,1.0671353309101153
2019-07-19,0.8235381137250174,0.771851813907963,1.0669640193696786
2019-07-22,0.8025735020758518,0.7556955519557935,1.06203285172016
2019-07-23,0.8106681890862035,0.7631867260103543,1.0622147391426262
2019-07-24,0.819265184496312,0.7709563574615663,1.062660910137386
2019-07-25,0.8202914068828973,0.773900634934981,1.0599440934065312
2019-07-26,0.8198458278942189,0.7749242264561468,1.057969024459986
2019-07-29,0.8190961562020741,0.7747517913410014,1.0572368665122
2019-07-30,0.8244854236445296,0.7788494333950371,1.0585941111243586
2019-07-31,0.8189452645425479,0.7757295192909541,1.0557098114444512
2019-08-01,0.8119923135638392,0.770551328520983,1.0537809533368778
2019-08-02,0.8011220006424546,0.7609717984453878,1.052761747911146
2019-08-05,0.7905532990239992,0.7518051894184095,1.051540093299389
2019-08-06,0.7728361983072033,0.7357596403402561,1.0503922149763487
2019-08-07,0.7697641307301194,0.7319310000440012,1.0516894771280951
2019-08-08,0.774844926172798,0.7366361110550629,1.0518693212894623
2019-08-09,0.7658328453770141,0.7278160102430618,1.0522341286793846
2019-08-12,0.7826060205135772,0.7412162885068784,1.0558402893304937
2019-08-13,0.7792602147252178,0.7369984034861069,1.057343151680121
2019-08-14,0.7834085583941655,0.7410248676601431,1.0571960437277266
2019-08-15,0.787250918718039,0.7446177870692863,1.057255054054713
2019-08-16,0.789284335569885,0.7471664912409876,1.0563700926401862
2019-08-19,0.81548710824466,0.7712743498522341,1.0573242950461097
2019-08-20,0.8164726570496055,0.7708899446279266,1.0591299870225699
2019-08-21,0.8172653378764084,0.7724894366739847,1.0579631242534655
2019-08-22,0.818835762120549,0.7733105137248587,1.0588705928442712
2019-08-23,0.8159973112534133,0.7733089501940219,1.0552022074084115
2019-08-26,0.8112280357151074,0.7681766229952639,1.0560436381830756
2019-08-27,0.8272257946316443,0.7809377894160716,1.0592723336518053
2019-08-28,0.8277688540025944,0.7796831676003045,1.0616733673375136
2019-08-29,0.8286647222893991,0.7806308161951109,1.0615321674442872
2019-08-30,0.8170489898250484,0.7730858864613035,1.0568670365526656
2019-09-02,0.8367471685680818,0.7923572974711962,1.0560225434138812
2019-09-03,0.8438669051970236,0.7980338078550139,1.0574325259041364
2019-09-04,0.85306277380242,0.8058003122445522,1.058652821101817
2019-09-05,0.8622379051030504,0.8129418510224622,1.0606390900143559
2019-09-06,0.8664594400731724,0.8155095409257533,1.0624761533624507
2019-09-09,0.887677019761707,0.832725876785281,1.0659894744577454
2019-09-10,0.8871188259510504,0.8298543407227028,1.0690054656802508
2019-09-11,0.8821044757254937,0.8254213585310957,1.0686717354821909
2019-09-12,0.8864504345177769,0.8294271989888559,1.0687501393714087
2019-09-16,0.8877926216334623,0.8306501034647904,1.0687925251924006
2019-09-17,0.8685842799896294,0.8132646084594898,1.0680217372730971
2019-09-18,0.8694404979362554,0.8133578991327528,1.0689519323083982
2019-09-19,0.8773788028551761,0.8213680165174362,1.0681920712900694
2019-09-20,0.8782029678699202,0.8233946502973413,1.0665638494891687
2019-09-23,0.87180099326952,0.81817379747168,1.0655449929630585
2019-09-24,0.8720367087566021,0.8196388258657722,1.0639280146782735
2019-09-25,0.8547185136897396,0.8048099271402062,1.062012886355512
2019-09-26,0.832032840509351,0.7863358424032378,1.0581138435282966
2019-09-27,0.8395793924192849,0.7919348463298593,1.0601622043912189
2019-09-30,0.8290130972538381,0.7816940171641423,1.0605340184914829
2019-10-08,0.8285177500569542,0.7818300443469449,1.0597159268150242
2019-10-09,0.8348438151143878,0.7883466919670761,1.0589805521112703
2019-10-10,0.8458564011604432,0.7983786780853047,1.0594676741480635
2019-10-11,0.8449671495626695,0.7998279222633301,1.0564361733854024
2019-10-14,0.8605074298403921,0.8117900499726777,1.0600122899626006
2019-10-15,0.8482391549674926,0.8006948628854174,1.0593787899559424
2019-10-16,0.8441527480084998,0.7971130370998306,1.0590125976107676
2019-10-17,0.843231428742433,0.7957666881416372,1.0596465538305464
2019-10-18,0.8301983429210444,0.7850021505994377,1.0575746095562852
2019-10-21,0.8265121481485301,0.7832982742565601,1.0551691166854478
2019-10-22,0.8377456536292759,0.7919221891754661,1.057863594530064
2019-10-23,0.8311588912001998,0.7858533070054581,1.0576514519832987
2019-10-24,0.8285437451726472,0.7844389072289387,1.0562246945393243
2019-10-25,0.8344330256904063,0.7901850319619194,1.0559970031558625
2019-10-28,0.8553077694726235,0.8044080252612963,1.0632760273553878
2019-10-29,0.8402089835099743,0.7922639323440835,1.0605165137633301
2019-10-30,0.8283895962647547,0.7828014437197011,1.0582371850624455
2019-10-31,0.8230339629640915,0.7779792912574266,1.0579124305916219
2019-11-01,0.8300326711740551,0.7850875491646673,1.0572485477030038
2019-11-04,0.834540819890766,0.7891203419159001,1.0575583666549386
2019-11-05,0.8399475033222747,0.7950467938720596,1.056475555648163
2019-11-06,0.829921499794574,0.7870462065800957,1.0544762084564028
2019-11-07,0.8359708951225449,0.7921626751089375,1.055302050185062
2019-11-08,0.8311905679643593,0.7891915197958996,1.0532178148332378
2019-11-11,0.8114127391151653,0.771451550013739,1.0517999984583797
2019-11-12,0.8147961731408064,0.7723138000433158,1.0550066217839276
2019-11-13,0.8133245243452276,0.7713534942941161,1.0544121863212925
2019-11-14,0.8189132954443117,0.7771391540211131,1.0537537469410063
2019-11-15,0.811264309278971,0.7702302090686411,1.0532751114240873
2019-11-18,0.8162977918594495,0.7740303335405865,1.0546069791935961
2019-11-19,0.8333401318307635,0.7871062908365387,1.0587390058146877
2019-11-20,0.8279263879619435,0.7825451735701624,1.0579918143060558
2019-11-21,0.8270986824618166,0.7824565734894098,1.0570537848168657
2019-11-22,0.8174316014270104,0.7758687479892791,1.0535694388328496
2019-11-25,0.8133570269899904,0.7754605919870219,1.0488695820194596
2019-11-26,0.8123649176632369,0.7724008365932313,1.0517400799904257
2019-11-27,0.8135359084678679,0.7758972638135885,1.0485098303727518
2019-11-28,0.8110323985109212,0.7735241218187063,1.048490118968786
2019-11-29,0.8119062750104757,0.7744227053267766,1.0484019508026725
2019-12-02,0.8131134748569648,0.776080718098441,1.047717661185117
2019-12-03,0.816425952140891,0.7794079117191757,1.0474950791044229
2019-12-04,0.8153703625789684,0.7784934695411891,1.0473695599007566
2019-12-05,0.8238134819876565,0.7859181563082608,1.0482179033213885
2019-12-06,0.8323941767388334,0.7927069327478464,1.0500654685249375
2019-12-09,0.8373392900581745,0.7949360809980432,1.0533416586235387
2019-12-10,0.8414918070934474,0.7988042562883145,1.0534393131597506
2019-12-11,0.8379891933341322,0.7953600956702165,1.053597229602013
2019-12-12,0.8347921111860092,0.792942653634958,1.0527774074949903
2019-12-13,0.8457624830770502,0.8027025853875815,1.0536436514262344
2019-12-16,0.8599773770324411,0.8173131109729396,1.0522006382703362
2019-12-17,0.8721289693745009,0.8283909503132962,1.0527987649366075
2019-12-18,0.8741124353027981,0.828242191522251,1.0553826456199253
2019-12-19,0.8777693727964921,0.8292895338213665,1.0584594848939315
2019-12-20,0.8685971866214541,0.8202621534927138,1.058926323642908
2019-12-23,0.8524975418774717,0.804389039529706,1.0598075060494272
2019-12-24,0.864435758921,0.8166850182996376,1.0584689807592906
2019-12-25,0.8682803736065616,0.8200122119203722,1.0588627351940907
2019-12-26,0.8739560409978826,0.8257140366129764,1.0584245904100065
2019-12-27,0.868324899930615,0.8193935748859404,1.059716510532177
2019-12-30,0.8762748238287206,0.8293211767073496,1.0566169638978602
2019-12-31,0.8795987683760613,0.833390302937076,1.0554463680176445
2020-01-02,0.8940126006583436,0.8489707388182027,1.0530546693550837
2020-01-03,0.8961944587150436,0.8512647363712025,1.0527799642392905
2020-01-06,0.9044109619945352,0.8598412241880584,1.051834846425936
2020-01-07,0.9149080866302415,0.8701232263324782,1.051469560796037
2020-01-08,0.9032688302195324,0.8580930478048046,1.0526467176610947
2020-01-09,0.9144192827994586,0.8697593703705973,1.0513474346471623
2020-01-10,0.9118826236698706,0.8670207344291481,1.0517425794554498
2020-01-13,0.9234836246392637,0.8795825134413375,1.0499113051101534
2020-01-14,0.9203037224188723,0.8768455154845746,1.0495619880205251
2020-01-15,0.9176618772427096,0.8748995896773888,1.0488767946286146
2020-01-16,0.9156288842853654,0.8745262036227883,1.0469999417882576
2020-01-17,0.9119215606611046,0.8717385770484524,1.046095222433203
2020-01-20,0.9222773731217078,0.8839981478860409,1.043302381715625
2020-01-21,0.910943088615728,0.873936082412666,1.042345209160946
2020-01-22,0.9192754100674009,0.8820948841345453,1.042150256850582
2020-01-23,0.8844723527119092,0.8508059517513722,1.0395700111068042
2020-02-03,0.8078367744799878,0.7769477331743776,1.039756910261398
2020-02-04,0.8176003133861132,0.790485676605683,1.0343012373062335
2020-02-05,0.839657611547841,0.8106557455774953,1.03577581005077
2020-02-06,0.865544881312973,0.8357998528643009,1.035588697876334
2020-02-07,0.8751451016931588,0.8427847407431324,1.0383969469137426
2020-02-10,0.8862427007245712,0.8524971709398566,1.0395843305233625
2020-02-11,0.8813978546078198,0.8482018539157382,1.0391369112656754
2020-02-12,0.8975094701066809,0.8638122946981617,1.0390098353720398
2020-02-13,0.8860833254900407,0.8563590921067806,1.0347100108555323
2020-02-14,0.8860629725946122,0.857618404515058,1.03316692823965
2020-02-17,0.9149514105086846,0.8850897902255327,1.0337385207839114
2020-02-18,0.9270225577511834,0.895590091056311,1.0350969344220848
2020-02-19,0.9119941208328889,0.8864852042704621,1.028775343840532
2020-02-20,0.9258005346629864,0.9028518728009566,1.0254179700495445
2020-02-21,0.9381000675100647,0.9150846402527714,1.0251511458556837
2020-02-24,0.9506948176496731,0.9279691022481389,1.0244897328439901
2020-02-25,0.9562489840580114,0.9330713500917507,1.0248401517890156
2020-02-26,0.9305507009676443,0.9086550291825561,1.024096792602123
2020-02-27,0.9348593914199014,0.9102908547071077,1.026989765508189
2020-02-28,0.8887552298504053,0.8624421949620185,1.030509911321704
2020-03-02,0.9181845062547592,0.8948955855493692,1.0260241765424434
2020-03-03,0.9268338301522654,0.9033755811774391,1.0259673268390224
2020-03-04,0.9257931321254003,0.904402374214128,1.0236518152994232
2020-03-05,0.9376810938479668,0.9177884317927144,1.0216745617684417
2020-03-06,0.935078020594671,0.9118935482686886,1.0254245381711498
2020-03-09,0.8978394613066237,0.8742335255409066,1.0270018651493737
2020-03-10,0.9201155961250126,0.8978525201771769,1.0247959163086633
2020-03-11,0.9059809304769154,0.8843130132150346,1.0245025425817316
2020-03-12,0.8910049753483382,0.8691803427840311,1.025109441033148
2020-03-13,0.8834667517306214,0.8633771864024317,1.0232685848602279
2020-03-16,0.8432724543294585,0.8227033463059217,1.0250018528743023
2020-03-17,0.8446571376210569,0.8245938784491748,1.0243310794516391
2020-03-18,0.830423470586143,0.8099453814006371,1.0252832964490681
2020-03-19,0.8393410299885643,0.8160126255859589,1.0285882885523419
2020-03-20,0.8500221037061526,0.8257361494062394,1.0294112766134516
2020-03-23,0.8097267849700358,0.7908717198146762,1.023840864052868
2020-03-24,0.8225021041903446,0.8062385476019547,1.020172139668543
2020-03-25,0.8463105840322429,0.8254419077935213,1.025281823035258
2020-03-26,0.8351778423780647,0.8173242045964954,1.0218440096122976
2020-03-27,0.8267238007320822,0.8127725429689894,1.0171650209936103
2020-03-30,0.8034607118561726,0.795393302087036,1.0101426674677403
2020-03-31,0.8002258317886599,0.7976019010748061,1.00328977489938
2020-04-01,0.8002594128423298,0.7940849245920223,1.0077756019023782
2020-04-02,0.8296040935396835,0.814332500021031,1.0187535110268324
2020-04-03,0.8222073213727027,0.8079788318771751,1.0176099780516161
2020-04-07,0.8527889430456748,0.8332969378099631,1.0233914278947667
2020-04-08,0.8556248109781358,0.8340452734500008,1.025873340710717
2020-04-09,0.8653630888999323,0.842060155881044,1.0276737152994806
2020-04-10,0.8433328622118529,0.824032273063362,1.0234221277241247
2020-04-13,0.8361488378886222,0.8178099415097984,1.0224243989318196
2020-04-14,0.858836435857816,0.8367016378878941,1.0264548280624828
2020-04-15,0.8578317567959468,0.8335627380522211,1.0291148076033663
2020-04-16,0.8663767488578368,0.8411915772742707,1.0299398760805167
2020-04-17,0.8650468829144113,0.8414257346305455,1.0280727666289378
2020-04-20,0.8765536944748075,0.8514467015790671,1.0294874510044818
2020-04-21,0.8708332289981783,0.8454489972890586,1.030024557117596
2020-04-22,0.8807726288840632,0.852369035865087,1.033323116894021
2020-04-23,0.8746932590851908,0.8476497041687954,1.03190416369332
2020-04-24,0.8574495835440048,0.8343221673158151,1.0277200068920562
2020-04-27,0.8557333808771318,0.8330834041699643,1.0271881261753553
2020-04-28,0.8490888971351848,0.8270920284571525,1.0265954306427847
2020-04-29,0.8453673786880063,0.8269274854500405,1.022299286893252
2020-04-30,0.8671981669946409,0.84702794007269,1.0238129416607202
2020-05-06,0.8841658958044593,0.8624469600083783,1.025182923476094
2020-05-07,0.8849967830583977,0.8615657242472117,1.0271959040985048
2020-05-08,0.8944549070961553,0.8713667545246884,1.0264964809037969
2020-05-11,0.8941096864940647,0.8695457622767487,1.0282491448788156
2020-05-12,0.8949549811313563,0.8721198552110859,1.02618347212694
2020-05-13,0.901872931414684,0.8758883367970483,1.0296665608228743
2020-05-14,0.8943900541055727,0.868109249706966,1.0302736140727424
2020-05-15,0.8970002507966458,0.8714031624570313,1.029374564429443
2020-05-18,0.8940381295483513,0.8667976706964293,1.031426548285525
2020-05-19,0.9040835068352362,0.8777236241840671,1.0300320988576253
2020-05-20,0.8965287909830267,0.8685189692400598,1.0322500978504534
2020-05-21,0.8863387244483855,0.8584679973902413,1.032465656428512
2020-05-22,0.8696947916412248,0.8429730345281936,1.031699420999851
2020-05-25,0.8662946070743812,0.8411330565486641,1.0299138766807714
2020-05-26,0.8879629019794408,0.8575250393879453,1.0354950131989387
2020-05-27,0.8790898144172566,0.849502339302718,1.0348291861548309
2020-05-28,0.8756769442858655,0.8481844317149847,1.0324133661770853
2020-05-29,0.8864584393666588,0.8553307355392546,1.036392593571163
2020-06-01,0.9180321828814849,0.881140906962542,1.041867623699499
2020-06-02,0.9188098023284824,0.880659935095599,1.0433196353240959
2020-06-03,0.9222899587191159,0.881588672412665,1.046168113974358
2020-06-04,0.9234233456075189,0.8822910700276402,1.0466198480038909
2020-06-05,0.9236587972907597,0.88366273329462,1.045261684678067
2020-06-08,0.9220114511622101,0.8820616777177251,1.0452913605178407
2020-06-09,0.9300833102759769,0.8876116165576107,1.0478494117540762
2020-06-10,0.9311550969260872,0.8883805759139243,1.0481488701710509
2020-06-11,0.9265424069906171,0.8842449623967088,1.047834532728649
2020-06-12,0.9285930079765156,0.8846231134976691,1.0497046638370051
2020-06-15,0.9295941832440106,0.884488575391854,1.0509962582978232
2020-06-16,0.9506216315991053,0.9010467392229334,1.055019223996
2020-06-17,0.9579807061037264,0.9073940787895926,1.0557493469448394
2020-06-18,0.960596096572877,0.9072327372980035,1.0588199224752457
2020-06-19,0.9708201237539343,0.9155781948202583,1.0603355663625442
2020-06-22,0.9710614974286622,0.9150846402527715,1.0611712345651747
2020-06-23,0.9758412638706977,0.9182978450301176,1.0626631317409798
2020-06-24,0.9721112820770059,0.9158851680412188,1.0613899165503866
2020-06-29,0.966049540067895,0.9116688465512841,1.0596496126003707
2020-06-30,0.9832500058368788,0.9278029957101901,1.0597616200670343
2020-07-01,0.9901950140019089,0.9305669459604258,1.0640771395334077
2020-07-02,1.0054226095831729,0.9453420145528958,1.0635543476386082
2020-07-03,1.0175694343079795,0.9574022724357157,1.062844181181222
2020-07-06,1.056222355260242,0.9966935045493882,1.0597263355676902
2020-07-07,1.0733786132519123,1.00937709005915,1.0634069505074775
2020-07-08,1.0981540812264425,1.0339611554909798,1.062084465547432
2020-07-09,1.1251048209729346,1.059010334119836,1.06241155985322
2020-07-10,1.1279153712807304,1.0562717726322362,1.067826860950717
2020-07-13,1.1614791590728173,1.0915649819423323,1.0640494870090826
2020-07-14,1.1487007117130055,1.0770429819838776,1.0665319127720758
2020-07-15,1.125865652118381,1.0503231334289636,1.071923121832798
2020-07-16,1.073955952397403,0.9998798314871106,1.0740850235974055
2020-07-17,1.076112217994154,1.0037701195706454,1.0720703844566049
2020-07-20,1.1066837132540628,1.032602149378393,1.071742600884828
2020-07-21,1.113597019079311,1.038375151950997,1.0724418982744146
2020-07-22,1.1277814782738211,1.0474515973663858,1.0766907808526993
2020-07-23,1.1284509334549138,1.0473566687084366,1.0774275537353286
2020-07-24,1.0714242761910149,0.9941811338561803,1.0776952405395461
2020-07-27,1.0683910936633776,0.9965163043878829,1.0721260544950586
2020-07-28,1.0811706056476174,1.0061543551890844,1.0745573977508007
2020-07-29,1.1119162955207664,1.033146332563453,1.0762427939533683
2020-07-30,1.108982792203119,1.0301672851423815,1.0765074839761042
2020-07-31,1.1219624871623903,1.0409619020397272,1.077813208114481
2020-08-03,1.151847609289341,1.066297430173268,1.0802310656438248
2020-08-04,1.145227523859102,1.0596368632623008,1.08077357778333
2020-08-05,1.1565587032311764,1.071523048045289,1.0793596137208736
2020-08-06,1.1577278520712644,1.0711212206202285,1.0808560504486007
2020-08-07,1.1440820906911036,1.0582398856865345,1.0811179073531885
2020-08-10,1.1476448974910902,1.0640018690894313,1.0786117307042329
2020-08-11,1.1247273992190514,1.0443127719845617,1.0770024358523105
2020-08-12,1.1109327213197282,1.0328505274198976,1.075598735564267
2020-08-13,1.1156543245966402,1.036688697808872,1.0761710115627463
2020-08-14,1.1327628388995465,1.047905691393705,1.0809778477230927
2020-08-17,1.1575692958566495,1.0670473293441423,1.0848340687644533
2020-08-18,1.167327723500262,1.074143004550839,1.0867526191155419
2020-08-19,1.1405429709851371,1.054662750493458,1.0814290828527862
2020-08-20,1.1261529237392534,1.0431958153362835,1.0795220870170266
2020-08-21,1.135810125531686,1.0511299897946074,1.0805610500691976
2020-08-24,1.1449133741064077,1.0582525428409275,1.0818905013285725
2020-08-25,1.135400527921882,1.0524921229688675,1.078773420858625
2020-08-26,1.106845518544175,1.0324518270565104,1.0720553632993792
2020-08-27,1.117979356454944,1.0408226733414012,1.0741304787931292
2020-08-28,1.1382533655813813,1.058608506694775,1.075235423088821
2020-08-31,1.137332681602672,1.0550044936620755,1.0780358647144936
2020-09-01,1.147315674775762,1.0616540414033355,1.080686956420564
2020-09-02,1.1483782075877857,1.0627773266288105,1.0805445118315669
2020-09-03,1.1366236960272997,1.054026765712123,1.0783632190396726
2020-09-04,1.1280227493595971,1.047117820759651,1.0772643985194066
2020-09-07,1.102029474790851,1.0250049530423264,1.075145511755731
2020-09-08,1.1073646966042683,1.0323284570281015,1.0726864004041732
2020-09-09,1.0735796637316233,1.0045026709946163,1.0687673559579587
2020-09-10,1.0576728400850026,0.9865222152789842,1.072122678743628
2020-09-11,1.0741680486716527,0.9986093510014272,1.075663919624279
2020-09-14,1.0803512328535627,1.0048222269161207,1.0751665358450984
2020-09-15,1.0897721057854475,1.0106189802666743,1.0783214317802412
2020-09-16,1.0848087039445333,1.0052335844339009,1.0791608246509643
2020-09-17,1.08856884330329,1.0073187389394125,1.080659776516641
2020-09-18,1.107635041058534,1.0235272674938412,1.0821744336822947
2020-09-21,1.1072818950658077,1.0198077765407656,1.0857751044238535
2020-09-22,1.0898412754413316,1.005994577228332,1.0833470677784465
2020-09-23,1.0955088163024955,1.011275588764286,1.0832940382167606
2020-09-24,1.0686165176098015,0.9879571643179303,1.0816425612415665
2020-09-25,1.0673348325115946,0.9867310583264727,1.0816876832901443
2020-09-28,1.0570775492815394,0.977488506373135,1.0814219731377823
2020-09-29,1.066600302663584,0.9854464316094086,1.0823523922265736
2020-09-30,1.0614137550737983,0.9797081989844615,1.0833978486390443
2020-10-09,1.0904946736456824,1.0058869914159894,1.0841125125900979
2020-10-12,1.122883109733158,1.034872396153443,1.0850449909639541
2020-10-13,1.1259365393086929,1.0364893104002542,1.0862982647393609
2020-10-14,1.1194928031522398,1.029681622682928,1.0872222816168173
2020-10-15,1.1091993423453592,1.0220353612601254,1.0852847018695757
2020-10-16,1.1020130103436696,1.0170739056456761,1.083513208063352
2020-10-19,1.0897273477736253,1.005942385079922,1.0832900213137422
2020-10-20,1.1045031828703433,1.016192744338359,1.0869032366389146
2020-10-21,1.0902979131681583,1.004627679007712,1.085275606028558
2020-10-22,1.0860070676088387,0.9994273009906279,1.0866293791778485
2020-10-23,1.0660094786572458,0.9829925816418074,1.0844532284025812
2020-10-26,1.0690436593763182,0.9831697818033127,1.0873438943734592
2020-10-27,1.072889089362339,0.9842708797816749,1.0900343710263183
2020-10-28,1.079751905688354,0.9881723359426156,1.0926757068729118
2020-10-29,1.079530398062418,0.9896262707131515,1.0908465448117897
2020-10-30,1.0547136340832168,0.9668900753688847,1.0908309651237509
2020-11-02,1.063680762926001,0.9718958310237104,1.0944390632950987
2020-11-03,1.0779862379127056,0.9875031447444603,1.0916281569833988
2020-11-04,1.0761794713069162,0.9862991515462661,1.0911288624954616
2020-11-05,1.1017155326359394,1.0049393428211832,1.0963005284906795
2020-11-06,1.088116029436385,0.9969133667665836,1.09148504344526
2020-11-09,1.1087452053395521,1.015961714043758,1.0913257753842858
2020-11-10,1.1005417765029188,1.0082791191424618,1.091505075934654
2020-11-11,1.0853763917302277,0.9958628974057946,1.089885359277481
2020-11-12,1.0902993528545997,0.9991662657947302,1.0912091312324108
2020-11-13,1.0900805655115435,0.9978183533057001,1.0924639358458235
2020-11-16,1.1011300824294907,1.010538346747805,1.0896470044637447
2020-11-17,1.088794204898047,1.0025598722491047,1.0860141474199316
2020-11-18,1.0882716769082637,1.0032037491384735,1.0847962618190417
2020-11-19,1.094503354008843,1.0063030395262806,1.0876478665155207
2020-11-20,1.1085601363621198,1.0161737586067696,1.0909159255224392
2020-11-23,1.1156315499363683,1.0240746521944244,1.0894045151354468
2020-11-24,1.1145088249670545,1.024432254032958,1.0879282847445357
2020-11-25,1.0916639570063515,1.0046845617486329,1.0865738347828624
2020-11-26,1.0887676926796415,1.0021421861541282,1.086440335236212
2020-11-27,1.0896771602061448,1.004880747641728,1.0843845528570613
2020-11-30,1.0815405438161796,1.0000285158243074,1.0815097036754828
2020-12-01,1.099489609127899,1.0167480211469757,1.0813786565206036
2020-12-02,1.1000177526224626,1.0180706193272195,1.0804925824786074
2020-12-03,1.100945617118491,1.019004047236796,1.0804133900192974
2020-12-04,1.105705810742812,1.0227773683229675,1.0810816165748964
2020-12-07,1.0976350175113307,1.0164411223798646,1.0798805689220456
2020-12-08,1.099558747500033,1.0162781429035894,1.08194666507193
2020-12-09,1.0797078179439499,0.9978578882997171,1.0820256377225212
2020-12-10,1.0816905251788158,0.9998956157031785,1.0818034484710835
2020-12-11,1.0639058984836938,0.9823866762156191,1.0829807897864674
2020-12-14,1.075583266101359,0.9902322505931905,1.08619292641402
2020-12-15,1.0783704005325023,0.9912700627995863,1.087867414745608
2020-12-16,1.0745544183089886,0.9865016660165584,1.0892575809303826
2020-12-17,1.0902130920106954,0.998123688541975,1.0922625166859243
2020-12-18,1.0881220543137207,0.995437319202785,1.0931095643321511
2020-12-21,1.1056554393284663,1.0123150389553688,1.0922048935175532
2020-12-22,1.0759016207515888,0.9888146493011482,1.0880720886487574
2020-12-23,1.0843037562984337,0.9979179725561602,1.0865660165644646
2020-12-24,1.0713200497396183,0.9817206120791374,1.0912677563840925
2020-12-25,1.0877138727397138,0.9933141187802444,1.0950351476684828
2020-12-28,1.0785754477651466,0.9879318500091447,1.0917508609072202
2020-12-29,1.0681469572304276,0.9808710192039539,1.0889779964110922
2020-12-30,1.0854820754764805,0.9918507283708384,1.0944006435922429
2020-12-31,1.1031165433795527,1.007333034078493,1.0950862386724787
2021-01-04,1.1166762664151497,1.0256346092464663,1.088766171059274
2021-01-05,1.124390633602789,1.034643003843529,1.086742605348765
2021-01-06,1.1178543563402852,1.0328093544411963,1.0823433691158837
2021-01-07,1.1197144515814976,1.0343882972248275,1.0824894815472996
2021-01-08,1.122305051238407,1.0374702398657307,1.0817708384422242
2021-01-11,1.1073591390700048,1.0213012463053186,1.0842629861424444
2021-01-12,1.1216000983665273,1.0351967171213081,1.0834656638841467
2021-01-13,1.1121802227937103,1.0278685225430226,1.0820257634138792
2021-01-14,1.1025078551800458,1.0188474707915667,1.0821127664217307
2021-01-15,1.1037588913502026,1.0153051799999964,1.0871203191834464
2021-01-18,1.1190390764503164,1.0306450554938023,1.0857657255379378
2021-01-19,1.1142423134419257,1.0246189098333336,1.0874699878642395
2021-01-20,1.1247158858202142,1.0339611554909804,1.0877738296523707
2021-01-21,1.1394498776058426,1.047737946871071,1.087533272044462
2021-01-22,1.1378763468251225,1.0501601539526892,1.0835264912140106
2021-01-25,1.1393709699558996,1.0513467249501303,1.0837252287155263
2021-01-26,1.1216461676542018,1.033571985220313,1.085213399447079
2021-01-27,1.1274792000569618,1.0374006255165678,1.08683103935429
2021-01-28,1.1035849361929368,1.01481155097866,1.0874777047311552
2021-01-29,1.0855733238657967,1.0040153705504773,1.0812317776276703
2021-02-01,1.0913132384608277,1.0114733381882182,1.0789342608037709
2021-02-02,1.1039432380964596,1.021204754116532,1.0810204649424164
2021-02-03,1.0885005956661806,1.0124305168757441,1.0751360982531235
2021-02-04,1.0699974091559528,1.0012704804856807,1.0686397232413514
2021-02-05,1.0514621941530573,0.9872025001006962,1.065092718105765
2021-02-08,1.0626449947101944,1.0003797146317945,1.062241646014701
2021-02-09,1.0898596778081338,1.0216936180915086,1.066718689937554
2021-02-10,1.0995902627591896,1.032339476197809,1.0651440617277086
2021-02-18,1.119027023909016,1.046478634462793,1.0693262022339
2021-02-19,1.1411821794157304,1.060549741909451,1.0760289068206326
2021-02-22,1.1377018362697473,1.053205688661249,1.0802275837646709
2021-02-23,1.1356808779996763,1.0491191402307698,1.0825089681900817
2021-02-24,1.1256824582345342,1.0340829619885523,1.0885804133836952
2021-02-25,1.119247109216598,1.0282229228660327,1.0885257314599133
2021-02-26,1.10011130605461,1.0068963622519256,1.092576502704021
2021-03-01,1.1208876335829607,1.0265285021620254,1.091920615182336
2021-03-02,1.1135179140837435,1.0178095841313208,1.0940336301058784
2021-03-03,1.1288314788569016,1.032273063364169,1.0935396058655735
2021-03-04,1.1039949999853282,1.0128513300323942,1.0899872145599285
2021-03-05,1.1059402492623698,1.013090252435029,1.091650271635888
2021-03-08,1.0757108331804015,0.9898193295445727,1.086774930608143
2021-03-09,1.0436621260714698,0.9663394891527788,1.0800160169243236
2021-03-10,1.0379801139968345,0.9591030217169195,1.082240479379071
2021-03-11,1.0653915878406786,0.983082745253397,1.0837252438664924
2021-03-12,1.0656542781690845,0.9844354227887869,1.0825029793729022
2021-03-15,1.0581507160798584,0.9767607199955243,1.0833264426160658
2021-03-16,1.0653811510987266,0.9801416692955054,1.0869664911445798
2021-03-17,1.073269577090252,0.9849069390168597,1.0897167382753914
2021-03-18,1.084206410914712,0.9925800038254362,1.0923113570051226
2021-03-19,1.067691268759348,0.9819389107654954,1.0873296261648315
2021-03-22,1.0863234727979543,0.9976158388354082,1.0889196326975934
2021-03-23,1.0667986549312496,0.9839275730822208,1.0842247784452563
2021-03-24,1.0482955033967158,0.9718040294274347,1.0787108014095683
2021-03-25,1.0525809882187336,0.9741566221598902,1.0805048841991771
2021-03-26,1.0709612667835566,0.9890883416514389,1.082776150202537
2021-03-29,1.0751992804188264,0.9895867357191348,1.0865134319302256
2021-03-30,1.0826258705106144,0.993608434846811,1.0895900563460168
2021-03-31,1.0776014144777792,0.9894490705516459,1.0890923510363053
2021-04-01,1.089914957960954,0.9985603603685409,1.0914863049026866
2021-04-02,1.092894857120356,1.0009255358015403,1.0918842791288832
2021-04-06,1.101897434821579,1.0035343986835341,1.098016606373514
2021-04-07,1.1064775127363504,1.0043222693175882,1.1017156011965903
2021-04-08,1.1035668526953908,1.0056940070384175,1.0973187122245966
2021-04-09,1.1003989396911713,1.0022908704913236,1.0978838300220723
2021-04-12,1.0795904081985335,0.9850746090856454,1.095947858407008
2021-04-13,1.073467043830632,0.9824419954257019,1.0926518296538088
2021-04-14,1.0853263762228913,0.9931100407791152,1.0928561102568557
2021-04-15,1.0828163861698834,0.9929913613432164,1.0904590194069372
2021-04-16,1.0940471935813378,1.0029791218749182,1.090797574665544
2021-04-19,1.109865336277466,1.0165328495222905,1.091814530931328
2021-04-20,1.1098710272726433,1.0170517928524132,1.0912630360346844
2021-04-21,1.1054377623435512,1.0157417773727133,1.0883058932584646
2021-04-22,1.1117263380422702,1.0197302700835698,1.090216080327949
2021-04-23,1.1143902724904067,1.0224657045094958,1.089904793457116
2021-04-26,1.1101981437081385,1.0192841426181327,1.0891939718168127
2021-04-27,1.1087336758947717,1.0198584051583388,1.0871447156653422
2021-04-28,1.117992249380168,1.026734143693991,1.0888819235696672
2021-04-29,1.1170150748504137,1.0270806519089681,1.08756315560447
2021-04-30,1.1124172392487086,1.0260965953818189,1.0841252609699665
2021-05-06,1.1174063370043035,1.026672495906711,1.0883766161646908
2021-05-07,1.1100682243810118,1.0195672906072946,1.088764061585196
2021-05-10,1.1159333633356525,1.0245588255768903,1.0891842766639708
2021-05-11,1.1143136662746094,1.0214025035404644,1.0909642990026842
2021-05-12,1.124813762277256,1.030263777331168,1.0917725994317822
2021-05-13,1.1118667897046974,1.0187113691549143,1.0914443711637982
2021-05-14,1.1270958465124568,1.0324391699021183,1.0916825701404884
2021-05-17,1.1359279466295085,1.0407198525754193,1.0914829229196332
2021-05-18,1.1431094444714072,1.044114948106781,1.0948118754013874
2021-05-19,1.141820070074719,1.041708599695079,1.096103142864467
2021-05-20,1.1334129617822146,1.0360637321972443,1.093960657592478
2021-05-21,1.135207939262925,1.0327650544008193,1.0991928265054827
2021-05-24,1.1391658977336632,1.0353375838043197,1.1002845019378404
2021-05-25,1.1511943514386265,1.047290255874797,1.0992123195847352
2021-05-26,1.1545645091245471,1.04864136987935,1.101009880296239
2021-05-27,1.1673596262789958,1.057690863001266,1.103686972360277
2021-05-28,1.164642864532854,1.0549633951372226,1.1039651895991756
2021-05-31,1.1763015317344878,1.0645856617223572,1.1049383567982582
2021-06-01,1.1853688678870071,1.0662895380652349,1.1116763557840394
2021-06-02,1.1760925570992744,1.0570612067971272,1.112605920581278
2021-06-03,1.1742043445108776,1.0548937807880598,1.1131019690282813
2021-06-04,1.1771043671595656,1.058901184776657,1.1116281519770326
2021-06-07,1.1847186435883574,1.063400654255753,1.114084930122139
2021-06-08,1.1806713215782796,1.0575563993493002,1.1164145215373196
2021-06-09,1.186072362361838,1.0588758704678705,1.1201240820019491
2021-06-10,1.1988356774866216,1.070383978603748,1.1200052518073291
2021-06-11,1.1973369706242096,1.0640999248090548,1.125211028314905
2021-06-15,1.1839944613213818,1.054249829444842,1.1230682028612347
2021-06-16,1.16056102743156,1.0388450301943837,1.1171647297714862
2021-06-17,1.1709072654291997,1.0467364681431681,1.118626608573504
2021-06-18,1.184331043107515,1.0533164015352654,1.124382988227743
2021-06-21,1.197716145485986,1.0611350980732135,1.1287122136104757
2021-06-22,1.2041477896269062,1.0662943031115948,1.12928277503972
2021-06-23,1.214816710031771,1.0742300411007557,1.1308720325741004
2021-06-24,1.2092698435734155,1.0686801022608703,1.1315545606352335
2021-06-25,1.2210576923236183,1.077941639945798,1.132767904192862
2021-06-28,1.2215707944395708,1.0803321296875839,1.1307363364198297
2021-06-29,1.2148075387261943,1.0703492086560913,1.1349637379108095
2021-06-30,1.219903370380013,1.0771141598638778,1.1325664593752816
2021-07-01,1.2093355835297461,1.0626364599457994,1.1380520329515413
2021-07-02,1.1969339168510702,1.0533622651064787,1.136298457330896
2021-07-05,1.203593952090915,1.0617410034994028,1.1336040975378907
2021-07-06,1.2008700985375167,1.0615021555506174,1.131293132339055
2021-07-07,1.2087928814393811,1.0701450562011134,1.1295598427847258
2021-07-08,1.2030025148391,1.0676960457337212,1.1267275172986109
2021-07-09,1.214504367178157,1.0765383337928354,1.1281571023107397
2021-07-12,1.2309216814299062,1.0923338668447977,1.1268731280715656
2021-07-13,1.2396115654976507,1.1014260964762534,1.125460500221929
2021-07-14,1.2323686495316986,1.0914431754447609,1.1291184710825746
2021-07-15,1.2350348036899783,1.096768487021091,1.126067003478947
2021-07-16,1.2366737419613023,1.0956151224404698,1.128748331993288
2021-07-19,1.2325641717475915,1.0899543962727187,1.1308401305252318
2021-07-20,1.2374657349010625,1.0918196885610347,1.1333975269597696
2021-07-21,1.2494983242853752,1.1050158888237227,1.1307514551808413
2021-07-22,1.2563730024969608,1.1116622350494598,1.1301751223392622
2021-07-23,1.2457194874838833,1.1052073096704582,1.1271364897643699
2021-07-26,1.2224565247621526,1.0866114928897668,1.1250171130724151
2021-07-27,1.1959552459506588,1.0630462539327432,1.1250265372049602
2021-07-28,1.1750445154419273,1.047655675367515,1.1215941869734296
2021-07-29,1.196994332631894,1.0693160870422063,1.11940178132254
2021-07-30,1.1992367391247438,1.0706497788460065,1.1201017950214625
2021-08-02,1.2179359267606928,1.0872110697387596,1.1202387104588114
2021-08-03,1.210839538495782,1.0783529230097295,1.1228601626230832
2021-08-04,1.2336015123202193,1.0965991789676195,1.1249338281299637
2021-08-05,1.228487429283305,1.0935125457342056,1.1234324051202125
2021-08-06,1.2310006760836052,1.0977905150114202,1.1213438805041955
2021-08-09,1.2447794429721482,1.1042232531433092,1.1272896485640276
2021-08-10,1.2530499786675606,1.1105041798763287,1.1283613347651753
2021-08-11,1.2651078241075255,1.1190933248475778,1.1304757128095952
2021-08-12,1.2699729837013576,1.1225232647804457,1.1313556017475963
2021-08-13,1.2684630265375572,1.1215249875680664,1.131016286394219
2021-08-16,1.2694915741899462,1.1157662056806927,1.137775609017904
2021-08-17,1.2342544239936752,1.0907549240611667,1.131559800251208
2021-08-18,1.2406088786319953,1.0981290566645148,1.129747793397119
2021-08-19,1.2421949473671383,1.0990862353520408,1.1302069914188848
2021-08-20,1.239155107062309,1.0948082660748262,1.1318466853607199
2021-08-23,1.260118109394014,1.1113474441743156,1.1338651256180543
2021-08-24,1.2691218976717091,1.1218239942271442,1.1313021509635677
2021-08-25,1.2826128282781288,1.1316677610141606,1.1333828465067315
2021-08-26,1.2776605102653367,1.1262633049959478,1.1344243433998176
2021-08-27,1.2909422923976306,1.1359568239149316,1.1364360556843711
2021-08-30,1.3013429606884774,1.1433561963732166,1.138178080301137
2021-08-31,1.3002699617903317,1.1478588673678358,1.1327786008849599
2021-09-01,1.2887616971168498,1.1380118990652965,1.1324676817310708
2021-09-02,1.3061362166637052,1.1560335277596314,1.1298428508340668
2021-09-03,1.3009357364078176,1.1515514060274388,1.129724413168594
2021-09-06,1.3168891384579846,1.1636892448213043,1.1316501757822859
2021-09-07,1.3414780118033713,1.1863969243412615,1.1307160228422013
2021-09-08,1.3488976144798888,1.1935336980728117,1.1301713698221858
2021-09-09,1.3577992657750935,1.2051478284901946,1.1266661513850462
2021-09-10,1.362070318583252,1.2036005285925464,1.131663110995818
2021-09-13,1.3664650997704748,1.2100997540119243,1.1292169056642993
2021-09-14,1.3616814694984063,1.195523998374223,1.1389829659213355
2021-09-15,1.3702074094214485,1.2011705038567437,1.1407268202323961
2021-09-16,1.3386791921141832,1.1781716353318927,1.1362344432414342
2021-09-17,1.3301564346629184,1.1700429129651597,1.1368441447091833
2021-09-22,1.3397372193530601,1.179228507723728,1.1361133237349927
2021-09-23,1.349985044084841,1.1870155613756928,1.1372934677623558
2021-09-24,1.3261102348609664,1.167641255145968,1.1357171811261395
2021-09-27,1.2851610229251154,1.134450622542136,1.1328487969315577
2021-09-28,1.285862352646719,1.1389295427588055,1.1290095693997024
2021-09-29,1.2422472136331415,1.109078686476252,1.1200713067347732
2021-09-30,1.2648471644247972,1.1238538295225715,1.1254552248686305
2021-10-08,1.258330387092129,1.121912594307896,1.1215939579218188
2021-10-11,1.2585085364260182,1.1217749291404073,1.1218904111098178
2021-10-12,1.22710080792207,1.0998978567640438,1.115649785455773
2021-10-13,1.228956974623338,1.1045492120958589,1.1126321590428896
2021-10-14,1.2357828063471306,1.1087796798171743,1.114543158430625
2021-10-15,1.2402263378659797,1.1112841584023487,1.1160298907248045
2021-10-18,1.2585115079039717,1.1182358398643604,1.1254437239792157
2021-10-19,1.273593206794846,1.126506992444942,1.1305683988970825
2021-10-20,1.2735839246783076,1.1262569764187509,1.130811130447355
2021-10-21,1.275838925769822,1.123005800178225,1.1360929084848375
2021-10-22,1.2563345540209907,1.1115862921231003,1.1302177464076362
2021-10-25,1.2720292406732157,1.1239139137790148,1.13178529518883
2021-10-26,1.2693950335668907,1.1236670992683466,1.1296895979186645
2021-10-27,1.2568933591144826,1.115150770161783,1.1271062108777774
2021-10-28,1.2313881645598412,1.099595648589443,1.1198554360773083
2021-10-29,1.2408762555003583,1.1110214852217641,1.1168787210741244
2021-11-01,1.2497296265455407,1.1170745831757054,1.118752181248913
2021-11-02,1.2268634869178683,1.105104488904475,1.1101787199634823
2021-11-03,1.2395899541889508,1.1102858067361199,1.1164602363358522
2021-11-04,1.245008509523469,1.1191455169959867,1.1124634737985852
2021-11-05,1.2114714674332931,1.1061819105587367,1.0951828590483588
2021-11-08,1.2172742506836844,1.1117287223369485,1.0949382041015099
2021-11-09,1.2253604968077063,1.1203953737653938,1.0936857876247281
2021-11-10,1.2199064378370816,1.11732296121721,1.0918118397102636
2021-11-11,1.2302948471828672,1.1264247209413851,1.0922122218293246
2021-11-12,1.2387652935578999,1.1322388964926917,1.0940847354698662
2021-11-15,1.2298818593432348,1.1229994716010276,1.095175813030284
2021-11-16,1.2208051272260538,1.1147298825512828,1.0951578013069827
2021-11-17,1.2337456728209943,1.123999386798093,1.0976390977716923
2021-11-18,1.2317753357178258,1.1208589234315833,1.0989566215404385
2021-11-19,1.2463697570954757,1.1343383461372825,1.098763663716112
2021-11-22,1.264047623158037,1.1478161308582953,1.1012631633019725
2021-11-23,1.265756080301766,1.1488144080706746,1.101793354443982
2021-11-24,1.266628551051109,1.1479806738654073,1.1033535493121136
2021-11-25,1.2610729353615224,1.1444098672495275,1.1019416831771842
2021-11-26,1.2559256922961957,1.1422455683021338,1.0995233662084059
2021-11-29,1.2568049889322281,1.1425683257391612,1.099982347330663
2021-11-30,1.258881983165938,1.147450636911728,1.0971121045817869
2021-12-01,1.264722805115015,1.1506275082105808,1.099159194518017
2021-12-02,1.2526822012287167,1.1438482618637147,1.0951471825359727
2021-12-03,1.2659598545310125,1.1552282349248228,1.0958525910798878
2021-12-06,1.2559022723793867,1.1455047111045422,1.0963746025700711
2021-12-07,1.2525308374300084,1.1401841645745718,1.0985337951061227
2021-12-08,1.2697482333836363,1.1553974685244452,1.0989709324923727
2021-12-09,1.2728260873788277,1.158139231527568,1.0990268291835599
2021-12-10,1.2736707831037548,1.1559765705648604,1.1018136660688407
2021-12-13,1.2854622701732763,1.1633142952358655,1.1049999775964627
2021-12-14,1.2765446227952035,1.1587420098920835,1.1016642288770486
2021-12-15,1.2769197436858402,1.1571804893092053,1.103475002804545
2021-12-16,1.2920281431296903,1.1677393853194393,1.1064353565297032
2021-12-17,1.2789423218154632,1.1572279908651046,1.1051774861229973
2021-12-20,1.2581702183408647,1.138465993092615,1.1051451918410633
2021-12-21,1.277298012993887,1.1510435563208714,1.1096869497072448
2021-12-22,1.289572600577523,1.1553136334900527,1.1162099738076243
2021-12-23,1.298208739606656,1.1608082531198547,1.1183662212234586
2021-12-24,1.2825811626429025,1.151564063181831,1.1137731748063278
2021-12-27,1.2781139675456235,1.150613287525351,1.11081106172039
2021-12-28,1.2777943804365215,1.1527143007007785,1.1085091766968642
2021-12-29,1.270300495243661,1.1466612027468375,1.1078254781801673
2021-12-30,1.2829819234964734,1.1566584189174094,1.1092141832999394
2021-12-31,1.287268495837359,1.1643220280871156,1.1055948996792875
2022-01-04,1.2882781169818818,1.163540486030258,1.1072052347548307
2022-01-05,1.2621509365026604,1.142690132236734,1.104543481120372
2022-01-06,1.268479563083732,1.1438434968173552,1.1089625168243433
2022-01-07,1.2591245210964281,1.1352559153769428,1.1091107335726649
2022-01-10,1.2620415028072722,1.1377508638693976,1.1092424034864472
2022-01-11,1.250204876985077,1.128854820131037,1.1074983732983075
2022-01-12,1.2623891289075888,1.1386178789453343,1.10870306206407
2022-01-13,1.2440919345115615,1.1229282937210283,1.107899713158919
2022-01-14,1.2433716142617812,1.1202988815766077,1.1098570521751945
2022-01-17,1.2581461745600357,1.1324366459166237,1.111008001283515
2022-01-18,1.2620493439523572,1.1332751451682508,1.1136301270994415
2022-01-19,1.256467815845511,1.1262506478415535,1.115620060466573
2022-01-20,1.2425850871168411,1.1164464905024032,1.1129822142731403
2022-01-21,1.2277662047176081,1.1037629049926412,1.1123459568753977
2022-01-24,1.2299198385479442,1.1041789531029318,1.1138772706105826
2022-01-25,1.1819741807738908,1.0669540386708796,1.1078023400579593
2022-01-26,1.1882689234764592,1.073064019365741,1.10736069985723
2022-01-27,1.1569831164159667,1.0451148633038463,1.1070391944847855
2022-01-28,1.1530505390530132,1.0410979292225297,1.1075332172777324
2022-02-07,1.167791290350549,1.0562986504718594,1.105550300408776
2022-02-08,1.1796922986487208,1.0666740177433915,1.1059539081531449
2022-02-09,1.207360238940173,1.0826277652252694,1.11521270534656
2022-02-10,1.2058855190952864,1.0822259378002088,1.114264107868672
2022-02-11,1.181130329552046,1.0671217087396652,1.1068375049243746
2022-02-14,1.1702608599470719,1.0593188708716332,1.104729550398883
2022-02-15,1.182981589179435,1.0695359492594008,1.1060699642668297
2022-02-16,1.1841347499231298,1.07139491297052,1.105227153487252
2022-02-17,1.1804923183011244,1.0708823726714434,1.1023547949120183
2022-02-18,1.1944682731536047,1.081360486255109,1.1045976696357775
2022-02-21,1.2050035463314381,1.0864374197899342,1.1091329554576912
2022-02-22,1.1866487278770328,1.0734089640498814,1.1054954519849614
2022-02-23,1.2058867962182722,1.0896506245672803,1.1066728812247975
2022-02-24,1.1835235774271593,1.0702637356370117,1.1058242356709735
2022-02-25,1.1931024591171053,1.0788940535869636,1.1058569237177986
2022-02-28,1.1986440730188594,1.0842541351109505,1.1055010391048254
2022-03-01,1.201722891371112,1.0875338271757857,1.1049981723252358
2022-03-02,1.203509800012281,1.0877236844916842,1.1064480963055485
2022-03-03,1.2000781380841046,1.0852413931536227,1.1058167755625095
2022-03-04,1.1903033315060236,1.076425982934132,1.105792084525388
2022-03-07,1.1625124226777457,1.0535743096694894,1.1033986041691075
2022-03-08,1.1238652866392085,1.0172654009462605,1.104790633392022
2022-03-09,1.1082373949359277,0.9976031816810144,1.110900020455517
2022-03-10,1.124973973163438,1.0149001510594118,1.1084577847280097
2022-03-11,1.134450833433318,1.024264509510322,1.1075760439807425
2022-03-14,1.1046838760365103,1.000446201919283,1.1041911838110385
2022-03-15,1.0394098821213578,0.9437125176055403,1.10140520839824
2022-03-16,1.073288302090713,0.9739762949367107,1.1019655279807972
2022-03-17,1.0968670357888037,0.9915769615666964,1.1061844700947352
2022-03-18,1.1112783648830822,1.001813100139903,1.1092671524537783
2022-03-21,1.1153301430046738,1.006040440799545,1.108633507931621
2022-03-22,1.1157737678935062,1.0059091042092527,1.1092192756030559
2022-03-23,1.1225507929560934,1.0122358945134853,1.1089814133647466
2022-03-24,1.1118282904873906,1.0036958146289723,1.1077343098201429
2022-03-25,1.1005983818449676,0.9916908759562358,1.1098200140076089
2022-03-28,1.1023683341986728,0.9940703465283147,1.1089439877656317
2022-03-29,1.098815593023141,0.9892908561217304,1.1107103499680318
2022-03-30,1.1244445481919654,1.0090353468905326,1.1143757764850166
2022-03-31,1.113974762864327,1.000664500605642,1.1132350175209624
2022-04-01,1.118675884081016,1.0069232400915487,1.1109842732195823
2022-04-06,1.1172981454720632,1.0057224484088774,1.1109408438080568
2022-04-07,1.0919026977945239,0.9843104892295406,1.1093071848184815
2022-04-08,1.0859121521223958,0.9847107531237643,1.1027727164323065
2022-04-11,1.0515816883528901,0.9539818625955673,1.1023078420922763
2022-04-12,1.0703281482200757,0.9693312681820927,1.1041923265586955
2022-04-13,1.0548946373848425,0.9562664045096969,1.1031388663347583
2022-04-14,1.0748836787403604,0.9692647808946037,1.1089680548882355
2022-04-15,1.0639760097834057,0.9604462436134393,1.1077934000558547
2022-04-18,1.063643581494673,0.9609619854280389,1.1068529219924312
2022-04-19,1.0671165433301162,0.9638714929537968,1.1071149537371663
2022-04-20,1.045313110766212,0.9424373465273471,1.1091592609502765
2022-04-21,1.0104123446296078,0.9112512349101567,1.1088186286290496
2022-04-22,1.0056696047426488,0.9082737510199222,1.1072318269831738
2022-04-25,0.9382083368249501,0.8495371092503747,1.1043759320329376
2022-04-26,0.9172461173262978,0.8280665548915821,1.1076961289016096
2022-04-27,0.9471181135458416,0.860187732403035,1.1010597778463505
2022-04-28,0.9454289605615155,0.8572956470780302,1.102803873767323
2022-04-29,0.9868945604801026,0.8903834589158794,1.1083927386541232
2022-05-05,1.0007939299749427,0.8996861695795098,1.112381143352118
2022-05-06,0.980094169411284,0.8802375584081117,1.1134427974009204
2022-05-09,0.9925756146230748,0.8873173749448924,1.1186252435152861
2022-05-10,1.0078197788561667,0.900222460656536,1.1195230322526717
2022-05-11,1.01767082565164,0.9077737934213892,1.121062133569697
2022-05-12,1.0165918156746856,0.9086090911574933,1.1188439842480897
2022-05-13,1.0286326317932022,0.9171049454554794,1.121608423213041
2022-05-16,1.0279434537192522,0.9161999589163631,1.121964090606437
2022-05-17,1.0289482287070348,0.9201963437352529,1.1181833482736274
2022-05-18,1.0272537847338197,0.9172140947986587,1.1199716517214187
2022-05-19,1.0361004328784815,0.9236880059092502,1.1216995633266624
2022-05-20,1.053619050242671,0.9380976550090027,1.1231443172433468
2022-05-23,1.061904094937532,0.94383112258759,1.125099680996146
2022-05-24,1.019754245468628,0.9090173216135998,1.1218204771482887
2022-05-25,1.0383417410156321,0.9246119781799567,1.1230026925019354
2022-05-26,1.0498739775653911,0.9352609633479307,1.1225465604885112
2022-05-27,1.0474597280462044,0.9334194218375644,1.1221747732483816
2022-05-30,1.057492472128384,0.9402081982771501,1.1247428751059045
2022-05-31,1.0746046931580477,0.953404398539838,1.1271236998736642
2022-06-01,1.0792563913241628,0.952993041022058,1.1324913665336853
2022-06-02,1.0932094156756775,0.9616612559813401,1.1367926168140126
2022-06-06,1.114863976254383,0.9789075967421647,1.138885815131771
2022-06-07,1.112608494921416,0.9787700060285252,1.1367415103329088
2022-06-08,1.115646662647916,0.9837156029730583,1.1341150422704753
2022-06-09,1.0950497039514904,0.969929281500248,1.1289995310356142
2022-06-10,1.1166712448368517,0.9872389080330386,1.1311053846750148
2022-06-13,1.1162991891226204,0.986213752981036,1.131903895832292
2022-06-14,1.119409974641009,0.9928505691140533,1.1274707488357367
2022-06-15,1.122723025537867,0.9905549335763674,1.1334283314145042
2022-06-16,1.1295399644253956,0.9911498198328494,1.1396258585971237
2022-06-17,1.134704181873266,0.9992960388541847,1.1355035322408995
2022-06-20,1.1434761187646396,1.0015235491196952,1.141736626931754
2022-06-21,1.1387151853719244,0.9930768343622945,1.14665365857935
2022-06-22,1.1189983493145492,0.9776625050191168,1.1445650657254867
2022-06-23,1.144874355640156,0.9967899967381736,1.1485612409700772
2022-06-24,1.1587767402587237,1.0075181263480302,1.1501299182169193
2022-06-27,1.1690022887196656,1.0137610071640206,1.1531340034372892
2022-06-28,1.1884774204605042,1.0285709946118462,1.1554646462775302
2022-06-29,1.1747549419935261,1.0084705399891967,1.1648877140289202
2022-06-30,1.1858149471496435,1.0210924032578292,1.161319919104541
2022-07-01,1.1807151869351844,1.0186338626977174,1.1591163716158188
2022-07-04,1.1956937254564561,1.032016718760781,1.1585991813119214
2022-07-05,1.1918286030576517,1.0301815058276114,1.1569112785617122
2022-07-06,1.1753089489891184,1.0154712865379443,1.1574024441361708
2022-07-07,1.1818462843310393,1.0209199681426837,1.1576287282157112
2022-07-08,1.1755080778946023,1.0132389367722243,1.1601489394390063
2022-07-11,1.1649182310197654,0.9997437298504585,1.1652168413139372
2022-07-12,1.1515915635871137,0.9874572067193972,1.1662192100587485
2022-07-13,1.1581735009514806,0.9917304854041015,1.1678308955880876
2022-07-14,1.1649337344879616,0.9971000970208079,1.1683217542236897
2022-07-15,1.1475345084780484,0.9803884838061729,1.1704895839075573
2022-07-18,1.1717239635450565,0.9986710732425566,1.1732831709449834
2022-07-19,1.1780379075491043,1.0023652498868456,1.1752581283939063
2022-07-20,1.1898004111333216,1.0142308854074071,1.1731060730371958
2022-07-21,1.180386017399943,1.0042463263912285,1.1753949069862915
2022-07-22,1.1689837805045338,0.9950591681018236,1.1747882115738797
2022-07-25,1.1610803985622107,0.9858371654109126,1.1777608303885094
2022-07-26,1.1756317805947696,0.9979749297509287,1.1780173484800665
2022-07-27,1.183283569971907,1.00181466367074,1.1811401977649725
2022-07-28,1.1891136185203326,1.0043365644566673,1.1839792163333487
2022-07-29,1.1800485303720991,0.9957837529639115,1.1850449727259866
2022-08-01,1.1876844467418861,1.0041862421347854,1.182733239022479
2022-08-02,1.1513239036530898,0.9761484859921381,1.1794557079939605
2022-08-03,1.1402575006471944,0.9689199106643123,1.1768335938781662
2022-08-04,1.1477924403440447,0.9743654652073782,1.1779896571968047
2022-08-05,1.1634486721509467,0.992050041325606,1.172772162376318
2022-08-08,1.1779530173115933,1.000365493946564,1.1775226399147622
2022-08-09,1.180481533269676,1.0032781285339956,1.176624407226551
2022-08-10,1.174709536809829,1.0002057159858118,1.1744679299818086
2022-08-11,1.194187607344974,1.0187636357571728,1.1721930047664308
2022-08-12,1.1892858501393586,1.015835142499825,1.1707469060508147
2022-08-15,1.1956758378946417,1.0193094569269188,1.1730253553218706
2022-08-16,1.2067178921253516,1.022850109733803,1.1797602411553736
2022-08-17,1.211291736534673,1.0273290299504725,1.17906892652792
2022-08-18,1.2079927747645804,1.0234228831970213,1.1803456758666468
2022-08-19,1.1921681548045147,1.0112265236775495,1.1789328373913006
2022-08-22,1.2035935254593615,1.024035117200407,1.1753439947937003
2022-08-23,1.2028783096062352,1.0230416050343873,1.175786305939926
2022-08-24,1.1619168978311432,0.994276062514129,1.168605925091988
2022-08-25,1.166945049534251,1.0003069732209575,1.166586938584187
2022-08-26,1.162377322761769,0.9964577092084267,1.1665094384037098
2022-08-29,1.1653495674339065,0.9983609729599224,1.1672627426319553
2022-08-30,1.1617820677218187,0.994489596154128,1.1682194285537435
2022-08-31,1.1316482749336843,0.9738940234331549,1.1619829752568116
2022-09-01,1.1267052493486922,0.9693090809349796,1.1623797522477464
2022-09-02,1.1349271013267699,0.9728941082360893,1.1665474091362884
2022-09-05,1.140419707153801,0.9781498054632568,1.1658947338988555
2022-09-06,1.1660549373718099,0.9953819255388512,1.1714648492743773
2022-09-07,1.173605068402499,0.9969624318533195,1.1771808354110262
2022-09-08,1.1665370457685857,0.9923775638089936,1.1754971981542233
2022-09-09,1.1724422013331466,0.9994004231510047,1.173145592270773
2022-09-13,1.1719115259703803,0.9967820301762913,1.1756948766051847
2022-09-14,1.1635025364252591,0.9887988650850805,1.1766827183050481
2022-09-15,1.1323130663639571,0.9663078462667957,1.1717933065932362
2022-09-16,1.1071894163463267,0.9420545048338762,1.1752923112889002
2022-09-19,1.0973907284194528,0.9355125429049587,1.1730368948467855
2022-09-20,1.104929133004764,0.9426540816828687,1.1721469778523574
2022-09-21,1.1095122457437028,0.9458641593985413,1.173014364397973
2022-09-22,1.1076837224604683,0.9438564368963768,1.1735722501430348
2022-09-23,1.0879597203460283,0.9317867233746867,1.1676059478565266
2022-09-26,1.074992400839292,0.9186110723744254,1.1702367118879289
2022-09-27,1.0983793117195575,0.9366041852444508,1.1727251799893292
2022-09-28,1.0695827269580707,0.9127890047150855,1.1717743327680925
2022-09-29,1.0689296145454532,0.913162390769686,1.1705799815567024
2022-09-30,1.0557538238878403,0.9040147674742975,1.1678501965598223
2022-10-10,1.0410607943473027,0.891619095000057,1.1676071095664862
2022-10-11,1.0474078011762107,0.8993396613645328,1.1646409539939782
2022-10-12,1.074838059132705,0.920846549201819,1.167228198948418
2022-10-13,1.0800623083373422,0.9224112713002203,1.1709118718973357
2022-10-14,1.108965547579094,0.945050974455701,1.1734452188865252
2022-10-17,1.1182337291219329,0.9517209970055384,1.1749596075323592
2022-10-18,1.1239768157648584,0.9548963047735541,1.1770668816562238
2022-10-19,1.1113744735406934,0.9449370600661618,1.176135978265979
2022-10-20,1.1071144720692359,0.9411621754491536,1.1763269933164116
2022-10-21,1.1095343076402346,0.9424310179501507,1.1773108975695055
2022-10-24,1.0939143691420266,0.9329416514861449,1.1725431782356994
2022-10-25,1.0911563574086192,0.9286510250545371,1.1749907424530528
2022-10-26,1.107579486281304,0.9447598599046566,1.1723396952883656
2022-10-27,1.1083227682904444,0.9433992158073838,1.1748184116751836
2022-10-28,1.0744295447248708,0.9147318034605978,1.1745842231133838
2022-10-31,1.0731035827217916,0.9187360803875211,1.1680215957875069
2022-11-01,1.096437930302205,0.9399423980348925,1.1664948113783276
2022-11-02,1.114774508202306,0.9489049290607422,1.1748010512557323
2022-11-03,1.1171425110390416,0.9487340574764336,1.1775085992069925
2022-11-04,1.1426645359597571,0.970367516857652,1.1775585189208062
2022-11-07,1.1458844474342482,0.9716252657350926,1.1793481374399195
2022-11-08,1.1436016572260772,0.9704940884015842,1.1783705546415055
2022-11-09,1.1416777175010744,0.968369324448207,1.1789693133367494
2022-11-10,1.1349049777588092,0.9634442767661006,1.1779663911318607
2022-11-11,1.142330157874288,0.9711839033160156,1.176224352539112
2022-11-14,1.1424639915043682,0.9697426256998729,1.1781105225521469
2022-11-15,1.1615233633479567,0.9866503503537537,1.1772390927865215
2022-11-16,1.1567571246935135,0.981514896093322,1.17854260724692
2022-11-17,1.1558217957955594,0.9836175472534359,1.1750723632604676
2022-11-18,1.1517278060144749,0.9795736608786466,1.1757439506707554
2022-11-21,1.152772373976574,0.9792667621115354,1.1771791084698093
2022-11-22,1.1367265923059378,0.9690923457794582,1.172980673365703
2022-11-23,1.1347425034729763,0.9675419188201364,1.172809654445496
2022-11-24,1.1363375539886813,0.9682490814814715,1.1736004461269673
2022-11-25,1.1264219992782165,0.9631531622150563,1.1695149260452773
2022-11-28,1.1223451849959456,0.9579987222230347,1.1715518601022192
2022-11-29,1.141372547308988,0.975170758042186,1.1704335244839366
2022-11-30,1.1401422295432415,0.9739573092051217,1.1706285468238322
2022-12-01,1.1463722137361883,0.9786956266330032,1.1713265928039764
2022-12-02,1.1424378574123968,0.9758336206631447,1.170730166722513
2022-12-05,1.1440499442989223,0.9832868232545258,1.1634956527865346
2022-12-06,1.1421809192320338,0.98267458925114,1.1623185658056423
2022-12-07,1.1449955073181748,0.9815291912324017,1.1665424905809738
2022-12-08,1.1427501909940758,0.9787241424573127,1.1675917057945848
2022-12-09,1.1455237275219305,0.9796765560984789,1.1692876800930412
2022-12-12,1.1449688726065506,0.9737452646421103,1.1758402471177836
2022-12-13,1.1347348217680202,0.9685006610384994,1.1716407302719567
2022-12-14,1.1294831733006068,0.9645027126887727,1.171052355209985
2022-12-15,1.1317383171397177,0.9653712912955461,1.172334755906097
2022-12-16,1.1278580203973174,0.9607800946740236,1.1738981965274589
2022-12-19,1.0995208658979636,0.9392035180337254,1.1706950035705483
2022-12-20,1.0856821753894041,0.9299562754878773,1.16745507719686
2022-12-21,1.0800717308756675,0.9248634832831357,1.167817467548361
2022-12-22,1.0693652348540161,0.9142983331495544,1.1696020829112646
2022-12-23,1.0695429919239139,0.9118128402959699,1.1729852275130779
2022-12-26,1.0808884967896382,0.9244553272808786,1.169216580717729
2022-12-27,1.0853533266892543,0.931163395747745,1.1655884795790232
2022-12-28,1.082203111407195,0.9274359382327867,1.1668764027726968
2022-12-29,1.082922659146843,0.9266923676391089,1.168589163959292
2022-12-30,1.0833355707263168,0.9278109622720734,1.1676253189263752
2023-01-03,1.0989678182121478,0.9422759305819092,1.1662908735591628
2023-01-04,1.1006530071607374,0.9417301094121633,1.168756309435381
2023-01-05,1.109410557823415,0.9509078120626979,1.166685712063817
2023-01-06,1.106414297415481,0.9512811981172983,1.1630780673529657
2023-01-09,1.1116684068461071,0.9555844817032995,1.1633386980757503
2023-01-10,1.1118375012239843,0.9568944227291499,1.1619228567065139
2023-01-11,1.105449002828012,0.9514932426803098,1.1618043652249346
2023-01-12,1.1021304257656304,0.9516720063726519,1.1580990282213497
2023-01-13,1.1121855274879286,0.9583800748395183,1.1604848187960974
2023-01-16,1.123805711876516,0.9692157902617173,1.159500003165502
2023-01-17,1.1223251506726084,0.9702378182520465,1.1567526327664266
2023-01-18,1.1231475750704172,0.973215302142281,1.154058688347891
2023-01-19,1.1303265551646138,0.9815797453961256,1.1515381816568149
2023-01-20,1.139432028644077,0.9890313844566699,1.1520686264875515
2023-01-30,1.1428235919262302,0.9940783130901983,1.1496313488357284
2023-01-31,1.1428312945514518,0.9949990838453814,1.1485752229386403
2023-02-01,1.1557334172694427,1.0071431767625942,1.1475363621927952
2023-02-02,1.1601065207094667,1.0078123679607496,1.15111359771946
2023-02-03,1.15518646828141,1.0036277638106472,1.1510108726917971
2023-02-06,1.1489222919466362,0.9970842383508929,1.1522820718206044
2023-02-07,1.1531171018683382,0.9994431596605451,1.1537595617343437
2023-02-08,1.142412480857894,0.9916972045334334,1.1519771111943065
2023-02-09,1.1568695012940184,1.005347498823441,1.1507160485781323
2023-02-10,1.1546658090796411,1.0021342940460949,1.1522066612626374
2023-02-13,1.1665374291588149,1.0099782304389802,1.1550124487849478
2023-02-14,1.1702928305863467,1.012095102284324,1.1563071770083329
2023-02-15,1.1675398776249255,1.0100605019425362,1.1559108344297464
2023-02-16,1.1511022019944,0.9950512759937912,1.156827019637511
2023-02-17,1.143884171656812,0.9868133298300296,1.1591697609656697
2023-02-20,1.1639045580493377,1.0040042769269213,1.1592625497690534
2023-02-21,1.1688460550153466,1.0099133811361771,1.1573725795180239
2023-02-22,1.1669368718168043,1.0085923464867703,1.1569955650383383
2023-02-23,1.1635129863519558,1.0062587394859046,1.1562761551232759
2023-02-24,1.1605925056970208,1.0031768712988507,1.1569171288751485
2023-02-27,1.152051271488105,0.9978563247688803,1.154526200708242
2023-02-28,1.1632313403916044,1.0058189405976643,1.1565017255495353
2023-03-01,1.173997599420835,1.0128750808103448,1.1590744225651055
2023-03-02,1.1696459388774636,1.009725161804965,1.158380501072814
2023-03-03,1.1683554286641307,1.0110050234756691,1.1556376096406689
2023-03-06,1.168994143228012,1.01178023695533,1.1553834523846536
2023-03-07,1.1474883874845223,0.994231762473754,1.1541457744514716
2023-03-08,1.1517227666938414,0.9969561032761238,1.155239195496306
2023-03-09,1.1484106330052972,0.9944927976696522,1.1547701860650106
2023-03-10,1.1340521176086888,0.9816699834615645,1.1552274559825029
2023-03-13,1.143007935421377,0.9880141215127007,1.1568740876611892
2023-03-14,1.132469458693099,0.9792176970248,1.1565042810540809
2023-03-15,1.1376962034680012,0.9847930246273213,1.1552642789062642
2023-03-16,1.1189821751284474,0.9715335385926671,1.1517689618305609
2023-03-17,1.1281842763800616,0.9782336404976508,1.1532871388537889
2023-03-20,1.123810916264098,0.9746217353569178,1.1530739316546694
2023-03-21,1.1383582215496635,0.9863814230498229,1.1540750818582317
2023-03-22,1.1455027071685697,0.9919282348280348,1.1548241767381078
2023-03-23,1.1515234214080616,0.9976269324589655,1.1542625644335502
2023-03-24,1.1557339932620527,0.9983135458578739,1.1576863782499354
2023-03-27,1.1561107625579419,0.9985508302758225,1.157788594736432
2023-03-28,1.1541344264535685,0.9935388204976495,1.1616399909522195
2023-03-29,1.1506349065899464,0.9904743000574991,1.1617009209861877
2023-03-30,1.1570143646612654,0.9945292056019953,1.1633789718230716
2023-03-31,1.1681455253070743,1.0030155298072618,1.1646335381582213
2023-04-03,1.1780577809754786,1.0147213873670713,1.1609667398774568
2023-04-04,1.177203543806809,1.0139445359027242,1.1610137459429513
2023-04-06,1.1763213988458094,1.015202284780165,1.1587064139641232
2023-04-07,1.1856904451879202,1.0227361953442653,1.1593316542285887
2023-04-10,1.174487600020875,1.014200880506112,1.1580423785816236
2023-04-11,1.176889885505655,1.0158399075461866,1.1585387389913564
2023-04-12,1.1837845203954227,1.01940907617738,1.1612458119702291
2023-04-13,1.175520424455788,1.013272143189046,1.1601231044959965
2023-04-14,1.17916815138571,1.0174520567466376,1.1589422258933448
2023-04-17,1.1818850275175912,1.0219087897161945,1.1565464935924716
2023-04-18,1.1814892925879497,1.0204232120596757,1.1578424310861861
2023-04-19,1.179315109607229,1.0152212705117547,1.1616335707906884
2023-04-20,1.186200057162049,1.014397066399207,1.1693646368405708
2023-04-21,1.1531783803214024,0.988890592227508,1.1661334321361385
2023-04-24,1.1462786114474586,0.9822837809957875,1.1669525992635466
2023-04-25,1.1317112714791426,0.9679453097760348,1.1691892713866245
2023-04-26,1.1255108346775244,0.971742381640156,1.1582399367801888
2023-04-27,1.125110196444231,0.9742404571942843,1.154858831960681
2023-04-28,1.1452917542900416,0.9874192352562193,1.1598839817950852
2023-05-04,1.1465301685418863,0.9907654146085437,1.1572165839023418
2023-05-05,1.1379093375421083,0.9809864971243304,1.1599643225240943
2023-05-08,1.1441171980111493,0.9885804919448739,1.1573333758187783
2023-05-09,1.1283326660604307,0.9780437831817526,1.15366273520983
2023-05-10,1.1274913146751677,0.9767512643566552,1.1543279807452296
2023-05-11,1.1255395159861314,0.9736915089628646,1.155950838253698
2023-05-12,1.112785149446586,0.963752813517899,1.1546375106130045
2023-05-15,1.1198638127198324,0.9744698495041992,1.1492031418823354
2023-05-16,1.105712580526765,0.966787254602903,1.1436979286419366
2023-05-17,1.1096750172991543,0.9685623832796296,1.1456928706457772
2023-05-18,1.1205538820031844,0.9695321446676995,1.155767643358794
2023-05-19,1.1184829588096292,0.9677760761764123,1.1557249516113737
2023-05-22,1.1143249548215315,0.9674976187797611,1.1517598939695104
2023-05-23,1.0988183160801317,0.9575478297112392,1.147533608228734
2023-05-24,1.0919485223613172,0.9501690065153807,1.1492150500318823
2023-05-25,1.0889441945731333,0.9473845070027184,1.1494215775369532
2023-05-26,1.1014946877262892,0.9547870809765265,1.153654788248407
2023-05-29,1.1016770511419232,0.953233526955531,1.155726293703177
2023-05-30,1.1152279746583809,0.9589527738488883,1.1629644389913598
2023-05-31,1.1175519642293568,0.9568153527411178,1.167991254558944
2023-06-01,1.122818252259716,0.9573943803276838,1.1727855054626635
2023-06-02,1.1330394466984355,0.96589969026454,1.1730404907657848
2023-06-05,1.1337020132295206,0.9646166270783129,1.1752876546025786
2023-06-06,1.1113540506846278,0.9466298427854841,1.1740112137331717
2023-06-07,1.1172734913709623,0.9471978512023428,1.1795566152865855
2023-06-08,1.1126893156816595,0.9438976098750809,1.1788241691055
2023-06-09,1.1245469042971974,0.9507685833643731,1.182776675600592
2023-06-12,1.126411075216836,0.9536369179114282,1.1811739395364458
2023-06-13,1.1319331163603281,0.9562204664846355,1.1837574660179226
2023-06-14,1.1343981229406108,0.9562267950618321,1.1863274787936242
2023-06-15,1.145056574037245,0.9645691999762626,1.1871170819734074
2023-06-16,1.1554981284149182,0.9726694809725355,1.187965851729592
2023-06-19,1.1514821014965038,0.9700384308434288,1.1870479198389217
2023-06-20,1.1497400702635585,0.9692046966381614,1.186271666090365
2023-06-21,1.1253087354782274,0.9478053946132179,1.1872782555088173
2023-06-26,1.1051291964660448,0.9313801309032675,1.1865501096681894
2023-06-27,1.1178865632136143,0.941026148266352,1.187944208854442
2023-06-28,1.1151921582083724,0.9401259267735955,1.1862157254141306
2023-06-29,1.1152675230795501,0.9398522344233041,1.1866413487476373
2023-06-30,1.125394656157475,0.9490520498671022,1.1858092043687871
2023-07-03,1.131771161951674,0.9559467741343441,1.1839269639008376
2023-07-04,1.1350273782097777,0.9579955951613619,1.1847939426262155
2023-07-05,1.1287311812824703,0.9525469135566224,1.184961249906328
2023-07-06,1.1238984977614266,0.9474414641974876,1.1862458423364481
2023-07-07,1.1177091469604632,0.9431793535901892,1.1850441198759605
2023-07-10,1.1223715833502468,0.9467659444221359,1.1854794629683187
2023-07-11,1.1284660980720642,0.9538774038448996,1.183030537806463
2023-07-12,1.1155176654794852,0.9433660093905648,1.1824866005084644
2023-07-13,1.1291525550237589,0.9562236680001585,1.1808456460665349
2023-07-14,1.1312973099255375,0.9540814818460281,1.185744961464527
2023-07-17,1.1293243826858443,0.9512606488548723,1.1871871122234745
2023-07-18,1.1261583983281853,0.9495377123265555,1.186007026059949
2023-07-19,1.1240877983082327,0.948210349099952,1.1854835790130585
2023-07-20,1.1128043874225215,0.9374632337585056,1.1870378990342192
2023-07-21,1.1138093269774192,0.9374869845364553,1.1880797764121998
2023-07-24,1.1138218941093638,0.936075786275459,1.189884313257516
2023-07-25,1.1302138945760305,0.9518839764818144,1.1873441748156406
2023-07-26,1.124119610271324,0.9494966138017022,1.183911131363014
2023-07-27,1.116572950775227,0.9431113027718634,1.1839248957080133
2023-07-28,1.1269484004793366,0.9560938949407032,1.1787005506914463
2023-07-31,1.135722662744934,0.9632133209253497,1.1790977533967826
2023-08-01,1.136722185351841,0.9648966480058006,1.178076623751529
2023-08-02,1.1334101923247752,0.9615078065977859,1.1787841809992696
2023-08-03,1.1341871555041574,0.9648665686506542,1.1754860126310465
2023-08-04,1.1426295649080027,0.969592303377992,1.1784639388402331
2023-08-07,1.1361592615497789,0.9636072562423768,1.1790688106483083
2023-08-08,1.1320559083080146,0.9597105651277958,1.1795805417201686
2023-08-09,1.1227958497099093,0.9526940343629814,1.1785482108751384
2023-08-10,1.1240623180562512,0.9542697756310897,1.1779292887201338
2023-08-11,1.1020328661781966,0.9355441857909429,1.1779591845215716
2023-08-14,1.1039897763674715,0.9360900069606887,1.1793628477585423
2023-08-15,1.0961631561975245,0.9302330948998426,1.1783747129697073
2023-08-16,1.0871354233996107,0.9228669288583774,1.1779980291897987
2023-08-17,1.0952256209478775,0.9293756099166256,1.1784531563574498
2023-08-18,1.079484862812149,0.9140989457409365,1.1809278063844133
2023-08-21,1.0663418415784969,0.9034958241441754,1.1802399226234115
2023-08-22,1.0727180612055711,0.9082864081743162,1.1810350254626927
2023-08-23,1.0520111620492594,0.890636602003745,1.1811901281425619
2023-08-24,1.056303380507719,0.8943022628237245,1.1811480574503774
2023-08-25,1.0451857078643259,0.8829966691581389,1.183680238409982
2023-08-28,1.0579873170581922,0.8929527868038575,1.1848188758613343
2023-08-29,1.0807845390664632,0.9129155762590183,1.1838822418775512
2023-08-30,1.0789045223149873,0.9136796961151229,1.1808345166280747
2023-08-31,1.0710449828038324,0.9080237349937318,1.1795341261770278
2023-09-01,1.073717404103349,0.9098273050409185,1.1801331946781481
2023-09-04,1.0888433501212913,0.9223226712194682,1.180544926518671
2023-09-05,1.079445637927468,0.9158250093309269,1.1786592710719672
2023-09-06,1.0792027301978977,0.9160892460423481,1.1780541414062287
2023-09-07,1.0645290601228738,0.9022174515504588,1.1799029804771375
2023-09-08,1.0649743835723882,0.9031540809755583,1.179172420305112
2023-09-11,1.0777480663472427,0.9136132832814833,1.1796545497633595
2023-09-12,1.075920590832176,0.9130120684478046,1.1784297579563536
2023-09-13,1.0662939746599875,0.9042267375834602,1.179232962641263
2023-09-14,1.064383018270195,0.9021225973463589,1.1798651551364898
2023-09-15,1.0649410006370232,0.9025275518330931,1.1799540063614211
2023-09-18,1.0681817147201407,0.904905458874335,1.1804346014763958
2023-09-19,1.0623827494878688,0.8998760268954091,1.1805879007057352
2023-09-20,1.055166935998106,0.8940396640969897,1.1802238517726842
2023-09-21,1.0478495424157672,0.8878553040066057,1.1802030552581697
2023-09-22,1.0647589607722285,0.9016036540162362,1.1809612306130408
2023-09-25,1.0598094444735353,0.8965156268578545,1.1821427454510747
2023-09-26,1.0571220242996404,0.8933498491825583,1.1833236724301666
2023-09-27,1.062641045203674,0.8977322772104419,1.1836948188001657
2023-09-28,1.0657315124172373,0.9003300464688793,1.183712036043968
2023-10-09,1.0609183994211733,0.8951581842761047,1.1851742161963421
2023-10-10,1.0543869917312445,0.8907742671712338,1.1836747317360028
2023-10-11,1.0555130099355121,0.8906824655749581,1.1850609512719572
2023-10-12,1.0617046060835933,0.8973034974919087,1.1832168369467067
2023-10-13,1.0541976339633243,0.8912504739918169,1.1828298157774708
2023-10-16,1.0436445950111086,0.8829112705929093,1.1820492384362256
2023-10-17,1.0451052540036998,0.8852322204393817,1.1806001068114824
2023-10-18,1.029203531426981,0.8740404667094859,1.177523891201102
2023-10-19,1.0172427498001604,0.864457809572217,1.1767407715404297
2023-10-20,1.0072930847135377,0.858072498542378,1.1739020728722145
2023-10-23,0.9826227196930165,0.8369768937690226,1.1740141538055258
2023-10-24,0.9949840853558276,0.8467352619908093,1.175082850590705
2023-10-25,0.9974129421473951,0.8505306958702441,1.1726948209986288
2023-10-26,1.0014082476695536,0.854158385227044,1.172391754256875
2023-10-27,1.0223482422579564,0.8688876647021503,1.1766172818305707
2023-10-30,1.0343381303545522,0.8774878288431065,1.1787492616487223
2023-10-31,1.0323612573156287,0.8746163672343777,1.180358950496268
2023-11-01,1.0284321940380008,0.8717259198940591,1.1797655324542675
2023-11-02,1.0176042726799175,0.8637332247101287,1.178146496589185
2023-11-03,1.0276715413130593,0.8717875676813391,1.1788095855121208
2023-11-06,1.0459409151734664,0.8867699902443101,1.1794951641127411
2023-11-07,1.045754388137309,0.88772553094715,1.1780154469834294
2023-11-08,1.0476701658652379,0.8872383049568598,1.1808216124259634
2023-11-09,1.0452287726802318,0.8847132771092588,1.181432221855477
2023-11-10,1.0413673822276646,0.8817136059719115,1.1810721476615607
2023-11-13,1.0473217029547657,0.8868506982170292,1.1809447802886728
2023-11-14,1.0517753755446986,0.8908027085416934,1.1807051836051652
2023-11-15,1.0579972593757645,0.8961928694208265,1.1805463929427442
2023-11-16,1.045379964606243,0.8874502750660216,1.1779589166598345
2023-11-17,1.0488953797856133,0.8909403737091821,1.177290210139237
2023-11-20,1.0547038251082594,0.8954255480491989,1.1778799783031308
2023-11-21,1.0504470717445198,0.8924686878752406,1.1770128028193223
2023-11-22,1.0349845668801674,0.8816819630859283,1.1738751729225272
2023-11-23,1.0457572122905825,0.8896066819053822,1.1755276051330383
2023-11-24,1.0347686553124495,0.881289591299738,1.1741528159731904
2023-11-27,1.0356993659029856,0.8806710287191557,1.1760343330577168
2023-11-28,1.0422285981109343,0.8846246770285061,1.1781590828008854
2023-11-29,1.0346810076762682,0.8785857997597949,1.1776664361740763
2023-11-30,1.0317281151792725,0.8772758587339444,1.176058938482849
2023-12-01,1.033601722298442,0.8807279859139252,1.173576562604492
2023-12-04,1.0291915155720022,0.8794939878144341,1.170208699356286
2023-12-05,1.0094768603324462,0.863885036108998,1.1685314806229363
2023-12-06,1.0138216366347144,0.8672723139861758,1.1689772869319042
2023-12-07,1.011297130145274,0.8671647281738333,1.1662110984091454
2023-12-08,1.013373467347951,0.8698305482505966,1.1650240031073271
2023-12-11,1.025944725567233,0.8804084299924205,1.165305431680232
2023-12-12,1.025695905237815,0.8806188365707457,1.1647444531529894
2023-12-13,1.0139379137192543,0.8713366751695422,1.163658024060522
2023-12-14,1.011732865814457,0.8684604485144536,1.164972875327919
2023-12-15,1.0035834261070735,0.86220491054407,1.1639732200942705
2023-12-18,0.9895826592018415,0.8519972877951729,1.1614856917710579
2023-12-19,0.9889734586462926,0.8511429298736296,1.1619358205714367
2023-12-20,0.9742581294149413,0.8399765649063696,1.1598634653855369
2023-12-21,0.9811128999457898,0.8446389394078918,1.16157668581272
2023-12-22,0.9738765476793506,0.8403562795381667,1.158885310186011
2023-12-25,0.9744215290035603,0.8409384341864062,1.1587311144201617
2023-12-26,0.962154171387745,0.8319062888113937,1.1565655703389934
2023-12-27,0.9670417420627688,0.8362175389592776,1.156447571365592
2023-12-28,0.9821081875437074,0.8516064795398197,1.1532417978717195
2023-12-29,0.9901836666040669,0.8589520963188584,1.1527810117090547
2024-01-02,0.9884700255801776,0.8558243645605913,1.1549916858089113
2024-01-03,0.9863506203565928,0.8545491934823976,1.1542350374670505
2024-01-04,0.9792256818797794,0.8472588959134424,1.1557573329744288
2024-01-05,0.9649174539774341,0.8356384369188627,1.154706882004189
2024-01-08,0.9452914510135962,0.8175757841535239,1.1562126341502428
2024-01-09,0.946559949861865,0.8196245307266924,1.154870205046974
2024-01-10,0.9421509602685925,0.8160537985646621,1.1545206479348784
2024-01-11,0.9533541535298755,0.8264607342683281,1.1535383521564242
2024-01-12,0.9495376919866849,0.8236636520551219,1.1528221375527437
2024-01-15,0.9476118182393642,0.8216259246516604,1.1533372911049724
2024-01-16,0.946536399650129,0.8211671400318303,1.1526720365520704
2024-01-17,0.9242950215632233,0.800780335904496,1.1542429054769623
2024-01-18,0.9245851159766185,0.8016378208877131,1.1533701278624264
2024-01-19,0.9144531126956543,0.7939599165789274,1.1517623164604038
2024-01-22,0.8718171508920852,0.756391695447421,1.1526001093605183
2024-01-23,0.8865486375345155,0.7698029928809446,1.1516565221663493
2024-01-24,0.8993708311538142,0.7805548732687508,1.1522198655777967
2024-01-25,0.9246008439934791,0.8026218774148622,1.151975631378869
2024-01-26,0.9151340677515265,0.7953300163150702,1.1506343894721005
2024-01-29,0.8955316612942597,0.7796388675599274,1.1486493279857217
2024-01-30,0.8757965249687258,0.7617739642185206,1.1496803068967805
2024-01-31,0.8544454561857122,0.7431036935884572,1.1498334129649985
2024-02-01,0.8503699863857958,0.7402163733098122,1.1488127215876642
2024-02-02,0.8278800947556457,0.721941675981462,1.1467409657853083
2024-02-05,0.8066853230547313,0.7056525139081635,1.143176431962257
2024-02-06,0.8714215326331798,0.7603358136640516,1.1461008635563372
2024-02-07,0.9295220477505468,0.8083790957713992,1.149859085437565
2024-02-08,0.9391587475708213,0.814811833903288,1.1526081341649885
2024-02-19,0.9334460234583095,0.8134464992135049,1.1475198729859042
2024-02-20,0.9336214772461472,0.813345241978359,1.1478784519292589
2024-02-21,0.9354082921665092,0.8130414702729213,1.1505050189537218
2024-02-22,0.9437294890106029,0.8189426823741437,1.1523755072512498
2024-02-23,0.9488220308249723,0.8223236316741249,1.1538304315702517
2024-02-26,0.948894682997128,0.8219676678202775,1.1544185010505825
2024-02-27,0.9684395179539326,0.8397408440192581,1.1532599906879402
2024-02-28,0.9431182329530612,0.8201624597884047,1.1499163631512446
2024-02-29,0.9740057316630232,0.8459093454397257,1.1514303948926226
2024-03-01,0.9790213126936834,0.8510132312680236,1.1504184385416965
2024-03-04,0.9778598730583343,0.8525588931809858,1.146970468409329
2024-03-05,0.9681348761767608,0.8467067461664994,1.1434122623447047
2024-03-06,0.9666354223033795,0.846433053816208,1.1420104849937391
2024-03-07,0.9499537155748574,0.8349154155876111,1.1377843765242768
2024-03-08,0.9601852948705585,0.8463539838281751,1.134496101179212
2024-03-11,0.9810884825073305,0.8608221536535339,1.1397110057441688
2024-03-12,0.9841137207981777,0.858080390650411,1.1468782313650536
2024-03-13,0.9822218816889821,0.8567181830223014,1.1464935624734063
2024-03-14,0.9770788977857934,0.8532091731014004,1.1451809574832965
2024-03-15,0.984302757018581,0.8628946510046519,1.1406986424965968
2024-03-18,0.9960130024617682,0.8746495736511972,1.1387566317604696
2024-03-19,0.9886731939877494,0.86670274203848,1.1407292789479304
2024-03-20,0.9925682303961848,0.8691059633885083,1.1420566331478343
2024-03-21,0.9843838331472715,0.864742595546064,1.1383547407256571
2024-03-22,0.9664232304200714,0.8518865004673072,1.1344506925393634
2024-03-25,0.9505925189418608,0.8376761643223236,1.1347971440859679
2024-03-26,0.94824621268275,0.8360419023286089,1.1342089553664965
2024-03-27,0.9249229574902399,0.8158322983627799,1.1337170143255964
2024-03-28,0.9364829188997208,0.826452842160294,1.1331353358914167
2024-03-29,0.9466101250041208,0.8363171582097371,1.1318793542756942
2024-04-01,0.9670129022779015,0.8545206776580875,1.1316436542274342
2024-04-02,0.9617319272091213,0.8513581014983144,1.129644418155602
2024-04-03,0.9577500851380415,0.850309195668362,1.1263550835590206
2024-04-08,0.9403758771029728,0.8382837077331988,1.121787132957458
2024-04-09,0.9539432030916597,0.845293984374666,1.1285342386499657
2024-04-10,0.9395364849974535,0.8346259390212526,1.1256976821247937
2024-04-11,0.9422505555497434,0.8387931209706018,1.1233408238487064
2024-04-12,0.9353405065606495,0.8349027584332176,1.1202987379223825
2024-04-15,0.9447487160299483,0.8447908252606102,1.1183226519280698
2024-04-16,0.9151619895929929,0.8213490307858453,1.1142181402678344
2024-04-17,0.9442807850972348,0.84479559030697,1.1177624456516342
2024-04-18,0.9447478223120404,0.8463919552913544,1.1162060513522116
2024-04-19,0.9362332053782445,0.8408593641983726,1.1134242481449868
2024-04-22,0.9309623283453381,0.833377645782682,1.1170953925348064
2024-04-23,0.924606995374296,0.8239943016001819,1.1221036281182115
2024-04-24,0.9340782017483202,0.8326593894977906,1.1218010792044262
2024-04-25,0.9336971415383984,0.8320740333340282,1.1221322912784308
2024-04-26,0.9542056240526224,0.8499168238821716,1.1227047132613401
2024-04-29,0.9795975298405358,0.8667454785480193,1.130202065180158
2024-04-30,0.970404248850195,0.8608363743387635,1.1272807211423823
2024-05-06,0.9885233163590765,0.8746733244291467,1.1301628719547767
2024-05-07,0.9894058121263672,0.8744328384956752,1.131482909343255
2024-05-08,0.9760491137044165,0.8636240009130994,1.13017830985759
2024-05-09,0.9953095683179614,0.8791300573987035,1.1321528139568182
2024-05-10,0.9890483067202844,0.8757491825525717,1.1293739422484832
2024-05-13,0.9793866291194592,0.8709807113156944,1.1244642004069274
2024-05-14,0.9780084330299066,0.870265656546326,1.1238044678347539
2024-05-15,0.9684808738739344,0.8617097179918967,1.1239061758881566
2024-05-16,0.9654515062517561,0.8582307129722926,1.124932365690023
2024-05-17,0.979520730391645,0.8688654774550367,1.1273560243879464
2024-05-20,0.9850521163431691,0.8738664680635027,1.127234139703352
2024-05-21,0.9764147520295107,0.8668119658355085,1.1264435546737723
2024-05-22,0.9787733925946748,0.8651823944343042,1.131291388834422
2024-05-23,0.9593300895176929,0.8483647589381635,1.1307990807143105
2024-05-24,0.9497914167695909,0.8406347369348175,1.1298503083905245
2024-05-27,0.960538808122736,0.8497981444462727,1.1303140803497773
2024-05-28,0.9507577108479313,0.8410586771531414,1.1304297032712447
2024-05-29,0.9531844010926989,0.8429856916825869,1.1307242940151891
2024-05-30,0.9509615295164454,0.8398768712020602,1.1322630282167399
2024-05-31,0.9510459737840975,0.8398578854704704,1.1323891699264597
2024-06-03,0.9456944913513672,0.834404438819371,1.1333766305096178
2024-06-04,0.9588070452658957,0.8451436620527839,1.134490014321391
2024-06-05,0.9474757535791666,0.8350166728227566,1.1346788446465919
2024-06-06,0.9370142423884277,0.8272423507790342,1.132696169999056
2024-06-07,0.934240480732012,0.8241066524588843,1.133640261177994
2024-06-11,0.9415914991627623,0.8254497999015545,1.1407011053549945
2024-06-12,0.9446851683674953,0.827898884822796,1.141063462804031
2024-06-13,0.9408171281259862,0.8218300026527879,1.1447831365235137
2024-06-14,0.9410252585359012,0.8247568579254494,1.1409729418957575
2024-06-17,0.9398616944367828,0.8238139743770028,1.1408664136190934
2024-06-18,0.9426412255024472,0.8275730003240949,1.1390429909304547
2024-06-19,0.9304816616473625,0.8177529843150282,1.1378517467921672
2024-06-20,0.9185448088595648,0.8060059537765162,1.1396253396835982
2024-06-21,0.9198284191497926,0.8072336232988105,1.1394822918684389
2024-06-24,0.8984535877605472,0.7899224332351831,1.1373946984653507
2024-06-25,0.8910605087323877,0.7829169216400756,1.1381290710459673
2024-06-26,0.9035233322080931,0.7942763454387571,1.137542792753054
2024-06-27,0.8838979708397174,0.77966098035319,1.133695276682062
2024-06-28,0.8844531855470258,0.781991460292382,1.1310266549667103
2024-07-01,0.89626612745463,0.7915441125283539,1.1323009207809942
2024-07-02,0.8868614497411151,0.7830514597458907,1.1325710956836885
2024-07-03,0.8815119276693775,0.7769509346898996,1.1345786307872976
2024-07-04,0.8665057162151475,0.7648605974519335,1.1328936529111786
2024-07-05,0.8707469367818914,0.7698852643844997,1.1310087061843268
2024-07-08,0.8543408751278921,0.7568109450732335,1.1288696083078198
2024-07-09,0.8677961563883203,0.7715686659187998,1.124716690451563
2024-07-10,0.8636922385601429,0.7663889116179918,1.1269633804287764
2024-07-11,0.8809134334937658,0.7815089248946022,1.1271956153444693
2024-07-12,0.8802601607848334,0.7782861900245365,1.1310237443080957
2024-07-15,0.8720505506860057,0.7726760924743585,1.128610758349489
2024-07-16,0.8734340807975433,0.7749637614501617,1.1270644180356482
2024-07-17,0.867999040884825,0.7683538231567675,1.1296866296814494
2024-07-18,0.8757032300079346,0.771693599478046,1.1347809941669051
2024-07-19,0.8780122790095672,0.7708013445471723,1.139090227619386
2024-07-22,0.8767827037634164,0.7698409643441233,1.138914067154641
2024-07-23,0.8515879005147906,0.7471886784880989,1.1397227032908723
2024-07-24,0.8397468371943368,0.7385282811830006,1.1370544075159867
2024-07-25,0.8424635724856965,0.7381153601343837,1.1413711433024707
2024-07-26,0.852173403211931,0.7493371187655764,1.1372363411220872
2024-07-29,0.846862621386715,0.7449800795003287,1.1367587465623519
2024-07-30,0.8473383514651892,0.7434675495503371,1.1397112785590644
2024-07-31,0.880861127366028,0.7730732293069086,1.1394277980053138
2024-08-01,0.8746226814434085,0.7677826876782351,1.1391539500431511
2024-08-02,0.8640932355777633,0.7576019427689612,1.1405636480017287
2024-08-05,0.847188250699105,0.7426085010362832,1.140827568654122
2024-08-06,0.8603686353461197,0.7516153321025092,1.144692768492884
2024-08-07,0.8588228863395292,0.7517988608412111,1.1423572594650724
2024-08-08,0.8608833012176582,0.7524110948445967,1.1441661441681232
2024-08-09,0.853645824402969,0.7467947431710715,1.1430795840610526
2024-08-12,0.8517253398724466,0.7458217058136293,1.1419959130088406
2024-08-13,0.8536146614071617,0.7486188624806848,1.140252676213039
2024-08-14,0.8418013448716327,0.7383717047377711,1.1400780114814855
2024-08-15,0.8485167369069002,0.7433251937903377,1.1415148362995386
2024-08-16,0.8408401183424025,0.7388953386604041,1.137969174182126
2024-08-19,0.8409240629321779,0.7408856389618156,1.1350254596789644
2024-08-20,0.8253220368397178,0.7280786089697948,1.1335617152762103
2024-08-21,0.8216284570408123,0.7257228891756656,1.132151774865588
2024-08-22,0.8102029269983854,0.717219142769646,1.1296448723742494
2024-08-23,0.8103037081620597,0.7178077004489314,1.1288590351639853
2024-08-26,0.8130565530233622,0.7189578635140296,1.1308820645613489
2024-08-27,0.803474696259244,0.7111945606400142,1.1297537139994231
2024-08-28,0.8031420756899222,0.711941332749215,1.1281014863802452
2024-08-29,0.8182075938220589,0.7211000496681598,1.1346658403346201
2024-08-30,0.8325440130581763,0.7339481781850338,1.134336234905519
2024-09-02,0.8159282486400659,0.7193565638774163,1.1342473115726044
2024-09-03,0.8259652630036209,0.7272037017858245,1.1358100364110681
2024-09-04,0.8243442332338784,0.7249254884488916,1.1371433980031673
2024-09-05,0.828665526045699,0.7279330516942722,1.1383815092843645
2024-09-06,0.8144659913027543,0.7178646576437007,1.1345676133104745
2024-09-09,0.8088482493339046,0.7130772751290829,1.1343065857588648
2024-09-10,0.8087910434936277,0.713159546632639,1.1340955152497596
2024-09-11,0.8112101371773119,0.7143001796050176,1.135671193063233
2024-09-12,0.8073572737421789,0.7114002021719793,1.134884796598641
2024-09-13,0.7965883311949489,0.7041811569368731,1.1312264228427227
2024-09-18,0.7973135898622135,0.706065434956779,1.1292347003376821
2024-09-19,0.8083749052888313,0.7151656311501174,1.1303324294105357
2024-09-20,0.8024776083059482,0.7116849881458271,1.1275741678866453
2024-09-23,0.8013827468807485,0.7110996319820647,1.1269626798245354
2024-09-24,0.8367724986695972,0.7419361083226043,1.1278228533200823
2024-09-25,0.8435566103210572,0.7485619052859147,1.1269029379725903
2024-09-26,0.8813293986652281,0.7812636739147701,1.128081885913173
2024-09-27,0.9322974592175944,0.8229500863627389,1.1328724240593342
2024-09-30,1.0339738831958976,0.9086280768890819,1.1379506197254754
2024-10-08,1.1066419668863232,0.9738670711396809,1.1363378018226458
2024-10-09,1.0235011571223804,0.9074288487372476,1.127913398991729
2024-10-10,1.0220471120476338,0.9003474686696301,1.1351696401810618
2024-10-11,0.9812932743796193,0.8655304661801169,1.1337478144592685
2024-10-14,1.0039385106991265,0.8872588542192845,1.1315057673698963
2024-10-15,0.9784590290179717,0.8658072855920819,1.1301117988962786
2024-10-16,0.9755600956451319,0.8639926219213389,1.1291301232129625
2024-10-17,0.9661313416794679,0.8573320550103718,1.1269044893787155
2024-10-18,1.0037546218322047,0.8923009433526038,1.124905929227017
2024-10-21,1.0158280583877002,0.9024595754686141,1.125621674367207
2024-10-22,1.0287471579948348,0.9103098404386958,1.1301065991982047
2024-10-23,1.0364814727789853,0.9138743184773788,1.1341619430841259
2024-10-24,1.0242313741663533,0.9060145234145773,1.1304800835931876
2024-10-25,1.0452085900749217,0.9191442363897763,1.1371540490536092
2024-10-28,1.0572402343819993,0.9308564225267821,1.1357715419872725
2024-10-29,1.0407379891769373,0.919593565370736,1.1317369198395397
2024-10-30,1.0405975529985614,0.9236120629828893,1.1266608511346818
2024-10-31,1.0487581323023818,0.9336361569930844,1.1233049667657098
2024-11-01,1.0339646064151695,0.922645428656493,1.1206521750406042
2024-11-04,1.052449169042511,0.9380059278665748,1.1220069487580202
2024-11-05,1.0838927992649563,0.9669675818260787,1.1209194802767526
2024-11-06,1.0851188110105419,0.9691540680205852,1.1196556324907192
2024-11-07,1.1069119557353833,0.9871535094678072,1.121316943230177
2024-11-08,1.1074139961814184,0.9844465164123412,1.124910269597187
2024-11-11,1.1295516785896929,1.0015599570520366,1.1277923709274316
2024-11-12,1.1183476669450114,0.9910011354956519,1.1285029117405267
2024-11-13,1.1181330269831984,0.9903619491987936,1.129014526343396
2024-11-14,1.0842943494569797,0.9616422702497486,1.127544392547737
2024-11-15,1.05049281399138,0.937305019328587,1.1207587629733085
2024-11-18,1.0316270760555073,0.9228384130340651,1.1178848447192091
2024-11-19,1.0544796478135483,0.9392225037653127,1.122715483909482
2024-11-20,1.0667600999887448,0.9480490076083598,1.1252161981371165
2024-11-21,1.064104940700846,0.9469288494445585,1.1237432900317903
2024-11-22,1.0199367833354243,0.9097403429448493,1.1211295522345053
2024-11-25,1.018251412412768,0.9074304867219333,1.12212607721741
2024-11-26,1.0093275993328132,0.9002841828976634,1.1211211065423605
2024-11-27,1.0331062495578471,0.9183927736880646,1.1249067709985547
2024-11-28,1.0256580110804636,0.9109031631643406,1.1259791957659713
2024-11-29,1.0457328872609502,0.9258285540786926,1.1295102993464878
2024-12-02,1.0640618468184564,0.9403331318363943,1.1315796612849638
2024-12-03,1.0605145818957247,0.9385137775731408,1.1299936210186068
2024-12-04,1.0485231627439517,0.9301523869271204,1.1272595517470902
2024-12-05,1.055557132254347,0.9337469443209498,1.1304531047456134
2024-12-06,1.0673576678892778,0.9459622151181623,1.1283301286573606
2024-12-09,1.0595081799454484,0.940885281583337,1.1260758359005159
2024-12-10,1.0675437879375484,0.9480015060524605,1.1260992531360734
2024-12-11,1.074765109553942,0.9567062033979351,1.123401422230458
2024-12-12,1.08417057980377,0.9651355704084321,1.1233350143182101
2024-12-13,1.0595321613447637,0.9474003656726313,1.1183573489466847
2024-12-16,1.0445300274295706,0.9354255063550411,1.1166362477111234
2024-12-17,1.0278076428411949,0.9252305407605372,1.1108665327847258
2024-12-18,1.0358687006627536,0.9316316360064429,1.1118865661358774
2024-12-19,1.0384237456990533,0.9337358506973935,1.1121172491379332
2024-12-20,1.0449237024429,0.9361500912171291,1.1161924911894732
2024-12-23,1.0218134849551899,0.9205459790119022,1.1100080911243417
2024-12-24,1.0375907120108385,0.9326821798210814,1.1124804724047392
2024-12-25,1.0252270112024804,0.9239854490374896,1.1095705157158628
2024-12-26,1.0329683070919524,0.931384895949624,1.1090670587252285
2024-12-27,1.0351667899918633,0.9333007424016636,1.1091460051002078
2024-12-30,1.0309581004494406,0.9332548788304504,1.104690823305881
2024-12-31,1.004484901960349,0.9058609995771721,1.108873107937323
