datetime,port,bench,excess
2017-01-04,1.0024792001499518,1.0116932748592655,0.9908924226954109
2017-01-05,1.0022984083550661,1.0124226247677133,0.9900000097143522
2017-01-06,0.9990438216324602,1.0080465253170263,0.9910691585572057
2017-01-09,1.003600904305173,1.0149760939857742,0.9887926526072834
2017-01-10,1.0026941421378084,1.0115761589542032,0.9912196261865471
2017-01-11,0.9909087923308204,1.0017720016150526,0.9891560062901352
2017-01-12,0.9801587855117019,0.9924202258646864,0.9876449108619273
2017-01-13,0.9653061328794437,0.9800498676992322,0.9849561381459079
2017-01-16,0.9374245831880208,0.9541953962355685,0.9824241312484729
2017-01-17,0.9505784952692651,0.962237156506235,0.9878837964652071
2017-01-18,0.9481134920301435,0.9601045004448243,0.9875107257500353
2017-01-19,0.9426770215689023,0.9561635092898672,0.9858952076816013
2017-01-20,0.9578430514819406,0.9685544167177481,0.9889408740996646
2017-01-23,0.9684540285050532,0.9764917926915951,0.991768733494025
2017-01-24,0.9681129629344879,0.9753985868212665,0.9925306187796297
2017-01-25,0.9690306978396088,0.9776625050191199,0.9911709745078725
2017-01-26,0.9761256666222731,0.984645903820964,0.9913469023070856
2017-02-03,0.9751661302544862,0.9820164172226941,0.9930242643116073
2017-02-06,0.9843734913446706,0.9902685840716859,0.9940469759196272
2017-02-07,0.986387007292725,0.9897433866182161,0.9966088388456332
2017-02-08,0.9936416822345294,0.9953866905852141,0.9982469040753812
2017-02-09,1.0017318324995086,1.0016485571327944,1.0000831383084627
2017-02-10,1.006671685070314,1.0025867500887307,1.0040743955385623
2017-02-13,1.0120518915757624,1.0077348615035557,1.0042838947396993
2017-02-14,1.0127774204406157,1.0085639051163127,1.0041777375761005
2017-02-15,1.000450478359359,0.9985666889457406,1.0018864933453842
2017-02-16,1.0071177037643204,1.0061037265715147,1.0010078257002994
2017-02-17,0.9998856757281037,0.9978483582069999,1.0020417105508543
2017-02-20,1.0137097773673671,1.0101728528012408,1.0035013062925997
2017-02-21,1.0246566183149186,1.0179852207619922,1.0065535308537512
2017-02-22,1.0343411922241528,1.0242803681802417,1.0098223341542563
2017-02-23,1.0339496422640615,1.024242396717062,1.0094774885106432
2017-02-24,1.0357024851820886,1.024587266947353,1.010848483670749
2017-02-27,1.025652810693006,1.0163730715615409,1.0091302489126437
2017-02-28,1.0316610086446607,1.0206004122211827,1.010837342696547
2017-03-01,1.0361842785596915,1.0232377164736366,1.012652545813765
2017-03-02,1.0289623424375924,1.0180153001171384,1.0107533180682005
2017-03-03,1.030972367833676,1.0208962918185869,1.009869833102381
2017-03-06,1.0415387588708456,1.0310975859902876,1.0101262703185656
2017-03-07,1.0408123648175873,1.0320262488535041,1.0085134617204203
2017-03-08,1.0382299170246878,1.0278969639134852,1.0100525183690223
2017-03-09,1.0256351117815,1.0187667628188497,1.0067418267000054
2017-03-10,1.0257941812002733,1.0201178768234027,1.0055643612427874
2017-03-13,1.0362127113831459,1.0296072432874084,1.0064155221700335
2017-03-14,1.0343659999490502,1.0273258284349525,1.006852910069265
2017-03-15,1.033879593316655,1.026151989045754,1.007530662468517
2017-03-16,1.0458248839951774,1.0352141393220633,1.010249806556992
2017-03-17,1.0343962467661174,1.0257073506573045,1.008471125904718
2017-03-20,1.0375794352249792,1.0280947877912658,1.0092254600902024
2017-03-21,1.0398780311626996,1.0308808508347649,1.0087276626786201
2017-03-22,1.0339333672722293,1.0283241801011809,1.0054546876166002
2017-03-23,1.0372131913912541,1.030285964578283,1.0067235962161307
2017-03-24,1.043806827317533,1.0357330826521856,1.0077951982036464
2017-03-27,1.0407097849872529,1.0308935079891581,1.0095221057480925
2017-03-28,1.036737121862819,1.0281501070013492,1.0083519077642409
2017-03-29,1.0305868533557376,1.0252786453926204,1.0051773320228323
2017-03-30,1.012426210459998,1.0086983687682776,1.0036956951722569
2017-03-31,1.0178758810224495,1.01279757435315,1.005014137867128
2017-04-05,1.0426417609618062,1.0346809753067103,1.0076939518992665
2017-04-06,1.0501197990288194,1.0377945608335968,1.0118763757880196
2017-04-07,1.0512151582972786,1.0408131432486845,1.009994123456326
2017-04-10,1.0530903451041231,1.0388845651884024,1.013674069662537
2017-04-11,1.0653210568393594,1.0487932557320712,1.0157588743224246
2017-04-12,1.050316230900992,1.0404571793948372,1.009475691745324
2017-04-13,1.0617818309712221,1.0466621632014972,1.0144456046098747
2017-04-14,1.0454993743781051,1.0328125559567207,1.0122837569588146
2017-04-17,1.0327274609472494,1.0214911036212189,1.0109999561290326
2017-04-18,1.028860157017444,1.015417456404851,1.0132385951490215
2017-04-19,1.0204985937833526,1.0047288617890109,1.0156955100963878
2017-04-20,1.013933343332555,1.0042732786847037,1.0096189601504713
2017-04-21,1.002600812848198,0.996827968201356,1.0057912145635906
2017-04-24,0.9701747536866028,0.9711649175844277,0.9989804369166385
2017-04-25,0.979290943185224,0.974639157557672,1.004772828581204
2017-04-26,0.9926704386748092,0.97716098388975,1.015871954612147
2017-04-27,1.0011513746025946,0.9796765560984809,1.0219203147920946
2017-04-28,1.005475223235328,0.9827710814399281,1.0231021671518197
2017-05-02,1.0093909565165766,0.9834450376844431,1.0263826831575906
2017-05-03,1.007024854169544,0.9804960696185181,1.0270564924970556
2017-05-04,1.0032468282290625,0.9771467632045201,1.0267104860880347
2017-05-05,0.9893580875814245,0.963441149704429,1.0269003850260563
2017-05-08,0.9667975545327774,0.9453831875316007,1.02265152086858
2017-05-09,0.9760198383451633,0.9511514995116941,1.0261455076780472
2017-05-10,0.9516021681527769,0.9311918371182069,1.0219185029560982
2017-05-11,0.9581277046991747,0.9291034810971724,1.031238956900396
2017-05-12,0.9581045827670623,0.9277017384750463,1.0327722187327062
2017-05-15,0.9654104199567787,0.9324052859552712,1.035397840937477
2017-05-16,0.9915689471929493,0.9515834062919007,1.0420200064825247
2017-05-17,0.9981760746985057,0.9536274622725588,1.0467149009318424
2017-05-18,0.9882953025355653,0.9455034304983362,1.0452582937902988
2017-05-19,0.990163435765868,0.9452945874508478,1.0474654662267948
2017-05-22,0.9728849873269746,0.9316617153615931,1.0442470386897695
2017-05-23,0.9428132830830787,0.9120548897602796,1.033724278733798
2017-05-24,0.9512602620539219,0.9174925521953121,1.0368043422018116
2017-05-25,0.9608443463308954,0.9256482268555177,1.038023212765114
2017-05-26,0.9597545503941796,0.9234538485529776,1.0393097087613896
2017-05-31,0.9570134581750613,0.9214240132575496,1.0386243948556222
2017-06-01,0.9299761470357447,0.9033723796619179,1.02944939204781
2017-06-02,0.94397768366302,0.9132636480048335,1.0336310721720787
2017-06-05,0.9532940400125663,0.9201108707161763,1.0360643161085161
2017-06-06,0.9580713324551051,0.9241800713997519,1.036671707283216
2017-06-07,0.9812677086104946,0.9421367018835849,1.041534319434405
2017-06-08,0.9808019335021434,0.9427632310260501,1.040348097193708
2017-06-09,0.9828819837394435,0.9443912388964176,1.0407572023730385
2017-06-12,0.967300843751534,0.9338845350345932,1.0357820559858644
2017-06-13,0.9810880890464334,0.9460983167548183,1.0369832306769475
2017-06-14,0.9810110715476885,0.9439419099154578,1.0392705962547535
2017-06-15,0.9932267420234309,0.9526022327667066,1.0426458262004443
2017-06-16,0.9915486321691186,0.9513097139416092,1.0422984414411007
2017-06-19,1.000619729200914,0.9583357747991432,1.0441222747952126
2017-06-20,1.003351414511724,0.9598371366717289,1.0453350638118488
2017-06-21,1.008835010699053,0.9616232845181625,1.0490958641923347
2017-06-22,0.992524338049266,0.9480411155003302,1.0469211955279594
2017-06-23,0.9944509966059286,0.9508841357385989,1.045817212875772
2017-06-26,1.010962881022942,0.9669153896776728,1.0455546491611358
2017-06-27,1.0103466552991218,0.967157439141981,1.0446558279027005
2017-06-28,1.0047735943785008,0.9628921270191596,1.0434954925729782
2017-06-29,1.0101514605539779,0.9677618554911827,1.043801690283898
2017-06-30,1.0105392952479941,0.9711110874513313,1.040601130299255
2017-07-03,1.0185830083886633,0.977319198319665,1.0422214258554876
2017-07-04,1.0150231136728718,0.972485952233834,1.0437406435962684
2017-07-05,1.023772531941673,0.9799391548252152,1.0447307130250103
2017-07-06,1.0213913900827534,0.9811558051778027,1.0410083543231539
2017-07-07,1.0213844297441734,0.985009759782844,1.0369282330454763
2017-07-10,1.016085386055514,0.9819325821883005,1.034781210529853
2017-07-11,1.0089844109653028,0.9696603541963186,1.0405544648688634
2017-07-12,1.0077072054077665,0.970293137462131,1.0385595512336556
2017-07-13,1.0097656695603827,0.9729732526779737,1.0378144175917918
2017-07-14,1.0066845436326608,0.9696207447484527,1.038225047354802
2017-07-17,0.9593720636790809,0.9297078229925242,1.0319070571989748
2017-07-18,0.9700938208084281,0.939512054785524,1.0325506904005457
2017-07-19,0.9902354778271958,0.9586442370970912,1.0329540819290453
2017-07-20,0.9989772141974759,0.9649599337777675,1.0352525314564436
2017-07-21,1.0013755404441873,0.9692046966381623,1.0331930333371417
2017-07-24,1.0116691487523721,0.9756943919648208,1.036870927089277
2017-07-25,1.0080428151069976,0.9735538437953766,1.0354258488438262
2017-07-26,1.0089797200991877,0.9724622014558847,1.037551607238443
2017-07-27,1.0161422625169603,0.9783665406187808,1.038611011650386
2017-07-28,1.022966867789933,0.9833406533876233,1.040297545175008
2017-07-31,1.0423491579132642,0.9963991884828227,1.0461160245427414
2017-08-01,1.0378293913268986,0.9945861627967659,1.0434786146717878
2017-08-02,1.031388028001808,0.9890994352749972,1.0427546424743972
2017-08-03,1.0343616603182308,0.9906989273210554,1.0440726559735396
2017-08-04,1.0317923979838308,0.9848689675536819,1.0476443384612901
2017-08-07,1.0465099170194183,0.9972566734660399,1.0493887329750275
2017-08-08,1.0475782627323358,0.9973041750219391,1.0504099842049601
2017-08-09,1.0581584314590768,1.003047172693246,1.0549438354109046
2017-08-10,1.0541048114648923,0.9950101030150897,1.059391063739688
2017-08-11,1.0239879715820226,0.9747546354780476,1.0505084400853653
2017-08-14,1.046558920167463,0.9955512335923253,1.0512356218886723
2017-08-15,1.0529451823627793,0.9990507878743561,1.0539456003063592
2017-08-16,1.0520211601375609,0.9996899741712144,1.052347415017072
2017-08-17,1.0658787946829829,1.0071621624941853,1.0582990846711207
2017-08-18,1.0599029656797758,1.0042716407000174,1.0553946987300977
2017-08-21,1.0752545753225495,1.0131345524754074,1.0613146819396924
2017-08-22,1.0685563013007928,1.0087363402314569,1.0593018796721552
2017-08-23,1.0577099376392358,1.000319630375353,1.057371969439756
2017-08-24,1.0475152929220881,0.9933283394654756,1.0545508985334813
2017-08-25,1.0626373678475853,1.0040770927916083,1.0583224888570693
2017-08-28,1.0780805538324731,1.0164252637099498,1.0606589508583069
2017-08-29,1.0744959714337945,1.0138274944515124,1.0598410255337414
2017-08-30,1.0870184352716248,1.020994347538209,1.0646664576474993
2017-08-31,1.0908406903427317,1.0236791533465623,1.0656079952166733
2017-09-01,1.1000079048518745,1.0325498827761366,1.0653314897430124
2017-09-04,1.109613603585741,1.0385903235756846,1.0683843074577621
2017-09-05,1.1086359712863942,1.0397262659555528,1.0662767764816545
2017-09-06,1.113759940598377,1.0453047206197477,1.0654882912401304
2017-09-07,1.108035147094408,1.0376284542956482,1.067853471545894
2017-09-08,1.1109407773223257,1.0400933234329568,1.0681164394513447
2017-09-11,1.1176639814697056,1.052030136833518,1.0623877989215569
2017-09-12,1.1206377304056112,1.051141008964318,1.0661155076708193
2017-09-13,1.1298683331231147,1.0575279579788432,1.0684051656492648
2017-09-14,1.124364878939035,1.0555978163877242,1.065145135281383
2017-09-15,1.1113996504713028,1.047665205460237,1.0608347444192037
2017-09-18,1.1209733064760845,1.055165835153668,1.062366946625819
2017-09-19,1.1145283132383157,1.0498769315096805,1.0615799621729654
2017-09-20,1.1290841360991741,1.0588078196495472,1.0663730614238263
2017-09-21,1.1112636786830954,1.0460846991457686,1.0623075546277962
2017-09-22,1.1031748207060534,1.0397500167335028,1.0610000509274404
2017-09-25,1.0849234918258528,1.0267500023639098,1.0566578907504347
2017-09-26,1.0961827823894654,1.0316354405981505,1.062567976293922
2017-09-27,1.1083128520954033,1.0415108502711499,1.0641395159799458
2017-09-28,1.104913717778989,1.0390823890661842,1.0633552540255897
2017-09-29,1.1107532975929608,1.0446940501471988,1.0632331039278478
2017-10-09,1.1258926301693488,1.0565771078685136,1.0656038464061264
2017-10-10,1.1263963338518248,1.0608661707692846,1.0617704333384683
2017-10-11,1.1179997422779315,1.0546943933794444,1.0600224570224979
2017-10-12,1.1136754570288032,1.0535284460982792,1.0570910174787185
2017-10-13,1.124575261373339,1.0615527841681929,1.0593681992502417
2017-10-16,1.1099390284176944,1.0472174400101135,1.059893567478188
2017-10-17,1.1053541981860566,1.0462254913749307,1.0565162169136406
2017-10-18,1.0931602793810136,1.0383941376825894,1.0527411892180432
2017-10-19,1.0839220551395212,1.0285788867198824,1.053805468043513
2017-10-20,1.1006942852258077,1.0396566516063899,1.0587094148102718
2017-10-23,1.107926069732708,1.0461970500044706,1.0590032439185082
2017-10-24,1.1033689760857528,1.044652877168496,1.0562063247998754
2017-10-25,1.1144278182573237,1.0517548809523896,1.0595889198519168
2017-10-26,1.1185970680583084,1.055558206939858,1.0597208763135904
2017-10-27,1.1145695936088487,1.0490526529432833,1.0624534340404623
2017-10-30,1.0921427719784291,1.0302179137599572,1.060108504609929
2017-10-31,1.0997647833889812,1.0378831609143497,1.0596229178823127
2017-11-01,1.1010498979014545,1.0367345613800882,1.0620364545730494
2017-11-02,1.0922608599907533,1.0259731508995624,1.0646095943476401
2017-11-03,1.0798175366232787,1.0168049783417472,1.0619711347050005
2017-11-06,1.0969586621309912,1.0301135294631376,1.064891034585956
2017-11-07,1.1037787579327083,1.036574783419336,1.0648327314037946
2017-11-08,1.106976547965798,1.0381173182706245,1.0663308746355225
2017-11-09,1.114650087674096,1.0459739118179028,1.0656576374231304
2017-11-10,1.1217869692549673,1.0506996465452405,1.0676571301260698
2017-11-13,1.1261826020097914,1.055444292550319,1.0670223051645333
2017-11-14,1.1191817628041103,1.0464738694164357,1.0694789382827303
2017-11-15,1.1059334526312763,1.034315555813993,1.0692418251032887
2017-11-16,1.1093489327335426,1.0375825162705856,1.0691669484957296
2017-11-17,1.0741000640073772,1.0065150840892942,1.0671475082554125
2017-11-20,1.0860493856379076,1.017784269822537,1.0670722842152724
2017-11-21,1.0902652305336469,1.0214515686272028,1.0673685018653674
2017-11-22,1.0882794398007212,1.0187762929115691,1.0682221871207058
2017-11-23,1.0542485143461235,0.9926828990452709,1.0620194176408846
2017-11-24,1.054723923731663,0.9932397393847239,1.0619026624780703
2017-11-27,1.0378145884222563,0.9800325199523288,1.058959337872521
2017-11-28,1.061253641359089,0.996606467999475,1.0648673026268658
2017-11-29,1.058634340711415,0.9996219233528891,1.059034737013959
2017-11-30,1.0451490795408251,0.9909283196309709,1.0547171362809031
2017-12-01,1.0589368067783564,0.9993118230702548,1.059666044503418
2017-12-04,1.0572684789753304,0.9934913189417517,1.0641949847146253
2017-12-05,1.0294152906072218,0.9702804803077386,1.0609460990916026
2017-12-06,1.0397019666057907,0.9765914863959043,1.0646232135842129
2017-12-07,1.0315644052953106,0.9706855092483222,1.062717425434868
2017-12-08,1.0460897583622502,0.9813915260649152,1.065924995864551
2017-12-11,1.0594402857151453,0.9945275676173106,1.065269903229885
2017-12-12,1.0509973763668583,0.9861488292243866,1.0657593917071073
2017-12-13,1.0597552390509333,0.9931464487114606,1.067068447383458
2017-12-14,1.0605794604054664,0.9941969180722496,1.0667700141959127
2017-12-15,1.0543543776668178,0.9865522946341332,1.068726293985084
2017-12-18,1.0533535300669215,0.9808931319972191,1.0738718579078683
2017-12-19,1.0635754517026461,0.9890013795553748,1.0754034055855388
2017-12-20,1.0515182307475668,0.9807935127467594,1.072109691878711
2017-12-21,1.061600950115385,0.9869857649451768,1.075599048963338
2017-12-22,1.0618280072646664,0.9876787069212818,1.075074312955999
2017-12-25,1.049172105649451,0.9786149186602863,1.072099030623564
2017-12-26,1.0545918239109455,0.9840826604504651,1.0716496350298508
2017-12-27,1.0424047531714364,0.9766468056059876,1.0673303257513318
2017-12-28,1.0456499669232133,0.9815702897572572,1.065282820634071
2017-12-29,1.055358071045979,0.9889348922678858,1.0671663820312451
2018-01-02,1.0672416459730902,1.001814663670743,1.0653084693955432
2018-01-03,1.0795684177885752,1.010677575446133,1.068163026484517
2018-01-04,1.0845789329281759,1.015311508577195,1.0682228299057188
2018-01-05,1.0825353336070687,1.0152655705521325,1.066258292417375
2018-01-08,1.0842044493465808,1.0198426209422744,1.0631095691459138
2018-01-09,1.0875589472881115,1.0197745701239485,1.0664699622348146
2018-01-10,1.0807683487657345,1.0134762956440253,1.066397263962595
2018-01-11,1.0874896737916855,1.0166404353346352,1.069689573613831
2018-01-12,1.0795104862515674,1.012436845452943,1.0662497034751999
2018-01-15,1.048018119381846,0.9893399212084691,1.0593104522677121
2018-01-16,1.0523742942474308,0.9968943810349962,1.0556527494465704
2018-01-17,1.049374482848181,0.9915675059278292,1.0582985793450954
2018-01-18,1.0517168175110156,0.9946272613216197,1.057397940323431
2018-01-19,1.0485344992384382,0.9923459209230131,1.05662196733087
2018-01-22,1.0625888620522117,1.004252654968428,1.0580891738699139
2018-01-23,1.063785942240076,1.0054171131726057,1.0580543421260125
2018-01-24,1.0697463759498131,1.0116346796798097,1.0574433611631386
2018-01-25,1.0675210936908994,1.009802668262163,1.0571581233074656
2018-01-26,1.0668773764228403,1.0099465875529992,1.0563700987472802
2018-01-29,1.0484372221836307,0.9982787014563695,1.0502450073852982
2018-01-30,1.0490390919323247,0.9988419448268686,1.050255345568369
2018-01-31,1.0276807427015777,0.9792082413859318,1.0495017293227025
2018-02-01,0.9958388425761195,0.9468386858329738,1.0517513252007
2018-02-02,1.0022992875083756,0.950020247724337,1.0550293953305385
2018-02-05,1.0024797435370147,0.9489713418943847,1.0563856876181466
2018-02-06,0.9538656958055547,0.9024642660611288,1.056956747959419
2018-02-07,0.9614417068008886,0.9035828606940934,1.0640326954213701
2018-02-08,0.9690732131478412,0.9123080328481452,1.0622215066138134
2018-02-09,0.9234339475253363,0.8788342522551515,1.0507486993773156
2018-02-12,0.9518594415310828,0.9016479540566146,1.0556885725172016
2018-02-13,0.9621804911306115,0.9076361282539034,1.0600949666708837
2018-02-14,0.9675236605813723,0.910464927806942,1.0626698854967087
2018-02-22,0.9931046983814223,0.9295923450721494,1.0683228015440935
2018-02-23,1.0005190402758288,0.9330650215145568,1.0722929455138939
2018-02-26,1.0289390833461434,0.9539485817249009,1.0786106327509255
2018-02-27,1.0299855033145127,0.9509236707326164,1.0831421438073836
2018-02-28,1.0297202220526724,0.9529993695992577,1.0805046203605322
2018-03-01,1.0430423958278063,0.9635265482696594,1.082525850170859
2018-03-02,1.038919353625574,0.9581664667456725,1.0842785566835496
2018-03-05,1.0414406982903774,0.9593941362679669,1.0855191405917601
2018-03-06,1.063317673538992,0.9722850012943804,1.093627559947363
2018-03-07,1.0506300143803187,0.9629364270595371,1.0910689271446157
2018-03-08,1.059824837370296,0.9700589801058573,1.0925364942806293
2018-03-09,1.0747617695398413,0.981999069475791,1.094463124199872
2018-03-12,1.0945202845068662,0.9960479896753361,1.0988630024378918
2018-03-13,1.0872645385941224,0.9894617277060422,1.0988444607300023
2018-03-14,1.076717378213883,0.979205039870409,1.0995831663166062
2018-03-15,1.0752383963109933,0.9777479780381995,1.099709148433529
2018-03-16,1.0704133701972642,0.9724004792147564,1.1007947785686576
2018-03-19,1.0742689023306948,0.9735902517277205,1.103409674063921
2018-03-20,1.077427158645839,0.9767338421559039,1.1030918681671549
2018-03-21,1.0686913292688884,0.9696935606131397,1.1020918078420074
2018-03-22,1.0637471367892342,0.965268470529566,1.1020220480273646
2018-03-23,1.0004441250884444,0.9155781948202609,1.0926910784336052
2018-03-26,1.0225191545456969,0.9339003937045105,1.0948910198973807
2018-03-27,1.0501919823765227,0.9547554380905451,1.0999591523425571
2018-03-28,1.0394290067690142,0.9450351157857875,1.0998840036803703
2018-03-29,1.0517725852383513,0.9547680952449383,1.10160005395711
2018-03-30,1.0678873210360986,0.9674058171834873,1.103866962620872
2018-04-02,1.0705742933215627,0.968548088140552,1.1053393284549078
2018-04-03,1.0589158686504123,0.9586996307610253,1.104533510469629
2018-04-04,1.056290810662895,0.9520517210044515,1.1094888936795022
2018-04-09,1.0561408354320931,0.9533110334127289,1.1078659518407616
2018-04-10,1.065105920472683,0.9593371790731975,1.1102518944399373
2018-04-11,1.0698294127474675,0.9629554127911272,1.1109854086042945
2018-04-12,1.0636055417779606,0.9573738310652586,1.1109615776676278
2018-04-13,1.0616359582842574,0.953554646407874,1.1133456926496403
2018-04-16,1.0662867611030278,0.9512163488144979,1.120971861377217
2018-04-17,1.0443135002339732,0.9319860363294585,1.120524835701301
2018-04-18,1.06291724197411,0.9446111011136141,1.1252432251971454
2018-04-19,1.0709053788270662,0.9500012619927474,1.1272673223409273
2018-04-20,1.0460836251926826,0.9304008394224799,1.1243365019339508
2018-04-23,1.032602470843938,0.9213955718870906,1.1206939802511606
2018-04-24,1.0599078482938284,0.9424800830368896,1.1245944263125003
2018-04-25,1.061208439737827,0.9428328453752141,1.1255531083195385
2018-04-26,1.0381637790731246,0.925202099390082,1.1220940589710182
2018-04-27,1.0385995775097137,0.9272588125251334,1.120075175863117
2018-05-02,1.0334529662213192,0.9263632816248873,1.115602255314558
2018-05-03,1.0468724602226085,0.9351107154799013,1.1195171255045995
2018-05-04,1.0450504816709691,0.9349018724324129,1.1178183641369477
2018-05-07,1.0685325581096163,0.9522811133143664,1.1220768144719815
2018-05-08,1.0749141008060452,0.955867704146313,1.1245427543407305
2018-05-09,1.071622618304681,0.9538774038449014,1.1234385194419858
2018-05-10,1.0678947794792775,0.9556715182532178,1.1174286970811707
2018-05-11,1.055824476014381,0.947882901070416,1.1138764870872444
2018-05-14,1.0482205387985126,0.944119110076964,1.1102630246654601
2018-05-15,1.063641555263639,0.9525073041087583,1.1166754844561184
2018-05-16,1.0597709595753713,0.9498968776959276,1.1156694841928048
2018-05-17,1.0554273864029002,0.9451047301349501,1.116730614872912
2018-05-18,1.0589276212099747,0.9484856794349312,1.1164402838858256
2018-05-21,1.077713350344277,0.960675635923357,1.1218285444581186
2018-05-22,1.0838312539876633,0.9639521264726693,1.1243621173944192
2018-05-23,1.0709401190611578,0.9514441775935757,1.1255942747685053
2018-05-24,1.0698261463187633,0.9480854155407074,1.1284069228178406
2018-05-25,1.0619808929660037,0.9362482213906059,1.1342941633455363
2018-05-28,1.0614234209034241,0.9320493221014243,1.1388060650162906
2018-05-29,1.0544488763321018,0.9232196911967036,1.1421429659556928
2018-05-30,1.0310378190485425,0.8990358896590975,1.14682609549603
2018-05-31,1.0487390106674952,0.9104079706121724,1.1519440124873983
2018-06-01,1.0305715088032976,0.8994361535533213,1.1457972917053776
2018-06-04,1.0286079305921967,0.8991244897398503,1.144010581771397
2018-06-05,1.0541421946705214,0.9143014602112303,1.1529481692252617
2018-06-06,1.055969303359717,0.9135389038859626,1.1559106009255782
2018-06-07,1.0469764300551474,0.9078054363073753,1.1533048692833008
2018-06-08,1.0354818251573457,0.8969333129528333,1.1544691341080764
2018-06-11,1.024774856420675,0.8910890580463805,1.1500251822947827
2018-06-12,1.0369035638705983,0.9007382024711384,1.1511708518922543
2018-06-13,1.0183460425157402,0.8870800905269467,1.1479753106743928
2018-06-14,1.0131891857173134,0.8839016556972572,1.1462691343394633
2018-06-15,0.9963557072715119,0.8676077285775988,1.1483942275445025
2018-06-19,0.9350343816509183,0.81346392141426,1.1494478821203282
2018-06-20,0.9483706224471715,0.8224312174864695,1.1531306233068346
2018-06-21,0.9277868280563384,0.8051642530093689,1.1522951057360749
2018-06-22,0.9445338638127542,0.8163765560016915,1.156983081972282
2018-06-25,0.9386039325352264,0.8108249791771198,1.1575912886746353
2018-06-26,0.9470634181584814,0.8164018703104778,1.160045625322138
2018-06-27,0.9384358371136001,0.8083680021478447,1.1609017608566439
2018-06-28,0.9274221548092081,0.7997629985066791,1.1596212334665328
2018-06-29,0.9553606699481115,0.8254956634727703,1.157317611977528
2018-07-02,0.9394720482997101,0.8130003717480699,1.1555616466444012
2018-07-03,0.9515564730358466,0.8222318300778512,1.1572848900117993
2018-07-04,0.9378073196474125,0.8102411865441941,1.1574421730488769
2018-07-05,0.912165494399252,0.7883166126119312,1.157105507870717
2018-07-06,0.9153694803845581,0.7905109909144713,1.1579465572333778
2018-07-09,0.9369395928470908,0.8080594653960472,1.1594933701913592
2018-07-10,0.9438894226633614,0.8126444078942227,1.1615036213800196
2018-07-11,0.9195991910663862,0.7967649653540181,1.1541661983817153
2018-07-12,0.9484366628898282,0.8183351389632705,1.1589831815011393
2018-07-13,0.9533260285992854,0.8233487867261297,1.1578641323927645
2018-07-16,0.9519946892497961,0.8219264948415769,1.1582479640509573
2018-07-17,0.9565907814659261,0.8220847092714922,1.1636158301905764
2018-07-18,0.9485848056286247,0.8158259697855856,1.162729357436281
2018-07-19,0.9345685436173852,0.8086575531680523,1.1557037215024522
2018-07-20,0.9499704099306486,0.8187702472590002,1.1602405108281202
2018-07-23,0.9591335270860236,0.8249008516701377,1.1627258295880183
2018-07-24,0.9828955669700064,0.8392408864207274,1.1711721662679602
2018-07-25,0.9844916369550856,0.8398768712020628,1.1721856747240162
2018-07-26,0.9828284354784554,0.8343110736922611,1.1780119747529272
2018-07-27,0.9754884973716254,0.830483996926843,1.1746024017095609
2018-07-30,0.9577893110850219,0.8203365328882384,1.1675565730479418
2018-07-31,0.9578303057584158,0.8209013397895742,1.1668031946493609
2018-08-01,0.9414347686298552,0.8077145951657565,1.1655537417107797
2018-08-02,0.9173315210240062,0.7904128607409993,1.1605726153848543
2018-08-03,0.9030711855755614,0.779929982110974,1.1578875107882005
2018-08-06,0.882794981787916,0.763397132588681,1.15640332417068
2018-08-07,0.9138106376156931,0.7842206085425819,1.1652469058597492
2018-08-08,0.8995886448755857,0.7721492570362055,1.165045017758017
2018-08-09,0.9265921833006463,0.7917988191470585,1.170236884539421
2018-08-10,0.9358789177899454,0.7958710724384583,1.1759177462280654
2018-08-13,0.9368049199926378,0.799789950800152,1.1713136918704827
2018-08-14,0.9352421250357182,0.7970370941734728,1.1733984928337169
2018-08-15,0.9149394142518851,0.7804140810395904,1.1723768656673816
2018-08-16,0.9058460691463933,0.7733832551356965,1.1712770649365238
2018-08-17,0.8881421938457515,0.759881719636734,1.1687900509967961
2018-08-20,0.892091168259052,0.7645679193700552,1.1667912629581243
2018-08-21,0.9069303215418492,0.7739543906142289,1.1718136527684626
2018-08-22,0.8944062486782026,0.7652592978153233,1.168762341380981
2018-08-23,0.9025300776124205,0.7694755448514087,1.1729158693233137
2018-08-24,0.8976776674169039,0.7676751018658957,1.1693458147008111
2018-08-27,0.9193095949533439,0.7847268947183113,1.1715025968153454
2018-08-28,0.9237099451930098,0.7869639350765414,1.1737640113116088
2018-08-29,0.9168817999280963,0.7818616872329296,1.1726905345279337
2018-08-30,0.9032735213029808,0.7700213660211545,1.1730499453156285
2018-08-31,0.8925487207330003,0.7617470119250499,1.1717127954035484
2018-09-03,0.8978118681896375,0.7655519758972045,1.1727640923889306
2018-09-04,0.9064960519079996,0.7736854633102972,1.1716596664870216
2018-09-05,0.8906378933772771,0.7617802183418697,1.169153348869948
2018-09-06,0.8860357110616918,0.7583502784090018,1.168372632394321
2018-09-07,0.8897862207277257,0.7581019003674969,1.1737026649008446
2018-09-10,0.8715381793596951,0.7443535503578663,1.1708658861648227
2018-09-11,0.8727333127650051,0.7440403230135584,1.172965074298939
2018-09-12,0.8687036094467512,0.7426274867678758,1.1697703423658532
2018-09-13,0.8730474689800406,0.7469370989310736,1.1688366667413372
2018-09-14,0.857518754897239,0.7388479115583572,1.1606160638507927
2018-09-17,0.8437059371253178,0.728138693226241,1.1587159767420419
2018-09-18,0.8601163613553603,0.740972601057885,1.1607937461214815
2018-09-19,0.8708648089497126,0.7494178267382983,1.1620551018114817
2018-09-20,0.8682624496717843,0.7488783341457489,1.159417237864436
2018-09-21,0.8805592249029988,0.7602282278517108,1.1582827270059741
2018-09-25,0.8764871945741045,0.7582237068650693,1.1559743999538132
2018-09-26,0.8815870827453278,0.761875146999819,1.1571280231635346
2018-09-27,0.868559817918179,0.752343118480123,1.154473001192376
2018-09-28,0.8739190047200605,0.7595178636748531,1.1506233711103102
2018-10-08,0.8411009139405596,0.7351157634508885,1.1441747759456824
2018-10-09,0.8386895211876431,0.7332805505177188,1.1437498520798108
2018-10-10,0.8373611402821385,0.7324894783681416,1.1431715608361128
2018-10-11,0.7776056848124068,0.681471839432233,1.141067964686945
2018-10-12,0.7698227734260128,0.6768236856159409,1.1374051910217038
2018-10-15,0.7534159149037835,0.6643426145764706,1.1340773546253669
2018-10-16,0.7372678795664079,0.6486056022501147,1.1366967491626805
2018-10-17,0.7457079297669378,0.6539372424036415,1.1403356184853148
2018-10-18,0.7248803426024516,0.6357558357485544,1.1401866909313696
2018-10-19,0.7446640056689414,0.653084448012935,1.1402262110736905
2018-10-22,0.7839741220977856,0.6855410401158087,1.1435845211620714
2018-10-23,0.771792473714229,0.6729507452793098,1.146878102340008
2018-10-24,0.7686302501734552,0.6716740106702792,1.144350143020155
2018-10-25,0.764974794691074,0.6699226327715023,1.14188528237408
2018-10-26,0.7681605874258233,0.6698498169068166,1.1467653913424638
2018-10-29,0.7519538330927956,0.6585489882875908,1.141834315239149
2018-10-30,0.7597541083153879,0.6651953345133278,1.1421518896719887
2018-10-31,0.7748225236178119,0.6759551070091675,1.1462632881732242
2018-11-01,0.781089452655923,0.6801365840975961,1.148430287266889
2018-11-02,0.8116466575040204,0.7021228802709883,1.1559894718012333
2018-11-05,0.8152277751837318,0.7025785378291448,1.1603368609901679
2018-11-06,0.8130555381495966,0.702146631048938,1.1579569027269583
2018-11-07,0.8094542196079665,0.6985141021919289,1.158823017413548
2018-11-08,0.8066511633920151,0.6933233287214139,1.163455966323236
2018-11-09,0.8041090251906038,0.6911527011968235,1.1634317912643346
2018-11-12,0.8270623416045105,0.7090429188470168,1.1664489124994106
2018-11-13,0.8455437267099025,0.7219923045990367,1.1711256772736391
2018-11-14,0.8440886202522878,0.7191398287218977,1.1737475613782333
2018-11-15,0.8602904978804339,0.7308947513684433,1.1770374548041629
2018-11-16,0.8666107068138166,0.7371107543448104,1.1756858812677529
2018-11-19,0.8672214426987428,0.7389522958551767,1.1735824457993225
2018-11-20,0.8424525951677023,0.7178646576437041,1.1735535190337154
2018-11-21,0.8476965816428434,0.7205889984460739,1.176394010276139
2018-11-22,0.8477571798914553,0.7200605994770811,1.1773414355779352
2018-11-23,0.812788966439043,0.6921256641004165,1.174337275147075
2018-11-26,0.8121112938183702,0.6909707359889585,1.1753193753654823
2018-11-27,0.8167712834661687,0.6941649550347148,1.1766241979549694
2018-11-28,0.8259435137381457,0.7027414428515708,1.1753163587259745
2018-11-29,0.8026073420060377,0.6875281389016973,1.1673810809957181
2018-11-30,0.8088845416841904,0.6924246707594944,1.168191394447219
2018-12-03,0.8342585858757459,0.7143397890528872,1.167873606735324
2018-12-04,0.8431778183084156,0.7176684717506092,1.174884854913093
2018-12-05,0.8341228925923272,0.7123669109522286,1.1709175142306176
2018-12-06,0.8176496118681968,0.697873352364234,1.1716303668827424
2018-12-07,0.814180931915216,0.6978528031018073,1.1666943634765883
2018-12-10,0.8041211341308352,0.6896813442255348,1.1659313984109696
2018-12-11,0.8112989285809856,0.6954180133196451,1.1666349059728431
2018-12-12,0.808686541165913,0.6950619750119483,1.1634740069790344
2018-12-13,0.814660299378636,0.7029471588373856,1.15892110685249
2018-12-14,0.7882165160484773,0.6861674948044245,1.148723193705262
2018-12-17,0.7856191370629666,0.6851470303449323,1.1466431324491801
2018-12-18,0.7816582741413033,0.6814481631081328,1.147054635199404
2018-12-19,0.7697388770740743,0.6720552888329131,1.145350523780265
2018-12-20,0.774821562780403,0.6739316747447854,1.1497034370343613
2018-12-21,0.7677005995441119,0.6694036894413796,1.146842498261044
2018-12-24,0.7745027393145275,0.6762984137086215,1.1452085700857737
2018-12-25,0.7659689936010696,0.6685129980413427,1.145780255350697
2018-12-26,0.765067615918622,0.6658076429705627,1.1490820569514668
2018-12-27,0.755543324319124,0.6583496753328217,1.147632257792437
2018-12-28,0.7578699210208254,0.6594206939560375,1.1492965385635157
2019-01-02,0.7527108314303392,0.6537125406862366,1.1514400972638201
2019-01-03,0.7482425666092447,0.6506828646475924,1.1499343340084578
2019-01-04,0.7661399549815763,0.6661983767720667,1.1500177450052593
2019-01-07,0.7820677260625607,0.678450055501622,1.1527270426477119
2019-01-08,0.7796960802202111,0.6767066441647279,1.1521921455087898
2019-01-09,0.7830455965357962,0.6785213078354709,1.1540471721275267
2019-01-10,0.7828085210940912,0.6774280275112929,1.155559689447661
2019-01-11,0.7876874495948603,0.6826520818524773,1.1538636891831546
2019-01-14,0.7803592240944127,0.678170034574134,1.1506837287266014
2019-01-15,0.7913319986411592,0.687790737628432,1.1505418077738985
2019-01-16,0.7891197411884634,0.6861327248567676,1.150097805571356
2019-01-17,0.7838338222763304,0.6808880467993073,1.1511933950976916
2019-01-18,0.789008193462117,0.6878619155084317,1.147044451325559
2019-01-21,0.7926218178506677,0.6919469004080742,1.1454951490977425
2019-01-22,0.7815163779165115,0.6816031760225251,1.146585587345744
2019-01-23,0.7812907238414987,0.6827786533964098,1.1442811223740683
2019-01-24,0.7858604574166307,0.6863368028578961,1.1450070200873967
2019-01-25,0.7749922728116062,0.6832153252229762,1.1343309264303716
2019-01-28,0.7699197852510797,0.6814401965462498,1.1298420450587916
2019-01-29,0.7528353980976108,0.6730662231996855,1.1185160867510349
2019-01-30,0.7412938846951382,0.6663154926771289,1.1125268627880172
2019-01-31,0.7258361964698682,0.660754460213687,1.0984960982860923
2019-02-01,0.7509222693034344,0.6793914499730812,1.1052866051422745
2019-02-11,0.774497261453887,0.6965729414311027,1.1118681409913647
2019-02-12,0.7864434061454969,0.7023649297352964,1.1197076802252748
2019-02-13,0.7995809240304852,0.71390311722632,1.1200132129091176
2019-02-14,0.8043034161516103,0.7170292854537503,1.1217162708251605
2019-02-15,0.8024780182065155,0.7123716015447386,1.1264879403760428
2019-02-18,0.8295531457449918,0.7374113245347248,1.1249530867571156
2019-02-19,0.8317194399461885,0.7384049111545937,1.1263731150510432
2019-02-20,0.830282985554694,0.7384586668338403,1.1243459151404542
2019-02-21,0.8278802619510708,0.7371170829220068,1.1231326489806335
2019-02-22,0.8432577062586376,0.7558110298761705,1.115699127064597
2019-02-25,0.8850375558145742,0.7980606856946383,1.1089852835492462
2019-02-26,0.8912910541460871,0.7971414784702919,1.1181089909616388
2019-02-27,0.8854243085288634,0.793872880029013,1.1153225293405975
2019-02-28,0.8893038748534402,0.795045230341224,1.11855758756236
2019-03-01,0.8974547646098908,0.8016805573972541,1.1194667955071511
2019-03-04,0.9124094250815743,0.8160806764042868,1.1180382668803275
2019-03-05,0.9440290618044059,0.8377616373414047,1.1268468496602873
2019-03-06,0.9577279082248052,0.8527503140277229,1.1231047265186578
2019-03-07,0.9688436780870144,0.8636018881198383,1.1218637793813764
2019-03-08,0.9346937198484441,0.8299160629638332,1.1262509084478063
2019-03-11,0.9743710322589327,0.8632474877968277,1.1287273302650593
2019-03-12,0.9920378764672784,0.878217178751556,1.12960427155106
2019-03-13,0.9749234567484765,0.8582607178735917,1.135929253716663
2019-03-14,0.9569718842089076,0.8382694870479708,1.1416041010617675
2019-03-15,0.9686063606126851,0.8478426885463693,1.142436413850977
2019-03-18,0.9944793458557345,0.870335270895491,1.1426393702653361
2019-03-19,1.0034938824055408,0.8736576250160164,1.1486122866347606
2019-03-20,1.0043340353928747,0.8726466906492438,1.1509056828550581
2019-03-21,1.02494946384099,0.8843050466531539,1.159045136879107
2019-03-22,1.0277863201656936,0.889472218253418,1.1555013176059297
2019-03-25,1.0136024637782848,0.8780067721732308,1.1544358151924379
2019-03-26,0.9853175511300275,0.8535176353993502,1.154419674842465
2019-03-27,0.9917940899855474,0.861902702369471,1.1507030750211014
2019-03-28,0.978266690293292,0.8496003950223427,1.151443309142489
2019-03-29,1.0131238421624749,0.877688779782563,1.1543087544237085
2019-04-01,1.0541070128600383,0.9109411346275244,1.1571626011718674
2019-04-02,1.061876008035092,0.9137429818870905,1.1621167320399797
2019-04-03,1.06824689696603,0.9233130563238156,1.1569715056551573
2019-04-04,1.0727264012726345,0.9289326095128638,1.1547946431067553
2019-04-08,1.0704641412843396,0.9251467057261484,1.1570750181119993
2019-04-09,1.0766156723479225,0.9267952628589425,1.1616542676608206
2019-04-10,1.0773339709018503,0.9256418982783214,1.1638777078972695
2019-04-11,1.0528408854899303,0.9060888283562545,1.1619621085053
2019-04-12,1.0476075083701308,0.9040637581071862,1.1587761360586761
2019-04-15,1.0382833963801583,0.8948259712002082,1.160318799182297
2019-04-16,1.0646508351351696,0.9139740121816916,1.16485897951716
2019-04-17,1.0747062712781226,0.9188341361071456,1.1696412105794909
2019-04-18,1.064438220099595,0.913682897630647,1.1649974218187569
2019-04-19,1.0705859907292767,0.9192217428469761,1.1646656522870111
2019-04-22,1.0496953937680362,0.9054354213741658,1.1593266278172873
2019-04-23,1.0344586251344146,0.8904087732246678,1.1617794615702872
2019-04-24,1.0443557969453392,0.8985834336164634,1.1622246280929043
2019-04-25,0.9969223230439375,0.863570245233855,1.1544194911138592
2019-04-26,0.9874292969644277,0.8555980993123512,1.1540807509484068
2019-04-29,0.9510547914154935,0.8330644184383762,1.1416341526124674
2019-04-30,0.9610510674990954,0.8397028725560798,1.1445132545201713
2019-05-06,0.8817474883793666,0.7766155200984811,1.1353719640673081
2019-05-07,0.8919469870470649,0.7868358000017716,1.1335871944884266
2019-05-08,0.8907593126377601,0.7827761294109156,1.1379489986595632
2019-05-09,0.8806610419697833,0.7733895837128925,1.1387030036555466
2019-05-10,0.9155107670813906,0.8012201347927375,1.1426457315856375
2019-05-13,0.9031854867669148,0.7919775828393998,1.1404179945710233
2019-05-14,0.8966298777101027,0.7856033654331173,1.1413264214006702
2019-05-15,0.9210297329400324,0.803156604961053,1.1467623216330212
2019-05-16,0.9265645816351034,0.8081876749246651,1.1464720514594244
2019-05-17,0.8927387567561867,0.7819598174064011,1.1416683273025672
2019-05-20,0.8827129672226922,0.7789506906301835,1.1332077599270929
2019-05-21,0.9012002885433799,0.7926056755127016,1.1370096333973805
2019-05-22,0.8930975865640833,0.7873088053068314,1.1343675830172173
2019-05-23,0.8697128639516443,0.7709389352608137,1.1281215984472424
2019-05-24,0.8633333551053075,0.7660091969861967,1.1270535112398454
2019-05-27,0.8918128873520944,0.7851824778226172,1.1358033483186902
2019-05-28,0.8946596410751376,0.7840022354023727,1.1411442476512486
2019-05-29,0.9000106426550513,0.7842190450117439,1.147652111205197
2019-05-30,0.8947707292171018,0.7793999451572937,1.1480251375133528
2019-05-31,0.8947825547284093,0.7771217318203608,1.1514059098983567
2019-06-03,0.8803686135082183,0.7679171513302028,1.146436971726995
2019-06-04,0.8649599026940922,0.7586761629077019,1.1400910493603058
2019-06-05,0.8629506023839721,0.7568425879592183,1.1401982606592844
2019-06-06,0.8442644973981538,0.7402242654178464,1.140552312104465
2019-06-10,0.8562128979253395,0.7475778487587676,1.1453160354429213
2019-06-11,0.8914368475304791,0.7754558269406627,1.149564961098282
2019-06-12,0.8886055082729396,0.7694470290270978,1.1548624853311966
2019-06-13,0.8938560370518149,0.771687270900851,1.158313828357369
2019-06-14,0.8783429301200111,0.7586951486392916,1.1577020516017613
2019-06-17,0.8788599352899233,0.7598153068030928,1.156675743987981
2019-06-18,0.8790320837349422,0.7589514932426792,1.1582190582157095
2019-06-19,0.8898940557592879,0.7687240076958466,1.1576249041923814
2019-06-20,0.9071232922716512,0.7838819924356367,1.1572192001159327
2019-06-21,0.9236698704839676,0.7944155741370844,1.1627036283714387
2019-06-24,0.9239454484893301,0.7948727952260777,1.1623815207143195
2019-06-25,0.9090587835367877,0.7870873051049495,1.1549656278798381
2019-06-26,0.9047994700575432,0.7851255206278475,1.152426518162338
2019-06-27,0.9128134391597048,0.7922275244117409,1.1522112158846078
2019-06-28,0.9026783758520865,0.7832096741758079,1.1525373161433414
2019-07-01,0.925949889547348,0.8069061752692743,1.147531048747207
2019-07-02,0.9243520539861151,0.8043985696224264,1.1491219513480653
2019-07-03,0.9161676338741397,0.7974864231544314,1.1488190987004752
2019-07-04,0.9112101895378399,0.7950024938316836,1.1461727436175309
2019-07-05,0.914112293261206,0.7977933219215426,1.1458008836919076
2019-07-08,0.8790281197758809,0.770600393607719,1.1407055162021602
2019-07-09,0.8815692885422232,0.772315363574153,1.141462840338253
2019-07-10,0.8736635726985831,0.7663414100620942,1.1400448432348096
2019-07-11,0.8775693208024818,0.7664505594052735,1.1449783812323535
2019-07-12,0.8823608830909295,0.7691432573216602,1.1471996597402674
2019-07-15,0.8938423637676931,0.7792290735729848,1.1470854901103396
2019-07-16,0.893563712178397,0.7802938380728532,1.1451631021273914
2019-07-17,0.8921377181307999,0.7798255233603035,1.144022209335414
2019-07-18,0.8733318763226394,0.7663809450561107,1.1395532234412462
2019-07-19,0.8791125868887342,0.771851813907963,1.1389654996568566
2019-07-22,0.8607673542617761,0.7556955519557935,1.1390398580937116
2019-07-23,0.8669817004579751,0.7631867260103543,1.136002069886908
2019-07-24,0.8761689475531922,0.7709563574615663,1.136470228273422
2019-07-25,0.876772512189562,0.773900634934981,1.1329264670563604
2019-07-26,0.8762885599880404,0.7749242264561468,1.130805477582562
2019-07-29,0.8753635672742285,0.7747517913410014,1.129863237565518
2019-07-30,0.8798347274878535,0.7788494333950371,1.1296595847192408
2019-07-31,0.8717553766437591,0.7757295192909541,1.1237878087204625
2019-08-01,0.8636928883532293,0.770551328520983,1.1208765157942493
2019-08-02,0.8499875960661414,0.7609717984453878,1.1169764737702588
2019-08-05,0.8389177080715712,0.7518051894184095,1.1158711324147035
2019-08-06,0.8204538700959206,0.7357596403402561,1.115111274269539
2019-08-07,0.8146835149148024,0.7319310000440012,1.113060541042566
2019-08-08,0.8200301721852791,0.7366361110550629,1.113209303587864
2019-08-09,0.8104688316920098,0.7278160102430618,1.113562796483888
2019-08-12,0.8292106470746511,0.7412162885068784,1.1187161695340375
2019-08-13,0.8254060863044584,0.7369984034861069,1.1199564102176758
2019-08-14,0.8288219932756896,0.7410248676601431,1.1184806737900368
2019-08-15,0.8331966403845285,0.7446177870692863,1.118958820019431
2019-08-16,0.8369534777602822,0.7471664912409876,1.120169985634882
2019-08-19,0.8628320129814312,0.7712743498522341,1.118709591660527
2019-08-20,0.8633648654575065,0.7708899446279266,1.1199586548949128
2019-08-21,0.8637498518998329,0.7724894366739847,1.1181380752839511
2019-08-22,0.8644457076800937,0.7733105137248587,1.1178507111150704
2019-08-23,0.8623966830190793,0.7733089501940219,1.1152032868657547
2019-08-26,0.8554990465025354,0.7681766229952639,1.1136749295582375
2019-08-27,0.8711657507875572,0.7809377894160716,1.1155379629393418
2019-08-28,0.8715914866262305,0.7796831676003045,1.1178790601685038
2019-08-29,0.8746804479125988,0.7806308161951109,1.1204790148765804
2019-08-30,0.8611343110120309,0.7730858864613035,1.1138921639790336
2019-09-02,0.8815843887094638,0.7923572974711962,1.1126096667791605
2019-09-03,0.8912505937216386,0.7980338078550139,1.1168080662111
2019-09-04,0.9014450961189828,0.8058003122445522,1.1186953919241016
2019-09-05,0.9107021084388889,0.8129418510224622,1.1202549201932102
2019-09-06,0.9137231889159347,0.8155095409257533,1.1204322488719027
2019-09-09,0.9304324633007488,0.832725876785281,1.117333433773743
2019-09-10,0.9343364943647684,0.8298543407227028,1.1259042081422075
2019-09-11,0.9266356621529985,0.8254213585310957,1.1226213770407176
2019-09-12,0.9311355854832617,0.8294271989888559,1.122624850762547
2019-09-16,0.9331407064972651,0.8306501034647904,1.1233860112759488
2019-09-17,0.9151205731600968,0.8132646084594898,1.12524332626935
2019-09-18,0.9152751838230049,0.8133578991327528,1.1253043522401662
2019-09-19,0.9254568622605499,0.8213680165174362,1.1267261978186658
2019-09-20,0.9275517288467384,0.8233946502973413,1.126497152382256
2019-09-23,0.9205932079293463,0.81817379747168,1.1251805066040526
2019-09-24,0.9201582272066829,0.8196388258657722,1.1226386527440713
2019-09-25,0.9009633428373216,0.8048099271402062,1.1194734464058922
2019-09-26,0.8781295996553298,0.7863358424032378,1.1167360716656987
2019-09-27,0.8874410951846559,0.7919348463298593,1.1205986190624273
2019-09-30,0.8712844008892451,0.7816940171641423,1.1146105531805424
2019-10-08,0.8687124168466916,0.7818300443469449,1.1111269298589295
2019-10-09,0.8786733965092788,0.7883466919670761,1.1145773876678804
2019-10-10,0.8917847219352658,0.7983786780853047,1.1169946623248634
2019-10-11,0.891784495091135,0.7998279222633301,1.1149704458523888
2019-10-14,0.9108769527041753,0.8117900499726777,1.1220597650030726
2019-10-15,0.8967133906697318,0.8006948628854174,1.1199190006518813
2019-10-16,0.8917408275603396,0.7971130370998306,1.1187131386092959
2019-10-17,0.8894873390955912,0.7957666881416372,1.1177740314473592
2019-10-18,0.8770459413371386,0.7850021505994377,1.1172529153804422
2019-10-21,0.8744549850440755,0.7832982742565601,1.116375477622536
2019-10-22,0.8848916673923278,0.7919221891754661,1.1173972386272695
2019-10-23,0.8762588628436034,0.7858533070054581,1.115041261558905
2019-10-24,0.8750934450184381,0.7844389072289387,1.1155660905573133
2019-10-25,0.880014613713158,0.7901850319619194,1.1136817050662227
2019-10-28,0.8952909265314816,0.8044080252612963,1.1129810971747376
2019-10-29,0.8844848483381048,0.7922639323440835,1.1164017598544034
2019-10-30,0.8735489815227756,0.7828014437197011,1.1159266357147506
2019-10-31,0.8669051073820574,0.7779792912574266,1.1143035773881622
2019-11-01,0.8748263099943222,0.7850875491646673,1.114304144709895
2019-11-04,0.8755558858303163,0.7891203419159001,1.1095340461057688
2019-11-05,0.8809067367765431,0.7950467938720596,1.1079935716567397
2019-11-06,0.8664473255153436,0.7870462065800957,1.100884952206637
2019-11-07,0.8752924388328364,0.7921626751089375,1.1049402683766525
2019-11-08,0.868385508167372,0.7891915197958996,1.100348250564012
2019-11-11,0.8437508486079491,0.771451550013739,1.0937185213937577
2019-11-12,0.8458868808223169,0.7723138000433158,1.0952631958342252
2019-11-13,0.8437796428924655,0.7713534942941161,1.0938948862410072
2019-11-14,0.8524675445345192,0.7771391540211131,1.0969303761413103
2019-11-15,0.8425095916466414,0.7702302090686411,1.0938412720339807
2019-11-18,0.8487804825766044,0.7740303335405865,1.096572635201639
2019-11-19,0.8636813367870596,0.7871062908365387,1.0972867919390363
2019-11-20,0.8574124100967707,0.7825451735701624,1.0956714564924677
2019-11-21,0.8548005947711463,0.7824565734894098,1.092457554492915
2019-11-22,0.8452870983395621,0.7758687479892791,1.0894717702319958
2019-11-25,0.8398385866931236,0.7754605919870219,1.083019041033589
2019-11-26,0.840451459310693,0.7724008365932313,1.0881027304651911
2019-11-27,0.8455146674078863,0.7758972638135885,1.0897250278369632
2019-11-28,0.8419256340695345,0.7735241218187063,1.0884284152509722
2019-11-29,0.8414036510011752,0.7744227053267766,1.0864914538451391
2019-12-02,0.8412419542263398,0.776080718098441,1.0839619315469624
2019-12-03,0.8421511158371846,0.7794079117191757,1.0805011126710447
2019-12-04,0.8417673353723908,0.7784934695411891,1.0812773238399707
2019-12-05,0.8499459307030199,0.7859181563082608,1.081468755850508
2019-12-06,0.8576618615493301,0.7927069327478464,1.0819406594267107
2019-12-09,0.8619508584173382,0.7949360809980432,1.0843020955032734
2019-12-10,0.8619341921037319,0.7988042562883145,1.0790305451159636
2019-12-11,0.8591871245385879,0.7953600956702165,1.0802492219761002
2019-12-12,0.8528488216704836,0.792942653634958,1.0755491809665019
2019-12-13,0.8648582675024452,0.8027025853875815,1.0774330159717276
2019-12-16,0.8791753952460863,0.8173131109729396,1.0756898224714702
2019-12-17,0.8928509182695612,0.8283909503132962,1.077813462269097
2019-12-18,0.8929440058414782,0.828242191522251,1.0781194377459928
2019-12-19,0.8975947786250262,0.8292895338213665,1.0823659795739964
2019-12-20,0.8903968376483415,0.8202621534927138,1.085502767446957
2019-12-23,0.8716783766624595,0.804389039529706,1.0836527275062013
2019-12-24,0.8841961887912695,0.8166850182996376,1.082664881782933
2019-12-25,0.8905668410842024,0.8200122119203722,1.086040949315376
2019-12-26,0.8990644892408202,0.8257140366129764,1.0888327548950512
2019-12-27,0.8904744660659445,0.8193935748859404,1.0867481676188375
2019-12-30,0.89874890188161,0.8293211767073496,1.0837163298420873
2019-12-31,0.9007930551084087,0.833390302937076,1.0808777735159485
2020-01-02,0.9220457544872944,0.8489707388182027,1.0860748342997248
2020-01-03,0.9216902364403393,0.8512647363712025,1.0827304328020786
2020-01-06,0.9364896348642002,0.8598412241880584,1.0891425166879156
2020-01-07,0.9496423062986595,0.8701232263324782,1.0913882971511402
2020-01-08,0.9363687872856579,0.8580930478048046,1.0912205729682816
2020-01-09,0.9484390110936584,0.8697593703705973,1.0904613889811114
2020-01-10,0.9462916919782836,0.8670207344291481,1.0914291370451803
2020-01-13,0.9571505718636163,0.8795825134413375,1.0881873584762347
2020-01-14,0.9549672754290925,0.8768455154845746,1.0890940976089103
2020-01-15,0.9505801192341414,0.8748995896773888,1.086501960281704
2020-01-16,0.9468139729148304,0.8745262036227883,1.0826593519926386
2020-01-17,0.9409783708980902,0.8717385770484524,1.0794272453607263
2020-01-20,0.9516368458111144,0.8839981478860409,1.0765145244781587
2020-01-21,0.9367601357045621,0.873936082412666,1.0718863250484616
2020-01-22,0.9466962955934308,0.8820948841345453,1.073236352030619
2020-01-23,0.9076258717410594,0.8508059517513722,1.0667836418782968
2020-02-03,0.8304645954349097,0.7769477331743776,1.068880904049849
2020-02-04,0.8474734578919099,0.790485676605683,1.0720921111827482
2020-02-05,0.8748085732474458,0.8106557455774953,1.0791369555078516
2020-02-06,0.9058820966976101,0.8357998528643009,1.0838505098955642
2020-02-07,0.919025866286167,0.8427847407431324,1.0904633435529556
2020-02-10,0.9233221602042128,0.8524971709398566,1.0830794419954186
2020-02-11,0.9126891776989837,0.8482018539157382,1.076028274974334
2020-02-12,0.9269867221296673,0.8638122946981617,1.073134438834979
2020-02-13,0.9144578884589043,0.8563590921067806,1.0678439650931846
2020-02-14,0.9094231993629444,0.857618404515058,1.0604054140806125
2020-02-17,0.9399618812383901,0.8850897902255327,1.061996072736163
2020-02-18,0.956702623665761,0.895590091056311,1.0682371692359507
2020-02-19,0.93865561557605,0.8864852042704621,1.0588508539728216
2020-02-20,0.9491825305666457,0.9028518728009566,1.051315901491078
2020-02-21,0.9591569020292028,0.9150846402527714,1.04816195118766
2020-02-24,0.9669678107858867,0.9279691022481389,1.0420258696580176
2020-02-25,0.9737797977115945,0.9330713500917507,1.0436284402214695
2020-02-26,0.9494615988091561,0.9086550291825561,1.0449087588975439
2020-02-27,0.9531161203071051,0.9102908547071077,1.0470456946574254
2020-02-28,0.9040789008747492,0.8624421949620185,1.0482776772239957
2020-03-02,0.9399864849568716,0.8948955855493692,1.0503867715246595
2020-03-03,0.951918342696634,0.9033755811774391,1.0537348612588413
2020-03-04,0.9473018972989885,0.904402374214128,1.0474341115282206
2020-03-05,0.9578473791282073,0.9177884317927144,1.043647256761829
2020-03-06,0.9517908804407821,0.9118935482686886,1.0437521816530473
2020-03-09,0.9000667612661636,0.8742335255409066,1.0295495825434897
2020-03-10,0.9375507362947585,0.8978525201771769,1.0442146290459238
2020-03-11,0.9186492854905873,0.8843130132150346,1.0388281883930655
2020-03-12,0.9044450720572835,0.8691803427840311,1.0405723962420705
2020-03-13,0.9006426505313653,0.8633771864024317,1.0431624378265234
2020-03-16,0.8546989806513935,0.8227033463059217,1.0388908523213594
2020-03-17,0.8577114891163543,0.8245938784491748,1.0401623290357969
2020-03-18,0.8447554319691867,0.8099453814006371,1.0429782691128537
2020-03-19,0.856539581201548,0.8160126255859589,1.0496646183464229
2020-03-20,0.8684221645951085,0.8257361494062394,1.0516944973519244
2020-03-23,0.8279486726908365,0.7908717198146762,1.0468811211062756
2020-03-24,0.8431467532321467,0.8062385476019547,1.045778269644847
2020-03-25,0.8661164971016786,0.8254419077935213,1.0492761379379005
2020-03-26,0.854715125411272,0.8173242045964954,1.0457479670912673
2020-03-27,0.8483214538045627,0.8127725429689894,1.0437378343339652
2020-03-30,0.826734857316461,0.795393302087036,1.0394038460560175
2020-03-31,0.821803063443667,0.7976019010748061,1.0303424080813357
2020-04-01,0.8225148030667309,0.7940849245920223,1.0358020629711804
2020-04-02,0.8506244953152745,0.814332500021031,1.0445665564045477
2020-04-03,0.8456026688418673,0.8079788318771751,1.0465653745869565
2020-04-07,0.8768269669684609,0.8332969378099631,1.0522383164792393
2020-04-08,0.8794036193181518,0.8340452734500008,1.054383553641552
2020-04-09,0.8897013810609681,0.842060155881044,1.0565769854412328
2020-04-10,0.8710458512761314,0.824032273063362,1.057053078804784
2020-04-13,0.859320390411213,0.8178099415097984,1.0507580634502685
2020-04-14,0.8813669713249901,0.8367016378878941,1.0533826293801047
2020-04-15,0.8811386385970265,0.8335627380522211,1.0570753686230931
2020-04-16,0.8874320236506004,0.8411915772742707,1.0549701728186145
2020-04-17,0.8886823301795322,0.8414257346305455,1.0561625270110573
2020-04-20,0.9010744552774089,0.8514467015790671,1.0582863890438516
2020-04-21,0.8935490647440282,0.8454489972890586,1.0568929262548101
2020-04-22,0.9034493058461074,0.852369035865087,1.0599274115221442
2020-04-23,0.9048083939774442,0.8476497041687954,1.0674319704561197
2020-04-24,0.8868291369380683,0.8343221673158151,1.0629336863854149
2020-04-27,0.8840732045292796,0.8330834041699643,1.0612061170635354
2020-04-28,0.8752627197166079,0.8270920284571525,1.0582410295373206
2020-04-29,0.8726221298305289,0.8269274854500405,1.0552583451203341
2020-04-30,0.8926117652871652,0.84702794007269,1.053816200219515
2020-05-06,0.9111007307328849,0.8624469600083783,1.0564136381488711
2020-05-07,0.9128469429687099,0.8615657242472117,1.0595209596648067
2020-05-08,0.9252738710396711,0.8713667545246884,1.0618650140541428
2020-05-11,0.9242050901524106,0.8695457622767487,1.0628596334395861
2020-05-12,0.9265769614687009,0.8721198552110859,1.062442227329447
2020-05-13,0.9336054338440053,0.8758883367970483,1.0658954967456435
2020-05-14,0.9255330037607091,0.868109249706966,1.0661480730370363
2020-05-15,0.9261740534607448,0.8714031624570313,1.0628536748125632
2020-05-18,0.9219241200311706,0.8667976706964293,1.063597828188036
2020-05-19,0.9330953957808821,0.8777236241840671,1.0630856571147764
2020-05-20,0.9252414433491559,0.8685189692400598,1.0653094245698829
2020-05-21,0.9137234495428243,0.8584679973902413,1.0643651857967455
2020-05-22,0.8938732861271907,0.8429730345281936,1.0603818265995728
2020-05-25,0.8877713748058401,0.8411330565486641,1.0554470162527463
2020-05-26,0.9124772487398407,0.8575250393879453,1.06408233792347
2020-05-27,0.902942706432061,0.849502339302718,1.0629078516407706
2020-05-28,0.9009330291885176,0.8481844317149847,1.0621900090371594
2020-05-29,0.9108893033190132,0.8553307355392546,1.064955654545409
2020-06-01,0.9442652779640869,0.881140906962542,1.0716393604050758
2020-06-02,0.9431921251308397,0.880659935095599,1.0710060575521159
2020-06-03,0.9496595937355733,0.881588672412665,1.0772139246488013
2020-06-04,0.9499422381582203,0.8822910700276402,1.076676700500279
2020-06-05,0.9493303246817267,0.88366273329462,1.0743129577755008
2020-06-08,0.9466867139756978,0.8820616777177251,1.0732658927266692
2020-06-09,0.9599794588205612,0.8876116165576107,1.0815309769644654
2020-06-10,0.9616881377225703,0.8883805759139243,1.0825181952377005
2020-06-11,0.9576182540004434,0.8842449623967088,1.0829784671940448
2020-06-12,0.9627747167933853,0.8846231134976691,1.088344518816286
2020-06-15,0.9616778409286475,0.884488575391854,1.087269940714154
2020-06-16,0.9843303701113004,0.9010467392229334,1.0924298676894288
2020-06-17,0.9895044439581591,0.9073940787895926,1.0904903030424187
2020-06-18,0.9965587929877513,0.9072327372980035,1.0984599122335315
2020-06-19,1.0118080927267372,0.9155781948202583,1.10510287209862
2020-06-22,1.006324350504012,0.9150846402527715,1.0997063071958433
2020-06-23,1.0165319466260514,0.9182978450301176,1.1069741175236145
2020-06-24,1.0118974278721544,0.9158851680412188,1.104830019287543
2020-06-29,1.0099468585376734,0.9116688465512841,1.107800121017803
2020-06-30,1.0292740511805205,0.9278029957101901,1.1093670272024279
2020-07-01,1.0374979503113753,0.9305669459604258,1.1149095235062185
2020-07-02,1.0551857028757368,0.9453420145528958,1.1161946540319507
2020-07-03,1.070604079345,0.9574022724357157,1.118238498245141
2020-07-06,1.1093714826678005,0.9966935045493882,1.1130517833256621
2020-07-07,1.124888727998388,1.00937709005915,1.1144385374671708
2020-07-08,1.1472529075706166,1.0339611554909798,1.109570607636454
2020-07-09,1.1756416427830934,1.059010334119836,1.110132361229687
2020-07-10,1.169755820349748,1.0562717726322362,1.1074383039080073
2020-07-13,1.2046953459211789,1.0915649819423323,1.103640521499272
2020-07-14,1.1944354915671918,1.0770429819838776,1.1089951947572985
2020-07-15,1.1733591189385404,1.0503231334289636,1.1171410793437486
2020-07-16,1.1256909397414971,0.9998798314871106,1.1258262286051606
2020-07-17,1.1206309692518746,1.0037701195706454,1.1164219251029464
2020-07-20,1.1620810328494848,1.032602149378393,1.125390871546254
2020-07-21,1.165000777586969,1.038375151950997,1.1219459319669352
2020-07-22,1.1818244923488086,1.0474515973663858,1.1282855411364854
2020-07-23,1.1839667225081505,1.0473566687084366,1.1304331732266302
2020-07-24,1.1215956429992073,0.9941811338561803,1.1281602565206783
2020-07-27,1.1188815083680435,0.9965163043878829,1.1227929773365066
2020-07-28,1.1307662522650104,1.0061543551890844,1.1238496821419692
2020-07-29,1.1651836889208587,1.033146332563453,1.1278012147899643
2020-07-30,1.1638788743837511,1.0301672851423815,1.1297959964074078
2020-07-31,1.176955382616422,1.0409619020397272,1.1306421304278482
2020-08-03,1.2092628210304819,1.066297430173268,1.134076465732439
2020-08-04,1.2008498631614597,1.0596368632623008,1.1332654655524224
2020-08-05,1.2132595590963273,1.071523048045289,1.1322757464803013
2020-08-06,1.2129590689002878,1.0711212206202285,1.1324199778227984
2020-08-07,1.2015633476301109,1.0582398856865345,1.1354357021334487
2020-08-10,1.2076441988831659,1.0640018690894313,1.1350019525028308
2020-08-11,1.1848594330942226,1.0443127719845617,1.1345829189109435
2020-08-12,1.1694970364008266,1.0328505274198976,1.1323003719834248
2020-08-13,1.1731498978551094,1.036688697808872,1.1316318006887307
2020-08-14,1.1886233598134899,1.047905691393705,1.1342846685302679
2020-08-17,1.215731480941181,1.0670473293441423,1.1393416650866153
2020-08-18,1.2322219527668343,1.074143004550839,1.1471675070695984
2020-08-19,1.2023212507681695,1.054662750493458,1.140005418988795
2020-08-20,1.1909624487181558,1.0431958153362835,1.141648031184096
2020-08-21,1.2002440570446338,1.0511299897946074,1.1418607295936476
2020-08-24,1.2146965170985728,1.0582525428409275,1.147832363187774
2020-08-25,1.2015316283106638,1.0524921229688675,1.1416062905263233
2020-08-26,1.17422500056227,1.0324518270565104,1.1373169864108341
2020-08-27,1.1856729837220081,1.0408226733414012,1.1391690574106992
2020-08-28,1.2035297867947752,1.058608506694775,1.1368978986882303
2020-08-31,1.2025311626096684,1.0550044936620755,1.1398351095505823
2020-09-01,1.2144259449559311,1.0616540414033355,1.1438998935572795
2020-09-02,1.2141537838181766,1.0627773266288105,1.1424347823353935
2020-09-03,1.2012245789808706,1.054026765712123,1.139652822923617
2020-09-04,1.192107957566107,1.047117820759651,1.1384659242082904
2020-09-07,1.161861771110897,1.0250049530423264,1.13351820170465
2020-09-08,1.1661340264485518,1.0323284570281015,1.1296153065523873
2020-09-09,1.1290186013622863,1.0045026709946163,1.1239577892255672
2020-09-10,1.1212474285823624,0.9865222152789842,1.136565817998613
2020-09-11,1.141006768027126,0.9986093510014272,1.1425957176176045
2020-09-14,1.1489870555128263,1.0048222269161207,1.143472969382016
2020-09-15,1.1589786440235885,1.0106189802666743,1.1468007890745988
2020-09-16,1.151915010706513,1.0052335844339009,1.1459177533898413
2020-09-17,1.1550560861755734,1.0073187389394125,1.146663952059217
2020-09-18,1.1743865052310667,1.0235272674938412,1.147391518065378
2020-09-21,1.173982472464946,1.0198077765407656,1.1511801532315706
2020-09-22,1.1564222268906037,1.005994577228332,1.1495312728988287
2020-09-23,1.16148397269011,1.011275588764286,1.1485335803560424
2020-09-24,1.134158658555236,0.9879571643179303,1.1479836368596412
2020-09-25,1.1319003577716047,0.9867310583264727,1.147121445322035
2020-09-28,1.1183531327796477,0.977488506373135,1.1441087291442182
2020-09-29,1.131838773879053,0.9854464316094086,1.148554337987261
2020-09-30,1.1218794852684788,0.9797081989844615,1.1451159502710992
2020-10-09,1.1585061000564942,1.0058869914159894,1.1517258995721404
2020-10-12,1.1923303793495807,1.034872396153443,1.1521520757355201
2020-10-13,1.192739440783393,1.0364893104002542,1.150749389130507
2020-10-14,1.1833860278224795,1.029681622682928,1.1492737189375692
2020-10-15,1.1708498873839277,1.0220353612601254,1.1456060443352178
2020-10-16,1.1629262742139435,1.0170739056456761,1.1434039038447996
2020-10-19,1.1498969170311737,1.005942385079922,1.1431041519736882
2020-10-20,1.162871911677183,1.016192744338359,1.1443418762395579
2020-10-21,1.1433364473087826,1.004627679007712,1.1380698254681532
2020-10-22,1.1356642918577673,0.9994273009906279,1.136315058366028
2020-10-23,1.1119784767010663,0.9829925816418074,1.1312175671191993
2020-10-26,1.120687275725652,0.9831697818033127,1.1398715628445244
2020-10-27,1.1291702318162051,0.9842708797816749,1.1472149131006202
2020-10-28,1.1375786903022094,0.9881723359426156,1.1511946336942083
2020-10-29,1.1353081533393707,0.9896262707131515,1.1472089888248793
2020-10-30,1.110633263365027,0.9668900753688847,1.1486654912051941
2020-11-02,1.1210457409450298,0.9718958310237104,1.1534628559567108
2020-11-03,1.1372131339730251,0.9875031447444603,1.1516045695908197
2020-11-04,1.1336290852427848,0.9862991515462661,1.1493765187423541
2020-11-05,1.1609400531897922,1.0049393428211832,1.1552339566392789
2020-11-06,1.1473198032295804,0.9969133667665836,1.150872123372996
2020-11-09,1.1687525588419059,1.015961714043758,1.150390356925957
2020-11-10,1.1582941629299714,1.0082791191424618,1.1487832495381805
2020-11-11,1.1444650785667922,0.9958628974057946,1.1492195176144264
2020-11-12,1.1475050787412884,0.9991662657947302,1.1484625912871171
2020-11-13,1.147082480607272,0.9978183533057001,1.1495904808796817
2020-11-16,1.1581267740286618,1.010538346747805,1.1460493090201254
2020-11-17,1.1492974393153497,1.0025598722491047,1.1463628967485597
2020-11-18,1.1459490064517834,1.0032037491384735,1.1422893977777655
2020-11-19,1.1517777923416126,1.0063030395262806,1.1445635629639104
2020-11-20,1.1705577735411015,1.0161737586067696,1.1519267877434671
2020-11-23,1.1780625636596476,1.0240746521944244,1.1503678575924638
2020-11-24,1.177890173670602,1.024432254032958,1.1497980164461972
2020-11-25,1.1529278783277874,1.0046845617486329,1.1475520996571702
2020-11-26,1.1499426450172572,1.0021421861541282,1.1474845195673635
2020-11-27,1.1510210446277267,1.004880747641728,1.1454304874772088
2020-11-30,1.1441007831648184,1.0000285158243074,1.1440681591181974
2020-12-01,1.1611925600886754,1.0167480211469757,1.1420652275071599
2020-12-02,1.16373673087279,1.0180706193272195,1.1430805572621594
2020-12-03,1.1590979411281426,1.019004047236796,1.1374811947717334
2020-12-04,1.1661628200853897,1.0227773683229675,1.1401922414430514
2020-12-07,1.1505707285329032,1.0164411223798646,1.1319600350672467
2020-12-08,1.1479265802298648,1.0162781429035894,1.1295397704314933
2020-12-09,1.1279352531621383,0.9978578882997171,1.1303566032674897
2020-12-10,1.1252591024247511,0.9998956157031785,1.1253765740670945
2020-12-11,1.1060314740322648,0.9823866762156191,1.1258616396274368
2020-12-14,1.1127700557248563,0.9902322505931905,1.1237465302289038
2020-12-15,1.1150741648352807,0.9912700627995863,1.1248944225008084
2020-12-16,1.1087570640172055,0.9865016660165584,1.1239282225384453
2020-12-17,1.1276240987955857,0.998123688541975,1.1297438501262107
2020-12-18,1.1240009513742533,0.995437319202785,1.1291529156998363
2020-12-21,1.1423807007091364,1.0123150389553688,1.1284833838762145
2020-12-22,1.1121221788993845,0.9888146493011482,1.1247023693321947
2020-12-23,1.1185727055804031,0.9979179725561602,1.120906463599595
2020-12-24,1.1045410722986975,0.9817206120791374,1.1251073459275187
2020-12-25,1.1166127419070044,0.9933141187802444,1.1241285317459964
2020-12-28,1.1103281570363988,0.9879318500091447,1.1238914475994686
2020-12-29,1.0990175522898957,0.9808710192039539,1.12045063089113
2020-12-30,1.1135153288507573,0.9918507283708384,1.1226642245650802
2020-12-31,1.1316560452661062,1.007333034078493,1.1234179829130133
2021-01-04,1.1503528223032808,1.0256346092464663,1.1216010184645047
2021-01-05,1.15767533445768,1.034643003843529,1.1189128328873883
2021-01-06,1.1492719434222138,1.0328093544411963,1.1127629106768016
2021-01-07,1.1421995632703361,1.0343882972248275,1.1042270744310978
2021-01-08,1.148481995456755,1.0374702398657307,1.1070023518027767
2021-01-11,1.1309457253003679,1.0213012463053186,1.1073576277241426
2021-01-12,1.143445567297137,1.0351967171213081,1.1045683862646407
2021-01-13,1.1305114656953423,1.0278685225430226,1.0998599926947596
2021-01-14,1.1170581310174355,1.0188474707915667,1.0963938793994028
2021-01-15,1.1221830950474645,1.0153051799999964,1.105266787910477
2021-01-18,1.1378869412356707,1.0306450554938023,1.1040531705558776
2021-01-19,1.1274626750453962,1.0246189098333336,1.1003726987908036
2021-01-20,1.1402803857186805,1.0339611554909804,1.102827102994226
2021-01-21,1.1577434955581376,1.047737946871071,1.1049933802775622
2021-01-22,1.1524394176045405,1.0501601539526892,1.0973939672600252
2021-01-25,1.1533702529523584,1.0513467249501303,1.0970408006997574
2021-01-26,1.1329610728022619,1.033571985220313,1.0961607793198491
2021-01-27,1.136202064479006,1.0374006255165678,1.095239424897436
2021-01-28,1.1138033877742701,1.01481155097866,1.0975470142216501
2021-01-29,1.0999992255982398,1.0040153705504773,1.0955999856806344
2021-02-01,1.1091004346507225,1.0114733381882182,1.096519693378549
2021-02-02,1.125669336711881,1.021204754116532,1.1022954330894432
2021-02-03,1.1085274863466212,1.0124305168757441,1.0949171008470018
2021-02-04,1.091022252263471,1.0012704804856807,1.0896378885895597
2021-02-05,1.0707487187882927,0.9872025001006962,1.0846292616551059
2021-02-08,1.0820167284928242,1.0003797146317945,1.0816060268585888
2021-02-09,1.1113293910890585,1.0216936180915086,1.0877325368489497
2021-02-10,1.1170768716346005,1.032339476197809,1.08208287815253
2021-02-18,1.140591387058959,1.046478634462793,1.0899327989094383
2021-02-19,1.1637390189362062,1.060549741909451,1.0972979134773724
2021-02-22,1.1594261581543346,1.053205688661249,1.1008544395806525
2021-02-23,1.1546571219064776,1.0491191402307698,1.1005967555338787
2021-02-24,1.1417858501227627,1.0340829619885523,1.1041530438980414
2021-02-25,1.1367938042373202,1.0282229228660327,1.105590800357437
2021-02-26,1.1138798246177344,1.0068963622519256,1.1062507189186186
2021-03-01,1.1365645306039664,1.0265285021620254,1.1071923752825064
2021-03-02,1.12087242515912,1.0178095841313208,1.1012594522930939
2021-03-03,1.1405992213569327,1.032273063364169,1.1049394407713495
2021-03-04,1.112351774135966,1.0128513300323942,1.0982379557129964
2021-03-05,1.1074633605751416,1.013090252435029,1.093153702657074
2021-03-08,1.077648994907456,0.9898193295445727,1.0887330270699953
2021-03-09,1.0489143901187414,0.9663394891527788,1.0854512331254917
2021-03-10,1.0417033049157602,0.9591030217169195,1.0861224303630859
2021-03-11,1.0767440642228143,0.983082745253397,1.095273077898723
2021-03-12,1.0770449845326238,0.9844354227887869,1.0940737803618292
2021-03-15,1.069343811685057,0.9767607199955243,1.0947858465172076
2021-03-16,1.073960931518463,0.9801416692955054,1.0957201036972462
2021-03-17,1.082096870381398,0.9849069390168597,1.098679304119386
2021-03-18,1.090006756007159,0.9925800038254362,1.0981550623690148
2021-03-19,1.0759505617491332,0.9819389107654954,1.0957408347433228
2021-03-22,1.0948939557230328,0.9976158388354082,1.097510597868198
2021-03-23,1.0704549650880637,0.9839275730822208,1.0879408143170437
2021-03-24,1.0474700655956544,0.9718040294274347,1.0778614143149832
2021-03-25,1.051478455995018,0.9741566221598902,1.0793731029243436
2021-03-26,1.0710746649684717,0.9890883416514389,1.0828907994003283
2021-03-29,1.0804113224057812,0.9895867357191348,1.0917803194084286
2021-03-30,1.0819023119441744,0.993608434846811,1.0888618433588237
2021-03-31,1.076459257231279,0.9894490705516459,1.0879380144660933
2021-04-01,1.0861130099859313,0.9985603603685409,1.087678875601548
2021-04-02,1.0864856494465687,1.0009255358015403,1.085480997921101
2021-04-06,1.0954483453370314,1.0035343986835341,1.0915902302642269
2021-04-07,1.0959713036125702,1.0043222693175882,1.0912546073057359
2021-04-08,1.0895849778864921,1.0056940070384175,1.0834159995594663
2021-04-09,1.0868393600800406,1.0022908704913236,1.0843552426525358
2021-04-12,1.0696502670300985,0.9850746090856454,1.0858571088569189
2021-04-13,1.063482800941975,0.9824419954257019,1.0824891503962606
2021-04-14,1.0764565986554944,0.9931100407791152,1.0839247963005108
2021-04-15,1.0704838090198032,0.9929913613432164,1.0780393976154667
2021-04-16,1.0789465971900576,1.0029791218749182,1.0757418311690572
2021-04-19,1.0922562842276946,1.0165328495222905,1.0744918717983285
2021-04-20,1.0906893281101873,1.0170517928524132,1.0724029354014026
2021-04-21,1.0859506375447525,1.0157417773727133,1.0691207762997001
2021-04-22,1.0944547727451754,1.0197302700835698,1.073278694233017
2021-04-23,1.0972114179432864,1.0224657045094958,1.0731033941814685
2021-04-26,1.090776027352951,1.0192841426181327,1.0701393083102266
2021-04-27,1.0863726389427306,1.0198584051583388,1.0652190867359328
2021-04-28,1.0969905729192322,1.026734143693991,1.0684270895798518
2021-04-29,1.0976651701262148,1.0270806519089681,1.0687234425904681
2021-04-30,1.0958883980423917,1.0260965953818189,1.0680167958598505
2021-05-06,1.1049297057822054,1.026672495906711,1.0762241222858329
2021-05-07,1.0960323700434667,1.0195672906072946,1.0749975799935936
2021-05-10,1.1020292599423243,1.0245588255768903,1.0756134566717663
2021-05-11,1.1015134239589894,1.0214025035404644,1.078432273409198
2021-05-12,1.114791231317642,1.030263777331168,1.0820444781679472
2021-05-13,1.1075914840496528,1.0187113691549143,1.087247592974711
2021-05-14,1.1267170425696176,1.0324391699021183,1.0913156681922844
2021-05-17,1.1357875446371197,1.0407198525754193,1.0913480143829686
2021-05-18,1.1401026961411578,1.044114948106781,1.0919321653314364
2021-05-19,1.1315740735969657,1.041708599695079,1.0862673821913262
2021-05-20,1.1108599170519016,1.0360637321972443,1.0721926485121067
2021-05-21,1.1174667189382035,1.0327650544008193,1.0820144564114107
2021-05-24,1.1220372591080727,1.0353375838043197,1.0837404887642323
2021-05-25,1.1349424739461937,1.047290255874797,1.0836942935157754
2021-05-26,1.1405770656596932,1.04864136987935,1.0876712462630773
2021-05-27,1.1497850247100976,1.057690863001266,1.087070962726773
2021-05-28,1.1423472771106737,1.0549633951372226,1.0828311981024563
2021-05-31,1.1526805589533673,1.0645856617223572,1.0827504074106016
2021-06-01,1.1581629670908828,1.0662895380652349,1.0861618029117597
2021-06-02,1.1468896640070803,1.0570612067971272,1.0849794284686043
2021-06-03,1.1438320983030037,1.0548937807880598,1.0843102112598506
2021-06-04,1.1446218691382213,1.058901184776657,1.0809524869685025
2021-06-07,1.1533970555169286,1.063400654255753,1.0846307559629647
2021-06-08,1.1527756643841243,1.0575563993493002,1.0900370562680262
2021-06-09,1.1570725533699775,1.0588758704678705,1.0927367273547544
2021-06-10,1.168379131437962,1.070383978603748,1.0915514009860674
2021-06-11,1.1638025283520108,1.0640999248090548,1.0936966550024396
2021-06-15,1.1543286431138002,1.054249829444842,1.0949289351288385
2021-06-16,1.134080796874985,1.0388450301943837,1.0916746616795976
2021-06-17,1.145719410743654,1.0467364681431681,1.0945633840159157
2021-06-18,1.1613596596451305,1.0533164015352654,1.1025743622261899
2021-06-21,1.178910439457199,1.0611350980732135,1.1109899593349042
2021-06-22,1.185235652117636,1.0662943031115948,1.111546454537883
2021-06-23,1.196162552094672,1.0742300411007557,1.113506889892013
2021-06-24,1.1889141842939956,1.0686801022608703,1.1125070839990017
2021-06-25,1.2021337716477107,1.077941639945798,1.1152122963801245
2021-06-28,1.2015724117598081,1.0803321296875839,1.1122250081623373
2021-06-29,1.1898000366894967,1.0703492086560913,1.1115998657890218
2021-06-30,1.1966305028995994,1.0771141598638778,1.110959773336213
2021-07-01,1.177539368277705,1.0626364599457994,1.1081300262723588
2021-07-02,1.168247199131533,1.0533622651064787,1.1090649796662702
2021-07-05,1.1759388622422318,1.0617410034994028,1.107557171067561
2021-07-06,1.1735450990725707,1.0615021555506174,1.1055513104105144
2021-07-07,1.1829323670559018,1.0701450562011134,1.1053944137771097
2021-07-08,1.1795662328909853,1.0676960457337212,1.1047771859831015
2021-07-09,1.1858576402960999,1.0765383337928354,1.1015470634641622
2021-07-12,1.2012595133206696,1.0923338668447977,1.0997182727571224
2021-07-13,1.2072741730221404,1.1014260964762534,1.0961009339478356
2021-07-14,1.2014067421745498,1.0914431754447609,1.1007506109376506
2021-07-15,1.2066460101357783,1.096768487021091,1.100182968798751
2021-07-16,1.2065930194773389,1.0956151224404698,1.1012927758697482
2021-07-19,1.2052538004003568,1.0899543962727187,1.1057836956499498
2021-07-20,1.2084136578144615,1.0918196885610347,1.1067886670985865
2021-07-21,1.2276111405786958,1.1050158888237227,1.1109443339185596
2021-07-22,1.236213585040353,1.1116622350494598,1.1120406415401454
2021-07-23,1.2272956278617928,1.1052073096704582,1.110466441112969
2021-07-26,1.2032290846300642,1.0866114928897668,1.1073222513321308
2021-07-27,1.179601532103084,1.0630462539327432,1.1096427156759587
2021-07-28,1.1635724514928742,1.047655675367515,1.110643963327642
2021-07-29,1.183604937575718,1.0693160870422063,1.1068803246471692
2021-07-30,1.1822447991290705,1.0706497788460065,1.1042311150555189
2021-08-02,1.2003522705730876,1.0872110697387596,1.1040655342678898
2021-08-03,1.1897826683366508,1.0783529230097295,1.1033332807369929
2021-08-04,1.2148233100898091,1.0965991789676195,1.1078097935778963
2021-08-05,1.2046188785799583,1.0935125457342056,1.1016049914371615
2021-08-06,1.207992644860319,1.0977905150114202,1.1003853907844636
2021-08-09,1.2214356569992657,1.1042232531433092,1.1061491899598173
2021-08-10,1.226835729508584,1.1105041798763287,1.10475561617896
2021-08-11,1.234260999958084,1.1190933248475778,1.1029115915119878
2021-08-12,1.240749168936298,1.1225232647804457,1.1053215624702228
2021-08-13,1.2347560787239003,1.1215249875680664,1.1009617194542995
2021-08-16,1.2348645128774554,1.1157662056806927,1.106741274821193
2021-08-17,1.2024056419370723,1.0907549240611667,1.10236095699683
2021-08-18,1.208315069740746,1.0981290566645148,1.1003397664486843
2021-08-19,1.2112332078047765,1.0990862353520408,1.1020365544081396
2021-08-20,1.20806156071983,1.0948082660748262,1.1034457796441806
2021-08-23,1.2292915207957549,1.1113474441743156,1.10612709575183
2021-08-24,1.238159471388594,1.1218239942271442,1.103702076047675
2021-08-25,1.251719465374758,1.1316677610141606,1.106083877703657
2021-08-26,1.2440001671951464,1.1262633049959478,1.1045375994023192
2021-08-27,1.2507690303639651,1.1359568239149316,1.1010709245562238
2021-08-30,1.254135891057034,1.1433561963732166,1.0968899237483614
2021-08-31,1.2475183679097253,1.1478588673678358,1.086822085340874
2021-09-01,1.2437951777231486,1.1380118990652965,1.0929544574575512
2021-09-02,1.2568052918821773,1.1560335277596314,1.0871702781128152
2021-09-03,1.2484516924680549,1.1515514060274388,1.0841475994327492
2021-09-06,1.2621024785370234,1.1636892448213043,1.0845700294590515
2021-09-07,1.2914112531568962,1.1863969243412615,1.0885153414182551
2021-09-08,1.2964429281691643,1.1935336980728117,1.0862223079771598
2021-09-09,1.308238822734891,1.2051478284901946,1.0855421980669777
2021-09-10,1.3159134535149966,1.2036005285925464,1.0933141206358437
2021-09-13,1.3202563565224925,1.2100997540119243,1.0910310097538312
2021-09-14,1.3171830226897958,1.195523998374223,1.1017620930077652
2021-09-15,1.3259561430576499,1.2011705038567437,1.1038866995153824
2021-09-16,1.303886742537888,1.1781716353318927,1.106703559512007
2021-09-17,1.2974690333835484,1.1700429129651597,1.1089072195612564
2021-09-22,1.3137457741402319,1.179228507723728,1.1140722646505243
2021-09-23,1.322729737860263,1.1870155613756928,1.114332263957251
2021-09-24,1.2901951284044535,1.167641255145968,1.1049584987840848
2021-09-27,1.23949228661303,1.134450622542136,1.092592539493267
2021-09-28,1.2435037550566714,1.1389295427588055,1.0918179820364988
2021-09-29,1.1893880689238754,1.109078686476252,1.0724108969245285
2021-09-30,1.2152068331319617,1.1238538295225715,1.0812854850067095
2021-10-08,1.2042946546065807,1.121912594307896,1.0734300164885
2021-10-11,1.201906162116785,1.1217749291404073,1.0714325404274996
2021-10-12,1.16959545990524,1.0998978567640438,1.0633673415331948
2021-10-13,1.1615948626955106,1.1045492120958589,1.0516460923378947
2021-10-14,1.1679013784606715,1.1087796798171743,1.0533214124678456
2021-10-15,1.1739197201980451,1.1112841584023487,1.0563632274626726
2021-10-18,1.1957471270467286,1.1182358398643604,1.0693156885329038
2021-10-19,1.209217851914458,1.126506992444942,1.0734224110673316
2021-10-20,1.2070439472038916,1.1262569764187509,1.0717304953280071
2021-10-21,1.2033821294077627,1.123005800178225,1.0715724969690998
2021-10-22,1.1941330806779915,1.1115862921231003,1.0742603513014082
2021-10-25,1.2057045205376649,1.1239139137790148,1.0727730173600571
2021-10-26,1.2014763480647235,1.1236670992683466,1.0692458191995127
2021-10-27,1.1852352922518887,1.115150770161783,1.0628475753820605
2021-10-28,1.1621259324906943,1.099595648589443,1.056866616361628
2021-10-29,1.168075150311019,1.1110214852217641,1.0513524408376915
2021-11-01,1.1765769602871428,1.1170745831757054,1.0532662527709469
2021-11-02,1.159847226957722,1.105104488904475,1.0495362552617222
2021-11-03,1.1710726300905432,1.1102858067361199,1.0547488070059339
2021-11-04,1.1801360916549184,1.1191455169959867,1.0544974480375373
2021-11-05,1.1476505072010765,1.1061819105587367,1.0374880444586134
2021-11-08,1.1554369143108891,1.1117287223369485,1.039315519241117
2021-11-09,1.1675215211921446,1.1203953737653938,1.04206206891802
2021-11-10,1.1623068625623476,1.11732296121721,1.0402604286375108
2021-11-11,1.1652995230005954,1.1264247209413851,1.0345116733825954
2021-11-12,1.1737211637512979,1.1322388964926917,1.0366373804919657
2021-11-15,1.171845969317672,1.1229994716010276,1.0434964565450822
2021-11-16,1.1652631786876309,1.1147298825512828,1.0453323239354564
2021-11-17,1.1777204527087073,1.123999386798093,1.0477945686995862
2021-11-18,1.1747790285788973,1.1208589234315833,1.0481060586842044
2021-11-19,1.1905050515893767,1.1343383461372825,1.0495149490831872
2021-11-22,1.2091423011797366,1.1478161308582953,1.0534285663641823
2021-11-23,1.2126283267814144,1.1488144080706746,1.0555476308988057
2021-11-24,1.2133517609557734,1.1479806738654073,1.05694441429075
2021-11-25,1.2042444802879098,1.1444098672495275,1.0522842512553554
2021-11-26,1.2017570643982922,1.1422455683021338,1.05210043947434
2021-11-29,1.2000690176600333,1.1425683257391612,1.0503258235201585
2021-11-30,1.2014627595444585,1.147450636911728,1.0470714128305334
2021-12-01,1.2074059785789006,1.1506275082105808,1.0493456570116422
2021-12-02,1.196950749779194,1.1438482618637147,1.0464244163198337
2021-12-03,1.2099722505248913,1.1552282349248228,1.0473880519407759
2021-12-06,1.201059612178596,1.1455047111045422,1.0484981864635767
2021-12-07,1.20043667358312,1.1401841645745718,1.0528445411544807
2021-12-08,1.212740154670495,1.1553974685244452,1.0496302681182796
2021-12-09,1.2123341884577126,1.158139231527568,1.046794854586406
2021-12-10,1.2108812773317887,1.1559765705648604,1.0474963837200433
2021-12-13,1.2198499083632262,1.1633142952358655,1.048598743571614
2021-12-14,1.209942959847014,1.1587420098920835,1.0441866692653172
2021-12-15,1.2156801453585762,1.1571804893092053,1.0505536142285747
2021-12-16,1.234462434948862,1.1677393853194393,1.0571386479451237
2021-12-17,1.2228498878622198,1.1572279908651046,1.056706109353662
2021-12-20,1.2078583542112993,1.138465993092615,1.0609525111331446
2021-12-21,1.2269843045866642,1.1510435563208714,1.065975564390044
2021-12-22,1.2356974074041112,1.1553136334900527,1.06957744770243
2021-12-23,1.2470423198218286,1.1608082531198547,1.0742879510635854
2021-12-24,1.2317855511708447,1.151564063181831,1.0696630700400267
2021-12-27,1.2229038432881827,1.150613287525351,1.0628278471547192
2021-12-28,1.2233576530333614,1.1527143007007785,1.0612843549261393
2021-12-29,1.2132490064834867,1.1466612027468375,1.058071035783837
2021-12-30,1.2272236291206442,1.1566584189174094,1.0610078213663816
2021-12-31,1.2298869097042275,1.1643220280871156,1.0563116389070037
2022-01-04,1.2327958898831497,1.163540486030258,1.0595212669300196
2022-01-05,1.2054261496498109,1.142690132236734,1.0549020383069867
2022-01-06,1.2094631389429433,1.1438434968173552,1.0573676751305305
2022-01-07,1.1974298889841106,1.1352559153769428,1.0547664828388266
2022-01-10,1.1997859685404384,1.1377508638693976,1.0545243309770511
2022-01-11,1.1857064583722754,1.128854820131037,1.0503622230488763
2022-01-12,1.2002705849422135,1.1386178789453343,1.0541469681241842
2022-01-13,1.1803971175643173,1.1229282937210283,1.0511776434565163
2022-01-14,1.182899623307084,1.1202988815766077,1.0558786077179492
2022-01-17,1.2000046313122723,1.1324366459166237,1.0596660180852389
2022-01-18,1.1997906124267117,1.1332751451682508,1.0586931316212584
2022-01-19,1.1994738652539905,1.1262506478415535,1.0650150280071033
2022-01-20,1.1861091143460027,1.1164464905024032,1.0623967421960825
2022-01-21,1.166250903173978,1.1037629049926412,1.0566136059643656
2022-01-24,1.1670521533030074,1.1041789531029318,1.056941132615679
2022-01-25,1.1192887013984767,1.0669540386708796,1.0490505315419127
2022-01-26,1.1217112382256473,1.073064019365741,1.045334870969451
2022-01-27,1.0871797808140444,1.0451148633038463,1.0402490855189077
2022-01-28,1.0834724783182927,1.0410979292225297,1.040701789818569
2022-02-07,1.0997748273793133,1.0562986504718594,1.041158981778527
2022-02-08,1.1097217252566474,1.0666740177433915,1.0403569476683474
2022-02-09,1.1415830253968953,1.0826277652252694,1.054455706813836
2022-02-10,1.1381830341102614,1.0822259378002088,1.0517055582901609
2022-02-11,1.11789856602154,1.0671217087396652,1.0475830046994783
2022-02-14,1.108608523602185,1.0593188708716332,1.0465295711101559
2022-02-15,1.1204295875202093,1.0695359492594008,1.0475847850612687
2022-02-16,1.123122973038634,1.07139491297052,1.0482810394578916
2022-02-17,1.1207127701565252,1.0708823726714434,1.046532092372362
2022-02-18,1.1392580990799799,1.081360486255109,1.0535414540856562
2022-02-21,1.145281213097522,1.0864374197899342,1.0541621562694015
2022-02-22,1.128322326013529,1.0734089640498814,1.0511579125969512
2022-02-23,1.1465386140083764,1.0896506245672803,1.0522075499784047
2022-02-24,1.1249990957420644,1.0702637356370117,1.051141936592362
2022-02-25,1.1356944962629363,1.0788940535869636,1.052646914205459
2022-02-28,1.1400391495850861,1.0842541351109505,1.0514501284041007
2022-03-01,1.144077326461891,1.0875338271757857,1.0519924050849463
2022-03-02,1.1454503346387146,1.0877236844916842,1.053071061125241
2022-03-03,1.1447855187432772,1.0852413931536227,1.0548671714563191
2022-03-04,1.1329394030605824,1.076425982934132,1.0525009810450743
2022-03-07,1.104854280726576,1.0535743096694894,1.048672381802071
2022-03-08,1.0708684378806494,1.0172654009462605,1.0526932665600612
2022-03-09,1.0545229188150065,0.9976031816810144,1.0570564911772629
2022-03-10,1.0723415958681672,1.0149001510594118,1.0565981242083713
2022-03-11,1.08403741062549,1.024264509510322,1.0583568995705455
2022-03-14,1.0543929800177572,1.000446201919283,1.0539227176783532
2022-03-15,0.9909219849856733,0.9437125176055403,1.0500252635197809
2022-03-16,1.0201203793882967,0.9739762949367107,1.0473770097809048
2022-03-17,1.0452718355273671,0.9915769615666964,1.0541509898292036
2022-03-18,1.0593128038072928,1.001813100139903,1.0573956396251554
2022-03-21,1.064571968613538,1.006040440799545,1.0581800943980697
2022-03-22,1.0648131612054532,1.0059091042092527,1.0585580314858618
2022-03-23,1.074279508088678,1.0122358945134853,1.06129363116985
2022-03-24,1.0638721494233878,1.0036958146289723,1.0599547531406819
2022-03-25,1.0508631225475196,0.9916908759562358,1.0596680357013741
2022-03-28,1.0501082804618658,0.9940703465283147,1.0563722015542034
2022-03-29,1.046478855590114,0.9892908561217304,1.0578070636299775
2022-03-30,1.0746245526365676,1.0090353468905326,1.0650018911113037
2022-03-31,1.0604527948854148,1.000664500605642,1.0597485913046645
2022-04-01,1.0627902438003427,1.0069232400915487,1.055482882393016
2022-04-06,1.0584590789348887,1.0057224484088774,1.052436564988128
2022-04-07,1.0318804662093908,0.9843104892295406,1.0483282231575985
2022-04-08,1.0238977856920433,0.9847107531237643,1.0397954754164787
2022-04-11,0.9936116374237017,0.9539818625955673,1.0415414342577864
2022-04-12,1.0087163891517303,0.9693312681820927,1.0406312292427145
2022-04-13,0.9922567456233874,0.9562664045096969,1.0376363123748384
2022-04-14,1.0113461262286858,0.9692647808946037,1.0434157375399964
2022-04-15,1.003662536235952,0.9604462436134393,1.0449960556458862
2022-04-18,0.9960054500704448,0.9609619854280389,1.0364670665164726
2022-04-19,1.001880791405291,0.9638714929537968,1.0394339896234654
2022-04-20,0.9761239387739535,0.9424373465273471,1.0357441185567755
2022-04-21,0.9433999356288277,0.9112512349101567,1.0352797334994457
2022-04-22,0.9385065845593443,0.9082737510199222,1.0332860368423868
2022-04-25,0.8761205140336458,0.8495371092503747,1.0312916345781857
2022-04-26,0.8551452057371652,0.8280665548915821,1.0327010560752916
2022-04-27,0.8842692337619378,0.860187732403035,1.0279956345013528
2022-04-28,0.8797923979038241,0.8572956470780302,1.0262415316145264
2022-04-29,0.9183300489596997,0.8903834589158794,1.0313871397362298
2022-05-05,0.9310273679155303,0.8996861695795098,1.03483570093188
2022-05-06,0.9136234427560429,0.8802375584081117,1.0379282661016065
2022-05-09,0.9222311857786142,0.8873173749448924,1.0393476019061276
2022-05-10,0.9383096887300018,0.900222460656536,1.0423086845063703
2022-05-11,0.9483107427830133,0.9077737934213892,1.0446553421737819
2022-05-12,0.9470048647909054,0.9086090911574933,1.04225774759143
2022-05-13,0.9566217143967573,0.9171049454554794,1.043088600859798
2022-05-16,0.9574414852924821,0.9161999589163631,1.0450136741163987
2022-05-17,0.9578091701180518,0.9201963437352529,1.04087478355991
2022-05-18,0.9567331083611927,0.9172140947986587,1.043085920491888
2022-05-19,0.9627244902953067,0.9236880059092502,1.0422615473366792
2022-05-20,0.9824766506331953,0.9380976550090027,1.0473074369040682
2022-05-23,0.9920863764637853,0.94383112258759,1.051127000075924
2022-05-24,0.9502641899026545,0.9090173216135998,1.0453752280713828
2022-05-25,0.9690002934316608,0.9246119781799567,1.0480075061747307
2022-05-26,0.9817143898597502,0.9352609633479307,1.0496689462431226
2022-05-27,0.9803311010484896,0.9334194218375644,1.0502578777700737
2022-05-30,0.9882518985605017,0.9402081982771501,1.0510990016587682
2022-05-31,1.0068203608879158,0.953404398539838,1.0560265532966762
2022-06-01,1.0108848900559466,0.952993041022058,1.0607473995526782
2022-06-02,1.0209265792068571,0.9616612559813401,1.0616280658671633
2022-06-06,1.0412131226443997,0.9789075967421647,1.0636480155119745
2022-06-07,1.0482758597183508,0.9787700060285252,1.0710134692131135
2022-06-08,1.0514297650293252,0.9837156029730583,1.0688351001566063
2022-06-09,1.0375797249702714,0.969929281500248,1.0697478102376539
2022-06-10,1.0561777335952267,0.9872389080330386,1.0698299317432098
2022-06-13,1.0510298018007196,0.986213752981036,1.0657221100636283
2022-06-14,1.053811673413175,0.9928505691140533,1.061400079926951
2022-06-15,1.0595595269805187,0.9905549335763674,1.0696625609192743
2022-06-16,1.064673850642664,0.9911498198328494,1.0741805419711563
2022-06-17,1.0667533670463478,0.9992960388541847,1.0675048489830012
2022-06-20,1.0641842494566667,1.0015235491196952,1.0625653789090113
2022-06-21,1.0612003558037755,0.9930768343622945,1.0685984398027233
2022-06-22,1.047045251111865,0.9776625050191168,1.070967993286591
2022-06-23,1.0720241336471736,0.9967899967381736,1.0754764164520019
2022-06-24,1.082752455460756,1.0075181263480302,1.0746729286007282
2022-06-27,1.0968060352090019,1.0137610071640206,1.081917757201274
2022-06-28,1.112848214970713,1.0285709946118462,1.081936221029323
2022-06-29,1.1013261663772673,1.0084705399891967,1.0920756955270754
2022-06-30,1.1095087690871226,1.0210924032578292,1.0865899751552337
2022-07-01,1.1060551649846215,1.0186338626977174,1.0858221049665289
2022-07-04,1.1217211588079314,1.032016718760781,1.0869214988637639
2022-07-05,1.1195219023782939,1.0301815058276114,1.0867229668221519
2022-07-06,1.1067301819984856,1.0154712865379443,1.089868513930779
2022-07-07,1.1146326169041472,1.0209199681426837,1.0917923556064348
2022-07-08,1.106210999545189,1.0132389367722243,1.0917572937624531
2022-07-11,1.0938873161629994,0.9997437298504585,1.094167718687891
2022-07-12,1.0809288907159138,0.9874572067193972,1.0946589719133806
2022-07-13,1.0852375140457535,0.9917304854041015,1.0942867341660376
2022-07-14,1.0959106026719752,0.9971000970208079,1.0990978798882869
2022-07-15,1.08027880289334,0.9803884838061729,1.1018885071960065
2022-07-18,1.1018176536683868,0.9986710732425566,1.103283837080538
2022-07-19,1.1004834410230753,1.0023652498868456,1.097886664713592
2022-07-20,1.111021852411067,1.0142308854074071,1.0954328727277713
2022-07-21,1.1027096855415555,1.0042463263912285,1.0980470195038265
2022-07-22,1.0935875894976441,0.9950591681018236,1.099017650964187
2022-07-25,1.0839586547450633,0.9858371654109126,1.0995311322973425
2022-07-26,1.096983660590866,0.9979749297509287,1.0992096373249052
2022-07-27,1.1039626818062505,1.00181466367074,1.101962989602519
2022-07-28,1.1060995520911885,1.0043365644566673,1.1013235913496524
2022-07-29,1.1038050222174058,0.9957837529639115,1.1084786420063324
2022-08-01,1.1105488178274077,1.0041862421347854,1.1059191723902806
2022-08-02,1.0782549636462877,0.9761484859921381,1.1046013789084255
2022-08-03,1.0694147481377148,0.9689199106643123,1.1037184150798398
2022-08-04,1.0758952980637084,0.9743654652073782,1.1042009764115779
2022-08-05,1.089787205456499,0.992050041325606,1.0985203972173558
2022-08-08,1.1017316596177604,1.000365493946564,1.1013291304873927
2022-08-09,1.1060103770495746,1.0032781285339956,1.1023965793669726
2022-08-10,1.0995645381101966,1.0002057159858118,1.0993383866302502
2022-08-11,1.1147712480315852,1.0187636357571728,1.0942393396315693
2022-08-12,1.109648735859656,1.015835142499825,1.0923511989642032
2022-08-15,1.1133911974334838,1.0193094569269188,1.092299487527771
2022-08-16,1.1209071389755438,1.022850109733803,1.0958664698850746
2022-08-17,1.1241573691853153,1.0273290299504725,1.094252509577687
2022-08-18,1.1233725980115135,1.0234228831970213,1.0976621848656187
2022-08-19,1.103632674538907,1.0112265236775495,1.0913802681176734
2022-08-22,1.113137482134585,1.024035117200407,1.08701104428701
2022-08-23,1.1137050406984723,1.0230416050343873,1.088621455098141
2022-08-24,1.0744562828809174,0.994276062514129,1.0806418090404837
2022-08-25,1.0775596621877983,1.0003069732209575,1.0772289817375655
2022-08-26,1.0703339591572512,0.9964577092084267,1.0741388713902478
2022-08-29,1.072113645524597,0.9983609729599224,1.0738737536444498
2022-08-30,1.07101548907338,0.994489596154128,1.0769499180435789
2022-08-31,1.038713799070767,0.9738940234331549,1.0665573194597813
2022-09-01,1.0319345079304645,0.9693090809349796,1.064608315579874
2022-09-02,1.0414632496547795,0.9728941082360893,1.0704795525414474
2022-09-05,1.0544250287384127,0.9781498054632568,1.0779790813729515
2022-09-06,1.0775783601748672,0.9953819255388512,1.0825777849959641
2022-09-07,1.080712539637499,0.9969624318533195,1.08400527954548
2022-09-08,1.075054401060051,0.9923775638089936,1.0833118767152725
2022-09-09,1.0862410938668774,0.9994004231510047,1.0868927696088753
2022-09-13,1.0837892393814486,0.9967820301762913,1.0872880996758831
2022-09-14,1.0762021138511066,0.9887988650850805,1.088393354657123
2022-09-15,1.0545771058754738,0.9663078462667957,1.0913469345713118
2022-09-16,1.0267659871735837,0.9420545048338762,1.0899220606716866
2022-09-19,1.018530710440709,0.9355125429049587,1.0887408385546193
2022-09-20,1.0235652885038158,0.9426540816828687,1.0858334020858433
2022-09-21,1.0318551322455038,0.9458641593985413,1.0909126030334448
2022-09-22,1.0300090853705546,0.9438564368963768,1.0912772802159068
2022-09-23,1.0149447947834673,0.9317867233746867,1.0892458213051202
2022-09-26,1.0022245340089277,0.9186110723744254,1.091021613116831
2022-09-27,1.0231245646900153,0.9366041852444508,1.092376673955373
2022-09-28,0.9958792284723091,0.9127890047150855,1.091028948999182
2022-09-29,0.9959998540705031,0.913162390769686,1.0907149310332362
2022-09-30,0.9840159791418339,0.9040147674742975,1.0884954699258393
2022-10-10,0.9713690413705217,0.891619095000057,1.089443964152046
2022-10-11,0.9785713999348497,0.8993396613645328,1.0880999048236142
2022-10-12,1.0000989589610791,0.920846549201819,1.086064730142015
2022-10-13,1.006210452822192,0.9224112713002203,1.0908479591796936
2022-10-14,1.0412098834708927,0.945050974455701,1.101749970757476
2022-10-17,1.049127083780611,0.9517209970055384,1.1023473130061727
2022-10-18,1.053221138554147,0.9548963047735541,1.1029691216617596
2022-10-19,1.0402143330037683,0.9449370600661618,1.1008292265846102
2022-10-20,1.0358888076513577,0.9411621754491536,1.1006485754243125
2022-10-21,1.034346693270302,0.9424310179501507,1.0975304012383569
2022-10-24,1.0197071064465948,0.9329416514861449,1.0930020166022552
2022-10-25,1.0163506966180167,0.9286510250545371,1.09443770501231
2022-10-26,1.0326060548399838,0.9447598599046566,1.0929825648437186
2022-10-27,1.0319049531652815,0.9433992158073838,1.0938157843200584
2022-10-28,0.9955400720711701,0.9147318034605978,1.0883409413610194
2022-10-31,1.000651861090672,0.9187360803875211,1.0891613842667407
2022-11-01,1.0265611252158438,0.9399423980348925,1.0921532291362133
2022-11-02,1.038592182654916,0.9489049290607422,1.094516585220976
2022-11-03,1.0417269395392925,0.9487340574764336,1.098017860042058
2022-11-04,1.064889886303489,0.970367516857652,1.0974088351101545
2022-11-07,1.0629134290294335,0.9716252657350926,1.0939540855036083
2022-11-08,1.0629843800182497,0.9704940884015842,1.0953022720303203
2022-11-09,1.0632343374387423,0.968369324448207,1.0979636700538722
2022-11-10,1.0547753578237204,0.9634442767661006,1.094796433234501
2022-11-11,1.0582692618614373,0.9711839033160156,1.0896692771040346
2022-11-14,1.0592395307087261,0.9697426256998729,1.0922893380542722
2022-11-15,1.0786101893998752,0.9866503503537537,1.0932040808713546
2022-11-16,1.06965981014645,0.981514896093322,1.0898049682220485
2022-11-17,1.0680575658670184,0.9836175472534359,1.0858463930918731
2022-11-18,1.0669833160152042,0.9795736608786466,1.089232345281879
2022-11-21,1.0709706959087648,0.9792667621115354,1.0936455084000745
2022-11-22,1.0550557332632922,0.9690923457794582,1.0887050525764828
2022-11-23,1.0526975367943197,0.9675419188201364,1.0880123293035466
2022-11-24,1.0550519835173466,0.9682490814814715,1.0896493512837235
2022-11-25,1.0515759598282823,0.9631531622150563,1.0918055415089658
2022-11-28,1.0500114675583527,0.9579987222230347,1.0960468351375277
2022-11-29,1.0760081923036726,0.975170758042186,1.1034048995315797
2022-11-30,1.0737610801008155,0.9739573092051217,1.1024724286705614
2022-12-01,1.0842395494710093,0.9786956266330032,1.1078414166425856
2022-12-02,1.07955426002583,0.9758336206631447,1.1062892660863644
2022-12-05,1.0873899176829267,0.9832868232545258,1.1058725612571885
2022-12-06,1.082535755668642,0.98267458925114,1.101621805946567
2022-12-07,1.0846309694481526,0.9815291912324017,1.105041988701627
2022-12-08,1.0859751127615624,0.9787241424573127,1.1095824304844177
2022-12-09,1.0896680496036333,0.9796765560984789,1.1122732730720748
2022-12-12,1.0871151851308676,0.9737452646421103,1.1164266719493883
2022-12-13,1.079636300858521,0.9685006610384994,1.114750195111745
2022-12-14,1.0734925438892042,0.9645027126887727,1.1130010623781423
2022-12-15,1.075825497001151,0.9653712912955461,1.114416294229522
2022-12-16,1.0752759655601971,0.9607800946740236,1.1191696950435053
2022-12-19,1.0450022219477608,0.9392035180337254,1.1126472610915372
2022-12-20,1.0290412098733808,0.9299562754878773,1.1065479496157185
2022-12-21,1.0262202269113323,0.9248634832831357,1.1095910320390143
2022-12-22,1.0203351106261742,0.9142983331495544,1.1159761246762276
2022-12-23,1.0205182465276894,0.9118128402959699,1.119218990375738
2022-12-26,1.0260815665629521,0.9244553272808786,1.1099309358527782
2022-12-27,1.029789570946333,0.931163395747745,1.1059171522946185
2022-12-28,1.0226403186717343,0.9274359382327867,1.1026533224713697
2022-12-29,1.0223861753921242,0.9266923676391089,1.103263835005796
2022-12-30,1.0227795509526987,0.9278109622720734,1.1023576919678348
2023-01-03,1.03445064390323,0.9422759305819092,1.0978213603146985
2023-01-04,1.0355464046089278,0.9417301094121633,1.0996212123400466
2023-01-05,1.0469180795916764,0.9509078120626979,1.1009669563243087
2023-01-06,1.0453722269844536,0.9512811981172983,1.0989097956034168
2023-01-09,1.054459535412755,0.9555844817032995,1.1034707611965546
2023-01-10,1.0547594084509608,0.9568944227291499,1.1022735459599515
2023-01-11,1.0454364854619336,0.9514932426803098,1.098732432946124
2023-01-12,1.0429182353616004,0.9516720063726519,1.0958799128039274
2023-01-13,1.0473459800976466,0.9583800748395183,1.0928294604549513
2023-01-16,1.0591692350645794,0.9692157902617173,1.092810544057038
2023-01-17,1.0580061300374155,0.9702378182520465,1.0904606171129156
2023-01-18,1.0597701520775442,0.973215302142281,1.088937000625386
2023-01-19,1.0658006482962292,0.9815797453961256,1.0858013862807607
2023-01-20,1.0756481172428205,0.9890313844566699,1.0875773349030111
2023-01-30,1.0750653998699662,0.9940783130901983,1.0814695237923568
2023-01-31,1.0770778411916693,0.9949990838453814,1.082491289367903
2023-02-01,1.0864251096305222,1.0071431767625942,1.078719624674195
2023-02-02,1.0889630193685644,1.0078123679607496,1.0805215871402913
2023-02-03,1.0856709771926822,1.0036277638106472,1.0817466558224011
2023-02-06,1.0789752630851575,0.9970842383508929,1.0821304976896502
2023-02-07,1.0796376158689442,0.9994431596605451,1.0802391365964592
2023-02-08,1.0702952340775904,0.9916972045334334,1.0792560765371273
2023-02-09,1.0856725965170182,1.005347498823441,1.0798978440664364
2023-02-10,1.079188572326521,1.0021342940460949,1.0768901720440294
2023-02-13,1.0920957056387433,1.0099782304389802,1.081306183366023
2023-02-14,1.0936771019745148,1.012095102284324,1.0806070491854551
2023-02-15,1.092081070619282,1.0100605019425362,1.0812036195049752
2023-02-16,1.0751713735665789,0.9950512759937912,1.0805185617120776
2023-02-17,1.0686424368102097,0.9868133298300296,1.0829225796881712
2023-02-20,1.0895915566056855,1.0040042769269213,1.0852459313626948
2023-02-21,1.0949499847559696,1.0099133811361771,1.0842018783077458
2023-02-22,1.09167485286258,1.0085923464867703,1.0823747142888906
2023-02-23,1.084820223152717,1.0062587394859046,1.078072846062385
2023-02-24,1.0864980046443566,1.0031768712988507,1.0830572710848356
2023-02-27,1.0767113238347912,0.9978563247688803,1.0790244017185289
2023-02-28,1.089057385833359,1.0058189405976643,1.0827568878214142
2023-03-01,1.1052116686826206,1.0128750808103448,1.091162858699616
2023-03-02,1.1025061393187667,1.009725161804965,1.0918873580885597
2023-03-03,1.1020798370161,1.0110050234756691,1.0900834431339723
2023-03-06,1.1002529376354824,1.01178023695533,1.0874426060607651
2023-03-07,1.082750074754755,0.994231762473754,1.089031869250242
2023-03-08,1.084162127667858,0.9969561032761238,1.087472280981243
2023-03-09,1.0815416849853106,0.9944927976696522,1.0875309379008435
2023-03-10,1.0648120801266203,0.9816699834615645,1.0846945491517221
2023-03-13,1.0762483169497892,0.9880141215127007,1.0893045893939222
2023-03-14,1.0654931816962094,0.9792176970248,1.0881065415111921
2023-03-15,1.0711498999455809,0.9847930246273213,1.0876903807791896
2023-03-16,1.0515827000498623,0.9715335385926671,1.0823946454521292
2023-03-17,1.0568265518330893,0.9782336404976508,1.0803416567185895
2023-03-20,1.0483700252013115,0.9746217353569178,1.0756686283190537
2023-03-21,1.0606982889197483,0.9863814230498229,1.0753429293509429
2023-03-22,1.0635484386602736,0.9919282348280348,1.0722030095701987
2023-03-23,1.066575018243132,0.9976269324589655,1.0691120934498253
2023-03-24,1.0643764291346025,0.9983135458578739,1.0661744835085447
2023-03-27,1.0632090966249534,0.9985508302758225,1.0647521031365732
2023-03-28,1.065096039648658,0.9935388204976495,1.0720225699033747
2023-03-29,1.0610752619144026,0.9904743000574991,1.0712799533039927
2023-03-30,1.0612744016947733,0.9945292056019953,1.067112353982985
2023-03-31,1.0755418361670464,1.0030155298072618,1.0723082586505126
2023-04-03,1.0939977876147973,1.0147213873670713,1.078126273117616
2023-04-04,1.0972403145948626,1.0139445359027242,1.0821502318348997
2023-04-06,1.1003269605075898,1.015202284780165,1.0838499646854696
2023-04-07,1.1115025154763378,1.0227361953442653,1.0867929780290926
2023-04-10,1.1080695059419892,1.014200880506112,1.092554273260968
2023-04-11,1.1109166601322373,1.0158399075461866,1.093594228657263
2023-04-12,1.1166626687385037,1.01940907617738,1.0954019292488635
2023-04-13,1.1082090264736795,1.013272143189046,1.093693371442978
2023-04-14,1.1093855273728845,1.0174520567466376,1.0903565627654335
2023-04-17,1.1050364371143861,1.0219087897161945,1.0813454666744553
2023-04-18,1.105063128524018,1.0204232120596757,1.0829458948640542
2023-04-19,1.1033583493940475,1.0152212705117547,1.0868156346230458
2023-04-20,1.114218774777316,1.014397066399207,1.0984049655550019
2023-04-21,1.082774717659997,0.988890592227508,1.0949388397163453
2023-04-24,1.0776311558495377,0.9822837809957875,1.097067035716595
2023-04-25,1.0636733174127488,0.9679453097760348,1.0988981574370806
2023-04-26,1.058688229928889,0.971742381640156,1.0894741753899642
2023-04-27,1.058656648672427,0.9742404571942843,1.086648209746137
2023-04-28,1.0768929109682162,0.9874192352562193,1.090613664912837
2023-05-04,1.0749653996634225,0.9907654146085437,1.0849847843024947
2023-05-05,1.063250359116492,0.9809864971243304,1.083858302059519
2023-05-08,1.0707711054866125,0.9885804919448739,1.0831400318046351
2023-05-09,1.0534028423910897,0.9780437831817526,1.077050803353793
2023-05-10,1.0533277815882716,0.9767512643566552,1.0783991994953332
2023-05-11,1.0525603770263743,0.9736915089628646,1.080999851942344
2023-05-12,1.0395396371154064,0.963752813517899,1.0786372008823193
2023-05-15,1.0476059158351685,0.9744698495041992,1.0750521592517
2023-05-16,1.0323422075936535,0.966787254602903,1.0678070099483017
2023-05-17,1.0349692912277493,0.9685623832796296,1.0685623446610228
2023-05-18,1.0443856232606858,0.9695321446676995,1.0772057729129154
2023-05-19,1.0370627045149416,0.9677760761764123,1.0715936568842186
2023-05-22,1.0335510810208122,0.9674976187797611,1.068272480426732
2023-05-23,1.0191614934680886,0.9575478297112392,1.0643452596779732
2023-05-24,1.011657534831375,0.9501690065153807,1.0647132540572917
2023-05-25,1.00976541346891,0.9473845070027184,1.0658453943516015
2023-05-26,1.0187760516166549,0.9547870809765265,1.0670190997711053
2023-05-29,1.0176027734416238,0.953233526955531,1.0675272581858062
2023-05-30,1.0272237847479004,0.9589527738488883,1.0711932983154082
2023-05-31,1.025185646723132,0.9568153527411178,1.0714561004755458
2023-06-01,1.0283150030465817,0.9573943803276838,1.0740767067116315
2023-06-02,1.0446262731217084,0.96589969026454,1.0815059613857074
2023-06-05,1.0412056455793712,0.9646166270783129,1.0793984017599154
2023-06-06,1.023536435226287,0.9466298427854841,1.0812425184214594
2023-06-07,1.021897781196379,0.9471978512023428,1.0788641252714144
2023-06-08,1.0206215304396162,0.9438976098750809,1.08128415599515
2023-06-09,1.0304339497805646,0.9507685833643731,1.083790490988132
2023-06-12,1.0343964570971167,0.9536369179114282,1.0846858355301103
2023-06-13,1.0419173748579467,0.9562204664846355,1.0896204498616933
2023-06-14,1.0440384014084894,0.9562267950618321,1.0918313592550806
2023-06-15,1.0516286874021792,0.9645691999762626,1.0902573785562084
2023-06-16,1.0595774153159325,0.9726694809725355,1.0893499138643694
2023-06-19,1.0576300754316705,0.9700384308434288,1.0902970870051845
2023-06-20,1.0519917281910942,0.9692046966381614,1.0854174890403365
2023-06-21,1.0308521158949986,0.9478053946132179,1.0876200132999565
2023-06-26,1.010827090855424,0.9313801309032675,1.0853002520840846
2023-06-27,1.0233014280278057,0.941026148266352,1.0874314490761272
2023-06-28,1.0185657793247629,0.9401259267735955,1.0834354742458427
2023-06-29,1.0198484629448865,0.9398522344233041,1.0851157507442308
2023-06-30,1.0313826058257942,0.9490520498671022,1.0867503062347539
2023-07-03,1.038846261869919,0.9559467741343441,1.0867197735048004
2023-07-04,1.0443820382115174,0.9579955951613619,1.0901741547523556
2023-07-05,1.0379534108613482,0.9525469135566224,1.0896611978782598
2023-07-06,1.0319611272129725,0.9474414641974876,1.0892083217901758
2023-07-07,1.0249573209449,0.9431793535901892,1.0867045774946462
2023-07-10,1.0293701580469778,0.9467659444221359,1.0872488222791536
2023-07-11,1.0341259829777405,0.9538774038448996,1.0841288186609452
2023-07-12,1.0223549337065991,0.9433660093905648,1.0837309416809102
2023-07-13,1.03526576643695,0.9562236680001585,1.0826606797990055
2023-07-14,1.0371383832087921,0.9540814818460281,1.0870543060976923
2023-07-17,1.0341827154228111,0.9512606488548723,1.0871707104333186
2023-07-18,1.0329099110268114,0.9495377123265555,1.0878029357001289
2023-07-19,1.0320156562860971,0.948210349099952,1.0883826117967323
2023-07-20,1.02092780464739,0.9374632337585056,1.0890323672260251
2023-07-21,1.022173218986268,0.9374869845364553,1.090333237524024
2023-07-24,1.0204540927952384,0.936075786275459,1.0901404648607687
2023-07-25,1.035552077645247,0.9518839764818144,1.0878973732415076
2023-07-26,1.0328589258991294,0.9494966138017022,1.0877963237421686
2023-07-27,1.02629695491785,0.9431113027718634,1.0882034303920425
2023-07-28,1.0346094303750721,0.9560938949407032,1.0821211555160475
2023-07-31,1.0423166906583066,0.9632133209253497,1.0821244557300795
2023-08-01,1.0458249870759548,0.9648966480058006,1.0838725465959622
2023-08-02,1.0391107518024458,0.9615078065977859,1.080709636127918
2023-08-03,1.043526096428255,0.9648665686506542,1.0815237363727965
2023-08-04,1.0448703669318669,0.969592303377992,1.0776388831590467
2023-08-07,1.0345202854100823,0.9636072562423768,1.0735912154130445
2023-08-08,1.0344274838672427,0.9597105651277958,1.0778535961303057
2023-08-09,1.0321781235407488,0.9526940343629814,1.0834308669004256
2023-08-10,1.0344269415203353,0.9542697756310897,1.0839984330806611
2023-08-11,1.0150392399683204,0.9355441857909429,1.0849719931829511
2023-08-14,1.0141551816712355,0.9360900069606887,1.0833949450694491
2023-08-15,1.0101998921209028,0.9302330948998426,1.0859642574097732
2023-08-16,1.0056237655416533,0.9228669288583774,1.0896736399316522
2023-08-17,1.0107426519616072,0.9293756099166256,1.0875502231571161
2023-08-18,0.9954387832347757,0.9140989457409365,1.088983624664295
2023-08-21,0.9828917831320575,0.9034958241441754,1.0878763983918673
2023-08-22,0.9894475796676128,0.9082864081743162,1.089356364647615
2023-08-23,0.9703923673252369,0.890636602003745,1.089549166452466
2023-08-24,0.9752276703117951,0.8943022628237245,1.0904899952199067
2023-08-25,0.9689758412989979,0.8829966691581389,1.097372023184224
2023-08-28,0.9821718088479543,0.8929527868038575,1.099914601715325
2023-08-29,0.9988076834258589,0.9129155762590183,1.0940854876403936
2023-08-30,0.9918931734105172,0.9136796961151229,1.0856027310532896
2023-08-31,0.9855372501832019,0.9080237349937318,1.0853650760461733
2023-09-01,0.9876945151099977,0.9098273050409185,1.0855846045042332
2023-09-04,1.002901929259377,0.9223226712194682,1.0873655831677316
2023-09-05,0.9929595984618386,0.9158250093309269,1.084224156738484
2023-09-06,0.9917775120705787,0.9160892460423481,1.0826210615998562
2023-09-07,0.9773518417160594,0.9022174515504588,1.0832774737802757
2023-09-08,0.9796307702623973,0.9031540809755583,1.0846773445392965
2023-09-11,0.99167066017963,0.9136132832814833,1.0854380932573386
2023-09-12,0.9888307677241206,0.9130120684478046,1.0830423845384805
2023-09-13,0.977630932215506,0.9042267375834602,1.081178969368035
2023-09-14,0.9729815019668793,0.9021225973463589,1.0785468680520314
2023-09-15,0.9709618765739078,0.9025275518330931,1.0758251918202608
2023-09-18,0.9735838676450113,0.904905458874335,1.0758956729646756
2023-09-19,0.9635106521337942,0.8998760268954091,1.070714879979552
2023-09-20,0.9554464088999405,0.8940396640969897,1.0686845866787955
2023-09-21,0.9493035916432717,0.8878553040066057,1.0692097995691072
2023-09-22,0.9662067559239186,0.9016036540162362,1.0716535493394517
2023-09-25,0.9656737140386803,0.8965156268578545,1.0771409723478151
2023-09-26,0.9624464206439189,0.8933498491825583,1.0773454783975014
2023-09-27,0.9676124897535988,0.8977322772104419,1.0778408154826498
2023-09-28,0.9692091014391232,0.9003300464688793,1.0765042278000048
2023-10-09,0.9649862379164759,0.8951581842761047,1.0780063846445638
2023-10-10,0.9582086281001334,0.8907742671712338,1.0757030859715402
2023-10-11,0.9582580873737316,0.8906824655749581,1.0758694870625434
2023-10-12,0.9655673702209973,0.8973034974919087,1.0760766818806522
2023-10-13,0.9581345334755563,0.8912504739918169,1.0750451881211045
2023-10-16,0.9482828374737251,0.8829112705929093,1.0740409246751559
2023-10-17,0.949842614114052,0.8852322204393817,1.0729869430674375
2023-10-18,0.9328272084384511,0.8740404667094859,1.0672586041127827
2023-10-19,0.9213957689061142,0.864457809572217,1.0658655155907184
2023-10-20,0.9122720131488327,0.858072498542378,1.063164260244355
2023-10-23,0.8891047832777439,0.8369768937690226,1.062281157218071
2023-10-24,0.8999596700279078,0.8467352619908093,1.0628583813929746
2023-10-25,0.9036967960839953,0.8505306958702441,1.0625093256150535
2023-10-26,0.9074022511397477,0.854158385227044,1.0623348864023046
2023-10-27,0.9274673525583229,0.8688876647021503,1.0674191730829248
2023-10-30,0.9373698339997095,0.8774878288431065,1.068242547860239
2023-10-31,0.9345690525327753,0.8746163672343777,1.0685474083774282
2023-11-01,0.9306882044882749,0.8717259198940591,1.0676385584604178
2023-11-02,0.9212395796851329,0.8637332247101287,1.066578838615712
2023-11-03,0.9318206691027637,0.8717875676813391,1.06886207563282
2023-11-06,0.9516078628661735,0.8867699902443101,1.0731168999122311
2023-11-07,0.9513272668517904,0.88772553094715,1.0716457212138317
2023-11-08,0.9510257015250396,0.8872383049568598,1.0718943222038653
2023-11-09,0.9489625636201743,0.8847132771092588,1.0726215918459432
2023-11-10,0.9454718493999344,0.8817136059719115,1.0723117381836729
2023-11-13,0.94854922849149,0.8868506982170292,1.0695703689454186
2023-11-14,0.9536383295586964,0.8908027085416934,1.0705382015731288
2023-11-15,0.959617352749852,0.8961928694208265,1.070771019825246
2023-11-16,0.9492344100647259,0.8874502750660216,1.069619827425382
2023-11-17,0.9541977678291989,0.8909403737091821,1.0710007044092773
2023-11-20,0.9603056008356767,0.8954255480491989,1.0724572276587678
2023-11-21,0.9572770067786415,0.8924686878752406,1.0726169105805765
2023-11-22,0.9428814242537606,0.8816819630859283,1.069412173244002
2023-11-23,0.9517555354528819,0.8896066819053822,1.069861046248425
2023-11-24,0.9412777557106304,0.881289591299738,1.0680686178562724
2023-11-27,0.9406807417938392,0.8806710287191557,1.0681408961095966
2023-11-28,0.9455331423009339,0.8846246770285061,1.0688523244422958
2023-11-29,0.9387437346926902,0.8785857997597949,1.0684713262487768
2023-11-30,0.9374224034076205,0.8772758587339444,1.0685605833956011
2023-12-01,0.9416920050316608,0.8807279859139252,1.0692200317155514
2023-12-04,0.9401992936860046,0.8794939878144341,1.069022991302561
2023-12-05,0.9217153077787762,0.863885036108998,1.0669420921217132
2023-12-06,0.9252599359134753,0.8672723139861758,1.0668620697238398
2023-12-07,0.922906223778021,0.8671647281738333,1.0642801693763237
2023-12-08,0.9242074294664893,0.8698305482505966,1.0625143383676918
2023-12-11,0.9343683668223821,0.8804084299924205,1.0612896639692855
2023-12-12,0.9351600075798552,0.8806188365707457,1.0619350492450292
2023-12-13,0.925467120633138,0.8713366751695422,1.062123455842213
2023-12-14,0.9236750775182246,0.8684604485144536,1.0635775976882063
2023-12-15,0.9163806202645518,0.86220491054407,1.0628339146042391
2023-12-18,0.9049521715932356,0.8519972877951729,1.062153817337965
2023-12-19,0.9041114032329522,0.8511429298736296,1.062232172177224
2023-12-20,0.8909479361550783,0.8399765649063696,1.0606818968269554
2023-12-21,0.8973820277340863,0.8446389394078918,1.0624445379740228
2023-12-22,0.887485173101087,0.8403562795381667,1.0560820389047616
2023-12-25,0.8856059550770032,0.8409384341864062,1.0531162794739095
2023-12-26,0.8744103009355076,0.8319062888113937,1.051092307746396
2023-12-27,0.881078537105026,0.8362175389592776,1.0536475211959564
2023-12-28,0.8950189032334257,0.8516064795398197,1.050977094158636
2023-12-29,0.901242236975163,0.8589520963188584,1.049234574125314
2024-01-02,0.9036946375056684,0.8558243645605913,1.0559346928264368
2024-01-03,0.9036113647250508,0.8545491934823976,1.057412927911989
2024-01-04,0.89704267641937,0.8472588959134424,1.0587586400639146
2024-01-05,0.8843005886609395,0.8356384369188627,1.0582335009881811
2024-01-08,0.8650725146374648,0.8175757841535239,1.0580945906233226
2024-01-09,0.8681671868134676,0.8196245307266924,1.0592254797983371
2024-01-10,0.8646281888269963,0.8160537985646621,1.0595235146846576
2024-01-11,0.8752620129901088,0.8264607342683281,1.059048514585493
2024-01-12,0.873563897539249,0.8236636520551219,1.0605832797885655
2024-01-15,0.872701679282079,0.8216259246516604,1.0621642442113457
2024-01-16,0.8719248347306005,0.8211671400318303,1.061811648596658
2024-01-17,0.8498668559192052,0.800780335904496,1.0612983583809723
2024-01-18,0.8467841162340761,0.8016378208877131,1.0563175715641375
2024-01-19,0.8376003985615357,0.7939599165789274,1.0549655984783837
2024-01-22,0.798838917905842,0.756391695447421,1.0561180440159548
2024-01-23,0.8122009882418602,0.7698029928809446,1.0550764231277452
2024-01-24,0.8258481068052482,0.7805548732687508,1.0580269691313586
2024-01-25,0.8474596949618128,0.8026218774148622,1.0558641856254494
2024-01-26,0.8377371214717712,0.7953300163150702,1.0533201366562046
2024-01-29,0.8184333325870621,0.7796388675599274,1.0497595318054775
2024-01-30,0.7977695975692896,0.7617739642185206,1.0472523806818415
2024-01-31,0.7762167497743904,0.7431036935884572,1.044560478532989
2024-02-01,0.7728213874430602,0.7402163733098122,1.0440479504492146
2024-02-02,0.7473498636662558,0.721941675981462,1.0351942387177635
2024-02-05,0.7196543904476533,0.7056525139081635,1.0198424525719356
2024-02-06,0.7849583369341815,0.7603358136640516,1.0323837478488278
2024-02-07,0.8491793044217558,0.8083790957713992,1.0504716275615995
2024-02-08,0.8713001463566522,0.814811833903288,1.0693268189083136
2024-02-19,0.8632380868738071,0.8134464992135049,1.061210648405819
2024-02-20,0.8590784026816741,0.813345241978359,1.0562284726619597
2024-02-21,0.8608466336285321,0.8130414702729213,1.0587979397158715
2024-02-22,0.8661291874131903,0.8189426823741437,1.0576188127137924
2024-02-23,0.8695998237470598,0.8223236316741249,1.0574909807428101
2024-02-26,0.8691019003633259,0.8219676678202775,1.0573431710130894
2024-02-27,0.8845252537100563,0.8397408440192581,1.0533312271396091
2024-02-28,0.8675051603465643,0.8201624597884047,1.0577235643903693
2024-02-29,0.8928904691973502,0.8459093454397257,1.0555391946086166
2024-03-01,0.8950394032357253,0.8510132312680236,1.0517338278067685
2024-03-04,0.8924059879928039,0.8525588931809858,1.0467382313767726
2024-03-05,0.8857691066400808,0.8467067461664994,1.0461344623158346
2024-03-06,0.8844352127693001,0.846433053816208,1.044896827672025
2024-03-07,0.8735297876300678,0.8349154155876111,1.046249441945302
2024-03-08,0.8791091423566596,0.8463539838281751,1.038701487975904
2024-03-11,0.901379712557521,0.8608221536535339,1.0471149107069924
2024-03-12,0.9038254801865073,0.858080390650411,1.0533109601787105
2024-03-13,0.9015399098368724,0.8567181830223014,1.0523179357025556
2024-03-14,0.8984469409609704,0.8532091731014004,1.0530207237401485
2024-03-15,0.9057046849350898,0.8628946510046519,1.0496121211095641
2024-03-18,0.9140981872336401,0.8746495736511972,1.0451021926618747
2024-03-19,0.9069516626371936,0.86670274203848,1.0464391291806097
2024-03-20,0.9079104481307961,0.8691059633885083,1.0446487383321996
2024-03-21,0.899451605367492,0.864742595546064,1.040137967066963
2024-03-22,0.8837569147527239,0.8518865004673072,1.0374115733351028
2024-03-25,0.8679036175513201,0.8376761643223236,1.0360848911744436
2024-03-26,0.8644690128158665,0.8360419023286089,1.0340020164157804
2024-03-27,0.8385811158973916,0.8158322983627799,1.0278841835267667
2024-03-28,0.854900599996336,0.826452842160294,1.0344215137087331
2024-03-29,0.8623330588950205,0.8363171582097371,1.0311076969184447
2024-04-01,0.8829739451484562,0.8545206776580875,1.0332973422812286
2024-04-02,0.8717301372364262,0.8513581014983144,1.0239288681252448
2024-04-03,0.8607825705646428,0.850309195668362,1.0123171370480692
2024-04-08,0.845726932460259,0.8382837077331988,1.008879123688551
2024-04-09,0.8572797801619421,0.845293984374666,1.0141794405364697
2024-04-10,0.8426518377189803,0.8346259390212526,1.0096161625495843
2024-04-11,0.8455060797970628,0.8387931209706018,1.0080031162137968
2024-04-12,0.8380995565016026,0.8349027584332176,1.003828946588204
2024-04-15,0.8444578755475446,0.8447908252606102,0.9996058791086386
2024-04-16,0.8160763568355973,0.8213490307858453,0.9935804709659142
2024-04-17,0.8428116615388243,0.84479559030697,0.9976515872112627
2024-04-18,0.8421786237721554,0.8463919552913544,0.995022009019747
2024-04-19,0.8340216907224159,0.8408593641983726,0.9918682317554074
2024-04-22,0.8290479233677301,0.833377645782682,0.9948046093666388
2024-04-23,0.8221895656828195,0.8239943016001819,0.9978097713614552
2024-04-24,0.8279765941249493,0.8326593894977906,0.9943760973191382
2024-04-25,0.8283544242559439,0.8320740333340282,0.9955297137885913
2024-04-26,0.8442189523025684,0.8499168238821716,0.99329596565276
2024-04-29,0.8611586297709607,0.8667454785480193,0.9935542221847897
2024-04-30,0.8547360800902388,0.8608363743387635,0.9929135263908772
2024-05-06,0.8708684154190209,0.8746733244291467,0.9956499084814219
2024-05-07,0.871389103454934,0.8744328384956752,0.996519189460019
2024-05-08,0.8612140353260086,0.8636240009130994,0.9972094735850986
2024-05-09,0.8782731382068193,0.8791300573987035,0.9990252645957529
2024-05-10,0.8717774447689807,0.8757491825525717,0.9954647542210493
2024-05-13,0.8612366994389989,0.8709807113156944,0.9888125973972761
2024-05-14,0.8626779986715876,0.870265656546326,0.9912812164680262
2024-05-15,0.8553657703312894,0.8617097179918967,0.992637952748878
2024-05-16,0.8529105538094183,0.8582307129722926,0.9938010151787168
2024-05-17,0.8644117924135052,0.8688654774550367,0.994874137415867
2024-05-20,0.868264758164159,0.8738664680635027,0.9935897415634255
2024-05-21,0.861255922647771,0.8668119658355085,0.9935902555493888
2024-05-22,0.8586134502496396,0.8651823944343042,0.9924074458438794
2024-05-23,0.8448371509370616,0.8483647589381635,0.9958418734819711
2024-05-24,0.8377174734212203,0.8406347369348175,0.9965296895483592
2024-05-27,0.8462664142605046,0.8497981444462727,0.9958440363645777
2024-05-28,0.8375579084246663,0.8410586771531414,0.9958376640969632
2024-05-29,0.8376971300002843,0.8429856916825869,0.9937263921149757
2024-05-30,0.8376897532400402,0.8398768712020602,0.9973959064274628
2024-05-31,0.837873068783288,0.8398578854704704,0.997636723162907
2024-06-03,0.8319044742065632,0.834404438819371,0.9970038934400385
2024-06-04,0.8440003321475582,0.8451436620527839,0.9986471768569516
2024-06-05,0.8300818355149262,0.8350166728227566,0.994090133205187
2024-06-06,0.8205526634134351,0.8272423507790342,0.9919132677874879
2024-06-07,0.8202418627666926,0.8241066524588843,0.9953103282437288
2024-06-11,0.8262549853168607,0.8254497999015545,1.0009754504942665
2024-06-12,0.8308551310539283,0.827898884822796,1.0035707817528525
2024-06-13,0.8261465096415206,0.8218300026527879,1.0052523112745937
2024-06-14,0.8253106893514878,0.8247568579254494,1.0006715087249247
2024-06-17,0.8237592633744016,0.8238139743770028,0.9999335881590956
2024-06-18,0.8256887629620044,0.8275730003240949,0.997723176854063
2024-06-19,0.8155495373389173,0.8177529843150282,0.9973054858638559
2024-06-20,0.8041792623023738,0.8060059537765162,0.9977336501478885
2024-06-21,0.8034414942827187,0.8072336232988105,0.9953023153314712
2024-06-24,0.7841594197394439,0.7899224332351831,0.9927043298768762
2024-06-25,0.7727400767474599,0.7829169216400756,0.9870013731836361
2024-06-26,0.7878630465647368,0.7942763454387571,0.9919256076164806
2024-06-27,0.7711152523696829,0.77966098035319,0.9890391744631932
2024-06-28,0.7721624920596988,0.781991460292382,0.9874308496553041
2024-07-01,0.7771583032325696,0.7915441125283539,0.9818256379295993
2024-07-02,0.7678822544000513,0.7830514597458907,0.9806280862425542
2024-07-03,0.7654752982514514,0.7769509346898996,0.9852299084458552
2024-07-04,0.750057000853845,0.7648605974519335,0.9806453664270255
2024-07-05,0.7548084764290668,0.7698852643844997,0.9804168378680603
2024-07-08,0.7387333826806527,0.7568109450732335,0.9761135029689197
2024-07-09,0.7509000073046885,0.7715686659187998,0.9732121591673262
2024-07-10,0.746327015285604,0.7663889116179918,0.9738228254241917
2024-07-11,0.7640008820876873,0.7815089248946022,0.977597130052896
2024-07-12,0.7627691247779573,0.7782861900245365,0.9800625201301723
2024-07-15,0.7565303835110436,0.7726760924743585,0.9791041691071207
2024-07-16,0.7563512560775412,0.7749637614501617,0.9759827410022481
2024-07-17,0.7505901465531104,0.7683538231567675,0.9768808639089276
2024-07-18,0.7551382025041637,0.771693599478046,0.9785466706150213
2024-07-19,0.7552892594381382,0.7708013445471723,0.9798753787616352
2024-07-22,0.7541673304593159,0.7698409643441233,0.9796404262558817
2024-07-23,0.733808025557086,0.7471886784880989,0.9820920025741182
2024-07-24,0.7243604176111754,0.7385282811830006,0.9808160852701123
2024-07-25,0.7269670126992572,0.7381153601343837,0.9848961991075531
2024-07-26,0.7362041973340279,0.7493371187655764,0.9824739478364783
2024-07-29,0.7301594625984189,0.7449800795003287,0.9801060225504952
2024-07-30,0.7304069778829719,0.7434675495503371,0.9824328961294081
2024-07-31,0.7604774269258214,0.7730732293069086,0.9837068444442452
2024-08-01,0.7541180970409125,0.7677826876782351,0.98220252832394
2024-08-02,0.7459162815977634,0.7576019427689612,0.9845754603948244
2024-08-05,0.7335662594194287,0.7426085010362832,0.9878236761305097
2024-08-06,0.7434149364877827,0.7516153321025092,0.9890896376584185
2024-08-07,0.7423702076276226,0.7517988608412111,0.9874585428301416
2024-08-08,0.7440764145799179,0.7524110948445967,0.9889227041948389
2024-08-09,0.7375302561799574,0.7467947431710715,0.9875943328795073
2024-08-12,0.7346238553370124,0.7458217058136293,0.9849858881964276
2024-08-13,0.7367321381360652,0.7486188624806848,0.9841217942261957
2024-08-14,0.7254315504984283,0.7383717047377711,0.982474742522889
2024-08-15,0.7308147297479233,0.7433251937903377,0.9831695950212296
2024-08-16,0.7225051504083633,0.7388953386604041,0.9778179839627141
2024-08-19,0.7215689553173267,0.7408856389618156,0.9739275771743168
2024-08-20,0.7080455895973786,0.7280786089697948,0.972485087289184
2024-08-21,0.7040417686487154,0.7257228891756656,0.970124794394211
2024-08-22,0.6951174607854277,0.717219142769646,0.9691841995476174
2024-08-23,0.6938374121866673,0.7178077004489314,0.9666062536703457
2024-08-26,0.6952683080695531,0.7189578635140296,0.9670501476558171
2024-08-27,0.6876730302348456,0.7111945606400142,0.9669267290458448
2024-08-28,0.6866002937876875,0.711941332749215,0.9644057202527192
2024-08-29,0.6957441619302039,0.7211000496681598,0.964837212603682
2024-08-30,0.7067215309995759,0.7339481781850338,0.9629038561649051
2024-09-02,0.693809805965494,0.7193565638774163,0.964486654887498
2024-09-03,0.7005575779116257,0.7272037017858245,0.9633581019888061
2024-09-04,0.6979149523304475,0.7249254884488916,0.9627402587592306
2024-09-05,0.7010795551748554,0.7279330516942722,0.963109936474357
2024-09-06,0.6891084303702503,0.7178646576437007,0.9599419932890427
2024-09-09,0.6835033247577244,0.7130772751290829,0.9585263036660298
2024-09-10,0.6822728313903376,0.713159546632639,0.9566903151081118
2024-09-11,0.6854710386443378,0.7143001796050176,0.9596400200030452
2024-09-12,0.6807326940105252,0.7114002021719793,0.9568913417963293
2024-09-13,0.6699942389874554,0.7041811569368731,0.9514515297482145
2024-09-18,0.6697611690678745,0.706065434956779,0.9485822926721703
2024-09-19,0.6784409846760744,0.7151656311501174,0.9486487536950243
2024-09-20,0.6722087123921568,0.7116849881458271,0.9445312513103319
2024-09-23,0.6686694512308227,0.7110996319820647,0.9403315951198351
2024-09-24,0.6951171657136036,0.7419361083226043,0.9368962608992699
2024-09-25,0.6986600243622659,0.7485619052859147,0.9333363338806445
2024-09-26,0.7274763044304218,0.7812636739147701,0.9311533720557752
2024-09-27,0.7706838075645355,0.8229500863627389,0.9364891265408221
2024-09-30,0.86225163747219,0.9086280768890819,0.9489599313553315
2024-10-08,0.930604283159163,0.9738670711396809,0.9555762903761712
2024-10-09,0.8631309880087913,0.9074288487372476,0.9511831029065254
2024-10-10,0.8612282506879287,0.9003474686696301,0.9565509768806207
2024-10-11,0.8227398714993267,0.8655304661801169,0.9505614229044533
2024-10-14,0.8414848508818731,0.8872588542192845,0.9484096404113219
2024-10-15,0.8211653919388464,0.8658072855920819,0.9484389951480864
2024-10-16,0.8166580760799403,0.8639926219213389,0.945214178176503
2024-10-17,0.8095928720862529,0.8573320550103718,0.9443165776374226
2024-10-18,0.8476891174744209,0.8923009433526038,0.9500036100930648
2024-10-21,0.8541794650240603,0.9024595754686141,0.9465016364644546
2024-10-22,0.8646409513323328,0.9103098404386958,0.9498314891506014
2024-10-23,0.8717173967005079,0.9138743184773788,0.9538701100090992
2024-10-24,0.8634247248673484,0.9060145234145773,0.9529921458800495
2024-10-25,0.8766040145085527,0.9191442363897763,0.9537175775063189
2024-10-28,0.8872611787689467,0.9308564225267821,0.9531665220297912
2024-10-29,0.87675651979927,0.919593565370736,0.9534174148400048
2024-10-30,0.8745144125430838,0.9236120629828893,0.9468416964139249
2024-10-31,0.8804656718767014,0.9336361569930844,0.9430501007077248
2024-11-01,0.8621376293549102,0.922645428656493,0.9344192282080767
2024-11-04,0.879301410329487,0.9380059278665748,0.9374156220199943
2024-11-05,0.9119272230660431,0.9669675818260787,0.9430794167307097
2024-11-06,0.9157394843439756,0.9691540680205852,0.944885353692314
2024-11-07,0.9284426377221341,0.9871535094678072,0.9405250843130515
2024-11-08,0.9328936200219403,0.9844465164123412,0.9476326082413525
2024-11-11,0.9467066282261001,1.0015599570520366,0.9452321067353868
2024-11-12,0.939042434840649,0.9910011354956519,0.9475694842377596
2024-11-13,0.9387484086708626,0.9903619491987936,0.9478841644010187
2024-11-14,0.9122969742484243,0.9616422702497486,0.9486864320258002
2024-11-15,0.8847329470769137,0.937305019328587,0.9439114576711305
2024-11-18,0.8735549422199903,0.9228384130340651,0.9465957743869342
2024-11-19,0.8973729992120936,0.9392225037653127,0.9554423958269251
2024-11-20,0.9091134710098152,0.9480490076083598,0.9589308819627721
2024-11-21,0.9074949015021214,0.9469288494445585,0.9583559546574509
2024-11-22,0.867912767410242,0.9097403429448493,0.9540225121827505
2024-11-25,0.8682822010046152,0.9074304867219333,0.9568580885366326
2024-11-26,0.8589014772539849,0.9002841828976634,0.9540337302045186
2024-11-27,0.8789976249238669,0.9183927736880646,0.9571042478851446
2024-11-28,0.8706759264883405,0.9109031631643406,0.9558380755466291
2024-11-29,0.8880515523373814,0.9258285540786926,0.9591965471632017
2024-12-02,0.9051139295432293,0.9403331318363943,0.9625460370364864
2024-12-03,0.9021539552427356,0.9385137775731408,0.9612580835793094
2024-12-04,0.8932134462077376,0.9301523869271204,0.9602872161179788
2024-12-05,0.8956066125470155,0.9337469443209498,0.9591534601468803
2024-12-06,0.9064503800803712,0.9459622151181623,0.9582310641944027
2024-12-09,0.9019368301565535,0.940885281583337,0.9586044630635093
2024-12-10,0.9080745132979164,0.9480015060524605,0.9578829859450302
2024-12-11,0.9154343021198181,0.9567062033979351,0.9568604226338959
2024-12-12,0.9253545771646824,0.9651355704084321,0.9587819634220766
2024-12-13,0.904112461034938,0.9474003656726313,0.9543087524491719
2024-12-16,0.8968051289307497,0.9354255063550411,0.958713572420343
2024-12-17,0.8838816733775228,0.9252305407605372,0.9553096600669647
2024-12-18,0.8923428697311148,0.9316316360064429,0.9578280033042411
2024-12-19,0.8918414851999925,0.9337358506973935,0.9551325297554862
2024-12-20,0.8937873455798686,0.9361500912171291,0.9547479127175186
2024-12-23,0.8740476063890542,0.9205459790119022,0.9494882670904081
2024-12-24,0.884475875001417,0.9326821798210814,0.9483143284361755
2024-12-25,0.8771602548980065,0.9239854490374896,0.9493225849083873
2024-12-26,0.8825258801171679,0.931384895949624,0.947541541585082
2024-12-27,0.8866944100952463,0.9333007424016636,0.9500629002110453
2024-12-30,0.8835836162323295,0.9332548788304504,0.9467763161759533
2024-12-31,0.8606709373958918,0.9058609995771721,0.9501136905083963
