datetime,port,bench,excess
2017-01-04,1.001482146654742,1.007803175154687,0.9937279136881317
2017-01-05,1.0017990712622487,1.0076476066105484,0.9941958524885772
2017-01-06,0.9983989229967977,1.0016276157371429,0.9967765537914317
2017-01-09,1.0024680052249744,1.0064836818832894,0.9960101919876126
2017-01-10,0.9990573172407035,1.0047992089630478,0.9942855331979511
2017-01-11,0.9888170899031193,0.99768715355064,0.9911093736990065
2017-01-12,0.9808511767343185,0.9926366091974451,0.9881271430512167
2017-01-13,0.9777710976580413,0.9933218399096622,0.9843447092102242
2017-01-16,0.9736950960525492,0.9931841487782119,0.9803772011971419
2017-01-17,0.9776295040362092,0.9952516890824883,0.982293740126656
2017-01-18,0.9804253826004319,0.9991442678459869,0.9812650826832944
2017-01-19,0.9759326764198794,0.9961283132717212,0.9797258680606009
2017-01-20,0.9863330881304305,1.003787908264896,0.9826110476219653
2017-01-23,0.9937799455479388,1.0065375244438564,0.9873252823803399
2017-01-24,0.9924552001075796,1.0066482241875223,0.9859007111531954
2017-01-25,0.9959934350020946,1.0100740973186053,0.9860597728880585
2017-01-26,1.0008801163056142,1.0136824602741104,0.9873704592214861
2017-02-03,0.9956926247015461,1.0066602125701485,0.9891049753117782
2017-02-06,1.0002445530585238,1.0092692632101283,0.9910581739872865
2017-02-07,1.0007313973040541,1.007016288566399,0.9937588981094914
2017-02-08,1.0068522337442343,1.012285217784394,0.9946329513217125
2017-02-09,1.011413947731438,1.0161747819253608,0.9953149455402717
2017-02-10,1.0188415014542527,1.0213210931245644,0.9975721722707931
2017-02-13,1.02576602582445,1.0281398888613835,0.9976911089019584
2017-02-14,1.026935002581012,1.0279962385923704,0.9989676654723838
2017-02-15,1.017367530939826,1.0237805343579685,0.9937359588281641
2017-02-16,1.0228078883029108,1.029531172213537,0.9934695674185651
2017-02-17,1.018291535242306,1.0236997004096169,0.9947170394158104
2017-02-20,1.0312932613799386,1.0386448668795267,0.9929219257380292
2017-02-21,1.0397274134817909,1.0420647107655463,0.9977570516882408
2017-02-22,1.0435356673452867,1.0441411547224164,0.9994201096524247
2017-02-23,1.0369534951798072,1.0392222722556084,0.9978168509890797
2017-02-24,1.036386302676564,1.0393808554222788,0.9971189071550697
2017-02-27,1.0286487195307539,1.0311139191502072,0.997609187914479
2017-02-28,1.033411034336598,1.033085692608475,1.0003149223055268
2017-03-01,1.0366353012767566,1.0347701655287167,1.0018024637839138
2017-03-02,1.0299206579098314,1.0277868274876647,1.0020761410489982
2017-03-03,1.027262285571139,1.0256205758223487,1.0016006989207233
2017-03-06,1.0339778049167176,1.031191738476027,1.0027017928254625
2017-03-07,1.0352106161782964,1.033429780222099,1.0017232287962656
2017-03-08,1.0307700116044256,1.031864910698117,0.998938912368916
2017-03-09,1.022383857514538,1.0253453337744496,0.997111727958999
2017-03-10,1.0212308082685781,1.025629549582443,0.9957111792306923
2017-03-13,1.0350307091276827,1.034668439545145,1.0003501310842118
2017-03-14,1.0330482992777448,1.034246602713202,0.998841375516909
2017-03-15,1.0332796658357664,1.0363260612926037,0.9970603890313849
2017-03-16,1.0426108604687123,1.0416727397289176,1.0009005906596335
2017-03-17,1.0294859736980184,1.0309913011314153,0.9985399222750522
2017-03-20,1.030246660479481,1.03212823447089,0.9981769959113913
2017-03-21,1.0362530851258092,1.0371368545386432,0.9991478757996434
2017-03-22,1.0319618207032057,1.0322598963572767,0.9997112397225517
2017-03-23,1.0362562959123436,1.035829349649872,1.0004121781861228
2017-03-24,1.0448548196332423,1.044093271299412,1.0007293872633454
2017-03-27,1.0404054441790167,1.0406345177504825,0.999779871253972
2017-03-28,1.0377336476346934,1.0381721320020474,0.9995776380873291
2017-03-29,1.0374066718326704,1.036789822409988,1.0005949609162332
2017-03-30,1.0276120838689913,1.0282834690228948,0.9993470816422426
2017-03-31,1.0321992545993266,1.034055069021184,0.9982053040718478
2017-04-05,1.0482408036086972,1.0483689174469446,0.9998777969890986
2017-04-06,1.052652709335077,1.0514087786789619,1.0011831084934235
2017-04-07,1.051241402571017,1.052429053137208,0.9988715148421162
2017-04-10,1.0456198829106376,1.0487428708558832,0.997022160500889
2017-04-11,1.0516346674883437,1.0523901434742982,0.9992821331607493
2017-04-12,1.0452998530711761,1.0500294837094344,0.995495716347364
2017-04-13,1.054886033334796,1.0515643472231002,1.003158804423588
2017-04-14,1.044856068630269,1.043165749064642,1.0016203748705732
2017-04-17,1.0374599056143976,1.0412030194739696,0.9964050105603198
2017-04-18,1.0357069798680745,1.036056778382267,0.9996623751501933
2017-04-19,1.0289114421402559,1.031012193166635,0.9979624382327362
2017-04-20,1.0305115461159942,1.0357007023860167,0.994989714443499
2017-04-21,1.0289057416654517,1.0372685164250297,0.9919376953728428
2017-04-24,1.0113064053408127,1.0266379057655628,0.9850663020149082
2017-04-25,1.0162037965944668,1.0295431605961622,0.9870434144849535
2017-04-26,1.0200299189972488,1.0308027820619292,0.9895490551130146
2017-04-27,1.0174654800929133,1.031263528556782,0.9866202497404533
2017-04-28,1.0200122914277758,1.0291781108398173,0.99109403968516
2017-05-02,1.018614499611848,1.0252376486533143,0.9935398889709464
2017-05-03,1.012231429632587,1.0212133378959283,0.9912046700429439
2017-05-04,1.0101933877924114,1.0185983281183857,0.9917485233443291
2017-05-05,1.0001407414193622,1.012063818297061,0.9882190464058275
2017-05-08,0.9875272952800844,1.0049607366447477,0.9826526144465423
2017-05-09,0.9901528233209353,1.0030817855174576,0.9871107596776342
2017-05-10,0.9774106222023714,0.998644611688223,0.9787371911515597
2017-05-11,0.981818112841491,1.0043144857029411,0.9776002704514369
2017-05-12,0.9860119435870419,1.0129105065834787,0.9734442847402531
2017-05-15,0.9912343648324916,1.0170425024619991,0.9746243273343713
2017-05-16,1.0101404237109226,1.0258569783148375,0.9846795850336445
2017-05-17,1.0137729191850184,1.0202678681409703,0.993634074777062
2017-05-18,1.0074247763603539,1.0167193769910958,0.9908582438369095
2017-05-19,1.0073121073307703,1.0184368004366846,0.98907669763981
2017-05-22,1.0014541734970208,1.0206478507949726,0.9811946135163054
2017-05-23,0.9961164768215622,1.0245225521457828,0.9722738408591141
2017-05-24,0.9999623325928257,1.0245165229007194,0.9760333876916175
2017-05-25,1.0123836811377889,1.042914413674495,0.9707255627725603
2017-05-26,1.0102233057210188,1.0413496142580139,0.9701096460681236
2017-05-31,1.0122778931299352,1.0450747062022485,0.968617733375736
2017-06-01,1.001657654811183,1.046528805875064,0.9571238261078141
2017-06-02,1.0078573566162867,1.0431687636871743,0.966149861556364
2017-06-05,1.0109187772852588,1.0378549656687066,0.9740462884752954
2017-06-06,1.0163154899140185,1.0450747062022485,0.9724811861606147
2017-06-07,1.0332054687620464,1.0573389618439217,0.9771752541495413
2017-06-08,1.040868674667674,1.0654503295718547,0.9769283896002373
2017-06-09,1.0424279285593394,1.0699951885222236,0.9742360897893779
2017-06-12,1.0385419929412827,1.069462581839114,0.9710877318917898
2017-06-13,1.0453061604537328,1.0718202970889465,0.9752625167602947
2017-06-14,1.0379882511111007,1.0577668279209282,0.9813015720594085
2017-06-15,1.0434006687222326,1.055819031227913,0.988238171373708
2017-06-16,1.0420132513288531,1.0528180095513047,0.9897372973064392
2017-06-19,1.0512430284184633,1.0632631157638177,0.9886950960988433
2017-06-20,1.0464583710273108,1.0611148817261915,0.9861876306220134
2017-06-21,1.064750117191472,1.0735227876368778,0.9918281469695516
2017-06-22,1.0599720140457698,1.0742348695218777,0.9867227774104409
2017-06-23,1.0680410897718737,1.0839708383644218,0.9853042646270964
2017-06-26,1.0825972273964048,1.0974977300943938,0.9864232040856181
2017-06-27,1.0838301232729621,1.0994814919352878,0.9857647729615017
2017-06-28,1.0771257878565004,1.0909392435078165,0.9873380156287163
2017-06-29,1.0859097810137286,1.0977191996892264,0.9892418583196494
2017-06-30,1.0870221404989784,1.0971117883028287,0.990803446001197
2017-07-03,1.0867103214940583,1.0923395006200647,0.99484667621851
2017-07-04,1.0796906980226773,1.0831031879352833,0.996849339979221
2017-07-05,1.092247580295134,1.0949815017853917,0.9975032258665557
2017-07-06,1.0927817596855982,1.095107134426715,0.9978765778543357
2017-07-07,1.0911496940831744,1.0938595013435743,0.9975227099485158
2017-07-10,1.091288462236067,1.0931892736365152,0.9982612238829192
2017-07-11,1.0932502432514979,1.0983116080704662,0.9953916859461586
2017-07-12,1.0885180398607395,1.0947241371501812,0.9943309030295088
2017-07-13,1.0920723660082077,1.1031317090687338,0.9899745941761909
2017-07-14,1.0920838560312582,1.1079698276946912,0.9856620900079145
2017-07-17,1.0573671785956746,1.096142411890119,0.9646257339613538
2017-07-18,1.066883092825345,1.0972255026690267,0.9723462407956495
2017-07-19,1.0924751803153385,1.1159465189137059,0.9789673266589737
2017-07-20,1.0985102350145644,1.1213710166758395,0.9796135433132176
2017-07-21,1.0986602541823587,1.1156024313000819,0.9848134275774396
2017-07-24,1.1030828606742902,1.1200515935119426,0.9848500435730405
2017-07-25,1.0975360958331029,1.112897683921594,0.98619676515602
2017-07-26,1.0950111159316165,1.1086580029219395,0.9876906251031826
2017-07-27,1.101910613655434,1.110692522593368,0.9920933032686409
2017-07-28,1.1046923994323552,1.1135948329089365,0.9920056799712995
2017-07-31,1.1166871871630355,1.1183760242442942,0.9984899201658048
2017-08-01,1.1200907596626803,1.1281030894342443,0.9928975198750832
2017-08-02,1.1135446895881738,1.1252516771642118,0.989596116305695
2017-08-03,1.1080743868312721,1.1153720580526547,0.9934571866233374
2017-08-04,1.1050045864606994,1.10931322762384,0.9961159381716111
2017-08-07,1.1135828686581606,1.1150609209643774,0.9986744649745787
2017-08-08,1.1212414719324553,1.1166825775639575,1.0040825338015418
2017-08-09,1.1210002553474034,1.1163324607052698,1.0041813660414252
2017-08-10,1.1136301668814452,1.1118085638976218,1.0016384142405212
2017-08-11,1.0876079747352259,1.0912923048815344,0.9966238833263756
2017-08-14,1.1099212727818986,1.1054535292781873,1.0040415480030431
2017-08-15,1.1139250959834746,1.1088584402665496,1.0045692538677047
2017-08-16,1.11304994832614,1.1074701715369275,1.0050383088706298
2017-08-17,1.1256719891887268,1.1134122729770128,1.0110109404299399
2017-08-18,1.1208859614468527,1.114426588297696,1.005796140559625
2017-08-21,1.1316505336595089,1.1193095757241263,1.0110255091201188
2017-08-22,1.1274102593567128,1.1226935245697676,1.004201266582305
2017-08-23,1.1207805454811284,1.1238275133942113,0.9972887583932872
2017-08-24,1.112106408514718,1.1174126069691463,0.9952513526146616
2017-08-25,1.1275760706339124,1.1356938388616933,0.9928521508614352
2017-08-28,1.1465841518171391,1.1497442934071798,0.9972514396390907
2017-08-29,1.1389135332489277,1.1472998551789337,0.9926903835190513
2017-08-30,1.1461735969742537,1.1472280650981777,0.9990808557112542
2017-08-31,1.1459518400210158,1.1435747632346993,1.0020786369748076
2017-09-01,1.1497187152389254,1.1461030500338283,1.0031547470404083
2017-09-04,1.1587968614218302,1.1506149584588499,1.00711089570219
2017-09-05,1.1604824007283185,1.1540348724523701,1.005586944060232
2017-09-06,1.158084230432266,1.15176093566592,1.005490110465233
2017-09-07,1.151675029099483,1.1459025425817164,1.005037502146353
2017-09-08,1.154161561385526,1.14474170258449,1.0082288072320322
2017-09-11,1.1578269069425837,1.1446399064934178,1.0115206541152002
2017-09-12,1.1585040668036772,1.1483141003921162,1.0088738494181004
2017-09-13,1.1580013685221546,1.1497144276118654,1.0072078254488834
2017-09-14,1.1493764412277554,1.1459294638620003,1.003008018795623
2017-09-15,1.1430144466279923,1.1463304086587234,0.9971073243755167
2017-09-18,1.1492286313477322,1.1498729406710353,0.9994396691142875
2017-09-19,1.1453913865407883,1.146575784911308,0.9989670125724734
2017-09-20,1.1560731819186643,1.1496635295663298,1.0055752419621002
2017-09-21,1.1441364750492675,1.1482812199742707,0.9963904792198064
2017-09-22,1.1392291094135334,1.1482542986939872,0.9921400779507475
2017-09-25,1.1231327228259727,1.1422882204886495,0.9832305916150632
2017-09-26,1.128780380404875,1.1431828623055722,0.9874014189893905
2017-09-27,1.1392898377689806,1.1433084949468955,0.9964850631341619
2017-09-28,1.139131256939745,1.1437094397436185,0.9959970752668617
2017-09-29,1.1466330025404408,1.1478863044226113,0.9989081654887406
2017-10-09,1.1620165533397302,1.161562805559159,1.0003906355974896
2017-10-10,1.1633123265061271,1.1638516752432666,0.9995365829266631
2017-10-11,1.161845116765816,1.1676904114461981,0.9949941400365335
2017-10-12,1.1616591908946194,1.1707602085810307,0.9922264033064109
2017-10-13,1.163735545070668,1.1731688218763994,0.9919591480528407
2017-10-16,1.1564088852500791,1.1709098179876065,0.9876156707247963
2017-10-17,1.155304851368092,1.1707961036214087,0.9867686164948785
2017-10-18,1.1609021328831326,1.1800982472493835,0.9837334608275252
2017-10-19,1.1538169650029662,1.1762356043887001,0.980940349618659
2017-10-20,1.1612280695099466,1.1749191257398344,0.9883472352011747
2017-10-23,1.1657715264986155,1.1761009979872823,0.9912171900998774
2017-10-24,1.1693472914207605,1.184658179312411,0.9870756914027834
2017-10-25,1.176341468969177,1.1899090909027161,0.9885977659660989
2017-10-26,1.1827532969906265,1.1948849006601239,0.9898470524961901
2017-10-27,1.1821868544375813,1.2033791254495891,0.9823893646118464
2017-10-30,1.1742341105614296,1.199713905310985,0.9787617742557124
2017-10-31,1.1801815334002912,1.198816389086532,0.9844556215147842
2017-11-01,1.175213957194551,1.1957944753747036,0.9827892513270696
2017-11-02,1.1717515876143545,1.1959470292963104,0.9797688015528645
2017-11-03,1.1686100946941054,1.19462157688735,0.9782261741320469
2017-11-06,1.1901076065174967,1.2030560700861863,0.9892370240335
2017-11-07,1.1969314381060328,1.2130374151813148,0.9867226048646862
2017-11-08,1.1955441738894328,1.2111703122216495,0.9870983146015578
2017-11-09,1.202582279480816,1.2195150678195408,0.9861151462695742
2017-11-10,1.2135266840324936,1.2302893287480205,0.9863750385183093
2017-11-13,1.218172760045414,1.235124502858947,0.9862752760759788
2017-11-14,1.208498603460124,1.2265314264934404,0.9852977081191707
2017-11-15,1.1982262968444095,1.218847924842514,0.9830810492615238
2017-11-16,1.2047551593946586,1.228224803066276,0.9808914104217525
2017-11-17,1.1905930023288922,1.2329642103311935,0.9656346813254866
2017-11-20,1.2059922380781065,1.2398397931436107,0.9727000574971999
2017-11-21,1.2271763208938904,1.261941883826401,0.9724507416878058
2017-11-22,1.2253094156784476,1.2648949519725041,0.9687044870941054
2017-11-23,1.181908001416292,1.2274439457230515,0.9629018135895927
2017-11-24,1.1790149092473872,1.227982511543724,0.9601235344672958
2017-11-27,1.1523797342014535,1.2117508023277634,0.9510038961705174
2017-11-28,1.1675921935756157,1.2135071354362619,0.9621634347917208
2017-11-29,1.1617476104054736,1.2128878057747388,0.9578360050074054
2017-11-30,1.1447988670127707,1.198630884639578,0.955088744736463
2017-12-01,1.1495686134076124,1.1962491926244927,0.9609775458953781
2017-12-04,1.155694650323552,1.2024486586997885,0.9611176676542749
2017-12-05,1.1507275196818532,1.2088246554619435,0.951939153856943
2017-12-06,1.1520038607315604,1.2015390839852083,0.958773523130557
2017-12-07,1.1359305420918897,1.1881468687641548,0.9560522961891255
2017-12-08,1.1463095507535106,1.1978170767710061,0.9569988381228075
2017-12-11,1.1660813703635995,1.2176001515443713,0.9576882598811878
2017-12-12,1.149045619205887,1.2015989557908386,0.9562638296815402
2017-12-13,1.159095531783534,1.2117927266132045,0.9565130292727934
2017-12-14,1.1564281528179179,1.2046298432627613,0.9599863055739277
2017-12-15,1.1467043790964189,1.1910790448750377,0.9627441470240337
2017-12-18,1.1435936121148484,1.1924044972839982,0.9590651617967486
2017-12-19,1.1608359961124899,1.207376514926691,0.9614531852832776
2017-12-20,1.1533846915482495,1.2059283743914384,0.9564288526922632
2017-12-21,1.1684049545366633,1.217106594739173,0.9599857231790395
2017-12-22,1.1636065230476185,1.2131421557874176,0.9591674953314545
2017-12-25,1.1516811148083057,1.2092345039112602,0.9524051051166681
2017-12-26,1.1588979384022295,1.2128488260043282,0.9555172199161562
2017-12-27,1.1502240287573253,1.1941756931826535,0.96319497652126
2017-12-28,1.1567875687516194,1.202460576974914,0.9620170431381657
2017-12-29,1.162586179489666,1.2060360595125728,0.9639729843231492
2018-01-02,1.1762768260116654,1.2229559439557813,0.9618309079940138
2018-01-03,1.1862785616254443,1.2301336900963808,0.964349298922542
2018-01-04,1.1915942236763368,1.2353459023462785,0.9645834591049806
2018-01-05,1.1925944980441077,1.2383198625276017,0.9630746741070909
2018-01-08,1.202625199883279,1.244725865300073,0.966176756994887
2018-01-09,1.2066398902178872,1.253444574306903,0.9626591513909607
2018-01-10,1.202632941847068,1.2589827864352343,0.9552417672463029
2018-01-11,1.2040592865415471,1.2583185879732386,0.9568795200593148
2018-01-12,1.2028473860435913,1.2641260129044054,0.9515249063501013
2018-01-15,1.1854396320869294,1.2641978029851617,0.9377010696330432
2018-01-16,1.2005505374201337,1.2741403085248812,0.9422435891774391
2018-01-17,1.1990918761285656,1.2710435200022643,0.9433916756260474
2018-01-18,1.2059054709569728,1.2780150098756917,0.9435769233056717
2018-01-19,1.2128682389170824,1.2821977635847464,0.9459291486565741
2018-01-22,1.234516890558775,1.2975169535710955,0.9514456725679549
2018-01-23,1.2465492272699743,1.311283122201088,0.950633166983456
2018-01-24,1.252040013863901,1.3134613622490303,0.9532370344872894
2018-01-25,1.2467087826417853,1.306038099640845,0.9545730580023852
2018-01-26,1.2522866535862924,1.3108912212719603,0.9552941031760028
2018-01-29,1.2349648071902857,1.2871704886121218,0.9594415177447656
2018-01-30,1.2231966677757138,1.2734312412624131,0.9605517974909275
2018-01-31,1.2200339774083624,1.2793553250748086,0.9536318437077068
2018-02-01,1.200026147642563,1.2703793215402688,0.9446203407873437
2018-02-02,1.210281001362447,1.2779580825850922,0.9470428004291456
2018-02-05,1.2144505215067525,1.2788317622592944,0.9496562076009119
2018-02-06,1.1592256121432876,1.241353834729558,0.9338397962864771
2018-02-07,1.1413352216997146,1.211915414739498,0.9417614528362488
2018-02-08,1.1325329981959442,1.2004110542983282,0.9434543227011014
2018-02-09,1.0745198287059987,1.1491279783681891,0.9350741161414091
2018-02-12,1.0895430194486988,1.1639234653240227,0.936095071461922
2018-02-13,1.10401400216815,1.1775460537925027,0.9375548400951884
2018-02-14,1.11136738138334,1.1869201277162351,0.9363455513402853
2018-02-22,1.1450747517976014,1.2125825577165246,0.9443272497288345
2018-02-23,1.1514802986569272,1.2180759010443833,0.945327214559982
2018-02-26,1.1675339370122773,1.2322371955485372,0.9474912307711528
2018-02-27,1.1538962103523553,1.214452605191221,0.9501368809453615
2018-02-28,1.151080677013304,1.2038788517148529,0.9561432825019386
2018-03-01,1.1561332871978904,1.2114935078000542,0.9543041541322891
2018-03-02,1.1479873342355316,1.2017306176772267,0.9552784270857864
2018-03-05,1.1470416152725804,1.202221229967394,0.9541019461981135
2018-03-06,1.1662176379791187,1.2167205828401084,0.9584925696390341
2018-03-07,1.1540455367009,1.2077715005858523,0.9555164500413434
2018-03-08,1.1670828293494704,1.2200237678448993,0.9566066335011276
2018-03-09,1.1824306622571317,1.229379754033441,0.9618107491828499
2018-03-12,1.1941571184707864,1.2350047592476865,0.9669251146839444
2018-03-13,1.1849554988315307,1.2241078101929144,0.9680156347052361
2018-03-14,1.1774429074704313,1.2187490732664734,0.9661077356265519
2018-03-15,1.1792279102925496,1.2255769829783885,0.9621818348993454
2018-03-16,1.169837858174522,1.2136866106381532,0.9638714375858726
2018-03-19,1.1681957992973773,1.2190213707993416,0.9583062506372331
2018-03-20,1.1685202777624806,1.220053633640214,0.957761401255799
2018-03-21,1.1650267437360216,1.2150719348527441,0.9588129807946
2018-03-22,1.1545247315545608,1.2028944021894843,0.9597889303110215
2018-03-23,1.1032261799466458,1.1683636537757893,0.9442489728102724
2018-03-26,1.117683638588538,1.1608686010868476,0.9627994396110996
2018-03-27,1.14189661602793,1.1708559754270396,0.9752665058667465
2018-03-28,1.1240891896626228,1.1497473080297125,0.9776836891133416
2018-03-29,1.134439031622494,1.1651053375714708,0.973679370474006
2018-03-30,1.1473993848855524,1.1664367491179939,0.9836790428226505
2018-04-02,1.1474552536485931,1.1629720364315017,0.9866576475643208
2018-04-03,1.1379574602540927,1.1556595436744828,0.9846822677861463
2018-04-04,1.1306519265498147,1.1533796477504699,0.9802946746589617
2018-04-09,1.1329546187068873,1.1528021722668875,0.9827832094374253
2018-04-10,1.1482483012309765,1.175014892585843,0.9772202109745507
2018-04-11,1.1502842698243017,1.178356917146043,0.9761764479732229
2018-04-12,1.1411283107427432,1.1664786734034356,0.9782676158264192
2018-04-13,1.1362195425819104,1.158250646794274,0.9809789838897653
2018-04-16,1.1309184626782969,1.1396163535280082,0.9923677026722331
2018-04-17,1.109286307536018,1.1215984454082346,0.989022686396703
2018-04-18,1.1242488530995645,1.1268763483863242,0.9976683375327539
2018-04-19,1.134807087292085,1.1405079807223995,0.9950014436315443
2018-04-20,1.113128778775557,1.1252516771642125,0.9892265004934658
2018-04-23,1.1002782393322237,1.1268912812839815,0.9763836650493605
2018-04-24,1.1286897653611019,1.149977681277139,0.9814884095033956
2018-04-25,1.1297934252543045,1.1455524958305305,0.9862432576127377
2018-04-26,1.1057226027598002,1.1236479680848213,0.9840471697238294
2018-04-27,1.1089842724138568,1.1240638457792016,0.9865847714772005
2018-05-02,1.1118598309601566,1.1260894617980364,0.9873636764035078
2018-05-03,1.1246367917315976,1.1348709871255278,0.9909820627101834
2018-05-04,1.1220237072044454,1.1293657255225438,0.9934989896079047
2018-05-07,1.1443666479921117,1.1471951145728319,0.997534450291158
2018-05-08,1.153659869155587,1.1605065659530347,0.9941002515640013
2018-05-09,1.1495892066821454,1.1583942269557865,0.9923989432364658
2018-05-10,1.1541501989027645,1.1648091333808515,0.9908492008067026
2018-05-11,1.146542564108255,1.1587592767121313,0.9894570746060907
2018-05-14,1.1479814855935326,1.169665129419497,0.981461665154773
2018-05-15,1.1605819955640218,1.174096344111169,0.9884895744587485
2018-05-16,1.1549311746703717,1.164743302437658,0.9915757165147456
2018-05-17,1.1458230793227306,1.1561292639294305,0.9910856121990448
2018-05-18,1.1548075063689587,1.167801111189864,0.9888734436913951
2018-05-21,1.1647432323883353,1.1732406119571555,0.9927573427971905
2018-05-22,1.1614641619831836,1.168743636429791,0.9937715387534907
2018-05-23,1.1445439164412425,1.1532958692870874,0.9924113550746914
2018-05-24,1.1353617013392938,1.1451096968558665,0.9914872823596396
2018-05-25,1.1280189321181082,1.1419022786970843,0.987841913587547
2018-05-28,1.1344341884227702,1.1469168579024005,0.9891163257444311
2018-05-29,1.1316782541366994,1.1381651983702237,0.9943005248773964
2018-05-30,1.1045683617824695,1.1140376318836,0.9915000446752233
2018-05-31,1.12938973103162,1.1376775305950872,0.9927151593130858
2018-06-01,1.1147300659741453,1.128165905754906,0.9880905461579516
2018-06-04,1.112625708290167,1.139233356251474,0.9766442513157649
2018-06-05,1.1383994568975866,1.1505252208579055,0.9894606708827494
2018-06-06,1.1427976947478962,1.1481405843277894,0.9953464848705602
2018-06-07,1.136152216648446,1.1462436856803104,0.9911960526736728
2018-06-08,1.1238424266635685,1.130867708618363,0.9937877066422052
2018-06-11,1.1167480304521036,1.1309753937394973,0.9874202715937507
2018-06-12,1.1301133432267239,1.1447297142018646,0.9872315964250725
2018-06-13,1.1159468413302946,1.1334767592583428,0.9845343825668571
2018-06-14,1.1094144219978554,1.1289976611436667,0.9826543138043584
2018-06-15,1.0930441832541675,1.123031582938329,0.9732978126886674
2018-06-19,1.0415746267163182,1.0834442609263757,0.9613550639197094
2018-06-20,1.052563391671507,1.0877288107265026,0.9676707845666895
2018-06-21,1.0328336156671667,1.0750217561101656,0.9607560124218774
2018-06-22,1.0444840508008415,1.0797880145478662,0.967304727158129
2018-06-25,1.0331645161279066,1.0653007201652789,0.9698336784824604
2018-06-26,1.030140939015423,1.056513165592724,0.9750384307208272
2018-06-27,1.0115879586304535,1.0350155417813003,0.9773649938526265
2018-06-28,1.0041264198933397,1.0243250593162028,0.9802810257943442
2018-06-29,1.0328347860290863,1.0504902302042873,0.9831931381486836
2018-07-02,1.01103872665673,1.0196664859996363,0.9915386457617581
2018-07-03,1.009896593316492,1.0200614716587966,0.9900350335497187
2018-07-04,0.9969918800297728,1.006438813082816,0.9906135048348281
2018-07-05,0.9863709318088155,1.0000628163206609,0.9863089755079394
2018-07-06,0.9893941086529083,1.0068487316396335,0.9826641058997009
2018-07-09,1.0145297052632036,1.034991565016048,0.9802299260742989
2018-07-10,1.0237325010565452,1.0374869012898302,0.9867425793846792
2018-07-11,1.0017945709243998,1.0195378387357816,0.9825967540023984
2018-07-12,1.0290921695515687,1.0415381333274996,0.988050400290032
2018-07-13,1.0307081726323335,1.0450178490191497,0.9863067636593507
2018-07-16,1.027513850497843,1.038854277984232,0.9890837168150342
2018-07-17,1.0273583755431805,1.0320593889051648,0.9954450166216005
2018-07-18,1.0212869412383159,1.0266558532857522,0.9947704851335982
2018-07-19,1.0139782197806453,1.025764226091361,0.9885100240280108
2018-07-20,1.0319824910580435,1.0450776507172799,0.9874696778270509
2018-07-23,1.0453882792802338,1.0549094565133335,0.9909744128519155
2018-07-24,1.0633994691057742,1.071652740162182,0.9922985583416146
2018-07-25,1.0664697718187393,1.070467923399703,0.996265043077362
2018-07-26,1.054447782651155,1.0580510437289221,0.9965944354961666
2018-07-27,1.0488148242498825,1.0535570127165887,0.9954988781722609
2018-07-30,1.0356816358167462,1.0517169712522085,0.9847531837235923
2018-07-31,1.0366027930843273,1.052488924942839,0.9849061291933552
2018-08-01,1.0187754463764453,1.0314640360088945,0.9876984662678635
2018-08-02,0.9966892642852272,1.0085960208805371,0.9881947218224052
2018-08-03,0.9777750891836801,0.9919365156950709,0.9857234547903828
2018-08-06,0.9552323703406673,0.9793670821026834,0.9753568276869187
2018-08-07,0.9872201493351406,1.0079707320814515,0.9794135066764675
2018-08-08,0.9689795230369753,0.9917061424476448,0.9770833128505411
2018-08-09,0.9953006670173377,1.0165457908192685,0.979100672105672
2018-08-10,1.0001245736046946,1.0187868471878725,0.9816818663936516
2018-08-13,1.0008965426435366,1.0143945421591105,0.986693540871342
2018-08-14,0.9964416426318413,1.0091794555016826,0.9873780497607245
2018-08-15,0.9745787858489638,0.9849650959291448,0.989455149098067
2018-08-16,0.965198408841046,0.9804022894585871,0.9844922020470421
2018-08-17,0.9506257112725679,0.9663068960051273,0.9837720450952093
2018-08-20,0.9618161642272223,0.9775658801937126,0.9838888444394465
2018-08-21,0.9831137110677269,0.9953384120609017,0.9877180455963085
2018-08-22,0.9748667317681932,0.9897433427494716,0.9849692234959098
2018-08-23,0.9794996141191936,0.9933577349500402,0.9860492143532325
2018-08-24,0.9787859127719941,0.9949434965092423,0.9837603001638414
2018-08-27,1.0065438940114426,1.0192506083052568,0.9875332776941462
2018-08-28,1.0074323167565935,1.017335692030088,0.9902653810820965
2018-08-29,1.0029271180113941,1.01326658257973,0.9897959088495625
2018-08-30,0.9902251993888628,1.0026509048179204,0.9876071468450786
2018-08-31,0.9816340825791197,0.9976871535506396,0.9839097146691834
2018-09-03,0.9795874476264704,0.9938932861481807,0.98560626304545
2018-09-04,0.9909204552040389,1.0064836818832892,0.9845370302972731
2018-09-05,0.9739691094556135,0.9868082221235575,0.9869892524402413
2018-09-06,0.9647839515480664,0.9762583753049412,0.9882465297639156
2018-09-07,0.9716542837529974,0.980674586991455,0.9908019404620952
2018-09-10,0.9503414723857911,0.9664415725140458,0.983340844820683
2018-09-11,0.9516698262128008,0.964688254028079,0.9865050416433294
2018-09-12,0.9452808515517822,0.9580489334931505,0.9866728290226111
2018-09-13,0.9541862255855001,0.9683863545845294,0.9853362979230313
2018-09-14,0.9471649685362541,0.9700379470869249,0.9764205321870556
2018-09-17,0.9332872457064227,0.95891665402979,0.9732725381130245
2018-09-18,0.9522556515832438,0.9782180902730824,0.9734594576117572
2018-09-19,0.9676237083277739,0.9910987310612477,0.9763141430840727
2018-09-20,0.9656233929052503,0.9903956229363422,0.9749875408802325
2018-09-21,0.9871808218543956,1.0204235067926108,0.9674226586148496
2018-09-25,0.982771378172402,1.0112409665608957,0.9718468798932116
2018-09-26,0.9907891109673663,1.022443093566382,0.9690408367974755
2018-09-27,0.982757409519867,1.018358981110866,0.9650402537304051
2018-09-28,0.9909537937868048,1.028911842552014,0.9631085509998002
2018-10-08,0.9507560090208824,0.9846419704582416,0.9655854996495944
2018-10-09,0.9483443466069851,0.9839807165112769,0.9637834671896404
2018-10-10,0.945701808317927,0.9818594037539342,0.9631743655988158
2018-10-11,0.8888526208640004,0.93473818949763,0.950910779992534
2018-10-12,0.9004357857148044,0.9486869180595449,0.9491390347793202
2018-10-15,0.8843769738683761,0.9354382830000036,0.9454145612173676
2018-10-16,0.869028416095176,0.9278146531547077,0.9366401070950434
2018-10-17,0.8705395456612711,0.9329848710116629,0.9330693055261652
2018-10-18,0.8446022352321807,0.9108858650589052,0.9272316847046056
2018-10-19,0.871515499049684,0.93798150269679,0.9291393236902756
2018-10-22,0.9175126581367936,0.9784694256632291,0.9377019190097661
2018-10-23,0.8988597830343878,0.9524868147070673,0.9436978750312967
2018-10-24,0.897535047929954,0.953913993099599,0.9408972448486156
2018-10-25,0.9024486273492642,0.9557421162888536,0.9442386308698753
2018-10-26,0.8932301755462169,0.9495575831112151,0.9406803667657078
2018-10-29,0.8754330789604714,0.9206098455188231,0.9509273480201684
2018-10-30,0.8890908171771299,0.9305942052364833,0.9554011965410782
2018-10-31,0.9044640461653489,0.9436274700537561,0.9584969438350749
2018-11-01,0.9142444453260677,0.9505718984318984,0.9617835818986887
2018-11-02,0.9498410637937084,0.9844474922511931,0.9648468519348369
2018-11-05,0.9459983972072001,0.9762463869223149,0.9690160290267771
2018-11-06,0.9387604591199492,0.970355113420265,0.9674401114979934
2018-11-07,0.9341469026163803,0.9640000788008306,0.9690319774438336
2018-11-08,0.9278561034219811,0.9612653955195275,0.9652444660410459
2018-11-09,0.9210706628177641,0.9477025386416768,0.9718984863519691
2018-11-12,0.941993613662038,0.9589824849729828,0.9822844821702627
2018-11-13,0.9569784626138,0.9686287162145817,0.9879724259607839
2018-11-14,0.9481053618504375,0.9589226131673522,0.9887193698757557
2018-11-15,0.9634045570219942,0.9701217255503067,0.9930759528918888
2018-11-16,0.9707981943530252,0.9746995350260225,0.9959973914700871
2018-11-19,0.977495372021254,0.9857490380024013,0.9916270108689397
2018-11-20,0.9543775175580775,0.9629528830623009,0.991094719528797
2018-11-21,0.957872717087171,0.9653704000102633,0.9922333614921148
2018-11-22,0.9553377948561398,0.9617620370547583,0.9933203412579148
2018-11-23,0.9231741513777065,0.9405336961536708,0.9815428784242857
2018-11-26,0.9209969497680335,0.9398634684466116,0.9799263198198773
2018-11-27,0.9253134733802315,0.9386666633015063,0.9857743004590058
2018-11-28,0.9477782324663151,0.9511404001553859,0.9964651194623616
2018-11-29,0.924116274265392,0.9387893514277985,0.9843702134668546
2018-11-30,0.9351184943819943,0.9492733673032214,0.9850887284856211
2018-12-03,0.9657071128275955,0.9756808998213586,0.9897776137714807
2018-12-04,0.968128833004366,0.9777035012176616,0.9902069817676106
2018-12-05,0.9603977342528304,0.9730030737231543,0.9870449130010555
2018-12-06,0.9391014923005936,0.9519602372690206,0.9864923507673848
2018-12-07,0.9433865992208397,0.9519272867436736,0.9910280043005705
2018-12-10,0.9306771132512087,0.9409166934302045,0.9891174423299194
2018-12-11,0.9404641801251493,0.9454226427176634,0.9947552952843812
2018-12-12,0.9413596592052429,0.9486510230191663,0.9923139662141321
2018-12-13,0.9562246262286475,0.9633358102313336,0.9926181670740772
2018-12-14,0.9327781114525144,0.9472448067693552,0.9847276066192641
2018-12-17,0.9280297952468922,0.9458355758970125,0.9811745496745208
2018-12-18,0.9202303874251186,0.9360306913812426,0.9831198868780591
2018-12-19,0.9043339985768845,0.9248704886611978,0.9777952801650737
2018-12-20,0.9075752339029743,0.9177764508764799,0.9888848564770175
2018-12-21,0.8966464906616056,0.9064008078066659,0.989238406385952
2018-12-24,0.9018620862616195,0.9090337651043974,0.9921106573616061
2018-12-25,0.8933218280940498,0.9027744973309717,0.9895293129514974
2018-12-26,0.887596604671892,0.898211690860414,0.9881819772593323
2018-12-27,0.8826618276403113,0.8947648555866101,0.9864735099163411
2018-12-28,0.8863663976859295,0.9007908055975784,0.9839869503307376
2019-01-02,0.8751241506852261,0.8884905848080263,0.9849560205236296
2019-01-03,0.8692918548382632,0.8870843685582154,0.9799427040419273
2019-01-04,0.8913308193120363,0.9083366161170545,0.9812780895284015
2019-01-07,0.9033416923161502,0.9138509215876339,0.9885000616367208
2019-01-08,0.9008877036923848,0.9118762036143352,0.9879495704807341
2019-01-09,0.9074704724451126,0.921085595018833,0.985218395936979
2019-01-10,0.903558767462788,0.919353238675587,0.9828200189564215
2019-01-11,0.9061369028987513,0.9259626233077004,0.9785890705413917
2019-01-14,0.8974916915972079,0.9178841359976138,0.9777832042186434
2019-01-15,0.9130147206073468,0.9358990996023563,0.975548241253002
2019-01-16,0.9084737621320885,0.9360965223244357,0.9704915470428661
2019-01-17,0.9005294013762103,0.9309413074726385,0.9673320908071081
2019-01-18,0.9124147757956259,0.9479209936139769,0.9625430620721012
2019-01-21,0.9172135743775753,0.953148068654031,0.9622991479936587
2019-01-22,0.9056168987192069,0.9404858127306658,0.9629245720249429
2019-01-23,0.9038541722695687,0.9398066112635121,0.9617448541401432
2019-01-24,0.9087162698230975,0.945111505629386,0.9614910668323189
2019-01-25,0.9104328757598089,0.9527979517953434,0.9555361386370461
2019-01-28,0.9078170884027403,0.9525915553131696,0.9529972036171269
2019-01-29,0.901633951906286,0.9556403903052816,0.943486651519885
2019-01-30,0.8923854299830373,0.9480137458374539,0.9413211927583647
2019-01-31,0.8926932586404787,0.9579322746119208,0.9318960038194017
2019-02-01,0.9167093998212623,0.9716267232686575,0.9434789903033468
2019-02-11,0.9374857385390301,0.989300543774807,0.9476248086975969
2019-02-12,0.9491751696658232,0.9964424649825294,0.9525639492717375
2019-02-13,0.9703041193272294,1.0163962515201928,0.954651414619028
2019-02-14,0.970925071718426,1.017925155896296,0.9538275639366768
2019-02-15,0.9629370846379843,0.9989438305013753,0.9639551847021078
2019-02-18,0.9946430415913687,1.0309703389886944,0.9647639742643226
2019-02-19,0.9938531948048264,1.0291361865543762,0.9657159157257118
2019-02-20,0.9991581139226753,1.0328223688357008,0.9674055714430593
2019-02-21,0.9961980765211705,1.030063778896646,0.9671227131083565
2019-02-22,1.012972612395627,1.0532249134855907,0.9617818563019452
2019-02-25,1.0666944489673607,1.1158657550728552,0.955934389166478
2019-02-26,1.0682614922085236,1.1024644959842065,0.9689758682476675
2019-02-27,1.0625879117200978,1.100579515611853,0.9654803643418403
2019-02-28,1.054641516566139,1.097880727370928,0.960615748389779
2019-03-01,1.0749255571189271,1.1219185562566063,0.9581137161199329
2019-03-04,1.093787374444925,1.1352001418414945,0.9635194131235829
2019-03-05,1.108225995225508,1.14175561380554,0.9706332789831654
2019-03-06,1.1251825280348569,1.1513540317316353,0.9772689346843069
2019-03-07,1.1262936028395372,1.1396133389054766,0.9883120567202801
2019-03-08,1.0787926215074573,1.0943531282562735,0.985781091727119
2019-03-11,1.1093246442996336,1.1160063907193365,0.9940128063107273
2019-03-12,1.1213187831453628,1.1236061139068805,0.9979642948421094
2019-03-13,1.1063654133079255,1.114282938028684,0.9928945113933398
2019-03-14,1.083660907897624,1.1065934772401949,0.979276428232919
2019-03-15,1.097558592095907,1.1205123400067953,0.9795149530341191
2019-03-18,1.1267703179919497,1.1524491108931694,0.9777180678448195
2019-03-19,1.128588306818335,1.1471263391146074,0.9838395897085054
2019-03-20,1.1287411687146944,1.1475691380892712,0.9835931720803107
2019-03-21,1.140610017991802,1.1480029633038404,0.9935601687901899
2019-03-22,1.1350352696451134,1.1470784556916032,0.9895009918574151
2019-03-25,1.115122594478703,1.1198600598199253,0.9957695916559575
2019-03-26,1.0934922746302786,1.10717691186134,0.9876400626815318
2019-03-27,1.099396687291247,1.12002761674669,0.9815799814692346
2019-03-28,1.089100267680763,1.115542629601952,0.9762964128671406
2019-03-29,1.1409783914476943,1.1586096673055555,0.9847823849952295
2019-04-01,1.1818957343358365,1.1890055454332,0.9940203717933266
2019-04-02,1.1832367368446834,1.1882155741148797,0.9958098198856676
2019-04-03,1.2060247090950862,1.2034360527401895,1.0021510543489223
2019-04-04,1.21512095335944,1.215424996226463,0.9997498464586734
2019-04-08,1.1993000051208489,1.2139290423757068,0.9879490178221387
2019-04-09,1.1979081296474172,1.2193744321730604,0.9823956432419303
2019-04-10,1.1911336166219437,1.2224921127308974,0.9743487129426932
2019-04-11,1.1676430726916598,1.196081635697729,0.9762235602008221
2019-04-12,1.1678089763582291,1.1934008650844938,0.9785554967530103
2019-04-15,1.1562525984957073,1.189481294933211,0.9720645489937112
2019-04-16,1.183745932519655,1.2224741652107085,0.968319794566474
2019-04-17,1.1893620420915831,1.2229079904252778,0.9725687062343679
2019-04-18,1.1856185660493384,1.2183721753425043,0.973116909630706
2019-04-19,1.1898917704431542,1.2328924202504388,0.9651221395305928
2019-04-22,1.166073237421191,1.204468315581062,0.9681227993603565
2019-04-23,1.1600594675243596,1.2024935275002626,0.9647116104948068
2019-04-24,1.1680521714675645,1.205808630780179,0.9686878511657481
2019-04-25,1.1332548493438352,1.1793981537470106,0.9608755497398604
2019-04-26,1.117594813200063,1.1636751445564082,0.9604010349693334
2019-04-29,1.1022820654295822,1.1669842886987618,0.9445560459590031
2019-04-30,1.1097690014730857,1.1708380279068513,0.9478416100449514
2019-05-06,1.0264647524176804,1.1024435338414864,0.9310814757477361
2019-05-07,1.0418064082056853,1.1132297831525926,0.9358413006660304
2019-05-08,1.026227490243857,1.0973092811324099,0.9352217354662331
2019-05-09,1.0076780291847767,1.077035383746375,0.9356034577802405
2019-05-10,1.05418474252292,1.1161559300184123,0.9444780197561913
2019-05-13,1.0388932725443094,1.0976892637864122,0.9464365798392802
2019-05-14,1.0311088833052249,1.0906340655571034,0.9454214900013483
2019-05-15,1.0587971913224283,1.1151506585653244,0.9494656019704131
2019-05-16,1.0658483906156058,1.1201981882959873,0.9514819803779037
2019-05-17,1.032134130876967,1.0917142118209797,0.9454252035020839
2019-05-20,1.0180548860552443,1.082447963233383,0.9405116186963944
2019-05-21,1.0393521708064424,1.0971058291652669,0.9473581701750994
2019-05-22,1.0351524320212435,1.0918997162679334,0.9480288497183151
2019-05-23,1.012197461438222,1.072325982491773,0.9439270128344464
2019-05-24,1.0091742955400766,1.0753030274031288,0.9385022359485456
2019-05-27,1.0310514839544411,1.0882554582720503,0.9474351597478422
2019-05-28,1.040847541780386,1.098745433285036,0.9473054542474443
2019-05-29,1.0392309180352775,1.096247082388722,0.9479896774464326
2019-05-30,1.0320774827265498,1.089446234172092,0.9473413651393832
2019-05-31,1.0337190720526936,1.086038378668699,0.9518255453549073
2019-06-03,1.0292002967495277,1.0867025771306946,0.9470855396947759
2019-06-04,1.0159803665489715,1.076667389474999,0.9436343818719917
2019-06-05,1.013769294625763,1.0762604154332125,0.9419368027371928
2019-06-06,1.001481082140969,1.0665573270085147,0.9389847660134014
2019-06-10,1.0112990968281577,1.0803385687511657,0.9360945967125701
2019-06-11,1.049709871241758,1.1128139054582122,0.9432932731097834
2019-06-12,1.0428521479128312,1.1043823567744069,0.9442854112218089
2019-06-13,1.0443894742426514,1.1026739771964134,0.9471425787140163
2019-06-14,1.0307835545949815,1.0935452795252654,0.9426071090924281
2019-06-17,1.0294522842510634,1.0935273320050765,0.941405170333945
2019-06-18,1.0303721977814524,1.097357164555414,0.9389579173148241
2019-06-19,1.0434214439260776,1.1118145230351864,0.9384851720389479
2019-06-20,1.0656030653261026,1.1454986532699645,0.9302525692930409
2019-06-21,1.0737901473375495,1.1471203098695446,0.9360745669821376
2019-06-24,1.072439612455253,1.1493134828151441,0.9331132267137464
2019-06-25,1.062380070485698,1.1373573496392162,0.934077641317127
2019-06-26,1.0575842756385594,1.1352689172997197,0.931571594643905
2019-06-27,1.0647665624907383,1.147383633642318,0.927995250473187
2019-06-28,1.060639659214192,1.1446219589732307,0.9266287885701808
2019-07-01,1.085351197240295,1.1776000365680723,0.9216636918621182
2019-07-02,1.089478960332412,1.1780069405023579,0.9248493560384344
2019-07-03,1.082020341270772,1.1649496989198325,0.9288129283814105
2019-07-04,1.074594110382143,1.1588370259304508,0.9273039144735062
2019-07-05,1.0807607188393045,1.164850987558793,0.9278102782093025
2019-07-08,1.0539154888532607,1.1378002187213807,0.9262746407604081
2019-07-09,1.054462910017717,1.1349098967884383,0.9291159703529154
2019-07-10,1.052741165060558,1.1329979951358014,0.9291641905636173
2019-07-11,1.0524086313198175,1.1325432077785114,0.9292436916240236
2019-07-12,1.0566529914370426,1.1395774438650994,0.9272322799345674
2019-07-15,1.0669325896173822,1.1442031367638195,0.9324678069272003
2019-07-16,1.0650248422389874,1.1390119567641435,0.9350427235765387
2019-07-17,1.0668133838014187,1.1383537174397105,0.9371545658064926
2019-07-18,1.053218577018838,1.1275106810530062,0.9341096228332088
2019-07-19,1.065189435428266,1.139347070617673,0.9349121640790248
2019-07-22,1.0538683453000754,1.1314840236573553,0.9314036462429238
2019-07-23,1.0618080194536879,1.1339464795132912,0.9363828352017404
2019-07-24,1.0711516183396783,1.1428985763900792,0.937223687619755
2019-07-25,1.0754663561564732,1.1522456589260273,0.9333655091908807
2019-07-26,1.0763957563022322,1.1544896598096621,0.9323563421778025
2019-07-29,1.0726463745139945,1.1532031170636117,0.930145226493371
2019-07-30,1.0807975895235788,1.1580052705416903,0.9333270037864375
2019-07-31,1.0687677206767758,1.147545161324019,0.931351337357084
2019-08-01,1.0579770768820387,1.1380036706885233,0.9296780881576012
2019-08-02,1.0417409060273601,1.121239424896954,0.9290976422124115
2019-08-05,1.0194572724371473,1.0997716668808448,0.9269717552630866
2019-08-06,1.0069048966514622,1.0879951491218087,0.9254681856478867
2019-08-07,1.0078088897599997,1.0835370131498534,0.9301102569909345
2019-08-08,1.0189042696365336,1.097856820713177,0.9280848380343849
2019-08-09,1.0082495910312035,1.0871573644879848,0.9274182597346942
2019-08-12,1.0293409807768084,1.1067759670646178,0.9300355369179348
2019-08-13,1.0247198650157487,1.0967976365920211,0.9342834364594065
2019-08-14,1.0300188999559001,1.1017793353794907,0.9348685956259346
2019-08-15,1.0363237820494624,1.1052500773110463,0.937637375760901
2019-08-16,1.0409824990706535,1.1101988956806697,0.9376540574132177
2019-08-19,1.0663482196596927,1.1342995408870096,0.94009402386412
2019-08-20,1.0649192427837164,1.133294199326421,0.9396670726953835
2019-08-21,1.0611485235952902,1.131508000422608,0.9378179590413509
2019-08-22,1.0630067172880768,1.1350236111546361,0.9365503121179144
2019-08-23,1.0668311461754083,1.1432067689633254,0.933191768224767
2019-08-26,1.0586928260374615,1.1267656486426594,0.939585642598174
2019-08-27,1.0777244117662326,1.1420368850985037,0.9436861679588187
2019-08-28,1.072647483294796,1.1377373322932187,0.9427900912179547
2019-08-29,1.0685836056864524,1.1340302579766741,0.9422884426320414
2019-08-30,1.0611858294017587,1.136842760583797,0.9334499600074978
2019-09-02,1.082945613026522,1.1514228071898613,0.9405281936958819
2019-09-03,1.0890479918447586,1.1530056242340323,0.9445296440494276
2019-09-04,1.0973778566301116,1.162696724276104,0.9438212336181991
2019-09-05,1.106675499864226,1.1744613237600146,0.9422834770933337
2019-09-06,1.111520696143173,1.1813998631080946,0.9408505374454001
2019-09-09,1.123587495422279,1.1887123558651136,0.9452139450544885
2019-09-10,1.1207482673810694,1.1846191995420026,0.9460831529780819
2019-09-11,1.1075103104714357,1.175891516775078,0.9418473512835774
2019-09-12,1.1153590687315451,1.1885417142083163,0.9384265233589063
2019-09-16,1.118664816352318,1.1841555085321185,0.9446941793472863
2019-09-17,1.1002227153384632,1.1642585791775542,0.9449985896738449
2019-09-18,1.107104606340038,1.1699015319119885,0.9463228965353003
2019-09-19,1.1156873625492516,1.174180122574553,0.9501841677433205
2019-09-20,1.119063074338202,1.177552083037568,0.9503300027727944
2019-09-23,1.1054095835331001,1.1640910222507894,0.9495903347796397
2019-09-24,1.1099324113001556,1.1672087028086262,0.9509288344315391
2019-09-25,1.0923539378432974,1.158202763371271,0.9431456843218865
2019-09-26,1.075285660482876,1.149274573152235,0.9356212045425996
2019-09-27,1.08525201970149,1.152718393803507,0.9414719375827734
2019-09-30,1.072528976833668,1.1413128148308778,0.93973270333655
2019-10-08,1.0705876795166152,1.1482393657963317,0.9323732589277122
2019-10-09,1.075196766967131,1.1499028765738526,0.9350326787343038
2019-10-10,1.096288604465565,1.159297842532805,0.9456487920916173
2019-10-11,1.0998947077767167,1.1703952289321882,0.9397634923548067
2019-10-14,1.1153293013730552,1.182815053118,0.9429447980332626
2019-10-15,1.1011185038418545,1.177731558239458,0.9349486274171601
2019-10-16,1.094105222411449,1.1736744371717265,0.9322050372401224
2019-10-17,1.0946119059210808,1.1744314579647,0.9320355807039202
2019-10-18,1.0769196163740562,1.1577239992487287,0.9302041048409567
2019-10-21,1.080014936804322,1.1611528870023435,0.9301229397900487
2019-10-22,1.0882151444925994,1.1656528771522399,0.9335670728589239
2019-10-23,1.0792731883612539,1.158232629166586,0.9318276494574773
2019-10-24,1.0794388155657968,1.1581100111477947,0.932069324308813
2019-10-25,1.0922104649413469,1.1659251045776071,0.9367758363321582
2019-10-28,1.1021180904685042,1.174841306414017,0.938099541147828
2019-10-29,1.0924037309794374,1.1699464007124614,0.9337211775806116
2019-10-30,1.0846346438992243,1.1642615938000862,0.9316073377968572
2019-10-31,1.0824253510104929,1.162921138385968,0.930781387732623
2019-11-01,1.097161313326157,1.1825607031053218,0.9277843500507738
2019-11-04,1.104832354154112,1.1902592077614063,0.9282283614776972
2019-11-05,1.1135592189148287,1.1976464351142122,0.9297896159216934
2019-11-06,1.1061925866213678,1.1922818091577092,0.9277945684693794
2019-11-07,1.1107359129888124,1.1943732561197373,0.9299738647844102
2019-11-08,1.1057524788561603,1.188730303385303,0.9301962570544086
2019-11-11,1.0816255272139652,1.1677772045321144,0.9262259299258483
2019-11-12,1.083409411593146,1.167989630259352,0.9275847863071996
2019-11-13,1.0810356038229276,1.1668795480926601,0.9264329001137692
2019-11-14,1.0865411727894383,1.1686388958236904,0.9297492806994181
2019-11-15,1.0764176783561683,1.1600308865605264,0.927921567284928
2019-11-18,1.0885875914539025,1.1692582254852135,0.9310069989049384
2019-11-19,1.1055740944477837,1.1809600086484626,0.9361655656003512
2019-11-20,1.0934373174553722,1.1692372633424928,0.9351714589813606
2019-11-21,1.089554134325822,1.1637738559174495,0.9362249622516935
2019-11-22,1.078599889808099,1.1519225334551253,0.9363475915111243
2019-11-25,1.081881556004417,1.1603660004140561,0.9323623370715505
2019-11-26,1.088673770103845,1.1643872264414097,0.9349757068626048
2019-11-27,1.0863522008798996,1.1595910321008938,0.9368408092219346
2019-11-28,1.0832070024904097,1.1556057011139182,0.937349998746353
2019-11-29,1.0743467729189369,1.1455435220704382,0.9378489356538621
2019-12-02,1.0774217601770182,1.1477546425362268,0.9387213261853665
2019-12-03,1.0815182026661891,1.1522516180635913,0.9386128738822925
2019-12-04,1.07867545992565,1.1518716354095893,0.9364545725115354
2019-12-05,1.0861694396571826,1.1607100179201797,0.9357801887532919
2019-12-06,1.092203924655766,1.1676006738452556,0.9354259115480075
2019-12-09,1.0938307130645675,1.1655242298883854,0.9384881798375967
2019-12-10,1.0958724286744184,1.1669992917039216,0.9390514942595622
2019-12-11,1.0959536023334964,1.1677083589663897,0.93855078960263
2019-12-12,1.0925997309426922,1.1641987073719242,0.9384993506900035
2019-12-13,1.1104470703444784,1.1872970256402073,0.9352731846908399
2019-12-16,1.12478491558376,1.1930806140211232,0.9427568450658321
2019-12-17,1.1423293751728352,1.2093123232370835,0.9446107124047586
2019-12-18,1.142688836249589,1.2066134648886577,0.9470214526033262
2019-12-19,1.1391862813232456,1.2049290620759168,0.9454384637055679
2019-12-20,1.1347339773948821,1.2019668799547176,0.9440642635990366
2019-12-23,1.1175213687492944,1.1869620520016793,0.9414971328398571
2019-12-24,1.1335345132626984,1.194699396213173,0.9488031188896987
2019-12-25,1.1368919334917795,1.1940740373065863,0.9521117602189981
2019-12-26,1.148175272621713,1.2045818897322602,0.9531732814586108
2019-12-27,1.1404891229855925,1.2033970729697812,0.9477246942034332
2019-12-30,1.160499500420127,1.221229476642601,0.9502714457978589
2019-12-31,1.166709081065718,1.2257026156197146,0.9518696184521319
2020-01-02,1.1851253023301953,1.2423560915601173,0.9539336671516996
2020-01-03,1.1845760080296595,1.2401779917271765,0.9551661260976894
2020-01-06,1.1834073500480087,1.2354924270228258,0.9578426578458867
2020-01-07,1.1932197675859268,1.244746757335297,0.9586044394607004
2020-01-08,1.174158245202384,1.2304120168743162,0.954280541070432
2020-01-09,1.1913890381451706,1.245985416658343,0.9561821689216904
2020-01-10,1.1890828006297558,1.2456294107695933,0.9546039860243015
2020-01-13,1.2020910909473128,1.257839753743199,0.9556790420798962
2020-01-14,1.1983561084012448,1.253621104993766,0.955915709800693
2020-01-15,1.1914818785109116,1.2466915394057805,0.9557150592991239
2020-01-16,1.1870588635686987,1.2413987035300338,0.9562269238667523
2020-01-17,1.1891946145701122,1.2431370891183433,0.9566077828258763
2020-01-20,1.195820354126136,1.2524062822209712,0.9548182335891132
2020-01-21,1.1698394458473682,1.2310073697705872,0.9503106760972371
2020-01-22,1.177008581879098,1.236279313611114,0.9520571677617989
2020-01-23,1.1368147376471245,1.1979725752076482,0.9489488834500881
2020-02-03,1.037336028357248,1.1035625897682748,0.9399883957420728
2020-02-04,1.0645474191914985,1.1326689105273373,0.9398575429212378
2020-02-05,1.0839103558555838,1.1455016678924983,0.9462320188933199
2020-02-06,1.1112787339713346,1.166819746394531,0.9523996636200083
2020-02-07,1.1175830395718915,1.1668466676748144,0.9577805469495911
2020-02-10,1.1231908086204792,1.1716758125406774,0.9586190963394023
2020-02-11,1.128557639144042,1.182581735355544,0.9543168183675189
2020-02-12,1.1399692921454616,1.1921472027562923,0.956231990067843
2020-02-13,1.1311324494924162,1.1848136777490519,0.9546922615219795
2020-02-14,1.1367990725350026,1.1931344565816904,0.9527837087128573
2020-02-17,1.1694828220612188,1.219969925284335,0.9586161083345154
2020-02-18,1.1695057126421189,1.2140127507315912,0.9633389039261314
2020-02-19,1.1567117592974532,1.212157706262053,0.9542584709248937
2020-02-20,1.1792998257327145,1.2400882541262315,0.950980562721039
2020-02-21,1.1861107852851465,1.2415333099314516,0.9553596152411206
2020-02-24,1.1841686864063707,1.2365516111439818,0.9576378986000029
2020-02-25,1.1845213411262907,1.233861866770652,0.9600113051767304
2020-02-26,1.1663455312837059,1.2186534466354693,0.95707728436154
2020-02-27,1.1661770192953735,1.222201867677843,0.9541607242926936
2020-02-28,1.1174494433179845,1.178868561686435,0.9478999437557423
2020-03-02,1.157721646625715,1.2176510495899115,0.9507827772296669
2020-03-03,1.1663375362916069,1.2241407607182644,0.9527805737040065
2020-03-04,1.166231956514241,1.2312287692579187,0.9472098001877812
2020-03-05,1.1844752576368238,1.2586595908568339,0.9410608446009544
2020-03-06,1.1687400342970946,1.2382480724468494,0.9438658216423443
2020-03-09,1.111379901248959,1.1959470292963137,0.9292885671557599
2020-03-10,1.1490668913450088,1.2215587014660687,0.9406563024486192
2020-03-11,1.1267587687721772,1.2053119892449502,0.9348274793798562
2020-03-12,1.1021649043152988,1.1821179041306584,0.9323646147850557
2020-03-13,1.0919001362899479,1.165482305602944,0.9368654770996891
2020-03-16,1.0310933613842805,1.1153750726751894,0.9244364399423397
2020-03-17,1.035790765628384,1.1099415310454606,0.9331939896444513
2020-03-18,1.0156965282987163,1.0879741869790895,0.9335667522764836
2020-03-19,1.022025439821473,1.0738608460054408,0.9517298666984779
2020-03-20,1.0345435171804602,1.0930486379900364,0.9464752813587884
2020-03-23,0.9846470969654808,1.0562738185852056,0.9321892483185249
2020-03-24,1.0104306804725198,1.084638051448952,0.931583286353176
2020-03-25,1.0412368821885811,1.1137832818709241,0.9348648872153296
2020-03-26,1.0277649965513669,1.1064618153538108,0.9288752510837627
2020-03-27,1.0286695691020833,1.1100552454116588,0.926683219915425
2020-03-30,1.01144827512273,1.099298932003368,0.9200848337762519
2020-03-31,1.011263409985469,1.102904350443842,0.9169094396794301
2020-04-01,1.0101606860024852,1.099589177056425,0.9186709973870989
2020-04-02,1.0362297852377107,1.117376711928772,0.9273772884070685
2020-04-03,1.0290009469835997,1.1110007151666168,0.9261928754287799
2020-04-07,1.0581687907004633,1.13637297022135,0.931180887287689
2020-04-08,1.054686904800123,1.131083148968135,0.9324574464417521
2020-04-09,1.0606554071669225,1.1348142000499324,0.9346511588595324
2020-04-10,1.0439800544840303,1.1277440689229663,0.9257242695863314
2020-04-13,1.0368353561726589,1.1229807550002966,0.9232886240979126
2020-04-14,1.0631251933175923,1.1446549094985796,0.9287735408248922
2020-04-15,1.0605933023519372,1.1361755474992707,0.9334766134391023
2020-04-16,1.063845513110606,1.1376775305950904,0.9351028604336901
2020-04-17,1.0729975155080087,1.1487808761320364,0.934031491820101
2020-04-20,1.0759746288523473,1.152960755433561,0.9332274526965458
2020-04-21,1.0655145964730641,1.1393739918979584,0.9351754595505029
2020-04-22,1.0754793058427605,1.1487479957141902,0.936218657055521
2020-04-23,1.076936632864691,1.1458666475413424,0.9398446452520869
2020-04-24,1.0646955389755148,1.1360588185105414,0.9371834641197635
2020-04-27,1.0673564061953007,1.1437782152018459,0.9331847660754242
2020-04-28,1.0716205705434632,1.1516711980649788,0.9304917691299257
2020-04-29,1.076442233716681,1.1570208911238242,0.9303567826429854
2020-04-30,1.0999961219679748,1.1706495088373676,0.9396459945218255
2020-05-06,1.112979558722676,1.1777315582394594,0.9450197296117475
2020-05-07,1.1095118191073947,1.1743326764961606,0.9448019639697237
2020-05-08,1.1227326626120175,1.1859208154007126,0.946718067540332
2020-05-11,1.1180294763078342,1.1848914970748712,0.9435711869550094
2020-05-12,1.1175056738111664,1.1849094445950603,0.943114833718851
2020-05-13,1.120302460419172,1.187305999400302,0.9435667477339685
2020-05-14,1.106080734322261,1.1744314579647008,0.9418010108815612
2020-05-15,1.1046838231910705,1.1707212989181235,0.9435924879917372
2020-05-18,1.1025819055612476,1.1737402681149207,0.9393746943112409
2020-05-19,1.1159123574241712,1.1837156540724862,0.9427199459472866
2020-05-20,1.105909009313515,1.1774235058812141,0.9392618745842213
2020-05-21,1.0925254467208922,1.1710115439711801,0.9329758125320244
2020-05-22,1.072132689974212,1.1441642271009107,0.937044407244568
2020-05-25,1.0619045279521182,1.1457380002774864,0.9268301546208081
2020-05-26,1.0854302737877717,1.1587383145694121,0.936734601885602
2020-05-27,1.070765116007346,1.1506120139438218,0.930604845969934
2020-05-28,1.0719708654018787,1.153909169703549,0.9289906810232549
2020-05-29,1.0832130493145609,1.1570178765012915,0.9362111608768663
2020-06-01,1.123300432539544,1.1882305771200392,0.9453556019927807
2020-06-02,1.1232887416264343,1.1918897680135798,0.9424434807411117
2020-06-03,1.1259955834744666,1.1919137447788324,0.9446955271779357
2020-06-04,1.1256106467886073,1.191476975049232,0.9447187569378728
2020-06-05,1.1295068848742078,1.1971796593742956,0.9434731671473128
2020-06-08,1.1294328431081826,1.2033732364195293,0.9385557272892772
2020-06-09,1.1385314259113875,1.2108771226535642,0.9402534779221565
2020-06-10,1.1402849643765327,1.2086869643304963,0.9434080105332714
2020-06-11,1.131692869233791,1.1955729356723728,0.9465694943967125
2020-06-12,1.134091811705614,1.1977271989550624,0.9468698821359605
2020-06-15,1.1237091104332761,1.1833386159335146,0.9496090935448787
2020-06-16,1.1447410948323735,1.2011651305762723,0.9530255796579536
2020-06-17,1.1459885634061742,1.2020686760457888,0.9533469977571577
2020-06-18,1.1561735630782148,1.2100842068202124,0.9554488493956459
2020-06-19,1.1691679098724,1.2263398928014253,0.9533799860343588
2020-06-22,1.1665066724955742,1.2273392051169505,0.9504354359676959
2020-06-23,1.1716049159521043,1.2332454816241583,0.9500176026666851
2020-06-24,1.173611367358465,1.2383916526083603,0.9476899855441919
2020-06-29,1.1637343127099953,1.2296341040461214,0.9464069912185403
2020-06-30,1.1800342621927131,1.2458627285320494,0.9471623439470741
2020-07-01,1.19987398900436,1.2709418641261954,0.944082513033988
2020-07-02,1.229056893542754,1.2972895248387022,0.9474036982573864
2020-07-03,1.259100489195593,1.3223505726976577,0.9521684454879227
2020-07-06,1.3269387428229555,1.3972975942120374,0.9496464806920687
2020-07-07,1.3334286618083717,1.4056872186104012,0.9485955653253637
2020-07-08,1.3649477857825179,1.428387606704493,0.95558641042235
2020-07-09,1.3879505440407633,1.448365299899908,0.9582876254607041
2020-07-10,1.3661630450435038,1.4221432718287244,0.9606367179073062
2020-07-13,1.3940195828725197,1.4520125725183228,0.9600602703148624
2020-07-14,1.38254733028589,1.4381684443475096,0.9613250351304609
2020-07-15,1.3550152169091412,1.4195522388164343,0.9545370574307984
2020-07-16,1.3004236057150755,1.351268514602236,0.9623724608856683
2020-07-17,1.2916847676606669,1.3597806869118905,0.9499213954818907
2020-07-20,1.3452987457854702,1.4003524584492126,0.9606858171087082
2020-07-21,1.3389327676103782,1.4035659058530583,0.953950763570737
2020-07-22,1.350925385952019,1.4105702060368313,0.9577158089476513
2020-07-23,1.3480228777357595,1.409968823895497,0.9560657334333168
2020-07-24,1.2797022433617873,1.3480789037486414,0.9492784434229204
2020-07-27,1.286355301169369,1.354918731735682,0.9493966472229064
2020-07-28,1.2963607724760253,1.3668298558961358,0.9484434122388198
2020-07-29,1.3330397944654646,1.3999664465501471,0.9521941027589584
2020-07-30,1.3218683410063592,1.3931267587781082,0.9488500114417092
2020-07-31,1.3339791884068193,1.4047657256206958,0.9496097207364598
2020-08-03,1.3657688151099099,1.4275827725960164,0.9567002637796619
2020-08-04,1.3655100264348041,1.4289261725251658,0.9556197182823699
2020-08-05,1.377200050658556,1.4293180734542936,0.9635364417733964
2020-08-06,1.37932807007707,1.4250245498940721,0.9679328473180348
2020-08-07,1.3707022878435107,1.4086193947212848,0.9730820780830747
2020-08-10,1.370382283024481,1.4136878865946687,0.969366927466215
2020-08-11,1.350315214509669,1.4007952574238771,0.9639632968153797
2020-08-12,1.330656343621318,1.3905804543512896,0.9569071242570236
2020-08-13,1.327229862447933,1.3870110010586945,0.95689930464493
2020-08-14,1.3482411687785005,1.407632000680885,0.9578079839946403
2020-08-17,1.3822456864056933,1.4407237225344234,0.95941065228949
2020-08-18,1.3889374100707195,1.439984649261639,0.9645501504359131
2020-08-19,1.3693162645468906,1.4184181798844901,0.965382624085093
2020-08-20,1.3468545883787666,1.4000083708355888,0.962033239540491
2020-08-21,1.3583138915498627,1.4118835999556647,0.9620579852280428
2020-08-24,1.3711206354081826,1.4229570796972961,0.9635713226851926
2020-08-25,1.3599067110209118,1.42478225837152,0.9544663425099363
2020-08-26,1.335115353456668,1.4080808289006121,0.9481809041453156
2020-08-27,1.3438839991120988,1.4156266394200885,0.9493209308795014
2020-08-28,1.3740065364502738,1.4494125657459387,0.9479747650339589
2020-08-31,1.3661100949481644,1.4410198566175425,0.9480161488924855
2020-09-01,1.3727216263326452,1.4487692593191632,0.9475088027321508
2020-09-02,1.3724704390097728,1.4492988513797413,0.9469892546338339
2020-09-03,1.3629552886730205,1.4412831803903163,0.9456540582843105
2020-09-04,1.3519648529802928,1.4272566325025817,0.9472472029152383
2020-09-07,1.316553469362215,1.3970822239697698,0.9423593305920573
2020-09-08,1.3215142684328203,1.4045681626836155,0.9408687335671131
2020-09-09,1.2823925808778132,1.3717159280525995,0.9348820369086207
2020-09-10,1.281808917949569,1.3709349304943736,0.9349888819940821
2020-09-11,1.3047725901486142,1.3844888136121298,0.9424219085919979
2020-09-14,1.3072356817408364,1.391600798917037,0.9393754895499811
2020-09-15,1.322855738992344,1.4027999112999914,0.9430109941812286
2020-09-16,1.318629452226216,1.393488793911922,0.9462791936233987
2020-09-17,1.3140971482645993,1.3861134848342416,0.9480444152967358
2020-09-18,1.3420267509719364,1.4173441329731786,0.9468602012390257
2020-09-21,1.3292338411753963,1.403682564734288,0.94696185203883
2020-09-22,1.3111291176010094,1.387026004063853,0.9452808482029371
2020-09-23,1.3164687722047959,1.3919837260860701,0.9457501172850602
2020-09-24,1.2869162518721746,1.3652771149697829,0.9426044264285917
2020-09-25,1.286626899201706,1.3673565034416841,0.9409593591453445
2020-09-28,1.2906008661441255,1.3709140384591538,0.9414163324162201
2020-09-29,1.294039364666192,1.3738731358503207,0.9418914533657304
2020-09-30,1.2922404908513923,1.372556657201455,0.941484261557682
2020-10-09,1.3226932819900716,1.4006037237318607,0.9443736722802655
2020-10-12,1.3585022359367698,1.4430963005744137,0.9413801666569501
2020-10-13,1.3649044147298668,1.4478955796449622,0.9426815261529802
2020-10-14,1.352803042721473,1.4382911324738035,0.9405627359981742
2020-10-15,1.3473242571314243,1.4357898370624587,0.9383854254658679
2020-10-16,1.3438794245763532,1.4336774980652105,0.9373652208324101
2020-10-19,1.3313042433319842,1.4228493945761636,0.9356606879173964
2020-10-20,1.3439359457162199,1.434213119370852,0.9370545615325049
2020-10-21,1.3315623634922669,1.4340215856788348,0.9285511297669442
2020-10-22,1.3251015447543475,1.4295784527120374,0.9269176813909807
2020-10-23,1.298090828762206,1.4117789995645647,0.9194716943392531
2020-10-26,1.3005265951982707,1.4036256374436893,0.9265480485001795
2020-10-27,1.3111176846669008,1.4060313062240268,0.9324953710938189
2020-10-28,1.325024764190394,1.4173979755337465,0.934829022661354
2020-10-29,1.340861549743147,1.4280644111260905,0.9389363247879133
2020-10-30,1.3126027843624815,1.4048494339765787,0.9343369848874244
2020-11-02,1.3205819592771184,1.4124790930669382,0.934939119282621
2020-11-03,1.3372676498702227,1.429452820070714,0.9355101694115858
2020-11-04,1.3493168168386254,1.4402540022794774,0.9368603140161899
2020-11-05,1.369180262158623,1.46163188247964,0.9367476712644132
2020-11-06,1.3586990909518113,1.4618144424115629,0.9294607109711943
2020-11-09,1.3835158882179601,1.4904269960429248,0.9282681351660879
2020-11-10,1.3739037718428797,1.4822080133013584,0.9269304709686126
2020-11-11,1.3551593423065385,1.4675530217770048,0.9234142291265408
2020-11-12,1.3594958867626925,1.4686182351432242,0.9256972671526922
2020-11-13,1.3528381335326503,1.453176497245584,0.93095239022712
2020-11-16,1.365385304047551,1.4673347070197054,0.9305206900072424
2020-11-17,1.363342180613202,1.4645281635501455,0.9309088172864769
2020-11-18,1.3587684703088756,1.463594612070313,0.9283776116030131
2020-11-19,1.3653718760373292,1.4744616953297704,0.9260137990441029
2020-11-20,1.3829183806680425,1.4790394346979856,0.9350111621266064
2020-11-23,1.3975210613040652,1.4975120600675487,0.9332285853117115
2020-11-24,1.391594420385608,1.488314657045677,0.9350135831813552
2020-11-25,1.3702056086859324,1.4692884628502836,0.9325640562288636
2020-11-26,1.362231088466819,1.4719483414282988,0.9254612068416639
2020-11-27,1.3734363315877456,1.4902535500860985,0.9216125212440501
2020-11-30,1.3696410515951152,1.4841138156014317,0.9228679345189392
2020-12-01,1.3935360746052166,1.516083537013153,0.9191683971126235
2020-12-02,1.3919102479452707,1.5160954552882786,0.9180887938751887
2020-12-03,1.3861836365347062,1.5130795708215137,0.9161339980170967
2020-12-04,1.3900125357681266,1.5157304756394343,0.9170578530340153
2020-12-07,1.375901890183297,1.5026613157817834,0.9156433826656821
2020-12-08,1.3739216773917768,1.4989632853328339,0.91658127376129
2020-12-09,1.3552719823021009,1.4788629040111265,0.9164284117386342
2020-12-10,1.3516021611260252,1.4782106238242563,0.9143501875458828
2020-12-11,1.3401039242097939,1.4629842561688844,0.9160070715450642
2020-12-14,1.3435032222288896,1.476511218006357,0.909917382167228
2020-12-15,1.3488669454386282,1.479580945033689,0.911654715455879
2020-12-16,1.3466492994830057,1.4822049285713261,0.908544610481777
2020-12-17,1.3658421743027445,1.5012371520117829,0.9098110664743423
2020-12-18,1.3702101357054377,1.4959981586966031,0.9159169934401798
2020-12-21,1.3885563871097912,1.5100217620693066,0.9195605136226239
2020-12-22,1.3559384287779097,1.4854663295056765,0.9128032065386025
2020-12-23,1.3731718280737628,1.4981374189741348,0.9165860292135661
2020-12-24,1.3659343827294086,1.496013161701761,0.9130497095196785
2020-12-25,1.384510199433053,1.508576566049085,0.9177593173537371
2020-12-28,1.3904749234546525,1.5152787029046755,0.9176364194845585
2020-12-29,1.378347053657251,1.5088548928270167,0.9135053743138654
2020-12-30,1.401140481021682,1.5300293210600362,0.9157605424521817
2020-12-31,1.4242696661164114,1.5592254495275446,0.9134469082376601
2021-01-04,1.4506159116002453,1.5761092987153738,0.9203777382587531
2021-01-05,1.4620870323539257,1.6062628152129657,0.9102414738774087
2021-01-06,1.4669185263522648,1.6209745938129176,0.9049608377277053
2021-01-07,1.4852595167769649,1.6496949727804149,0.9003237212232583
2021-01-08,1.4892906777348063,1.6442404690079653,0.9057620863895618
2021-01-11,1.4614004411621384,1.6280028707619427,0.8976645357376855
2021-01-12,1.494377855754562,1.6744359097909989,0.8924664402002036
2021-01-13,1.4789517494652917,1.6689365372180767,0.886164162916903
2021-01-14,1.4517748658196812,1.6367693930842762,0.8869758146466821
2021-01-15,1.4460991128660388,1.6330653333902632,0.8855121000357773
2021-01-18,1.457591040985295,1.6511490023457296,0.8827737768757068
2021-01-19,1.4285278835239967,1.626913680630471,0.8780600351030335
2021-01-20,1.4542751718151392,1.638555732203091,0.8875347620064282
2021-01-21,1.4857539753941729,1.66504697307711,0.8923195557951181
2021-01-22,1.4910364640054923,1.6664861398522681,0.8947187908431514
2021-01-25,1.5067996321525612,1.6832833361691846,0.8951550816048207
2021-01-26,1.4775451636966592,1.6494884360832398,0.8957596375789908
2021-01-27,1.4807551928436409,1.6539855518256055,0.8952648898348843
2021-01-28,1.4333747633118252,1.6088479591951936,0.8909323936544341
2021-01-29,1.4213028555615352,1.6013140669508428,0.8875853181430688
2021-02-01,1.4458456078019128,1.620968564567854,0.891964001897453
2021-02-02,1.4811824154969588,1.6459339857958024,0.8999039015412353
2021-02-03,1.464743607298756,1.6411797157407282,0.892494340047129
2021-02-04,1.4524007207505587,1.6378137144152758,0.8867923793574336
2021-02-05,1.4291545763217872,1.6406440944350869,0.8710936035239741
2021-02-08,1.4636635464304186,1.6649242849508181,0.8791171824811572
2021-02-09,1.511041008448505,1.701334054599304,0.888150686435524
2021-02-10,1.5391199603704493,1.7376780634120974,0.8857336653880753
2021-02-18,1.5492665036033277,1.7259075748981247,0.8976532267058254
2021-02-19,1.550770396122816,1.7290371737310872,0.8968982389062292
2021-02-22,1.522590060374337,1.6747290993590873,0.9091560306422254
2021-02-23,1.510597799130404,1.669445237243435,0.9048501654505795
2021-02-24,1.4631291638671986,1.6269286836356294,0.8993197910787368
2021-02-25,1.4607720856317328,1.6365001802814412,0.8926195690247422
2021-02-26,1.4217862100637257,1.596766193377943,0.890416027067777
2021-03-01,1.4565919613583984,1.6213067631514164,0.8984061464883712
2021-03-02,1.4356860627711951,1.6006169179635006,0.8969579458136988
2021-03-03,1.4643336826291014,1.631309000281765,0.8976433541261508
2021-03-04,1.4091945820782772,1.5799959183413097,0.8918976091771548
2021-03-05,1.3977179972023301,1.5746373216298701,0.8876443978576508
2021-03-08,1.3507577367833208,1.5199492646038681,0.8886860688309604
2021-03-09,1.3166291398024315,1.4873303477353095,0.8852297956585119
2021-03-10,1.318069062980281,1.4970872086130735,0.8804223664440778
2021-03-11,1.361490965496936,1.534370798150763,0.8873285174208325
2021-03-12,1.3670677900228543,1.539804269672991,0.8878191968601172
2021-03-15,1.3422108268926887,1.5066407577386962,0.8908632134094135
2021-03-16,1.3468791878207833,1.5197517016667872,0.8862495013781488
2021-03-17,1.353794313240894,1.526184625719542,0.8870449160779798
2021-03-18,1.3638419065594751,1.5384249747034635,0.886518308650287
2021-03-19,1.3294891120194576,1.4981284452140402,0.8874333280745572
2021-03-22,1.3471201020766113,1.5131064921017965,0.8903009200663596
2021-03-23,1.3241635456555982,1.4987746961558468,0.8834973989432151
2021-03-24,1.2896050550244031,1.474671036326975,0.8745035491010094
2021-03-25,1.2911977106510582,1.4739709428246013,0.8759994333244514
2021-03-26,1.3235279407370981,1.507373801766417,0.878035653257421
2021-03-29,1.3271290664158044,1.5100336803444323,0.8788738183065505
2021-03-30,1.3370709443727675,1.524350473285224,0.8771414237115441
2021-03-31,1.3295417228707955,1.5104764793190961,0.8802134565313697
2021-04-01,1.342956671340351,1.5291526968708034,0.8782358191490774
2021-04-02,1.3491337972235127,1.5443461140008279,0.873595488079034
2021-04-06,1.3476931802880066,1.5379970385189563,0.8762651335049341
2021-04-07,1.347674503544351,1.5270462469036172,0.8825367969549204
2021-04-08,1.3484439627684253,1.5295804928403094,0.8815776411115652
2021-04-09,1.3335473207091137,1.5065808859330658,0.88514817435986
2021-04-12,1.3060285988362368,1.4803738608670403,0.8822288972809266
2021-04-13,1.303310038842122,1.4779473000514824,0.8818379645855592
2021-04-14,1.3210781765302937,1.4902116258006566,0.8865037378972994
2021-04-15,1.3174581632959972,1.4807388405158843,0.8897302665721927
2021-04-16,1.3200701254093181,1.4858880962301189,0.8884048056906161
2021-04-19,1.3575974115207505,1.5220436560809274,0.891956946239239
2021-04-20,1.356469407257167,1.5209515214344245,0.8918557811611689
2021-04-21,1.3559131237179192,1.525550293052861,0.8888026372467395
2021-04-22,1.3590131283243652,1.5227078545429231,0.892497614870651
2021-04-23,1.3595936292461692,1.5365340351935473,0.8848444603929063
2021-04-26,1.348713616856854,1.5191175092151077,0.8878270500309767
2021-04-27,1.345857390775172,1.523090781711956,0.883635701125068
2021-04-28,1.3604956652220876,1.5316838580774628,0.8882352961072222
2021-04-29,1.3661277190706222,1.5451269713440525,0.8841523993864886
2021-04-30,1.3537021190865037,1.5329554679258561,0.8830668257559441
2021-05-06,1.3390765521266268,1.5142943935943083,0.8842907678923734
2021-05-07,1.3171013335582415,1.4948252602092496,0.8811072227759051
2021-05-10,1.3200983246826772,1.4937391548078103,0.8837542488149651
2021-05-11,1.3267791570227585,1.5029066920343674,0.8828087359347646
2021-05-12,1.3389778997669763,1.50933653135709,0.8871301210493203
2021-05-13,1.3308261132616843,1.4939037672195443,0.8908379123634046
2021-05-14,1.3597040124853905,1.5290957695802043,0.889220962830001
2021-05-17,1.3879780127040364,1.551356443429665,0.8946867230818732
2021-05-18,1.3951300219905303,1.5521373007728894,0.8988444651744553
2021-05-19,1.3954417570200688,1.5475505876445799,0.9017099461310499
2021-05-20,1.389209056371329,1.5517812948841396,0.8952350830308541
2021-05-21,1.386330446862606,1.5361449385644497,0.9024737263126698
2021-05-24,1.3882229431996118,1.5425599150970153,0.899947502598175
2021-05-25,1.4218697910726894,1.5912968268153367,0.8935289551970503
2021-05-26,1.4259166301728532,1.591928074751985,0.8957167429784818
2021-05-27,1.435586898590373,1.5972060478375754,0.8988113340379501
2021-05-28,1.4269804334529357,1.5920776841585609,0.8963007569615664
2021-05-31,1.4366912847394175,1.5952133122365868,0.9006264389337927
2021-06-01,1.4435894285065594,1.5982383106784475,0.9032379081776358
2021-06-02,1.4282330168765525,1.5827665667704913,0.9023649139814394
2021-06-03,1.4167595812704217,1.5723902360162028,0.9010228814825982
2021-06-04,1.422168624840344,1.5804657788112586,0.8998414542768669
2021-06-07,1.4268349838120848,1.5790744253516042,0.9035894451234487
2021-06-08,1.4210068700314165,1.5654577259131863,0.9077261215741188
2021-06-09,1.4205409002716587,1.566753312526832,0.9066780895970378
2021-06-10,1.431044722350687,1.5772312991571913,0.9073144332827909
2021-06-11,1.4178287501770421,1.5632377017948036,0.906982187385314
2021-06-15,1.3982329928858135,1.545842067851584,0.9045121891585484
2021-06-16,1.3746051161973054,1.5200899002503494,0.9042919869219027
2021-06-17,1.3878058774871933,1.5264928182927882,0.9091466797985327
2021-06-18,1.3998026302942397,1.526666264249615,0.9169015279068008
2021-06-21,1.4052057568481393,1.5230519421565472,0.9226249728938692
2021-06-22,1.4167393506100197,1.532557537751665,0.9244281638446306
2021-06-23,1.4327355226104164,1.5401064330011738,0.9302834478903345
2021-06-24,1.4329382773566997,1.5426736294632128,0.9288667738848323
2021-06-25,1.4574610116828872,1.5678064674029246,0.9296179356226123
2021-06-28,1.4652606992972923,1.57133413662508,0.9324946649758321
2021-06-29,1.4506508325190246,1.5530170096921547,0.9340856046429127
2021-06-30,1.4621234986588072,1.5630402790727247,0.9354355855283611
2021-07-01,1.4537575542628969,1.5647217373704347,0.9290837594587158
2021-07-02,1.42401590561527,1.5202783492123346,0.9366810402536228
2021-07-05,1.4357722713972472,1.5216755917020512,0.9435468895122922
2021-07-06,1.4347403639800649,1.5208707575935743,0.9433677101203585
2021-07-07,1.4560311603255078,1.5380419073194294,0.9466784704606303
2021-07-08,1.4566089370039212,1.5224146649748354,0.9567754242750928
2021-07-09,1.4513226085324187,1.5167836305155264,0.9568422148906902
2021-07-12,1.4686701454059805,1.5357141980799127,0.9563434050699299
2021-07-13,1.4728963116164355,1.5385236860645037,0.9573439297408927
2021-07-14,1.455621568852804,1.5208647283485106,0.9571012738479685
2021-07-15,1.472051055891821,1.5413242002890002,0.9550560846419005
2021-07-16,1.4611562862652707,1.52436239156035,0.9585360373327101
2021-07-19,1.4689625581793435,1.5299635602243442,0.9601291144241004
2021-07-20,1.4734019065605832,1.5286170755651622,0.9638790054833289
2021-07-21,1.506754114456128,1.5391041761706177,0.978981239726749
2021-07-22,1.5163876841724055,1.5414109933749143,0.9837659720152117
2021-07-23,1.497532340153127,1.5227049100278924,0.983468517301685
2021-07-26,1.4555018393960524,1.4736567210062923,0.9876803862450118
2021-07-27,1.4100838714693475,1.421598676762991,0.9919001012860656
2021-07-28,1.4010512044959835,1.4243424039118893,0.9836477525685273
2021-07-29,1.4381220569352327,1.4512077384098485,0.9909829026346328
2021-07-30,1.4354849111984775,1.4395088997616305,0.9972046101529353
2021-08-02,1.4774812379231201,1.47618199318289,1.0008801385914678
2021-08-03,1.4689311927349795,1.4763975036401598,0.9949428857155532
2021-08-04,1.493919001060836,1.489679089225048,1.0028461914156248
2021-08-05,1.4789617070797683,1.4806491029149396,0.9988603675024357
2021-08-06,1.4722807971154885,1.4725378052945073,0.9998254658195568
2021-08-09,1.4924706314760634,1.4916866876161927,1.0005255419025851
2021-08-10,1.5034486368044808,1.5089177091476784,0.9963754999294913
2021-08-11,1.4949134228984298,1.5005969303150397,0.996212502303722
2021-08-12,1.494269919545573,1.4880333857527142,1.0041911249119617
2021-08-13,1.4731043168407958,1.4798442688064624,0.9954454991597849
2021-08-16,1.4697803560274376,1.4783752362359897,0.9941862661130371
2021-08-17,1.4385932447271585,1.4473570138242902,0.9939449845384205
2021-08-18,1.4498289056194844,1.4643635511384117,0.9900744282335983
2021-08-19,1.4592334452982618,1.4547592441822543,1.0030755612201128
2021-08-20,1.4374662623482664,1.4269724166945896,1.0073539232650233
2021-08-23,1.4740345647106645,1.4469021563594995,1.0187520685015994
2021-08-24,1.4833941674764795,1.4626132472749764,1.014208076017512
2021-08-25,1.4882999498373912,1.4655364496257652,1.0155325377389548
2021-08-26,1.4618046216665244,1.436648513731503,1.0175102731771752
2021-08-27,1.460768220644201,1.4442572807866425,1.0114321319872908
2021-08-30,1.4447824311911484,1.4401372031832478,1.003225545453331
2021-08-31,1.464657394043938,1.4378453889841092,1.0186473491971015
2021-09-01,1.4852885840521033,1.4569494025053225,1.0194510403024633
2021-09-02,1.4916652197531999,1.4569343995001645,1.0238382869297002
2021-09-03,1.4714676190416052,1.4490505306121275,1.015470190967052
2021-09-06,1.505228752159682,1.4761790486678588,1.0196789837371276
2021-09-07,1.527473329444844,1.4938618429341028,1.0224997289205302
2021-09-08,1.5190261093162276,1.4876684061038705,1.0210784225057796
2021-09-09,1.524298870674937,1.4870340734371894,1.0250598139635174
2021-09-10,1.5338121511142861,1.5000523352493043,1.022505758680327
2021-09-13,1.526142912484079,1.4935118662904168,1.0218485349398068
2021-09-14,1.5018213221777192,1.4712213266456415,1.0207990429297578
2021-09-15,1.4954065339328073,1.456309040593578,1.0268469756414433
2021-09-16,1.4647534931685198,1.438470747890696,1.0182713102204988
2021-09-17,1.4772215195543477,1.4529041997127161,1.0167370428459357
2021-09-22,1.492334764962923,1.442680422880034,1.0344181159565218
2021-09-23,1.5150360318246123,1.4520843625990811,1.043352625265418
2021-09-24,1.4897921787322534,1.4509563329122002,1.0267656889040253
2021-09-27,1.4439578097710104,1.4593160915152494,0.989475699039067
2021-09-28,1.4570914122589864,1.4612489553106074,0.9971548016944606
2021-09-29,1.4194492792541735,1.4463187217383546,0.9814221844187384
2021-09-30,1.4359821428759438,1.4560279095156168,0.98623256703483
2021-10-08,1.4296107723847427,1.4750451299509155,0.9691979881539727
2021-10-11,1.4170392137760863,1.4769150372106103,0.959458857194921
2021-10-12,1.3806843653907275,1.4612518998256383,0.9448640344320344
2021-10-13,1.3819883026360684,1.478087935697964,0.9349838187966019
2021-10-14,1.374702660186802,1.470159057794453,0.9350707006146289
2021-10-15,1.3778595993973801,1.4756943254077532,0.9337025803203924
2021-10-18,1.3821173934493658,1.458541123202087,0.9476026225541448
2021-10-19,1.4000259513428972,1.4728848374231622,0.9505332092305785
2021-10-20,1.396271906799123,1.469132824198644,0.9504054934997017
2021-10-21,1.4041175933252386,1.4744706690898648,0.9522858763897606
2021-10-22,1.4124329430344689,1.4839583171647934,0.9518009547148341
2021-10-25,1.4203547345867458,1.4898794564621578,0.953335337584623
2021-10-26,1.4177920197764162,1.4849666032404132,0.9547635729198136
2021-10-27,1.4050672705043559,1.465536449625765,0.9587392185729325
2021-10-28,1.3904117710953823,1.4553576818085572,0.9553746054836036
2021-10-29,1.407186250418334,1.4687110574742017,0.9581096589810698
2021-11-01,1.396401342467314,1.4633014225022247,0.9542814084602526
2021-11-02,1.3839197608779614,1.448090057852011,0.9556862526428536
2021-11-03,1.3866488763826004,1.4424830001579547,0.9612930455546163
2021-11-04,1.4022644383558562,1.4567338920480521,0.962608507985205
2021-11-05,1.3867873802226705,1.4488379646698883,0.9571721711051685
2021-11-08,1.3907953951326633,1.4505823795032613,0.9587841509621318
2021-11-09,1.3913561071275218,1.450151498803723,0.9594556901643012
2021-11-10,1.3802852552257066,1.442506976923207,0.9568655662032108
2021-11-11,1.39562435977242,1.46568311451731,0.9522006127716344
2021-11-12,1.3954827044042108,1.462607218029913,0.9541062612037996
2021-11-15,1.3999620873229244,1.460815130096038,0.9583430911144021
2021-11-16,1.4004160532543102,1.461096261173999,0.9584693975803265
2021-11-17,1.4071124799076795,1.4618234161716577,0.9625734985096492
2021-11-18,1.3946398479609954,1.4474227746599828,0.9635331655525547
2021-11-19,1.409594657579288,1.4631129735402397,0.9634216106829704
2021-11-22,1.4283865633681125,1.4697970226606394,0.971825729230581
2021-11-23,1.4242610920573997,1.4700813786836342,0.9688314624682454
2021-11-24,1.4213691115133298,1.471071717239065,0.966213336071053
2021-11-25,1.4173321700376864,1.465021860570345,0.9674477959570565
2021-11-26,1.4042806089859505,1.45415786204092,0.9657002486752254
2021-11-29,1.3991438758436416,1.4515518260234717,0.9638952263086591
2021-11-30,1.4030551014891253,1.4457502901223669,0.9704684903576066
2021-12-01,1.4060076138037083,1.4492867928896151,0.9701376019582597
2021-12-02,1.4043511719738515,1.4529699605484083,0.9665383387856098
2021-12-03,1.4206579106729569,1.466392181779778,0.9688117055757124
2021-12-06,1.4068516363906822,1.4638788278783061,0.9610437760273662
2021-12-07,1.4114254219799933,1.4726993329762081,0.9583934686298899
2021-12-08,1.4403080483031057,1.4947893651688713,0.9635525123905262
2021-12-09,1.463186513480111,1.5195513344296767,0.9629069320183772
2021-12-10,1.4537727570548284,1.5124990807153988,0.9611726549725945
2021-12-13,1.4580470216256636,1.52108023880578,0.9585602287295477
2021-12-14,1.44665552003497,1.5108774942233196,0.9574935926745248
2021-12-15,1.438140888241592,1.4977724393252905,0.9601865079647474
2021-12-16,1.4551223395980293,1.506398466216144,0.965961113365368
2021-12-17,1.4372945857276829,1.48247119685913,0.9695261457847131
2021-12-20,1.418676258368041,1.4602286107448599,0.9715439404001109
2021-12-21,1.4334067455395996,1.4701231627540743,0.9750249379475856
2021-12-22,1.440948671847004,1.4704104632921005,0.9799635597130243
2021-12-23,1.4456538400975911,1.4806701351651603,0.9763510492742778
2021-12-24,1.4430627513039698,1.4724719042438124,0.9800273588548057
2021-12-27,1.4424470051430578,1.4718675775874472,0.9800113998756512
2021-12-28,1.4501160508750959,1.482830287477912,0.9779379765310442
2021-12-29,1.4323461754876428,1.4611442147045035,0.980290761906288
2021-12-30,1.448509061432384,1.4725228022893484,0.983692109338049
2021-12-31,1.4554139361781504,1.478165755023783,0.9846080733718077
2022-01-04,1.4559281620893414,1.4714037463625622,0.9894824351837639
2022-01-05,1.4372416881230818,1.456548387601098,0.9867448966046272
2022-01-06,1.4279300878130265,1.4416212387588778,0.990502948640214
2022-01-07,1.4236547260001657,1.4428600382969254,0.9866894142279881
2022-01-10,1.4275411055326328,1.4493466646952458,0.9849549043760362
2022-01-11,1.406225260052723,1.4354995920094016,0.979606868493985
2022-01-12,1.4172199495141162,1.4498044666750676,0.9775248884177605
2022-01-13,1.3867021792729721,1.4259700196490313,0.9724623660841594
2022-01-14,1.380238226875667,1.4142443999355312,0.9759545287494761
2022-01-17,1.3983157421663954,1.426376923583317,0.9803269521870651
2022-01-18,1.4131932143095807,1.4401611799484997,0.981274342056711
2022-01-19,1.4069931840124181,1.4302964937345999,0.9837073573037047
2022-01-20,1.4130494410250822,1.443201041180517,0.9791078309292438
2022-01-21,1.3813866842241551,1.4299763828862282,0.9660206285617103
2022-01-24,1.386562908530231,1.432199491734643,0.968135316715454
2022-01-25,1.3446694035153866,1.3997988896233837,0.9606161381347932
2022-01-26,1.3483781717674233,1.409929844125088,0.9563441595238664
2022-01-27,1.3193931009719098,1.38227467852381,0.9545086236991231
2022-01-28,1.3094717942157388,1.3654864559669881,0.9589782370184098
2022-02-07,1.3325343948277555,1.3865262777985903,0.9610596035319586
2022-02-08,1.3267560616750005,1.3789506014837993,0.962149086593359
2022-02-09,1.3431998843469888,1.3919029622452201,0.9650097174736445
2022-02-10,1.341453135576734,1.3882527451117743,0.9662888406309096
2022-02-11,1.3222432202246988,1.3767454401555737,0.9604122749629619
2022-02-14,1.3096342031188817,1.3618721338739206,0.9616425584636604
2022-02-15,1.3283098026143698,1.3763564837414772,0.9650913976904459
2022-02-16,1.3325232366801687,1.3817091914228548,0.9644020934014086
2022-02-17,1.3329877496181899,1.3850512159830546,0.9624104395822561
2022-02-18,1.3478028538916424,1.3916575859926363,0.9684874120312337
2022-02-21,1.3452047230780027,1.386592178849285,0.9701516737202216
2022-02-22,1.3273002987196358,1.3685922182497003,0.9698289096054682
2022-02-23,1.3311675066237165,1.3832230927938,0.962366456689974
2022-02-24,1.3011448618877248,1.3551789707784254,0.9601276952669484
2022-02-25,1.3135503602851277,1.3683737632773996,0.9599353594291635
2022-02-28,1.3133849630234573,1.3708362191333354,0.9580903573249621
2022-03-01,1.3284531601491607,1.3822178914482128,0.9611025644858928
2022-03-02,1.31958306081355,1.3699236999037243,0.9632529613921474
2022-03-03,1.3124176376307766,1.3618541863537321,0.9636990881855579
2022-03-04,1.3033946179951914,1.345338261329778,0.9688229759457462
2022-03-07,1.258072412708342,1.3023580167120885,0.9659958295372963
2022-03-08,1.225724885928391,1.276210723236692,0.9604408297242165
2022-03-09,1.2148787409999555,1.2645299723236645,0.9607354254858259
2022-03-10,1.2402097675492716,1.2844238169481963,0.9655767443615475
2022-03-11,1.2470483526505678,1.2885169732713075,0.967816783572933
2022-03-14,1.2122640284412558,1.2490941234560864,0.9705145558503419
2022-03-15,1.1520667619120586,1.191961698309339,0.9665300181592522
2022-03-16,1.1963861912861482,1.2435050132822192,0.9621080562661333
2022-03-17,1.2225520006368298,1.2679258394444315,0.9642141224699047
2022-03-18,1.2286867006155044,1.2763634173733003,0.9626464405757473
2022-03-21,1.2317176780664039,1.274224016880767,0.9666413925249844
2022-03-22,1.2276893810431522,1.273191894254896,0.9642610721784612
2022-03-23,1.2369817500285012,1.2795408295217663,0.966738787453018
2022-03-24,1.2299726638807509,1.271997963517321,0.966961189528667
2022-03-25,1.2067785451859492,1.2490373363804883,0.9661669111373417
2022-03-28,1.198518794816763,1.2412282020882386,0.9655910112261216
2022-03-29,1.1936608466041536,1.2369405675580791,0.965010670610176
2022-03-30,1.2323216714324459,1.2728328036361143,0.9681724637454818
2022-03-31,1.2183351146429755,1.2634079718818472,0.9643243843303161
2022-04-01,1.2307714908836513,1.2794331444006322,0.9619662397133091
2022-04-06,1.225197258210628,1.275747032226808,0.9603763342267426
2022-04-07,1.2047996215857322,1.2593686581193029,0.9566695294648175
2022-04-08,1.2024681153917298,1.2658524802175937,0.9499275264563464
2022-04-11,1.162778207538324,1.226746796735713,0.9478550998726021
2022-04-12,1.1858489874682057,1.2506530338425055,0.948183833069036
2022-04-13,1.1641660436811638,1.238616136825727,0.9398925212331234
2022-04-14,1.180194242678194,1.254123775774061,0.9410508479912704
2022-04-15,1.1841754299520073,1.2532799618951735,0.9448610573501324
2022-04-18,1.1760348085136205,1.2465867987996777,0.9434038685842087
2022-04-19,1.1700288135671837,1.2371679962904742,0.9457315555166309
2022-04-20,1.146686667768565,1.2179861634434417,0.9414611612062147
2022-04-21,1.121785089208026,1.195558072882218,0.9382941026893474
2022-04-22,1.125015359518237,1.200770144917114,0.9369115015729292
2022-04-25,1.069011132544436,1.1414265291970773,0.9365571109481913
2022-04-26,1.0567603287485894,1.1322141231700478,0.9333573103555731
2022-04-27,1.0774202332115237,1.1655511511686703,0.9243869152642681
2022-04-28,1.0863071334576395,1.1732017022942496,0.9259338196776532
2022-04-29,1.1259938072297289,1.2016647166265364,0.93702826724476
2022-05-05,1.133178368829811,1.1998605702025342,0.9444250415183929
2022-05-06,1.1073901884141057,1.1695244937730194,0.9468721641233342
2022-05-09,1.1013084102464508,1.1601355570591303,0.9492928680146632
2022-05-10,1.118346339202304,1.1728306934003419,0.9535445699838624
2022-05-11,1.1381894219038864,1.1897505077360497,0.9566622703693753
2022-05-12,1.1383448035241857,1.184460616375334,0.9610659804018886
2022-05-13,1.1490432156194754,1.1933948358394335,0.9628357531908028
2022-05-16,1.142245962368562,1.1838024471584017,0.9648957603613746
2022-05-17,1.1498677760385683,1.1985680683189206,0.9593679378187857
2022-05-18,1.1474664518241313,1.1943851743948641,0.960717259744534
2022-05-19,1.1483650496688274,1.196685962354097,0.9596210583182461
2022-05-20,1.1739968442671322,1.2200237678449024,0.962273748437644
2022-05-23,1.172045047382507,1.212956651340468,0.9662711739015994
2022-05-24,1.1340217497505247,1.1845833045016256,0.9573170121856707
2022-05-25,1.144923171677028,1.1917731091323522,0.9606888785320619
2022-05-26,1.1523016978921639,1.1947232327634243,0.964492583965963
2022-05-27,1.1486489178026076,1.1971946623794547,0.959450416793238
2022-05-30,1.1641356789295596,1.2054885199318097,0.9656961967546657
2022-05-31,1.1927628704994655,1.2241885740337681,0.9743293605242914
2022-06-01,1.1945161175180665,1.2216933078674868,0.9777544902845878
2022-06-02,1.2094858085260956,1.223605139412623,0.9884608764447448
2022-06-06,1.2370813966668643,1.2465000057137634,0.9924439558734652
2022-06-07,1.2401632688895865,1.2504016283448574,0.9918119432803176
2022-06-08,1.2499824265028847,1.2625731317630535,0.990027741804875
2022-06-09,1.2323817892076778,1.2493664209889537,0.9864054039744149
2022-06-10,1.2491697558432717,1.2683118513434966,0.9849074220350871
2022-06-13,1.242098203385542,1.2534594370970635,0.9909360978303109
2022-06-14,1.2435113385746908,1.2633211787959322,0.9843192368229573
2022-06-15,1.2582992167065616,1.2800495295471237,0.9830082255893198
2022-06-16,1.2679809668089435,1.271624010108382,0.9971351254219177
2022-06-17,1.2820240378615224,1.289270909334248,0.9943790933152539
2022-06-20,1.2905451918746953,1.2956708828616559,0.9960439868991732
2022-06-21,1.2867808557423965,1.2942167130813398,0.9942545500581278
2022-06-22,1.2651459435815113,1.2777756628681742,0.990115855502903
2022-06-23,1.2909256225670869,1.2996950534040401,0.9932527012286573
2022-06-24,1.2991626646058323,1.314921421059412,0.9880154386405211
2022-06-27,1.316075141208738,1.3297289665053724,0.9897318734565002
2022-06-28,1.3311491492962666,1.3435700099461534,0.9907553305313919
2022-06-29,1.3113833895412137,1.3228772202432066,0.9913114909485856
2022-06-30,1.3278887066638647,1.3419213619587893,0.9895428631716233
2022-07-01,1.321685044537858,1.3364490508811522,0.9889528101849001
2022-07-04,1.333839550220908,1.3452186579335181,0.9915410720439379
2022-07-05,1.3235396205281773,1.3432768203780658,0.9853066772608096
2022-07-06,1.3141640526986602,1.3236580775864313,0.9928274340265557
2022-07-07,1.3292603334375133,1.329492564012883,0.9998253239005198
2022-07-08,1.3230368112041735,1.3250972443615894,0.9984450702269715
2022-07-11,1.2953800437474892,1.3029085008078862,0.9942218067840305
2022-07-12,1.2781063261906798,1.2906412305436812,0.9902878475781213
2022-07-13,1.284192896012665,1.2929870275183883,0.9931985926242417
2022-07-14,1.294061910296535,1.2931694472353097,1.0006901362100173
2022-07-15,1.2764827407825408,1.2711662081285606,1.0041824055894368
2022-07-18,1.2809535865742494,1.2843490823524093,0.9973562516415392
2022-07-19,1.2725074156775886,1.27739259548414,0.9961756629685958
2022-07-20,1.2816284203268278,1.2817190695697087,0.9999292752639536
2022-07-21,1.2680827189930417,1.2674352271542642,1.000510867794192
2022-07-22,1.2630799193401077,1.2680844226111019,0.9960534936146527
2022-07-25,1.250626591720609,1.260427842240459,0.9922238701880562
2022-07-26,1.2619294027502783,1.2704032983055253,0.993329759481458
2022-07-27,1.2636670488903745,1.2641379311795353,0.999627507190832
2022-07-28,1.263349521764548,1.2643265203565215,0.999227257693133
2022-07-29,1.243370855231644,1.247699825481401,0.9965304393241486
2022-08-01,1.260780452695063,1.2532590698599537,1.0060014589289585
2022-08-02,1.2356130833244234,1.2288261852076143,1.0055230741324594
2022-08-03,1.230165400014265,1.2168462154814352,1.0109456596596802
2022-08-04,1.2379331529953193,1.2271866511953458,1.0087570230571739
2022-08-05,1.252503491251736,1.2437534742648357,1.0070351698853122
2022-08-08,1.2541613324717968,1.2411084584769771,1.0105171098510097
2022-08-09,1.2588813696883974,1.2435679698178819,1.0123140835420184
2022-08-10,1.247217285676835,1.229640133291187,1.014294550014891
2022-08-11,1.2723576396194674,1.254713099425268,1.0140626093744312
2022-08-12,1.2634399343444787,1.2539980029177362,1.0075294628897122
2022-08-15,1.2574457165311717,1.2523614134204988,1.0040597730464933
2022-08-16,1.2502339878014004,1.2500157566607932,1.0001745827118134
2022-08-17,1.2605315983913008,1.2617204843390735,0.9990577263644923
2022-08-18,1.2542994637188103,1.2506918733979147,1.0028844757031117
2022-08-19,1.2365734249069498,1.2420061149164319,0.9956258749902792
2022-08-22,1.243481259720514,1.2510808298120113,0.9939255962441378
2022-08-23,1.2400361415111605,1.2450011073479765,0.9960120791800803
2022-08-24,1.2061783269818356,1.2214658791350919,0.9874842577149341
2022-08-25,1.2083737727027208,1.2315849153616707,0.9811534370310685
2022-08-26,1.2017983751071335,1.2289847683742847,0.9778789827451534
2022-08-29,1.2003140917992383,1.2235902766224673,0.9809771413945203
2022-08-30,1.1975209716828452,1.219482117294198,0.9819914164382496
2022-08-31,1.1858075197729876,1.2203947767388108,0.9716589601782395
2022-09-01,1.1778704282511756,1.209892813343199,0.9735328743679876
2022-09-02,1.176784860661542,1.2038698779547623,0.9775017069625211
2022-09-05,1.1833254389809444,1.2014224251039844,0.9849370331825846
2022-09-06,1.2034514018707019,1.212447951315111,0.992579846883612
2022-09-07,1.2035044148313931,1.2132558701536205,0.991962573137196
2022-09-08,1.1991458596191655,1.2080795529441009,0.992605045501214
2022-09-09,1.2147417862625391,1.224867775500923,0.9917329940088899
2022-09-13,1.2191995868688694,1.2300499817405044,0.9911788992051511
2022-09-14,1.2055690923264846,1.2163614922213304,0.9911273088108563
2022-09-15,1.1916083032897598,1.2049200883158238,0.9889521428390571
2022-09-16,1.158769825145153,1.1766634003582102,0.984792953356406
2022-09-19,1.1532817731677236,1.1752632133534626,0.9812965811096752
2022-09-20,1.15417912314932,1.176711353888715,0.9808515226228317
2022-09-21,1.1518337559547362,1.1680016186419797,0.9861576709918933
2022-09-22,1.1443783245397023,1.157712080973605,0.9884826662405654
2022-09-23,1.1383641871793149,1.1537266798791288,0.9866844609145873
2022-09-26,1.1327059307983427,1.147940146983182,0.9867290849397721
2022-09-27,1.151079283299466,1.1645817046484594,0.9884057758291255
2022-09-28,1.132341470378636,1.145555510453066,0.9884649500143352
2022-09-29,1.1308533834640864,1.145085720090618,0.9875709421776693
2022-09-30,1.1220386197201122,1.1384285221430008,0.9856030465645432
2022-10-10,1.105101252729751,1.1133105469934457,0.9926262314806373
2022-10-11,1.101183532680211,1.1153301337672168,0.9873162208581031
2022-10-12,1.1195156667530073,1.132270980353146,0.9887347518204869
2022-10-13,1.121433955073054,1.1228042243134375,0.9987796009217713
2022-10-14,1.1531083817976568,1.1496725033264277,1.0029885714943063
2022-10-17,1.1584954841701647,1.1508513609513438,1.006642146395432
2022-10-18,1.1545982223404436,1.148415896483192,1.0053833509934718
2022-10-19,1.1376078714235587,1.1299432010061283,1.0067832351312929
2022-10-20,1.1348367896550708,1.123480411158059,1.0101082122876588
2022-10-21,1.1323699417391184,1.1198780073401167,1.0111547278517166
2022-10-24,1.1053410031363617,1.0871094810649822,1.0167706402979018
2022-10-25,1.0996543999196833,1.0853382150588262,1.0131905286870242
2022-10-26,1.1266483358556347,1.0941496762891327,1.029702206444664
2022-10-27,1.1181588772636362,1.0864422679804544,1.0291930921853203
2022-10-28,1.087597894019788,1.0595709743449324,1.0264511961477454
2022-10-31,1.0815754639066444,1.049808014114604,1.0302602469831903
2022-11-01,1.1200416943107732,1.0873488280725028,1.0300665852523367
2022-11-02,1.1406019125327693,1.1004059995475275,1.0365282568449916
2022-11-03,1.1373115331033266,1.0914569172932713,1.0420123003331832
2022-11-04,1.170103067142446,1.127142616674131,1.038114476227577
2022-11-07,1.1687454110101458,1.1295751366272515,1.034676997671754
2022-11-08,1.1617685677400569,1.1218049119979117,1.0356244257042615
2022-11-09,1.1564661089562145,1.1113148668774253,1.04062866737818
2022-11-10,1.1422814899653777,1.1027637147973604,1.0358352153210617
2022-11-11,1.1632932618600476,1.13350662505366,1.0262783085233202
2022-11-14,1.1642674169618623,1.1351761650762444,1.0256270813117927
2022-11-15,1.1875588628938365,1.1567037247904834,1.026675057270125
2022-11-16,1.1757484350356404,1.1472549863784647,1.024836195087825
2022-11-17,1.1723012811093014,1.142548529638894,1.0260406894749678
2022-11-18,1.1646248397771606,1.1374351689650375,1.0239043697205734
2022-11-21,1.1636229823196014,1.127729065917808,1.0318284927528945
2022-11-22,1.1546613310675145,1.1278607278041948,1.0237623339501298
2022-11-23,1.1537349390625895,1.129045544566674,1.0218674920730422
2022-11-24,1.1509995570305904,1.1240428836364835,1.0239818905368603
2022-11-25,1.1528709008992788,1.129718786896265,1.0204936965478115
2022-11-28,1.1411758781627557,1.1169907701372073,1.0216520213703983
2022-11-29,1.1720381435853073,1.1514527430926782,1.0178777640820404
2022-11-30,1.1704481539208083,1.1528350526847375,1.0152780757273585
2022-12-01,1.1905575097145449,1.1653207779212433,1.0216564677052442
2022-12-02,1.1809654591734164,1.1581937896111782,1.0196613638982497
2022-12-05,1.2003062015905555,1.1809121953329598,1.0164229028493752
2022-12-06,1.1998887005456889,1.187291136610146,1.010610341092506
2022-12-07,1.1915691463693674,1.1843708787743883,1.0060777141045785
2022-12-08,1.1931996417016069,1.1845922782617202,1.0072660978784338
2022-12-09,1.2017449566964178,1.196279058419811,1.004569082972853
2022-12-12,1.1940978886710258,1.182874924923632,1.0094878701973653
2022-12-13,1.192616716625477,1.1805531047141775,1.010218610127005
2022-12-14,1.190645281824183,1.1833087501382014,1.0062000147342145
2022-12-15,1.1901578860768827,1.1824410997090629,1.0065261486341421
2022-12-16,1.1931223776707434,1.1831113274161222,1.0084616299604576
2022-12-19,1.1677788113548535,1.1648569466963579,1.0025083463396791
2022-12-20,1.150863485089093,1.1456482626765423,1.004552202087198
2022-12-21,1.152533063375561,1.1461030500338323,1.0056103273972956
2022-12-22,1.1568138735828617,1.1477456687761332,1.0079008834913732
2022-12-23,1.1566457674782895,1.1454089156690213,1.0098103407923142
2022-12-26,1.1586947813528894,1.1499776812771418,1.0075802341364282
2022-12-27,1.1717030655793468,1.1632502931019357,1.0072665122265911
2022-12-28,1.1597276026011634,1.158286541834655,1.001244131494635
2022-12-29,1.15330504879293,1.1539301318462711,0.9994583007791459
2022-12-30,1.156357142576592,1.158397241578321,0.998238860618358
2023-01-03,1.1569143361537626,1.1632652259995933,0.9945404627389481
2023-01-04,1.1596068271386724,1.1647761828555074,0.9955619321609391
2023-01-05,1.1868981711387323,1.187404850976344,0.9995732880515057
2023-01-06,1.1858929945455499,1.191088018635137,0.9956384213355282
2023-01-09,1.1970253924262553,1.2007311651467034,0.9969137365398563
2023-01-10,1.2000349207424976,1.2020327810054126,0.9983379319645144
2023-01-11,1.193128719264949,1.1998067276419666,0.9944340965730853
2023-01-12,1.192522388954652,1.2021523844016722,0.9919893720862907
2023-01-13,1.2081766383659593,1.2190603505697553,0.9910720480748069
2023-01-16,1.2241665662912196,1.2380836002501174,0.9887592130643792
2023-01-17,1.2210807615342676,1.2378680897928476,0.9864385160284814
2023-01-18,1.2240929906389995,1.2357945903510084,0.9905311126918874
2023-01-19,1.2307759324371799,1.2434841212469983,0.9897801760451317
2023-01-20,1.2405782348575312,1.2511198095824212,0.9915742883741818
2023-01-30,1.237688054455216,1.2570499226398801,0.9845973753023245
2023-01-31,1.2241500347402883,1.2437384712596773,0.9842503573122173
2023-02-01,1.2358469867860158,1.2554281959327993,0.9844027645625448
2023-02-02,1.2361502449849635,1.2510060952162236,0.9881248778178875
2023-02-03,1.2270262727460373,1.2391816239266824,0.9901908235677934
2023-02-06,1.2086066272961251,1.222800305304146,0.9883924808110915
2023-02-07,1.2095857412004614,1.2249994373873085,0.987417385088991
2023-02-08,1.2020259610458126,1.2195868579003006,0.9856009461394806
2023-02-09,1.220670997423237,1.2359592027627424,0.9876304935427225
2023-02-10,1.2122018088602153,1.2286137594803765,0.9866418958004325
2023-02-13,1.2240701130365395,1.2397621140327968,0.9873427322720703
2023-02-14,1.2237963847748954,1.2402767030882167,0.9867123858149667
2023-02-15,1.2252496409447418,1.2338139132401473,0.9930587001787695
2023-02-16,1.2125261878576108,1.224778037899977,0.9899966772237576
2023-02-17,1.1894184624939397,1.207131138674111,0.9853266346855847
2023-02-20,1.2204034837224982,1.2367460893510307,0.9867858036752652
2023-02-21,1.2224287107316867,1.2399954317952544,0.9858332372739996
2023-02-22,1.2142702305019697,1.2288052931723943,0.9881713866703002
2023-02-23,1.207108978966052,1.2278178991319946,0.9831335573617369
2023-02-24,1.201744629847852,1.2150719348527477,0.9890316740740862
2023-02-27,1.1958111221319996,1.2099226791385131,0.9883368108972375
2023-02-28,1.207223222449486,1.2175882332692507,0.991487261016038
2023-03-01,1.2262107715778725,1.2347863042753895,0.993055047122061
2023-03-02,1.2278247004013074,1.2320337435813982,0.9965836624183235
2023-03-03,1.2313557097439316,1.235866520646767,0.9963500824502676
2023-03-06,1.2204860390769663,1.2294216783188867,0.9927318353015061
2023-03-07,1.2006794985393074,1.211421717719302,0.9911325519240165
2023-03-08,1.1999542430078232,1.2070115352778519,0.9941530863096482
2023-03-09,1.1963914357385868,1.2027447927829125,0.9947176183322937
2023-03-10,1.1759044144756623,1.1869739702768063,0.9906741376994455
2023-03-13,1.1996297103916964,1.1994057127377438,1.0001867572011487
2023-03-14,1.187514729189041,1.192227966597144,0.9960466978294802
2023-03-15,1.1868586419359688,1.192886135814076,0.9949471339324487
2023-03-16,1.1718892462964292,1.1785993488836006,0.9943067144967224
2023-03-17,1.1895401636665197,1.184484593140587,1.004268160645744
2023-03-20,1.1824584169459242,1.178578316633379,1.0032921870848845
2023-03-21,1.1898571791807375,1.191533762124832,0.9985929203205247
2023-03-22,1.1983644749641402,1.196638149038594,1.0014426465735973
2023-03-23,1.2181434399510835,1.2085014598835444,1.0079784595944703
2023-03-24,1.2132918757795925,1.204899056065602,1.0069655791261019
2023-03-27,1.2035204826280328,1.200539771669688,1.0024828090069846
2023-03-28,1.1961038075710768,1.196659041073814,0.9995360136148397
2023-03-29,1.198241244189109,1.1986428029147078,0.9996649888318502
2023-03-30,1.198982963853473,1.2083339029567794,0.9922612954246961
2023-03-31,1.2116589374120745,1.212043991895856,0.9996823098118912
2023-04-03,1.240107277342395,1.2239043582257756,1.013238713472765
2023-04-04,1.2547787707434943,1.2276563714502937,1.0220928265628269
2023-04-06,1.260765561281122,1.2257205631399049,1.0285913438960697
2023-04-07,1.2707095206024377,1.2336912251138559,1.030006126926262
2023-04-10,1.2569165289719213,1.2281650714756518,1.0234100921480567
2023-04-11,1.2586062137831078,1.2267707735009663,1.025950602157964
2023-04-12,1.262318121448447,1.2259150413469533,1.0296946190182121
2023-04-13,1.24182010995664,1.2174446531077388,1.0200218192972292
2023-04-14,1.2505189737886597,1.2243322944102828,1.0213885392862156
2023-04-17,1.2575124238523498,1.2415003594061056,1.0128973498275136
2023-04-18,1.2605871894523977,1.2452853231559708,1.012287839591369
2023-04-19,1.2500920805391966,1.2340742924978907,1.012979597856207
2023-04-20,1.2667458496778548,1.2306214980865242,1.0293545591780249
2023-04-21,1.2273911470447751,1.206550648567998,1.0172727920717723
2023-04-24,1.210778106535345,1.1916115814506523,1.0160845407874934
2023-04-25,1.1951273376100684,1.1856364593777193,1.0080048805494142
2023-04-26,1.1800733400612207,1.1846072812668795,0.9961726208530391
2023-04-27,1.1830402867461116,1.1933409932788672,0.9913681784244645
2023-04-28,1.2045133025374215,1.205509411967031,0.9991737024864997
2023-05-04,1.1977538739240736,1.2058565843106879,0.9932805356026264
2023-05-05,1.1838339842044203,1.2018562503185544,0.9850046408550464
2023-05-08,1.203152488925412,1.2155537135978227,0.9897978801482121
2023-05-09,1.1911173080746449,1.205147376833218,0.9883582132540171
2023-05-10,1.1766400243944999,1.1958692099704957,0.9839203272266954
2023-05-11,1.1715854941220498,1.1940112209859264,0.9812181607092779
2023-05-12,1.1525626982746187,1.1781834711892205,0.9782540041164038
2023-05-15,1.1704798917315087,1.1964735366268606,0.9782747849412248
2023-05-16,1.1603918820331276,1.1902861290416917,0.9748848228344623
2023-05-17,1.1591260169324988,1.1848885525598418,0.9782574187490584
2023-05-18,1.1687740421866355,1.183661811511921,0.9874222779002484
2023-05-19,1.1627697273001043,1.1802119616155855,0.9852211002067759
2023-05-22,1.1648087003468288,1.1876291949787077,0.980784831891668
2023-05-23,1.1444987687178916,1.1708319986617912,0.9775089594630166
2023-05-24,1.1283798596241597,1.154645228353804,0.977252433834511
2023-05-25,1.1327228884147034,1.152075087376734,0.9832023110524024
2023-05-26,1.1353589136488862,1.1522097638856523,0.9853751888198385
2023-05-29,1.1369736230205978,1.1471203098695477,0.9911546445811741
2023-05-30,1.142425821397052,1.1482602578315542,0.9949188902126419
2023-05-31,1.1339914518113496,1.1365286088729905,0.9977676258724744
2023-06-01,1.136661529337329,1.1390209305242407,0.9979285708245714
2023-06-02,1.1497432718833793,1.1554650654674385,0.995048060079822
2023-06-05,1.1400622343738314,1.150205110009538,0.9911816809476507
2023-06-06,1.1228931626007428,1.1394069424233064,0.9855066884291209
2023-06-07,1.1152605234003672,1.1337759079639975,0.9836692732368253
2023-06-08,1.115674492593682,1.143006331618717,0.9760877623605743
2023-06-09,1.131319723662981,1.1479461061207452,0.985516408506363
2023-06-12,1.1386550890859097,1.1502589525701055,0.9899119555137837
2023-06-13,1.1544902899506169,1.1563865584571447,0.9983601776649342
2023-06-14,1.1545979349889504,1.1561202901693401,0.9986832207743999
2023-06-15,1.1739770762902175,1.1745152364280849,0.9995418023358267
2023-06-16,1.1881042268907795,1.1858399113448619,1.0019094614072734
2023-06-19,1.186806967759611,1.176133878405133,1.0090747231675283
2023-06-20,1.1830307049029074,1.1741381982891135,1.0075736456123747
2023-06-21,1.1634345203256946,1.1561233047918715,1.0063239063718548
2023-06-26,1.1462371941585783,1.1398676889181591,1.0055879338473612
2023-06-27,1.1616394146932525,1.1505581713832567,1.0096311890920504
2023-06-28,1.153124645608197,1.1491728471686657,1.0034388198862056
2023-06-29,1.1509289007075374,1.143499958531416,1.006496670262815
2023-06-30,1.163784388960154,1.1496665441888656,1.0122799474705504
2023-07-03,1.1712513840767032,1.1647552207127871,1.0055772777390435
2023-07-04,1.181081242788304,1.1665893731471053,1.0124224255550212
2023-07-05,1.1668324844043463,1.157553497806935,1.0080160326196508
2023-07-06,1.162231410619302,1.1497562817898108,1.0108502375912842
2023-07-07,1.1505558418581403,1.1446549094985807,1.00515520643872
2023-07-10,1.1619124544504538,1.15022901666729,1.010157488303517
2023-07-11,1.1680716202767842,1.1577569497740778,1.008909184699534
2023-07-12,1.157487097274775,1.1499627483794854,1.0065431240324028
2023-07-13,1.172859606778476,1.1664128424602462,1.005527000461202
2023-07-14,1.1704806284448257,1.166616294427389,1.0033124293187876
2023-07-17,1.1644516596712333,1.157062815409267,1.0063858626891857
2023-07-18,1.164576939104241,1.1534035544082257,1.0096873159904107
2023-07-19,1.1588725679791991,1.1521857871203995,1.0058035613123744
2023-07-20,1.142416710298214,1.1440535273572465,0.998569282800243
2023-07-21,1.1388815048129293,1.1435209206741368,0.9959428675266627
2023-07-24,1.135272373532499,1.1385272335040406,0.9971411663456445
2023-07-25,1.1588696912374674,1.1714094741453729,0.9892951327570113
2023-07-26,1.1560104301491296,1.168982983437316,0.9889027013463948
2023-07-27,1.1504313438416656,1.1675886854626305,0.9853053204141262
2023-07-28,1.1705489713895016,1.19463349516248,0.9798394035739785
2023-07-31,1.1767402874535744,1.2011830780964636,0.9796510697756214
2023-08-01,1.1776669122858274,1.1962072683390559,0.9845007161016737
2023-08-02,1.1707730456864989,1.187799696420503,0.9856653855146496
2023-08-03,1.1794884786067108,1.198295770786053,0.9843049665718129
2023-08-04,1.183748203596656,1.2029632477552132,0.9840269067285194
2023-08-07,1.1731433100502748,1.1938585268493178,0.9826485162746109
2023-08-08,1.1707000905897544,1.1907408462914808,0.9831695068123828
2023-08-09,1.1695962761693433,1.1871025474331605,0.9852529410355739
2023-08-10,1.1743276889351841,1.1895411667388451,0.9872106336215593
2023-08-11,1.1464646266703904,1.1621731614605915,0.9864834817124335
2023-08-14,1.1402005165758335,1.1536937994612826,0.9883042771905771
2023-08-15,1.135655189444082,1.1508902706142543,0.9867623512343701
2023-08-16,1.124848630091542,1.142449818277855,0.9845934693106736
2023-08-17,1.1259512836049914,1.1462706069605975,0.9822735371279528
2023-08-18,1.1107927335608552,1.1321782281296695,0.9811111943000859
2023-08-21,1.0924465922789406,1.1158896617306102,0.9789915882764679
2023-08-22,1.1014809826988352,1.1244678051984596,0.979557598364884
2023-08-23,1.0813564702940468,1.1060369638993366,0.9776856520976671
2023-08-24,1.0818891787167646,1.1140555794037927,0.9711267541030201
2023-08-25,1.0814015331541038,1.1097829478787913,0.9744261571337576
2023-08-28,1.0963410029413352,1.1227892914157807,0.9764441211929484
2023-08-29,1.1077104391086194,1.1340063513189245,0.9768114947683307
2023-08-30,1.10437906286077,1.133527587196382,0.9742851213637361
2023-08-31,1.0959926171607135,1.1265741850581452,0.9728543683114368
2023-09-01,1.1030018971245232,1.134419214390773,0.9723053727689882
2023-09-04,1.1164525933741383,1.1516113262593488,0.9694699660523375
2023-09-05,1.1053469837783976,1.1430451711741259,0.9670195121361608
2023-09-06,1.1014228638157477,1.1405648379055018,0.9656819386422317
2023-09-07,1.0821899047949195,1.1245395952792159,0.962340418548107
2023-09-08,1.078456811466502,1.119010356910979,0.9637594547771436
2023-09-11,1.0868825132326323,1.1272533164177982,0.9641865740404678
2023-09-12,1.0862393750180679,1.1251768724609281,0.9653943318638445
2023-09-13,1.0764899480125232,1.118011044595454,0.9628616400672901
2023-09-14,1.0694855018631795,1.1170715339780586,0.9574010878735598
2023-09-15,1.069436640282506,1.1096722481351255,0.9637409983711515
2023-09-18,1.07069894267739,1.1153361630122807,0.9599786846197695
2023-09-19,1.0676703351322587,1.1131788851070592,0.959118385567991
2023-09-20,1.059971978769523,1.108747740522888,0.9560082424787064
2023-09-21,1.0525394733634923,1.0987992758456058,0.9578996787684327
2023-09-22,1.065166346041423,1.1186931905776383,0.9521523461597395
2023-09-25,1.0612903738525155,1.1114136483459665,0.9549013325794175
2023-09-26,1.054876144124338,1.1049179780800509,0.9547099106463381
2023-09-27,1.056403631895217,1.1071948593815322,0.9541262072742221
2023-09-28,1.0556332597490747,1.1039096218969304,0.9562678309978866
2023-10-09,1.0595992335638706,1.1024764843668358,0.9611082400296366
2023-10-10,1.0511592067511222,1.0942185218548588,0.9606483401224604
2023-10-11,1.0543722727091063,1.0973362024126958,0.9608470680096716
2023-10-12,1.0620095109003898,1.1077574019674572,0.9587022474543471
2023-10-13,1.0527535193714703,1.096097472982149,0.9604561139140728
2023-10-16,1.0463351299270112,1.0850838650461483,0.964289640305831
2023-10-17,1.0486872813255983,1.088913697596486,0.9630582144758784
2023-10-18,1.0344424025239123,1.080290685328164,0.9575593093350386
2023-10-19,1.0181078166704112,1.0572401803753846,0.9629863067717697
2023-10-20,1.0081008358044152,1.050373571323062,0.959754570494953
2023-10-23,0.9963654231383033,1.0394975844110106,0.958506722940442
2023-10-24,1.0013400860144086,1.043354268134131,0.9597316238569111
2023-10-25,1.0010378564848803,1.0485394188887436,0.9546973994986225
2023-10-26,1.0027449348911779,1.0514356999592487,0.953691162407784
2023-10-27,1.0232816641672224,1.0658721664038007,0.9600416414097045
2023-10-30,1.0333763172721653,1.0722691253086767,0.9637285014381858
2023-10-31,1.0280477435944113,1.0689001093606925,0.9617809321857822
2023-11-01,1.0223600672752617,1.068457240278528,0.9568563239917308
2023-11-02,1.013352759297548,1.06341875441546,0.9529197741623125
2023-11-03,1.0234431427743929,1.0723798250523424,0.95436627850066
2023-11-06,1.045243689213506,1.0868821224400878,0.9616900192146853
2023-11-07,1.043156339343302,1.0830373569920928,0.9631766924831182
2023-11-08,1.0431744241189684,1.0804372801122075,0.9655113196488655
2023-11-09,1.043634499968173,1.0809639276577545,0.9654665371022442
2023-11-10,1.037851516456153,1.073082933177248,0.9671680392709446
2023-11-13,1.0356778578069206,1.0709645649349362,0.9670514709044931
2023-11-14,1.0368921533107327,1.0717574807682877,0.9674690141350244
2023-11-15,1.043463645646354,1.0792943175276695,0.9668017599097598
2023-11-16,1.03241819953425,1.0688552405602199,0.9659102190425038
2023-11-17,1.0327549251415877,1.0675716423292003,0.9673869969872463
2023-11-20,1.0323912527744707,1.070040057322699,0.9648155185494386
2023-11-21,1.030120884300755,1.0714612765776679,0.9614168116192147
2023-11-22,1.0161454081321706,1.0604955520646713,0.9581797926015289
2023-11-23,1.021215458152661,1.065611857253559,0.9583371761503081
2023-11-24,1.0084646879243087,1.0585776211669709,0.9526601240753437
2023-11-27,1.002288297251118,1.0507774606348157,0.9538540126713382
2023-11-28,1.005997119098125,1.0527462194705517,0.9555931909250286
2023-11-29,0.9969064725432409,1.0437073295078496,0.955159022418021
2023-11-30,0.998873437845369,1.046068059380214,0.9548837944991767
2023-12-01,1.0003081673509162,1.0420826582857379,0.9599124977249481
2023-12-04,0.9947069402199438,1.0352787954465763,0.960810696205623
2023-12-05,0.9762335488978807,1.0155674406464663,0.9612690500164643
2023-12-06,0.9776273329122885,1.0171651905882946,0.9611293641958603
2023-12-07,0.9738765699330847,1.0146758134520752,0.9597908583430351
2023-12-08,0.9761339664541819,1.017123266302853,0.9597007548577043
2023-12-11,0.9857784021710078,1.023104347513349,0.9635169712326394
2023-12-12,0.9861542098901689,1.0253034795965112,0.9618168956943862
2023-12-13,0.9693141768885055,1.0081921315687858,0.9614379507011379
2023-12-14,0.9641782120070254,1.0029112139681646,0.9613794307794341
2023-12-15,0.9627503829996126,0.9997965480328594,0.9629462963178491
2023-12-18,0.9522795304365844,0.9961522900369763,0.9559577787059413
2023-12-19,0.9528894843887035,0.9975495325266927,0.9552302450336779
2023-12-20,0.9389526456139096,0.9866166884315424,0.9516894013890989
2023-12-21,0.9494964912089957,0.9966010481492027,0.9527347908898096
2023-12-22,0.9499879846334225,0.9985039760417453,0.9514113187604427
2023-12-25,0.9550708135906699,1.0015617847939517,0.9535815244659657
2023-12-26,0.947333825828546,0.9947818987200426,0.9523030395380668
2023-12-27,0.949157650190726,0.9982436668915038,0.9508276202205921
2023-12-28,0.9716991587585857,1.0216352448353756,0.9511214140964406
2023-12-29,0.9755963181903329,1.0265930369650935,0.9503243087197224
2024-01-02,0.9685554615528211,1.013200751636539,0.9559363827833663
2024-01-03,0.9664947302376781,1.0107922084486711,0.9561754850890875
2024-01-04,0.957859351209348,1.0014421112901912,0.9564800006016382
2024-01-05,0.9494146523768154,0.9960744707111566,0.9531562953309827
2024-01-08,0.9358386864205154,0.9831938299229913,0.9518353939363259
2024-01-09,0.9409368589181578,0.9851206644732858,0.9551488389711612
2024-01-10,0.939623778818049,0.98052196296235,0.9582893747522601
2024-01-11,0.9472938451036992,0.9860691488507757,0.9606768918870775
2024-01-12,0.9458439368632555,0.9826283428220354,0.9625652911118584
2024-01-15,0.9439105546674775,0.9816559517867937,0.9615492606644797
2024-01-16,0.9473756406376284,0.9876279891296942,0.9592434105400997
2024-01-17,0.9266179185888825,0.9661453683234285,0.9590874716885114
2024-01-18,0.9349760433415991,0.9798039219397873,0.9542481127147978
2024-01-19,0.9270005141054818,0.9783228308791877,0.9475405099893415
2024-01-22,0.9025386767932931,0.9630994778463478,0.9371188517426271
2024-01-23,0.9108633692107074,0.9669980858549099,0.9419495059345702
2024-01-24,0.9198625651497081,0.9805160038247874,0.9381413067828746
2024-01-25,0.9351756090735315,1.0002064665896773,0.9349825664116368
2024-01-26,0.9277829886593852,0.9974837015834997,0.930123456840984
2024-01-29,0.9065692100927675,0.9885495522269008,0.917070073068713
2024-01-30,0.887259197687977,0.9709206005212238,0.9138329099327644
2024-01-31,0.8679089596472273,0.9620372791026601,0.9021573056470005
2024-02-01,0.8720399649453177,0.9627434018500974,0.9057864881436989
2024-02-02,0.8536192107741377,0.9513498112600944,0.8972716456878156
2024-02-05,0.8429960001765506,0.9575702394781112,0.8803489973080146
2024-02-06,0.8866077517806014,0.9908623986762609,0.8947839306093983
2024-02-07,0.8989900971567354,1.0004188923169148,0.8986136747924902
2024-02-08,0.9154236662711611,1.0067918744565383,0.9092481668719294
2024-02-19,0.9296306134248009,1.0184248120540622,0.9128122198337134
2024-02-20,0.9333417562443138,1.0205311919137479,0.914564653819221
2024-02-21,0.9454920060776577,1.0343004452737725,0.9141367098874179
2024-02-22,0.9594887204814646,1.0432166471101825,0.9197406148946599
2024-02-23,0.9611538718398859,1.0441351955848572,0.9205262650891769
2024-02-26,0.9588139326484055,1.0332502349127113,0.9279590754019097
2024-02-27,0.9739788550864524,1.0456461524407712,0.9314612336237921
2024-02-28,0.9613208819767332,1.032322712677942,0.931221283975218
2024-02-29,0.981858686768032,1.0520161199578628,0.93331144660346
2024-03-01,0.9847814847401865,1.0585148048463102,0.9303426652432798
2024-03-04,0.9886742959082387,1.0594333533209848,0.9332104684160273
2024-03-05,0.992244497969615,1.0668056477761336,0.9301080286161317
2024-03-06,0.9903682594272144,1.0624792437980657,0.9321295123723314
2024-03-07,0.9830813217808084,1.0560972878983477,0.9308624622426194
2024-03-08,0.9900496506375016,1.0606421468487164,0.9334436252406594
2024-03-11,1.0129720986741724,1.0739117440509784,0.9432545125664318
2024-03-12,1.0245595067994064,1.0763741297994134,0.9518618837395666
2024-03-13,1.0201637490630298,1.0688552405602207,0.9544451955236986
2024-03-14,1.0154174489566485,1.0658213384657662,0.9527088755966612
2024-03-15,1.0169609926334382,1.0681461031902517,0.9520804219535717
2024-03-18,1.0273123788079574,1.0781812908459474,0.9528197043763597
2024-03-19,1.0211859842181796,1.0704320283593283,0.9539942351905997
2024-03-20,1.0213641863201057,1.072750833946251,0.9520982449977569
2024-03-21,1.0140930341616645,1.0714672357152315,0.9464526775610939
2024-03-22,0.997747672428828,1.0606690681289999,0.9406776367947035
2024-03-25,0.9892126518994564,1.0549124010283677,0.9377201850458249
2024-03-26,0.9928081296853117,1.0602950446125603,0.9363508154922022
2024-03-27,0.9649091051356722,1.0480397627309814,0.92067986296752
2024-03-28,0.983088595261234,1.0534762488757412,0.9331853435807175
2024-03-29,0.9837679891627176,1.0584190380003011,0.9294692875341474
2024-04-01,1.0066090706218143,1.0758236457036152,0.9356636421236746
2024-04-02,0.9961529666864871,1.0713445475889392,0.92981568714596
2024-04-03,0.9849938059584021,1.0674908784883503,0.9227187096467087
2024-04-08,0.9771561646297287,1.0580989271519297,0.9235017062723299
2024-04-09,0.9804456715535488,1.0572252474777277,0.9273763314796392
2024-04-10,0.9693221254615049,1.0486142235920322,0.9243839189412176
2024-04-11,0.9725870495839134,1.048473587945551,0.9276218883965073
2024-04-12,0.9699091405951759,1.039976278426053,0.9326262153431809
2024-04-15,0.9897007601856231,1.0618897799318567,0.9320183496343037
2024-04-16,0.9679633777683933,1.0505291398672008,0.9214055479610543
2024-04-17,0.9851669639674563,1.0667727673582867,0.9235021685143727
2024-04-18,0.985984243210922,1.0680892460071525,0.9231290801745601
2024-04-19,0.9759563991381798,1.0596697558134742,0.9210005228364468
2024-04-22,0.9700596609716337,1.0564503492720658,0.9182255102097712
2024-04-23,0.9567453008026204,1.04906599632679,0.9119972472204587
2024-04-24,0.965331520086116,1.053673741705321,0.9161578977224702
2024-04-25,0.9661628732066171,1.056264844825112,0.9146975570947709
2024-04-26,0.9808591994701574,1.0724187347152527,0.9146233348213503
2024-04-29,0.9836086917225557,1.0842790309376713,0.9071545825911093
2024-04-30,0.9821345570523152,1.0784386554811576,0.9107004390658872
2024-05-06,0.9920823961528825,1.0944429359647225,0.906472474308026
2024-05-07,0.9927978238520764,1.0947809943332834,0.9068460532206131
2024-05-08,0.9883493845803389,1.0861670259325569,0.9099423578355879
2024-05-09,1.0012164910677726,1.0964415605957734,0.9131508026052402
2024-05-10,1.0000067789830538,1.096956219758694,0.9116195897070833
2024-05-13,0.9999977966463593,1.0964804702586832,0.9120069383547146
2024-05-14,1.0015676047242565,1.0941945450896067,0.915346918168227
2024-05-15,0.9936553434954056,1.0849223373644472,0.9158769335593621
2024-05-16,0.9963277047721275,1.0892009280270114,0.9147326991144643
2024-05-17,1.002301335302382,1.1004538829705333,0.910807214016819
2024-05-20,1.009305598922127,1.104340502596469,0.9139442015837499
2024-05-21,1.0024211734095738,1.099912302527329,0.9113646343497164
2024-05-22,1.0067079632286067,1.102392705903454,0.9132026707339016
2024-05-23,0.9928824888212407,1.0896287941040181,0.9112116843770358
2024-05-24,0.9828532414969602,1.0775679904294877,0.9121032271060902
2024-05-27,0.9919150190493613,1.087809644674858,0.9118461340226863
2024-05-28,0.9821035805953606,1.0798688484962216,0.9094656096089774
2024-05-29,0.9850352911305065,1.0811703241399293,0.9110824345961417
2024-05-30,0.9794451243356803,1.0754227009068924,0.9107536260018733
2024-05-31,0.974085627308876,1.0711171889640445,0.9094108817831458
2024-06-03,0.9751149604171624,1.0737591200218706,0.9081319471328924
2024-06-04,0.9852379384951842,1.0818136305667048,0.9107279762957602
2024-06-05,0.9736570701894334,1.0755662810684046,0.9052506454760365
2024-06-06,0.9737710512671296,1.0748063157604002,0.9059967707560497
2024-06-07,0.9714913390128049,1.069378803375735,0.9084632460883587
2024-06-11,0.9659650189893392,1.0600347354623185,0.9112578924765591
2024-06-12,0.9695584537136694,1.0604057443562263,0.9143278022341247
2024-06-13,0.9640152754247102,1.0550231007720334,0.9137385472595563
2024-06-14,0.9690765641671762,1.0596308461505646,0.9145416705144488
2024-06-17,0.9691986370039889,1.058036110831268,0.9160354992444615
2024-06-18,0.9723892746232494,1.060845598815859,0.91661715494569
2024-06-19,0.9678413860975691,1.0558070428452904,0.9166839647984703
2024-06-20,0.9630231698684163,1.0481863575150254,0.9187518640783413
2024-06-21,0.9624383593535402,1.0458944732083861,0.9202059901905438
2024-06-24,0.9507609512754676,1.0402665234791098,0.9139589997529709
2024-06-25,0.9368721394202604,1.034608637847018,0.9055328799205237
2024-06-26,0.9490705195079374,1.041298786319982,0.9114295838776636
2024-06-27,0.9374866201171321,1.0334776636451062,0.907118414935635
2024-06-28,0.9438168727301194,1.0357335828038667,0.9112544851303201
2024-07-01,0.9504356209254824,1.0406764420359276,0.9132863804105121
2024-07-02,0.9388287538642724,1.0387645403832906,0.9037936099723397
2024-07-03,0.9341548955098937,1.0362572157268821,0.9014700996360554
2024-07-04,0.9250547070943771,1.030991301131419,0.8972478294232104
2024-07-05,0.9274016198229654,1.0265780339599362,0.9033912563330365
2024-07-08,0.9193239025136878,1.017811441530102,0.9032359678838396
2024-07-09,0.9322198223965951,1.0291960583600106,0.9057747693690705
2024-07-10,0.9331399387918322,1.0259527451608503,0.9095350085013255
2024-07-11,0.9475674252064146,1.0376813794968822,0.9131583585568827
2024-07-12,0.9502606965583531,1.0389470302077126,0.91463825289377
2024-07-15,0.9520439093658699,1.0400989665523455,0.9153397320657333
2024-07-16,0.9624603907001773,1.04669040366427,0.9195272903341629
2024-07-17,0.9558643685397192,1.047677727597169,0.9123648841251765
2024-07-18,0.9618027911650131,1.0534672751156473,0.9129878202048834
2024-07-19,0.9667944483679327,1.0588798546026552,0.9130350758544957
2024-07-22,0.9592726130456342,1.0516690878292079,0.9121430154666874
2024-07-23,0.9340153697393966,1.0292170205027313,0.9075008974134215
2024-07-24,0.9263783427958209,1.0227213502368158,0.9057974027640214
2024-07-25,0.9208651088897689,1.017066409119755,0.9054129608771114
2024-07-26,0.9255400732053849,1.0200644161738315,0.9073349276087889
2024-07-29,0.9235776834948409,1.014514215662874,0.9103644574279169
2024-07-30,0.9193553302245631,1.0081232860030616,0.9119473213138052
2024-07-31,0.9383385570039028,1.0298752598271643,0.9111186505843208
2024-08-01,0.9368486384216863,1.0230504348452818,0.9157404234556316
2024-08-02,0.9271891597011858,1.012614302392863,0.9156390123171152
2024-08-05,0.9112775528181953,1.000326140093438,0.9109804455705568
2024-08-06,0.9173180743863929,1.0002244141098666,0.9171122614545908
2024-08-07,0.9171823585787824,0.9997786005126711,0.9173854672509147
2024-08-08,0.914302017330852,1.0002124257272405,0.9141078373087356
2024-08-09,0.9102185942078251,0.9968284768815989,0.9131145581387107
2024-08-12,0.9065666968314927,0.9951020796759156,0.9110288435199965
2024-08-13,0.9111594428604592,0.9976542731327966,0.9133017994292456
2024-08-14,0.9008982007131131,0.9901293546485405,0.9098792965621132
2024-08-15,0.9084639503290735,0.9999162215366207,0.9085400664197566
2024-08-16,0.9020766107869386,1.0010172598357174,0.9011598970181428
2024-08-19,0.899465937594129,1.0044101824414533,0.8955165462458446
2024-08-20,0.8881312837439228,0.9971485877299705,0.8906709538302332
2024-08-21,0.8816451181486731,0.9938394435876169,0.8871102106453549
2024-08-22,0.8714627084751679,0.9912962238908304,0.8791143227144387
2024-08-23,0.8732946328599696,0.9955000098501069,0.8772422141828629
2024-08-26,0.8738594500358978,0.9946113972782477,0.8785938432107381
2024-08-27,0.8642870549134016,0.9889594707837187,0.8739357682964316
2024-08-28,0.8604329702404774,0.9833254918093788,0.8750235577206773
2024-08-29,0.8556928101671184,0.9806865052665837,0.8725446975886674
2024-08-30,0.8618553544166057,0.9937766272669555,0.8672525905412423
2024-09-02,0.8462725568564867,0.9768956524866566,0.8662875658237674
2024-09-03,0.8471337056080596,0.9794148954181905,0.8649385562452064
2024-09-04,0.8398312495817742,0.9730508870386616,0.86309078052195
2024-09-05,0.8411992335384663,0.9747264563063095,0.8630105688586316
2024-09-06,0.8324558613071099,0.9668244996830822,0.8610206522279718
2024-09-09,0.8233333240042356,0.9553352123545712,0.8618266272997553
2024-09-10,0.8240299810534285,0.9561759415034261,0.8617974425896763
2024-09-11,0.8260802869146754,0.953294663438079,0.8665529333138171
2024-09-12,0.8206247120725156,0.9492075363600313,0.8645366588843173
2024-09-13,0.8144008670808095,0.9452521412758711,0.861569978547266
2024-09-18,0.8198167404062052,0.9487706965229302,0.8640831166167784
2024-09-19,0.8274708497683337,0.9562597199668084,0.8653201975265205
2024-09-20,0.8248705644622294,0.9577587585475971,0.8612508704312062
2024-09-23,0.8244541090877306,0.9612623808969991,0.8576785334285044
2024-09-24,0.860034924019088,1.0028962810705082,0.8575512146690507
2024-09-25,0.8710933691417609,1.0177426660718778,0.8559072918735631
2024-09-26,0.9066617068116117,1.060764834975009,0.854724512839806
2024-09-27,0.9622311859228715,1.108146358381555,0.8683249993513562
2024-09-30,1.0618662307921454,1.202146495371612,0.8833085109680392
2024-10-08,1.145976273245055,1.273431241262419,0.8999121712366572
2024-10-09,1.0564856874111588,1.1836348902316385,0.8925773446948692
2024-10-10,1.0588230767674316,1.1961444520183955,0.8851966624773075
2024-10-11,1.024819254973288,1.1630468411347947,0.8811504564797777
2024-10-14,1.0430985411590123,1.1852385292035288,0.8800747828033962
2024-10-15,1.0134687988550108,1.1537177061190356,0.8784374145250793
2024-10-16,0.9980825773461669,1.146417201744643,0.8706102593604342
2024-10-17,0.9902903625501377,1.1334408642179696,0.8737027169330089
2024-10-18,1.0582863339150153,1.1744344024797342,0.9011029749133025
2024-10-21,1.0685392234494038,1.1774174766361534,0.9075279114271247
2024-10-22,1.0745160876071738,1.1841734560523107,0.9073975456174278
2024-10-23,1.077963496787622,1.1887900349759348,0.9067736648797226
2024-10-24,1.0648930313719314,1.175511534121079,0.9058975607314171
2024-10-25,1.0828068992053286,1.1837665521180247,0.9147132069815146
2024-10-28,1.0874225210698898,1.186082343082416,0.9168187414744521
2024-10-29,1.0714919610225986,1.1742608864154063,0.9124820330969857
2024-10-30,1.0600057368626572,1.163728987116979,0.9108699264153541
2024-10-31,1.0689152675978892,1.1642047366169896,0.9181505915394248
2024-11-01,1.053260321422851,1.1638995586662753,0.9049409062666827
2024-11-04,1.0691940808482288,1.1802778626662798,0.9058833641367214
2024-11-05,1.111816091740444,1.2101411341108146,0.9187491114888697
2024-11-06,1.1154528373602675,1.2040703854068744,0.9264016878742004
2024-11-07,1.1376224540716684,1.2403993912145097,0.9171420609597288
2024-11-08,1.1371736467734663,1.2279376427432565,0.9260841977553355
2024-11-11,1.1582802642207886,1.2360399666035944,0.9370896536651037
2024-11-12,1.1467469271546729,1.222459302420556,0.9380655248678077
2024-11-13,1.1517696403369606,1.229984220904812,0.9364100943422555
2024-11-14,1.1272904340679235,1.208660043050215,0.9326778365429005
2024-11-15,1.0983339900889593,1.1874795855721318,0.9249287342988537
2024-11-18,1.0854768113291928,1.1819593209639896,0.9183707020000427
2024-11-19,1.1065344928959313,1.1898911433825314,0.9299459862776689
2024-11-20,1.1114501108012915,1.1925480774455157,0.9319960610578156
2024-11-21,1.1150802306468255,1.1936043170516406,0.9342126320397534
2024-11-22,1.0746322445140548,1.1566229609496343,0.9291119758090728
2024-11-25,1.0693499096704244,1.1513540317316393,0.9287759283407551
2024-11-26,1.0609564594269014,1.148987342721712,0.92338393990809
2024-11-27,1.0904792714050138,1.1689919571974108,0.9328372746202407
2024-11-28,1.0800753387773014,1.158672483626221,0.9321662109356915
2024-11-29,1.1037626545014523,1.1718463139824744,0.9419005217077976
2024-12-02,1.1143941697229949,1.1811365393353237,0.9434930955146916
2024-12-03,1.106272714669871,1.182411093698748,0.9356075231071239
2024-12-04,1.0926944349042018,1.17602913779903,0.9291389131303402
2024-12-05,1.094729837524467,1.1733453525632629,0.9329988269292973
2024-12-06,1.1080035650276931,1.1887691429407141,0.9320594933064739
2024-12-09,1.1048386280655982,1.1868034688350106,0.9309364668019796
2024-12-10,1.1081770871825158,1.1955011455916191,0.9269561064570213
2024-12-11,1.1078703657419815,1.1934636814051596,0.9282815916422339
2024-12-12,1.1167180061441766,1.205332881280172,0.9264809941616473
2024-12-13,1.092797204853152,1.1768130097647864,0.9286073452498397
2024-12-16,1.0761378219662816,1.1704281093500375,0.9194394883115742
2024-12-17,1.0705302714629306,1.1734769443421493,0.9122720958638598
2024-12-18,1.0779007159556893,1.1794190457822344,0.9139251395086515
2024-12-19,1.0809099559979045,1.1804872036634848,0.9156473298850207
2024-12-20,1.0799976109603184,1.1751853940276435,0.9190019008480921
2024-12-23,1.0718335479882752,1.1769298088610167,0.9107030342153971
2024-12-24,1.0856983269009037,1.191925803268962,0.9108774421388312
2024-12-25,1.0833990633761004,1.1925061531600745,0.9085060571848234
2024-12-26,1.0878460779795114,1.193059721985905,0.9118119218447335
2024-12-27,1.0845148239963902,1.1911298027055781,0.9104925605362081
2024-12-30,1.0861895376253767,1.196521490157366,0.9077894100193066
2024-12-31,1.0661302077935093,1.1773306835502386,0.9055486471979101
