datetime,port,bench,excess
2017-01-04,1.000551535256653,1.0116932748592655,0.9889870379891944
2017-01-05,1.0006003404525807,1.0124226247677133,0.9883227774390709
2017-01-06,0.9999742071855122,1.0080465253170263,0.9919921174977758
2017-01-09,1.000826282645443,1.0149760939857742,0.9860589708228839
2017-01-10,1.0008909677065427,1.0115761589542032,0.98943708671554
2017-01-11,0.9983874118768482,1.0017720016150526,0.9966213971514998
2017-01-12,0.9953672225055186,0.9924202258646864,1.002969504816636
2017-01-13,0.9910307192700661,0.9800498676992322,1.0112043804430204
2017-01-16,0.9800736699658571,0.9541953962355685,1.0271205183261016
2017-01-17,0.9845344223436071,0.962237156506235,1.0231723184732657
2017-01-18,0.9833375938317127,0.9601045004448243,1.0241985048253854
2017-01-19,0.9815030716563533,0.9561635092898672,1.0265012857322966
2017-01-20,0.989026068229148,0.9685544167177481,1.0211362946242861
2017-01-23,0.9940671290515093,0.9764917926915951,1.01799844759726
2017-01-24,0.993360819557418,0.9753985868212665,1.0184152745132518
2017-01-25,0.9946704684207704,0.9776625050191199,1.0173965589498781
2017-01-26,0.9993227932823907,0.984645903820964,1.0149057538394994
2017-02-03,0.998163898423464,0.9820164172226941,1.0164431886448881
2017-02-06,1.0054631368537141,0.9902685840716859,1.015343870366515
2017-02-07,1.0057007003082465,0.9897433866182161,1.0161226777625196
2017-02-08,1.0109616471784508,0.9953866905852141,1.0156471416993529
2017-02-09,1.0169479734209261,1.0016485571327944,1.0152742358376934
2017-02-10,1.0178353126393522,1.0025867500887307,1.0152092200991805
2017-02-13,1.023346823698864,1.0077348615035557,1.0154921326945214
2017-02-14,1.0237350531924099,1.0085639051163127,1.015042327014814
2017-02-15,1.0131609951896,0.9985666889457406,1.0146152544496227
2017-02-16,1.0212330352778336,1.0061037265715147,1.0150375237728966
2017-02-17,1.012804670112072,0.9978483582069999,1.014988561921319
2017-02-20,1.0259558784766147,1.0101728528012408,1.015624084166989
2017-02-21,1.0356242362858359,1.0179852207619922,1.01732737879106
2017-02-22,1.0421859126760886,1.0242803681802417,1.0174810970239119
2017-02-23,1.0411947171767468,1.024242396717062,1.0165510825504012
2017-02-24,1.0435718467857373,1.024587266947353,1.0185290023122646
2017-02-27,1.0341721761475902,1.0163730715615409,1.0175123732456852
2017-02-28,1.0392235526546425,1.0206004122211827,1.0182472397722526
2017-03-01,1.042370006406413,1.0232377164736366,1.0186977958540382
2017-03-02,1.0355386438658047,1.0180153001171384,1.017213242027551
2017-03-03,1.0374836521317825,1.0208962918185869,1.0162478406926598
2017-03-06,1.0479930818184189,1.0310975859902876,1.016385932871625
2017-03-07,1.0485910963805467,1.0320262488535041,1.0160508005929547
2017-03-08,1.0448742228899126,1.0278969639134852,1.0165164988052795
2017-03-09,1.0341491118275712,1.0187667628188497,1.01509898984745
2017-03-10,1.0347002402224175,1.0201178768234027,1.014294782721016
2017-03-13,1.0442282425591822,1.0296072432874084,1.0142005598417225
2017-03-14,1.0421069255970268,1.0273258284349525,1.0143879349208929
2017-03-15,1.0402842112930575,1.026151989045754,1.0137720556001117
2017-03-16,1.050634548502921,1.0352141393220633,1.014895864145515
2017-03-17,1.0408370771748572,1.0257073506573045,1.0147505294837336
2017-03-20,1.044038223349831,1.0280947877912658,1.0155077486510926
2017-03-21,1.0453052400367677,1.0308808508347649,1.0139922952204636
2017-03-22,1.0399536285582396,1.0283241801011809,1.0113091267151906
2017-03-23,1.0431641151287916,1.030285964578283,1.0124995884572494
2017-03-24,1.0498204902676285,1.0357330826521856,1.0136013880906165
2017-03-27,1.0462010351529936,1.0308935079891581,1.014848795772993
2017-03-28,1.0418126275509387,1.0281501070013492,1.0132884492804626
2017-03-29,1.0386975313194962,1.0252786453926204,1.013088038054023
2017-03-30,1.0206751180719233,1.0086983687682776,1.0118734694874847
2017-03-31,1.023410144097234,1.01279757435315,1.0104784707357362
2017-04-05,1.0469241912597183,1.0346809753067103,1.0118328414701727
2017-04-06,1.052710829484039,1.0377945608335968,1.0143730457003561
2017-04-07,1.0560655375872094,1.0408131432486845,1.0146543060466338
2017-04-10,1.053292925488053,1.0388845651884024,1.0138690676350914
2017-04-11,1.0639971974288718,1.0487932557320712,1.0144966051351922
2017-04-12,1.0525394361704652,1.0404571793948372,1.0116124498104337
2017-04-13,1.060370056749082,1.0466621632014972,1.013096769931623
2017-04-14,1.045489836699592,1.0328125559567207,1.012274522293281
2017-04-17,1.0331882432910302,1.0214911036212189,1.0114510440946032
2017-04-18,1.0280163878136999,1.015417456404851,1.0124076372031816
2017-04-19,1.0178589944303102,1.0047288617890109,1.0130683342946076
2017-04-20,1.0154037787894143,1.0042732786847037,1.0110831387640704
2017-04-21,1.0056890488634966,0.996827968201356,1.0088892777337792
2017-04-24,0.9772949231429855,0.9711649175844277,1.0063120129728378
2017-04-25,0.9843941561806145,0.974639157557672,1.0100088310091986
2017-04-26,0.9916738230995759,0.97716098388975,1.0148520453119763
2017-04-27,0.998729496281803,0.9796765560984809,1.0194481944726732
2017-04-28,1.003448962982953,0.9827710814399281,1.0210403846160474
2017-05-02,1.006955435602976,0.9834450376844431,1.0239061635553004
2017-05-03,1.0051380741392628,0.9804960696185181,1.025132180825908
2017-05-04,1.0020101798088799,0.9771467632045201,1.0254449152784593
2017-05-05,0.9843551754172111,0.963441149704429,1.0217076317730442
2017-05-08,0.9577431412695567,0.9453831875316007,1.0130740147497523
2017-05-09,0.9664383073283642,0.9511514995116941,1.0160718958278656
2017-05-10,0.9425189554125202,0.9311918371182069,1.0121641082350634
2017-05-11,0.9453564423162345,0.9291034810971724,1.01749316577726
2017-05-12,0.9469170139027379,0.9277017384750463,1.0207127728997012
2017-05-15,0.9539762200100216,0.9324052859552712,1.023134718753391
2017-05-16,0.9792020315816127,0.9515834062919007,1.0290238618150513
2017-05-17,0.9846053850795408,0.9536274622725588,1.032484302342929
2017-05-18,0.974390453113218,0.9455034304983362,1.0305520019104073
2017-05-19,0.9747043635430258,0.9452945874508478,1.031111757628367
2017-05-22,0.9571011936645135,0.9316617153615931,1.0273054885517614
2017-05-23,0.9303540725631724,0.9120548897602796,1.0200636858684047
2017-05-24,0.9416885701848846,0.9174925521953121,1.0263718958063235
2017-05-25,0.9515297265324508,0.9256482268555177,1.0279604053959615
2017-05-26,0.9513877480237973,0.9234538485529776,1.0302493725209887
2017-05-31,0.947385028106553,0.9214240132575496,1.0281748841743579
2017-06-01,0.9237550557649904,0.9033723796619179,1.0225628728107679
2017-06-02,0.9363726180904854,0.9132636480048335,1.0253037226830797
2017-06-05,0.9449696209752422,0.9201108707161763,1.027017124838137
2017-06-06,0.9506201999103511,0.9241800713997519,1.0286092822479425
2017-06-07,0.9732456601837938,0.9421367018835849,1.0330195801076572
2017-06-08,0.9734011910467493,0.9427632310260501,1.0324980429999955
2017-06-09,0.9754683359741638,0.9443912388964176,1.0329070154378621
2017-06-12,0.9616091092231861,0.9338845350345932,1.0296873683506986
2017-06-13,0.9754871022598137,0.9460983167548183,1.0310631410970068
2017-06-14,0.9736740532702829,0.9439419099154578,1.0314978528260155
2017-06-15,0.9863014939282908,0.9526022327667066,1.0353760048028746
2017-06-16,0.9859727226075121,0.9513097139416092,1.0364371436114974
2017-06-19,0.9926751234612781,0.9583357747991432,1.0358322725344695
2017-06-20,0.9953920744991248,0.9598371366717289,1.0370426778345794
2017-06-21,0.9968114942281907,0.9616232845181625,1.0365925100572622
2017-06-22,0.9809583812186763,0.9480411155003302,1.034721348241288
2017-06-23,0.982409040945514,0.9508841357385989,1.0331532560299033
2017-06-26,0.9981190806160826,0.9669153896776728,1.0322713768666065
2017-06-27,0.998300857282744,0.967157439141981,1.032200980812795
2017-06-28,0.9932266121933255,0.9628921270191596,1.0315035135535617
2017-06-29,0.9986949385379886,0.9677618554911827,1.0319635278775334
2017-06-30,1.0013910109380981,0.9711110874513313,1.0311807000023407
2017-07-03,1.0090912231316351,0.977319198319665,1.0325093632321936
2017-07-04,1.0056629465435432,0.972485952233834,1.034115654044668
2017-07-05,1.0137749543067152,0.9799391548252152,1.0345284697676307
2017-07-06,1.0133939602936344,0.9811558051778027,1.0328573249484974
2017-07-07,1.017696424995163,0.985009759782844,1.0331841028859705
2017-07-10,1.014478361832601,0.9819325821883005,1.0331446172931447
2017-07-11,1.003962238397054,0.9696603541963186,1.0353751538384444
2017-07-12,1.0021538552200175,0.970293137462131,1.0328361775712651
2017-07-13,1.0029674100933723,0.9729732526779737,1.0308273195926443
2017-07-14,1.001038228496876,0.9696207447484527,1.0324018271252786
2017-07-17,0.9570551811669555,0.9297078229925242,1.029415002754743
2017-07-18,0.9645014541813343,0.939512054785524,1.0265982743579751
2017-07-19,0.9814348248251712,0.9586442370970912,1.0237737701288363
2017-07-20,0.9891786156831653,0.9649599337777675,1.0250981217537012
2017-07-21,0.9937554623369548,0.9692046966381623,1.0253308364930036
2017-07-24,1.0031370868719913,0.9756943919648208,1.0281263222717796
2017-07-25,0.9996518629935421,0.9735538437953766,1.0268069602564796
2017-07-26,0.9979234965945173,0.9724622014558847,1.026182297985993
2017-07-27,1.0100077174080466,0.9783665406187808,1.0323408206184708
2017-07-28,1.0128089404542244,0.9833406533876233,1.029967526477302
2017-07-31,1.0253047264529593,0.9963991884828227,1.0290099975032596
2017-08-01,1.0231219146494492,0.9945861627967659,1.0286910806927387
2017-08-02,1.0149515340438686,0.9890994352749972,1.02613700690435
2017-08-03,1.0159238151743784,0.9906989273210554,1.0254617090598186
2017-08-04,1.0125131017080058,0.9848689675536819,1.028068844755043
2017-08-07,1.0256858275063927,0.9972566734660399,1.0285073590348062
2017-08-08,1.0280735696377707,0.9973041750219391,1.0308525677385787
2017-08-09,1.0373463130968685,1.003047172693246,1.0341949425085635
2017-08-10,1.030224976023887,0.9950101030150897,1.0353914728122748
2017-08-11,1.0063494710083822,0.9747546354780476,1.0324131164709358
2017-08-14,1.0285411297268043,0.9955512335923253,1.0331373163141377
2017-08-15,1.0334376660621791,0.9990507878743561,1.0344195496417021
2017-08-16,1.0340409039760092,0.9996899741712144,1.0343615827829755
2017-08-17,1.0434748151290711,1.0071621624941853,1.0360544249845123
2017-08-18,1.040387342909481,1.0042716407000174,1.0359620851030797
2017-08-21,1.0514083520247404,1.0131345524754074,1.037777607580176
2017-08-22,1.044793953905266,1.0087363402314569,1.0357453303065651
2017-08-23,1.032966766875028,1.000319630375353,1.0326367048174638
2017-08-24,1.02479886409466,0.9933283394654756,1.0316818954809233
2017-08-25,1.0395299700699376,1.0040770927916083,1.0353089195370055
2017-08-28,1.0528993184366011,1.0164252637099498,1.0358846400506823
2017-08-29,1.052133905229758,1.0138274944515124,1.0377839533726294
2017-08-30,1.0647697236591946,1.020994347538209,1.042875238463891
2017-08-31,1.0691017621925127,1.0236791533465623,1.044371919363071
2017-09-01,1.080022399428239,1.0325498827761366,1.0459760031393996
2017-09-04,1.0862370440108224,1.0385903235756846,1.045876337718128
2017-09-05,1.0854516465043422,1.0397262659555528,1.0439782874069896
2017-09-06,1.093450224423396,1.0453047206197477,1.0460588217520947
2017-09-07,1.0837103147932632,1.0376284542956482,1.0444107525259567
2017-09-08,1.0882809033412117,1.0400933234329568,1.0463300540659235
2017-09-11,1.1025355472036076,1.052030136833518,1.0480075699372118
2017-09-12,1.1059500061762235,1.051141008964318,1.05214238312889
2017-09-13,1.1156478903994655,1.0575279579788432,1.054958293993193
2017-09-14,1.1108416169549649,1.0555978163877242,1.05233413683659
2017-09-15,1.0987117583675503,1.047665205460237,1.048724108275495
2017-09-18,1.106940605706359,1.055165835153668,1.0490678989290352
2017-09-19,1.1008356709158642,1.0498769315096805,1.048537821792986
2017-09-20,1.1121607304835213,1.0588078196495472,1.05038960786258
2017-09-21,1.097027266200737,1.0460846991457686,1.0486983196452142
2017-09-22,1.0903554612710065,1.0397500167335028,1.0486707802097341
2017-09-25,1.0769052046847316,1.0267500023639098,1.0488485047045029
2017-09-26,1.0852534511555803,1.0316354405981505,1.0519737966023557
2017-09-27,1.095477289119194,1.0415108502711499,1.0518155320551814
2017-09-28,1.0935136227014453,1.0390823890661842,1.052383943956723
2017-09-29,1.0989948843463526,1.0446940501471988,1.0519777385460392
2017-10-09,1.1135371037704545,1.0565771078685136,1.0539099280854658
2017-10-10,1.1180396290983101,1.0608661707692846,1.0538931864398753
2017-10-11,1.1103727229253846,1.0546943933794444,1.0527909600121568
2017-10-12,1.107792126158668,1.0535284460982792,1.051506611199112
2017-10-13,1.1168624750994027,1.0615527841681929,1.0521026290506592
2017-10-16,1.0997651048363835,1.0472174400101135,1.0501783706216374
2017-10-17,1.0967870798440793,1.0462254913749307,1.048327620466121
2017-10-18,1.0843999400319901,1.0383941376825894,1.044304759320072
2017-10-19,1.0746239585394028,1.0285788867198824,1.0447657174515386
2017-10-20,1.0905826970519958,1.0396566516063899,1.0489835229418476
2017-10-23,1.095884324668849,1.0461970500044706,1.04749322765168
2017-10-24,1.0942183035300612,1.044652877168496,1.0474467906467755
2017-10-25,1.1034514515152043,1.0517548809523896,1.0491526794874508
2017-10-26,1.1086622359011915,1.055558206939858,1.0503089537007022
2017-10-27,1.0983346756799557,1.0490526529432833,1.0469776446381445
2017-10-30,1.0711945048908575,1.0302179137599572,1.0397746831845984
2017-10-31,1.0786352157930295,1.0378831609143497,1.0392645881669167
2017-11-01,1.0782857532236059,1.0367345613800882,1.0400789106405455
2017-11-02,1.0672032026571296,1.0259731508995624,1.0401862872546102
2017-11-03,1.0561032778205632,1.0168049783417472,1.0386488071123585
2017-11-06,1.0723116860160935,1.0301135294631376,1.0409645688033515
2017-11-07,1.07842847290739,1.036574783419336,1.0403769126526423
2017-11-08,1.0822228243960708,1.0381173182706245,1.042486051768138
2017-11-09,1.089554350717569,1.0459739118179028,1.0416649386827663
2017-11-10,1.095879654314333,1.0506996465452405,1.0429999266847065
2017-11-13,1.0990442219115089,1.055444292550319,1.0413095505550913
2017-11-14,1.0906194915656453,1.0464738694164357,1.0421851165512879
2017-11-15,1.079122086968904,1.034315555813993,1.0433199818982215
2017-11-16,1.0815065459840132,1.0375825162705856,1.0423330472754158
2017-11-17,1.0466053834008942,1.0065150840892942,1.0398307983112582
2017-11-20,1.0572600502916927,1.017784269822537,1.0387859997836661
2017-11-21,1.0609480075237392,1.0214515686272028,1.038666971699518
2017-11-22,1.0557556914235144,1.0187762929115691,1.036297859274151
2017-11-23,1.0247387982827576,0.9926828990452709,1.03229218441087
2017-11-24,1.0248624706546006,0.9932397393847239,1.0318379642053648
2017-11-27,1.0114370425512493,0.9800325199523288,1.032044367875107
2017-11-28,1.0294946003875762,0.996606467999475,1.0330001193491336
2017-11-29,1.029592251663806,0.9996219233528891,1.029981663677795
2017-11-30,1.019069339481108,0.9909283196309709,1.0283986432647487
2017-12-01,1.0312037653317558,0.9993118230702548,1.031913904674436
2017-12-04,1.0265271130226017,0.9934913189417517,1.03325222218956
2017-12-05,1.0017646282333135,0.9702804803077386,1.032448501814227
2017-12-06,1.0105083697801185,0.9765914863959043,1.0347298577313877
2017-12-07,1.004291627067835,0.9706855092483222,1.034621015250899
2017-12-08,1.0179743318791732,0.9813915260649152,1.037276463921534
2017-12-11,1.0338092427554675,0.9945275676173106,1.0394978243109618
2017-12-12,1.0266198861784364,0.9861488292243866,1.0410395021062697
2017-12-13,1.0366286055367817,0.9931464487114606,1.0437822205191754
2017-12-14,1.0372551923793545,0.9941969180722496,1.0433096034843832
2017-12-15,1.0271802166685176,0.9865522946341332,1.041181721694187
2017-12-18,1.0210748148868245,0.9808931319972191,1.0409643839668759
2017-12-19,1.0296419435385622,0.9890013795553748,1.0410925250695384
2017-12-20,1.0212170860745546,0.9807935127467594,1.041215172003521
2017-12-21,1.0314761597539444,0.9869857649451768,1.04507703797657
2017-12-22,1.0325101196763045,0.9876787069212818,1.0453906846840586
2017-12-25,1.0206383837394402,0.9786149186602863,1.042941778505363
2017-12-26,1.0251364887730905,0.9840826604504651,1.0417178657571642
2017-12-27,1.0155808256043066,0.9766468056059876,1.0398649949754981
2017-12-28,1.0207505932138146,0.9815702897572572,1.039915942714858
2017-12-29,1.0304083095333194,0.9889348922678858,1.0419374597758648
2018-01-02,1.0429887162043159,1.001814663670743,1.0410994708169945
2018-01-03,1.0531970622620823,1.010677575446133,1.0420702782459386
2018-01-04,1.057853126168542,1.015311508577195,1.041900064395963
2018-01-05,1.0549709057526253,1.0152655705521325,1.039108324316464
2018-01-08,1.058163653815115,1.0198426209422744,1.037575437705706
2018-01-09,1.0594691700863874,1.0197745701239485,1.0389248772477375
2018-01-10,1.052076235854352,1.0134762956440253,1.0380866729456144
2018-01-11,1.05731602752797,1.0166404353346352,1.0400098115121166
2018-01-12,1.0509147449434117,1.012436845452943,1.0380052342655057
2018-01-15,1.0239078390020606,0.9893399212084691,1.0349403850512442
2018-01-16,1.0285427211040932,0.9968943810349962,1.0317469339492504
2018-01-17,1.0258179413143296,0.9915675059278292,1.0345417081355965
2018-01-18,1.027484678165568,0.9946272613216197,1.0330349047544591
2018-01-19,1.0242262411789105,0.9923459209230131,1.0321262168601897
2018-01-22,1.0385259148483288,1.004252654968428,1.0341281247406593
2018-01-23,1.0386179734402414,1.0054171131726057,1.0330219764838395
2018-01-24,1.0465576714025184,1.0116346796798097,1.0345213469093033
2018-01-25,1.0456390577996983,1.009802668262163,1.0354885074716713
2018-01-26,1.0439463616919094,1.0099465875529992,1.0336649230344828
2018-01-29,1.028336354665875,0.9982787014563695,1.030109480614637
2018-01-30,1.0296087548329371,0.9988419448268686,1.030802480978511
2018-01-31,1.0078405732311804,0.9792082413859318,1.029240288873308
2018-02-01,0.9734126983004832,0.9468386858329738,1.028066040039472
2018-02-02,0.9796703819368698,0.950020247724337,1.0312100024010606
2018-02-05,0.9786590689533812,0.9489713418943847,1.03128411338506
2018-02-06,0.9279138026089523,0.9024642660611288,1.0282000490267607
2018-02-07,0.931623522664272,0.9035828606940934,1.0310327510513413
2018-02-08,0.9417342256144019,0.9123080328481452,1.0322546680581017
2018-02-09,0.9000727090682255,0.8788342522551515,1.0241666238640272
2018-02-12,0.9263419358688393,0.9016479540566146,1.0273876092116925
2018-02-13,0.9342912627090936,0.9076361282539034,1.0293676437345756
2018-02-14,0.9377251577157985,0.910464927806942,1.0299409994567488
2018-02-22,0.9624688980318508,0.9295923450721494,1.0353666347770427
2018-02-23,0.9683797199380282,0.9330650215145568,1.0378480573263247
2018-02-26,0.9944774746342467,0.9539485817249009,1.0424854061170286
2018-02-27,0.9926257240589603,0.9509236707326164,1.043854259400458
2018-02-28,0.9926239845123224,0.9529993695992577,1.0415788469301162
2018-03-01,1.0069765667851294,0.9635265482696594,1.0450947808272635
2018-03-02,1.0008272282591284,0.9581664667456725,1.0445233297073622
2018-03-05,1.0045556873475399,0.9593941362679669,1.0470729905180065
2018-03-06,1.0215268898954732,0.9722850012943804,1.0506455293823707
2018-03-07,1.009657207531017,0.9629364270595371,1.0485190705830378
2018-03-08,1.0173431826457522,0.9700589801058573,1.0487436367371548
2018-03-09,1.0314900617649883,0.981999069475791,1.050398206910335
2018-03-12,1.0488864308511276,0.9960479896753361,1.0530480877663477
2018-03-13,1.0426661450847372,0.9894617277060422,1.0537710715724635
2018-03-14,1.030854680574103,0.979205039870409,1.0527465021120903
2018-03-15,1.027438720626863,0.9777479780381995,1.0508216265385333
2018-03-16,1.0213139195692418,0.9724004792147564,1.0503017443944336
2018-03-19,1.0214441288915637,0.9735902517277205,1.0491519682730206
2018-03-20,1.0233069434669997,0.9767338421559039,1.0476824896414942
2018-03-21,1.0157799698345158,0.9696935606131397,1.0475267765955212
2018-03-22,1.0108400728591094,0.965268470529566,1.047211323813925
2018-03-23,0.9558481695785683,0.9155781948202609,1.0439831081453539
2018-03-26,0.9779548104626853,0.9339003937045105,1.0471725004670185
2018-03-27,1.0020323404731917,0.9547554380905451,1.04951729049818
2018-03-28,0.9903995723767743,0.9450351157857875,1.0480029322013784
2018-03-29,1.0030571815349703,0.9547680952449383,1.0505767699303397
2018-03-30,1.0178985261135058,0.9674058171834873,1.0521939273396386
2018-04-02,1.0206288180673826,0.968548088140552,1.0537719609016178
2018-04-03,1.0100991172397267,0.9586996307610253,1.0536137543287671
2018-04-04,1.0034444689863422,0.9520517210044515,1.0539810462478545
2018-04-09,1.0045662376821098,0.9533110334127289,1.0537654579386269
2018-04-10,1.0116266220886772,0.9593371790731975,1.0545058027105711
2018-04-11,1.0175416072153338,0.9629554127911272,1.056686107891526
2018-04-12,1.0102061099505975,0.9573738310652586,1.0551845863872766
2018-04-13,1.0062945085905801,0.953554646407874,1.0553086940338259
2018-04-16,1.0034504030630396,0.9512163488144979,1.0549129063158356
2018-04-17,0.9822956870140694,0.9319860363294585,1.0539811206643728
2018-04-18,0.9982235703567677,0.9446111011136141,1.0567561287178915
2018-04-19,1.0046394067115654,0.9500012619927474,1.0575137601440736
2018-04-20,0.9816516049512544,0.9304008394224799,1.0550846080067888
2018-04-23,0.9692892301800659,0.9213955718870906,1.0519794752159328
2018-04-24,0.9936915446790021,0.9424800830368896,1.0543369165713268
2018-04-25,0.9958003179462708,0.9428328453752141,1.0561790701616653
2018-04-26,0.9743240078923631,0.925202099390082,1.0530931658441582
2018-04-27,0.9779514006054603,0.9272588125251334,1.0546692977144962
2018-05-02,0.9762961252432489,0.9263632816248873,1.0539020108080892
2018-05-03,0.9881627975248598,0.9351107154799013,1.05673347676027
2018-05-04,0.9889810950660644,0.9349018724324129,1.0578448115554084
2018-05-07,1.0091209678526398,0.9522811133143664,1.0596881044300512
2018-05-08,1.0141313463927641,0.955867704146313,1.060953667535495
2018-05-09,1.0121372191448144,0.9538774038449014,1.061076837615692
2018-05-10,1.0119754012589737,0.9556715182532178,1.0589155184918229
2018-05-11,1.0013594752665271,0.947882901070416,1.0564168571199266
2018-05-14,0.9940965269405757,0.944119110076964,1.0529354996950941
2018-05-15,1.0064032621145687,0.9525073041087583,1.0565832490452551
2018-05-16,1.00371937009821,0.9498968776959276,1.0566614057442052
2018-05-17,0.9986501303189104,0.9451047301349501,1.0566555202578602
2018-05-18,1.0025721704526471,0.9484856794349312,1.057024046003455
2018-05-21,1.019823692314563,0.960675635923357,1.061569227093342
2018-05-22,1.0239060032983829,0.9639521264726693,1.0621959070157345
2018-05-23,1.0140587679181357,0.9514441775935757,1.0658100514976367
2018-05-24,1.0095499582832388,0.9480854155407074,1.0648301743018347
2018-05-25,0.9984357280889006,0.9362482213906059,1.0664220291985471
2018-05-28,0.9905746619716103,0.9320493221014243,1.0627921060424497
2018-05-29,0.9813085238622424,0.9232196911967036,1.0629198371952429
2018-05-30,0.9558900154262339,0.8990358896590975,1.0632389945953045
2018-05-31,0.9684969271254604,0.9104079706121724,1.063805412944955
2018-06-01,0.9548215740366566,0.8994361535533213,1.0615779344253944
2018-06-04,0.9535643552075985,0.8991244897398503,1.0605476394970619
2018-06-05,0.9746703272602769,0.9143014602112303,1.06602731120554
2018-06-06,0.9746262020448346,0.9135389038859626,1.066868852436412
2018-06-07,0.9669325808972997,0.9078054363073753,1.0651319569427038
2018-06-08,0.9548780078169269,0.8969333129528333,1.0646031249227785
2018-06-11,0.9466608409386564,0.8910890580463805,1.0623638932500319
2018-06-12,0.9595787038033636,0.9007382024711384,1.0653247538194768
2018-06-13,0.9433367167584912,0.8870800905269467,1.0634177531795654
2018-06-14,0.9413805069159313,0.8839016556972572,1.0650285592839313
2018-06-15,0.9230760716769167,0.8676077285775988,1.06393251382195
2018-06-19,0.8613650889612751,0.81346392141426,1.0588854235400331
2018-06-20,0.8755403426956258,0.8224312174864695,1.064575765218968
2018-06-21,0.8579297169491368,0.8051642530093689,1.0655337885935106
2018-06-22,0.8746579745964066,0.8163765560016915,1.0713903628984103
2018-06-25,0.868247422668755,0.8108249791771198,1.0708197761123632
2018-06-26,0.874028155471128,0.8164018703104778,1.0705856848891526
2018-06-27,0.8645520220591331,0.8083680021478447,1.0695030230810803
2018-06-28,0.8532545158023476,0.7997629985066791,1.0668842111920007
2018-06-29,0.8794690897248012,0.8254956634727703,1.0653830524378174
2018-07-02,0.8663152178485424,0.8130003717480699,1.0655778864969492
2018-07-03,0.8764065584852718,0.8222318300778512,1.0658874132886478
2018-07-04,0.8633273117930645,0.8102411865441941,1.0655189172440014
2018-07-05,0.840756255087816,0.7883166126119312,1.0665210419733975
2018-07-06,0.8428725252202993,0.7905109909144713,1.0662375791198748
2018-07-09,0.8624460653231256,0.8080594653960472,1.0673051950457908
2018-07-10,0.8677539005365945,0.8126444078942227,1.0678150149155339
2018-07-11,0.8496832312166349,0.7967649653540181,1.0664164065485788
2018-07-12,0.8740039433015446,0.8183351389632705,1.0680269020450468
2018-07-13,0.879405049795216,0.8233487867261297,1.0680832521682362
2018-07-16,0.8783384071557085,0.8219264948415769,1.068633767944182
2018-07-17,0.8802921632664935,0.8220847092714922,1.0708046912179927
2018-07-18,0.874543820452148,0.8158259697855856,1.0719735002821673
2018-07-19,0.8636442543426304,0.8086575531680523,1.0679975113806313
2018-07-20,0.875242756125335,0.8187702472590002,1.0689723509804954
2018-07-23,0.8839106870992548,0.8249008516701377,1.0715356703895293
2018-07-24,0.9034084944074051,0.8392408864207274,1.076459106109982
2018-07-25,0.9052215129117691,0.8398768712020628,1.0778026445902513
2018-07-26,0.9044358743668318,0.8343110736922611,1.084051144573968
2018-07-27,0.8972993541389243,0.830483996926843,1.0804535156117727
2018-07-30,0.8823334315931326,0.8203365328882384,1.0755749576172302
2018-07-31,0.8831385804172479,0.8209013397895742,1.0758157376666326
2018-08-01,0.8664788169004698,0.8077145951657565,1.072753695533574
2018-08-02,0.8414127983402475,0.7904128607409993,1.0645231626816354
2018-08-03,0.8294830851010182,0.779929982110974,1.0635353225630881
2018-08-06,0.8102148132237239,0.763397132588681,1.0613280802827803
2018-08-07,0.835569032931554,0.7842206085425819,1.0654770147961292
2018-08-08,0.8229583057486887,0.7721492570362055,1.0658021078819748
2018-08-09,0.8464217119936969,0.7917988191470585,1.0689858225672517
2018-08-10,0.8526476485362867,0.7958710724384583,1.0713389116202847
2018-08-13,0.8564588459625349,0.799789950800152,1.0708547226752327
2018-08-14,0.853635603314251,0.7970370941734728,1.0710111355600969
2018-08-15,0.8347891683136248,0.7804140810395904,1.069674661945619
2018-08-16,0.8274191012166997,0.7733832551356965,1.0698694285429313
2018-08-17,0.8099985520972611,0.759881719636734,1.0659534650793887
2018-08-20,0.8160826121592665,0.7645679193700552,1.06737752328355
2018-08-21,0.8277860364183673,0.7739543906142289,1.0695540285796639
2018-08-22,0.8176285003489265,0.7652592978153233,1.0684332783451411
2018-08-23,0.8234093535278428,0.7694755448514087,1.0700916475348794
2018-08-24,0.8199908705846815,0.7676751018658957,1.0681483202876165
2018-08-27,0.8404934421915039,0.7847268947183113,1.0710649116890671
2018-08-28,0.8434593841460931,0.7869639350765414,1.0717891208878039
2018-08-29,0.837439972739163,0.7818616872329296,1.071084549113705
2018-08-30,0.8242581010426007,0.7700213660211545,1.0704353637636026
2018-08-31,0.8147159579400594,0.7617470119250499,1.0695361388831035
2018-09-03,0.8181209244853314,0.7655519758972045,1.0686680333187275
2018-09-04,0.8268027059783617,0.7736854633102972,1.0686548283339803
2018-09-05,0.8134286681004751,0.7617802183418697,1.067799673075032
2018-09-06,0.8086727904483229,0.7583502784090018,1.0663578737584118
2018-09-07,0.8123924887283205,0.7581019003674969,1.0716138402166064
2018-09-10,0.7959776951643583,0.7443535503578663,1.0693543340817981
2018-09-11,0.7962992096433742,0.7440403230135584,1.070236632361743
2018-09-12,0.7935356450038572,0.7426274867678758,1.0685514058435246
2018-09-13,0.7975865082781275,0.7469370989310736,1.0678094707299144
2018-09-14,0.7884809556353947,0.7388479115583572,1.0671762663202944
2018-09-17,0.776829570173902,0.728138693226241,1.0668703330843758
2018-09-18,0.7929766626106053,0.740972601057885,1.0701835148539558
2018-09-19,0.8026888428945076,0.7494178267382983,1.0710831985249958
2018-09-20,0.8027099345437828,0.7488783341457489,1.071882972097784
2018-09-21,0.8147037720763268,0.7602282278517108,1.0716568291321615
2018-09-25,0.8123867663346823,0.7582237068650693,1.0714341413743895
2018-09-26,0.8175443791042442,0.761875146999819,1.07306870728576
2018-09-27,0.8071623627079348,0.752343118480123,1.0728646848509191
2018-09-28,0.8134532205068932,0.7595178636748531,1.071012624470844
2018-10-08,0.7828841116096269,0.7351157634508885,1.064980715329103
2018-10-09,0.7805769734631357,0.7332805505177188,1.0644997646699128
2018-10-10,0.7789226344680394,0.7324894783681416,1.063390884744642
2018-10-11,0.7223453745029635,0.681471839432233,1.0599783185535359
2018-10-12,0.7163588332728846,0.6768236856159409,1.0584127720367307
2018-10-15,0.7032133407346377,0.6643426145764706,1.058510059877685
2018-10-16,0.6874198257466931,0.6486056022501147,1.0598425659012594
2018-10-17,0.6929747226265095,0.6539372424036415,1.059696065144386
2018-10-18,0.6737114730825441,0.6357558357485544,1.0597015948572455
2018-10-19,0.6940015073741472,0.653084448012935,1.0626520191771613
2018-10-22,0.7310992660598459,0.6855410401158087,1.0664558695659432
2018-10-23,0.7192459589715628,0.6729507452793098,1.0687943568188458
2018-10-24,0.715968131369962,0.6716740106702792,1.065945860634805
2018-10-25,0.7120125964783898,0.6699226327715023,1.0628280963321977
2018-10-26,0.7128498601859137,0.6698498169068166,1.0641935583078301
2018-10-29,0.7001829565258628,0.6585489882875908,1.0632207610652198
2018-10-30,0.7077998066607321,0.6651953345133278,1.0640480621809754
2018-10-31,0.7217845945609406,0.6759551070091675,1.0677996024832925
2018-11-01,0.7272901203275745,0.6801365840975961,1.0693295101785203
2018-11-02,0.7544272870231251,0.7021228802709883,1.0744946621479556
2018-11-05,0.7585849610897679,0.7025785378291448,1.0797155339155022
2018-11-06,0.759106893173907,0.702146631048938,1.081123029871803
2018-11-07,0.7560111090815163,0.6985141021919289,1.0823133086492633
2018-11-08,0.7530824825298077,0.6933233287214139,1.0861923309555992
2018-11-09,0.7510761673201273,0.6911527011968235,1.0867007623923604
2018-11-12,0.7741965399696517,0.7090429188470168,1.0918895307897327
2018-11-13,0.7920683563088001,0.7219923045990367,1.097059277866792
2018-11-14,0.7900682925483264,0.7191398287218977,1.098629586338567
2018-11-15,0.8047447481924357,0.7308947513684433,1.101040535160123
2018-11-16,0.8120959604341708,0.7371107543448104,1.101728547097392
2018-11-19,0.8117733673500256,0.7389522958551767,1.0985463769492376
2018-11-20,0.7888741480907675,0.7178646576437041,1.0989176576544981
2018-11-21,0.7949328372173954,0.7205889984460739,1.1031709322951662
2018-11-22,0.7949097309159103,0.7200605994770811,1.1039483780853803
2018-11-23,0.7590947763436827,0.6921256641004165,1.0967586028330687
2018-11-26,0.7576549505799886,0.6909707359889585,1.0965080156333793
2018-11-27,0.7620069445479881,0.6941649550347148,1.0977317985029662
2018-11-28,0.7702703856584429,0.7027414428515708,1.0960935824886808
2018-11-29,0.751266373989338,0.6875281389016973,1.0927063657197513
2018-11-30,0.758314940117872,0.6924246707594944,1.0951587546499535
2018-12-03,0.7841486034386111,0.7143397890528872,1.097724941905141
2018-12-04,0.7899137927200053,0.7176684717506092,1.100666705886031
2018-12-05,0.7827807635381258,0.7123669109522286,1.0988449231755784
2018-12-06,0.7661420829465471,0.697873352364234,1.097823953803415
2018-12-07,0.7653754814673536,0.6978528031018073,1.096757766201443
2018-12-10,0.7551646716201326,0.6896813442255348,1.0949472215579952
2018-12-11,0.7618320817729224,0.6954180133196451,1.095502370058324
2018-12-12,0.7607267654763527,0.6950619750119483,1.0944732884621915
2018-12-13,0.7672073429917973,0.7029471588373856,1.091415383569787
2018-12-14,0.7438052797968487,0.6861674948044245,1.0839995852745146
2018-12-17,0.7420252232592557,0.6851470303449323,1.0830160394706645
2018-12-18,0.7381000186110206,0.6814481631081328,1.0831345046767675
2018-12-19,0.7286106416922669,0.6720552888329131,1.0841528276007877
2018-12-20,0.7329316287353008,0.6739316747447854,1.0875458984961026
2018-12-21,0.726344789604929,0.6694036894413796,1.0850624235594921
2018-12-24,0.7312434809253687,0.6762984137086215,1.0812438209272806
2018-12-25,0.7214446583639927,0.6685129980413427,1.079178206673218
2018-12-26,0.7221665735136918,0.6658076429705627,1.0846474670847552
2018-12-27,0.708611737923721,0.6583496753328217,1.0763455416993861
2018-12-28,0.7120649801526258,0.6594206939560375,1.0798341433308096
2019-01-02,0.7089875116733336,0.6537125406862366,1.084555469792689
2019-01-03,0.7074981455633945,0.6506828646475924,1.087316393288723
2019-01-04,0.7251982019195794,0.6661983767720667,1.0885619467183105
2019-01-07,0.7396195187542615,0.678450055501622,1.0901605987892697
2019-01-08,0.7391721823744972,0.6767066441647279,1.0923081496959022
2019-01-09,0.7407915199819705,0.6785213078354709,1.0917734070064
2019-01-10,0.7399751178313309,0.6774280275112929,1.0923302369844674
2019-01-11,0.744831553027121,0.6826520818524773,1.0910851557149148
2019-01-14,0.7400187461392932,0.678170034574134,1.0911994166831596
2019-01-15,0.7510200163619478,0.687790737628432,1.091930983181798
2019-01-16,0.748422515440508,0.6861327248567676,1.0907838794553104
2019-01-17,0.7425156722047238,0.6808880467993073,1.0905106583896036
2019-01-18,0.7473406341008562,0.6878619155084317,1.0864689805488954
2019-01-21,0.7527892202405273,0.6919469004080742,1.0879291746181268
2019-01-22,0.743631798161029,0.6816031760225251,1.0910040098411367
2019-01-23,0.7461494917003288,0.6827786533964098,1.0928131510683405
2019-01-24,0.7519168586025654,0.6863368028578961,1.0955508366615268
2019-01-25,0.7464827777846367,0.6832153252229762,1.0926025079150739
2019-01-28,0.7432542559778277,0.6814401965462498,1.0907109086679516
2019-01-29,0.7295829122094044,0.6730662231996855,1.0839689870946794
2019-01-30,0.7204117790345659,0.6663154926771289,1.0811871957833195
2019-01-31,0.7105263581838583,0.660754460213687,1.0753258600086864
2019-02-01,0.734826687538551,0.6793914499730812,1.0815954300980182
2019-02-11,0.7562018125799201,0.6965729414311027,1.0856031976009726
2019-02-12,0.7657874811275819,0.7023649297352964,1.0902985737288846
2019-02-13,0.7792939678874317,0.71390311722632,1.091596253165514
2019-02-14,0.7847132500569799,0.7170292854537503,1.0943949793632177
2019-02-15,0.7827487552311729,0.7123716015447386,1.098792755822699
2019-02-18,0.8126395547897934,0.7374113245347248,1.102016646276126
2019-02-19,0.8203112833255516,0.7384049111545937,1.1109233848985192
2019-02-20,0.8215097064134186,0.7384586668338403,1.1124653867706118
2019-02-21,0.8208311024712417,0.7371170829220068,1.113569501357076
2019-02-22,0.8417207595354479,0.7558110298761705,1.1136656204572093
2019-02-25,0.8892256086334079,0.7980606856946383,1.114233070959283
2019-02-26,0.8900052660087121,0.7971414784702919,1.1164959923006705
2019-02-27,0.887623293236758,0.793872880029013,1.1180924749618841
2019-02-28,0.8885245849409279,0.795045230341224,1.1175774044447555
2019-03-01,0.8950316888132799,0.8016805573972541,1.1164443001076398
2019-03-04,0.9117408936988265,0.8160806764042868,1.1172190692175508
2019-03-05,0.9402058504754882,0.8377616373414047,1.122283246890112
2019-03-06,0.9572528012503619,0.8527503140277229,1.1225475798760498
2019-03-07,0.9722384018402228,0.8636018881198383,1.1257946690655098
2019-03-08,0.9338156621290626,0.8299160629638332,1.1251929005858479
2019-03-11,0.9731017128155631,0.8632474877968277,1.1272569298743103
2019-03-12,0.9913938824092777,0.878217178751556,1.128870974510667
2019-03-13,0.9684827382674669,0.8582607178735917,1.1284248691550964
2019-03-14,0.9460820832118374,0.8382694870479708,1.1286132894369527
2019-03-15,0.9573645929134562,0.8478426885463693,1.1291771526093628
2019-03-18,0.9819801988727823,0.870335270895491,1.1282780690508147
2019-03-19,0.9864063302660132,0.8736576250160164,1.129053649875636
2019-03-20,0.9868031346608438,0.8726466906492438,1.1308163375107378
2019-03-21,1.003134224667854,0.8843050466531539,1.1343757773004182
2019-03-22,1.0070644781343068,0.889472218253418,1.1322045337310196
2019-03-25,0.9923226322594804,0.8780067721732308,1.1301992919750454
2019-03-26,0.9646845650786415,0.8535176353993502,1.1302456154022849
2019-03-27,0.9733704886201686,0.861902702369471,1.1293275748460467
2019-03-28,0.9601287203407093,0.8496003950223427,1.1300944843786942
2019-03-29,0.9925974643038713,0.877688779782563,1.1309219021231827
2019-04-01,1.0316794334988773,0.9109411346275244,1.1325423721486918
2019-04-02,1.0366023548161436,0.9137429818870905,1.13445725479097
2019-04-03,1.0430412975111445,0.9233130563238156,1.1296724229851451
2019-04-04,1.0456030254420352,0.9289326095128638,1.1255962108923636
2019-04-08,1.037222353058877,0.9251467057261484,1.1211436485035746
2019-04-09,1.045162324296831,0.9267952628589425,1.1277165153744468
2019-04-10,1.0439281769240067,0.9256418982783214,1.1277883800049413
2019-04-11,1.0219569694898714,0.9060888283562545,1.1278772428348052
2019-04-12,1.0179955767344453,0.9040637581071862,1.1260218846354322
2019-04-15,1.0082237818120037,0.8948259712002082,1.1267261057026516
2019-04-16,1.0308835134310719,0.9139740121816916,1.1279133757537732
2019-04-17,1.0409141069539356,0.9188341361071456,1.1328639914968877
2019-04-18,1.0330274016843612,0.913682897630647,1.1306191725413677
2019-04-19,1.0392238977904413,0.9192217428469761,1.1305475592557237
2019-04-22,1.0225243115663392,0.9054354213741658,1.1293177706859197
2019-04-23,1.0060912223692173,0.8904087732246678,1.1299206079535793
2019-04-24,1.017108711487262,0.8985834336164634,1.131902362581712
2019-04-25,0.9761864662174204,0.863570245233855,1.1304077133332322
2019-04-26,0.9666739870407702,0.8555980993123512,1.129822504067846
2019-04-29,0.9338931008293828,0.8330644184383762,1.1210334761146268
2019-04-30,0.9408578798793827,0.8397028725560798,1.120465239109382
2019-05-06,0.8648090135822134,0.7766155200984811,1.1135613327332792
2019-05-07,0.875827094336902,0.7868358000017716,1.1131002101517624
2019-05-08,0.8747264036287955,0.7827761294109156,1.117466885822231
2019-05-09,0.8628816955157298,0.7733895837128925,1.1157141416014464
2019-05-10,0.8962557701988877,0.8012201347927375,1.1186136384736942
2019-05-13,0.8861897538140469,0.7919775828393998,1.1189581283814591
2019-05-14,0.880927609943002,0.7856033654331173,1.1213388953054328
2019-05-15,0.9061407373116179,0.803156604961053,1.128224223911548
2019-05-16,0.910394813772516,0.8081876749246651,1.126464609668018
2019-05-17,0.8752928048039266,0.7819598174064011,1.1193577794151772
2019-05-20,0.8670588053021064,0.7789506906301835,1.1131112864161428
2019-05-21,0.8851447130540634,0.7926056755127016,1.1167529332684911
2019-05-22,0.877087859091592,0.7873088053068314,1.1140328333426575
2019-05-23,0.8555669817375327,0.7709389352608137,1.1097726974291273
2019-05-24,0.852103992144979,0.7660091969861967,1.1123939444820186
2019-05-27,0.8767240330727089,0.7851824778226172,1.1165863450034503
2019-05-28,0.8766252337725993,0.7840022354023727,1.1181412427002708
2019-05-29,0.878096416921351,0.7842190450117439,1.1197081000604892
2019-05-30,0.8743782033264172,0.7793999451572937,1.1218607452557052
2019-05-31,0.871781274601589,0.7771217318203608,1.1218078698680758
2019-06-03,0.8577354480412611,0.7679171513302028,1.1169635247180938
2019-06-04,0.8456522803304276,0.7586761629077019,1.114641953543632
2019-06-05,0.8432800919456592,0.7568425879592183,1.1142080339579126
2019-06-06,0.8220797496615915,0.7402242654178464,1.1105820061134295
2019-06-10,0.8313111090721459,0.7475778487587676,1.1120060746213973
2019-06-11,0.8646848452368687,0.7754558269406627,1.1150665391840995
2019-06-12,0.8613484204129959,0.7694470290270978,1.1194382302081272
2019-06-13,0.8690989675688215,0.771687270900851,1.1262320895279954
2019-06-14,0.8516632337320366,0.7586951486392916,1.122536812393597
2019-06-17,0.8515855789712187,0.7598153068030928,1.1207797096826693
2019-06-18,0.8506719625230913,0.7589514932426792,1.1208515565184927
2019-06-19,0.8630050143224038,0.7687240076958466,1.1226461066425553
2019-06-20,0.8776951088062616,0.7838819924356367,1.1196776010622895
2019-06-21,0.8937234717998391,0.7944155741370844,1.1250074909100638
2019-06-24,0.8955566837962553,0.7948727952260777,1.1266666681447326
2019-06-25,0.8842428790058505,0.7870873051049495,1.123436845278487
2019-06-26,0.8820334674508056,0.7851255206278475,1.123429877486931
2019-06-27,0.8917089436711682,0.7922275244117409,1.1255717785535109
2019-06-28,0.881543710616303,0.7832096741758079,1.125552632561612
2019-07-01,0.9067373334735808,0.8069061752692743,1.1237208999807091
2019-07-02,0.9054208234041016,0.8043985696224264,1.1255873115601058
2019-07-03,0.8979141846713307,0.7974864231544314,1.1259303714785018
2019-07-04,0.8945550546932657,0.7950024938316836,1.1252229541844168
2019-07-05,0.8972839378897328,0.7977933219215426,1.124707255920067
2019-07-08,0.8660052694679108,0.770600393607719,1.1238059007646426
2019-07-09,0.868850608358118,0.772315363574153,1.1249945933189975
2019-07-10,0.8610689897072097,0.7663414100620942,1.1236101539096524
2019-07-11,0.8620707734943895,0.7664505594052735,1.1247571848121716
2019-07-12,0.865810157311399,0.7691432573216602,1.125681268176693
2019-07-15,0.8745285063468448,0.7792290735729848,1.122299636917916
2019-07-16,0.8764806921660627,0.7802938380728532,1.1232700418739292
2019-07-17,0.8747041838648658,0.7798255233603035,1.1216665236804841
2019-07-18,0.8593883418180808,0.7663809450561107,1.1213592239759569
2019-07-19,0.8648805245064253,0.771851813907963,1.1205266463357113
2019-07-22,0.8432379519185227,0.7556955519557935,1.11584347656429
2019-07-23,0.8514496596828466,0.7631867260103543,1.1156505094551328
2019-07-24,0.8607325936578825,0.7709563574615663,1.1164478836284732
2019-07-25,0.8614392155079432,0.773900634934981,1.1131134626608967
2019-07-26,0.8614445509930481,0.7749242264561468,1.1116500447180142
2019-07-29,0.8605200086528509,0.7747517913410014,1.1107041226240926
2019-07-30,0.8664704527649243,0.7788494333950371,1.1125005881919225
2019-07-31,0.8610537851613991,0.7757295192909541,1.1099922895140493
2019-08-01,0.8540845632484036,0.770551328520983,1.1084070997421505
2019-08-02,0.8419181800868585,0.7609717984453878,1.106372380430968
2019-08-05,0.8311103227772706,0.7518051894184095,1.1054862808545003
2019-08-06,0.8114546943696882,0.7357596403402561,1.1028801389464995
2019-08-07,0.8087299232605903,0.7319310000440012,1.1049264523732047
2019-08-08,0.8133969857302381,0.7366361110550629,1.1042046045845253
2019-08-09,0.8040073780469479,0.7278160102430618,1.1046849296135177
2019-08-12,0.8206157656123733,0.7412162885068784,1.1071205238425599
2019-08-13,0.8168537885702357,0.7369984034861069,1.1083521819130158
2019-08-14,0.8211004661554021,0.7410248676601431,1.1080606090158693
2019-08-15,0.8254910261235918,0.7446177870692863,1.1086104045037812
2019-08-16,0.8275801717265111,0.7471664912409876,1.1076248485822249
2019-08-19,0.854698417841378,0.7712743498522341,1.1081639341501852
2019-08-20,0.8552494875660304,0.7708899446279266,1.1094313702312206
2019-08-21,0.856533311666421,0.7724894366739847,1.1087961478855866
2019-08-22,0.8579363158762414,0.7733105137248587,1.1094331457408482
2019-08-23,0.8543444472165383,0.7733089501940219,1.1047905846714754
2019-08-26,0.8494140040582852,0.7681766229952639,1.105753518957999
2019-08-27,0.8659347668047372,0.7809377894160716,1.1088396265882077
2019-08-28,0.8663101567969533,0.7796831676003045,1.1111053730495015
2019-08-29,0.8667453939043223,0.7806308161951109,1.1103140894807924
2019-08-30,0.8542628830908234,0.7730858864613035,1.1050038528074762
2019-09-02,0.8738310796190873,0.7923572974711962,1.1028245494903806
2019-09-03,0.8809011174713246,0.7980338078550139,1.1038393471562873
2019-09-04,0.8910831628684265,0.8058003122445522,1.1058362094528351
2019-09-05,0.9006509715289037,0.8129418510224622,1.1078910138481948
2019-09-06,0.9044986684764829,0.8155095409257533,1.1091208907865264
2019-09-09,0.9258568910391077,0.832725876785281,1.1118387417157696
2019-09-10,0.9253404069442155,0.8298543407227028,1.1150636461554877
2019-09-11,0.9196160482273553,0.8254213585310957,1.1141170975559522
2019-09-12,0.9246243801069144,0.8294271989888559,1.114774607384605
2019-09-16,0.9253886134370346,0.8306501034647904,1.1140534499147992
2019-09-17,0.9056535100783006,0.8132646084594898,1.1136025109881724
2019-09-18,0.9072354633041724,0.8133578991327528,1.1154197485160187
2019-09-19,0.9158242639243263,0.8213680165174362,1.1149986918255965
2019-09-20,0.9166836459866251,0.8233946502973413,1.1132980347341286
2019-09-23,0.9097109524540736,0.81817379747168,1.111879841746658
2019-09-24,0.910666682298099,0.8196388258657722,1.1110584974255893
2019-09-25,0.8922690424637283,0.8048099271402062,1.108670522534802
2019-09-26,0.8692565678339319,0.7863358424032378,1.1054520485512498
2019-09-27,0.8766805169327653,0.7919348463298593,1.107010912571471
2019-09-30,0.8645268958353394,0.7816940171641423,1.1059658598535795
2019-10-08,0.8638508319700836,0.7818300443469449,1.1049087179703485
2019-10-09,0.8707717336594024,0.7883466919670761,1.1045543065407684
2019-10-10,0.8826043225274167,0.7983786780853047,1.1054958589877482
2019-10-11,0.8822408077931043,0.7998279222633301,1.1030382701526156
2019-10-14,0.89755225872297,0.8117900499726777,1.1056457993703899
2019-10-15,0.8844471983846922,0.8006948628854174,1.1045995664284163
2019-10-16,0.8796278908516647,0.7971130370998306,1.103517129831487
2019-10-17,0.8789344185121133,0.7957666881416372,1.1045127065631493
2019-10-18,0.8652633175204011,0.7850021505994377,1.1022432446327375
2019-10-21,0.8614883665828447,0.7832982742565601,1.0998216067825453
2019-10-22,0.8736785789883643,0.7919221891754661,1.103237907625775
2019-10-23,0.8668370434547914,0.7858533070054581,1.1030519764024749
2019-10-24,0.8644489363060651,0.7844389072289387,1.1019965077456
2019-10-25,0.871087067274144,0.7901850319619194,1.1023836595731966
2019-10-28,0.8917830147877801,0.8044080252612963,1.108620235978006
2019-10-29,0.8768978195215031,0.7922639323440835,1.1068253693273806
2019-10-30,0.8656802187119984,0.7828014437197011,1.1058745811689814
2019-10-31,0.8602980400826999,0.7779792912574266,1.1058109769120252
2019-11-01,0.8677606598183938,0.7850875491646673,1.1053043201891186
2019-11-04,0.8716747742689679,0.7891203419159001,1.1046157702038633
2019-11-05,0.8764962470213601,0.7950467938720596,1.1024461123258205
2019-11-06,0.8649161945439513,0.7870462065800957,1.0989395378731566
2019-11-07,0.8720307397140009,0.7921626751089375,1.1008228071261752
2019-11-08,0.8668309217279696,0.7891915197958996,1.098378403701232
2019-11-11,0.8463128973284649,0.771451550013739,1.0970395967360396
2019-11-12,0.8491694858348012,0.7723138000433158,1.0995135471969746
2019-11-13,0.8474471384250004,0.7713534942941161,1.0986495098469986
2019-11-14,0.853546339745118,0.7771391540211131,1.0983185383578409
2019-11-15,0.8444873532944622,0.7702302090686411,1.0964090259659025
2019-11-18,0.8507487621402394,0.7740303335405865,1.0991155323961606
2019-11-19,0.8675750473916223,0.7871062908365387,1.1022336595348021
2019-11-20,0.8611106172760978,0.7825451735701624,1.1003973270290592
2019-11-21,0.8593193670989664,0.7824565734894098,1.098232663912302
2019-11-22,0.8487507875754284,0.7758687479892791,1.093936042371894
2019-11-25,0.8446386600984176,0.7754605919870219,1.0892090053656183
2019-11-26,0.8433050163266332,0.7724008365932313,1.0917971296433773
2019-11-27,0.8451087031541019,0.7758972638135885,1.0892018087553685
2019-11-28,0.8422623472574763,0.7735241218187063,1.0888637128434377
2019-11-29,0.8435183715807353,0.7744227053267766,1.089222159653497
2019-12-02,0.844625780249687,0.776080718098441,1.0883220785580083
2019-12-03,0.8482392816365139,0.7794079117191757,1.0883123828772967
2019-12-04,0.8473455880206809,0.7784934695411891,1.0884427694943546
2019-12-05,0.8556517742511213,0.7859181563082608,1.0887288547581395
2019-12-06,0.864382711302302,0.7927069327478464,1.0904190131225395
2019-12-09,0.869144987044934,0.7949360809980432,1.0933520415298315
2019-12-10,0.8730777682703045,0.7988042562883145,1.092980866585646
2019-12-11,0.8695825369630588,0.7953600956702165,1.0933192923518473
2019-12-12,0.8659858744979656,0.792942653634958,1.0921166499597008
2019-12-13,0.8770208050341414,0.8027025853875815,1.092585000969787
2019-12-16,0.8912914914318,0.8173131109729396,1.0905141242268774
2019-12-17,0.9046884329446179,0.8283909503132962,1.0921032304885345
2019-12-18,0.9063255878476482,0.828242191522251,1.0942760428346272
2019-12-19,0.9109559564852789,0.8292895338213665,1.098477575482707
2019-12-20,0.9018017486362668,0.8202621534927138,1.0994067503862681
2019-12-23,0.8845621912857834,0.804389039529706,1.0996696223048383
2019-12-24,0.8978268793106041,0.8166850182996376,1.0993551481817387
2019-12-25,0.9010142632835433,0.8200122119203722,1.0987815183550422
2019-12-26,0.9073053738179794,0.8257140366129764,1.0988130679474521
2019-12-27,0.9017194592374747,0.8193935748859404,1.1004717230825174
2019-12-30,0.908842165871164,0.8293211767073496,1.0958868426337987
2019-12-31,0.9127367494691789,0.833390302937076,1.0952092270002016
2020-01-02,0.9273114083833529,0.8489707388182027,1.0922772316914044
2020-01-03,0.9293851415195709,0.8512647363712025,1.091769812386899
2020-01-06,0.9375264785359319,0.8598412241880584,1.0903483714929243
2020-01-07,0.9488331410987315,0.8701232263324782,1.090458353925353
2020-01-08,0.936673092819497,0.8580930478048046,1.0915752029639652
2020-01-09,0.9481245613331439,0.8697593703705973,1.0900998524789172
2020-01-10,0.9451463718375037,0.8670207344291481,1.0901081534800827
2020-01-13,0.9565633464994315,0.8795825134413375,1.087519740196868
2020-01-14,0.9526882158763115,0.8768455154845746,1.0864949401603812
2020-01-15,0.9491031291958733,0.8748995896773888,1.084813777939759
2020-01-16,0.9466339084468136,0.8745262036227883,1.0824534525384304
2020-01-17,0.9434029794788544,0.8717385770484524,1.0822085936279713
2020-01-20,0.9543758943560899,0.8839981478860409,1.0796130021746626
2020-01-21,0.9424184819506927,0.873936082412666,1.0783608789203074
2020-01-22,0.9504163308614627,0.8820948841345453,1.0774536254044258
2020-01-23,0.9151343334531373,0.8508059517513722,1.0756087584593714
2020-02-03,0.8357195428639712,0.7769477331743776,1.0756444831230403
2020-02-04,0.8464296738164167,0.790485676605683,1.0707716772945908
2020-02-05,0.8680245348678989,0.8106557455774953,1.070768374372694
2020-02-06,0.8937288388900818,0.8357998528643009,1.0693096389371897
2020-02-07,0.9042263127029552,0.8427847407431324,1.0729030427219721
2020-02-10,0.916710683177696,0.8524971709398566,1.0753240179871162
2020-02-11,0.9113922747125418,0.8482018539157382,1.074499272201639
2020-02-12,0.9288988147865328,0.8638122946981617,1.0753479899369967
2020-02-13,0.9179567543235857,0.8563590921067806,1.071929711244456
2020-02-14,0.9184633316971039,0.857618404515058,1.070946386949859
2020-02-17,0.9482103361417491,0.8850897902255327,1.0713154152418056
2020-02-18,0.9605172630935929,0.895590091056311,1.0724965279156928
2020-02-19,0.9467641164118028,0.8864852042704621,1.0679976516821255
2020-02-20,0.9606740265098513,0.9028518728009566,1.0640438985074159
2020-02-21,0.9726334082964343,0.9150846402527714,1.0628890110402973
2020-02-24,0.9864085279932254,0.9279691022481389,1.0629756158944395
2020-02-25,0.9933878724642212,0.9330713500917507,1.0646429904492722
2020-02-26,0.9662012512944906,0.9086550291825561,1.0633312096051504
2020-02-27,0.9704153421202144,0.9102908547071077,1.0660497544298104
2020-02-28,0.9210315672681065,0.8624421949620185,1.0679342599983392
2020-03-02,0.9523658076840154,0.8948955855493692,1.0642200308758543
2020-03-03,0.9613284903010244,0.9033755811774391,1.0641515116537141
2020-03-04,0.9594181736704992,0.904402374214128,1.0608311090560512
2020-03-05,0.9724576798743234,0.9177884317927144,1.0595662858539452
2020-03-06,0.9706730836499401,0.9118935482686886,1.064458768781564
2020-03-09,0.9327895591040438,0.8742335255409066,1.0669798536116621
2020-03-10,0.9569486865625402,0.8978525201771769,1.0658194581596783
2020-03-11,0.9428322205890481,0.8843130132150346,1.0661747667392787
2020-03-12,0.9275204353000311,0.8691803427840311,1.0671208144550688
2020-03-13,0.9194243229610826,0.8633771864024317,1.0649161657747654
2020-03-16,0.8768211047182484,0.8227033463059217,1.0657804039029677
2020-03-17,0.8783525603483487,0.8245938784491748,1.065194131686108
2020-03-18,0.8631865186293162,0.8099453814006371,1.0657342315312783
2020-03-19,0.8729829265227019,0.8160126255859589,1.0698154650436127
2020-03-20,0.8831894198006078,0.8257361494062394,1.0695782429238216
2020-03-23,0.8403526967016426,0.7908717198146762,1.062565110936779
2020-03-24,0.8543222946074449,0.8062385476019547,1.059639603128018
2020-03-25,0.8788034904323925,0.8254419077935213,1.0646460788276564
2020-03-26,0.866992502895122,0.8173242045964954,1.060769396060095
2020-03-27,0.8580989527453238,0.8127725429689894,1.055767643934871
2020-03-30,0.8335570372295499,0.795393302087036,1.0479809611702486
2020-03-31,0.8313698087125867,0.7976019010748061,1.0423367943234296
2020-04-01,0.8311273724248202,0.7940849245920223,1.0466479675984646
2020-04-02,0.8603907605001636,0.814332500021031,1.056559526333461
2020-04-03,0.8528429551683046,0.8079788318771751,1.0555263597523918
2020-04-07,0.8845102501986082,0.8332969378099631,1.0614586590504482
2020-04-08,0.8872308788430205,0.8340452734500008,1.0637682474633772
2020-04-09,0.8991080255812366,0.842060155881044,1.067747974181849
2020-04-10,0.8762061757160275,0.824032273063362,1.0633153631940988
2020-04-13,0.8680066053813945,0.8178099415097984,1.0613793759695873
2020-04-14,0.8907872528701078,0.8367016378878941,1.0646414594319946
2020-04-15,0.8890139426123153,0.8335627380522211,1.0665231326074704
2020-04-16,0.8972112624155264,0.8411915772742707,1.0665956324988148
2020-04-17,0.8970785506670549,0.8414257346305455,1.0661410909436297
2020-04-20,0.9088994822970697,0.8514467015790671,1.067476661324135
2020-04-21,0.9035948406493791,0.8454489972890586,1.0687751047629908
2020-04-22,0.913614618574314,0.852369035865087,1.0718533641324355
2020-04-23,0.9064960833745254,0.8476497041687954,1.0694229926776588
2020-04-24,0.8893378750157589,0.8343221673158151,1.0659406040677795
2020-04-27,0.8864937451618509,0.8330834041699643,1.0641116372316906
2020-04-28,0.8781227137930859,0.8270920284571525,1.0616989205314014
2020-04-29,0.8755299900976135,0.8269274854500405,1.058774808556668
2020-04-30,0.8982454659196023,0.84702794007269,1.0604673392975879
2020-05-06,0.9152737560040728,0.8624469600083783,1.061252225870425
2020-05-07,0.9170828659819943,0.8615657242472117,1.064437500439436
2020-05-08,0.9274058946118499,0.8713667545246884,1.064311772047959
2020-05-11,0.9275868729462291,0.8695457622767487,1.0667487706656291
2020-05-12,0.9282146004910315,0.8721198552110859,1.0643199956345089
2020-05-13,0.9345680313032789,0.8758883367970483,1.0669944923810846
2020-05-14,0.9273840690252781,0.868109249706966,1.0682803683272821
2020-05-15,0.9296352800099774,0.8714031624570313,1.0668256899467214
2020-05-18,0.9259295911037053,0.8667976706964293,1.0682188270761808
2020-05-19,0.9361412899399599,0.8777236241840671,1.066555877210435
2020-05-20,0.9292060323507654,0.8685189692400598,1.069874194185771
2020-05-21,0.9203570545874223,0.8584679973902413,1.0720924453623488
2020-05-22,0.90292121861559,0.8429730345281936,1.0711151859334966
2020-05-25,0.8993441939054684,0.8411330565486641,1.0692056231812552
2020-05-26,0.9220693886371009,0.8575250393879453,1.0752681802682098
2020-05-27,0.9141181056984512,0.849502339302718,1.0760630823556891
2020-05-28,0.9111133723406398,0.8481844317149847,1.0741925202498896
2020-05-29,0.9221357635813168,0.8553307355392546,1.0781043230019602
2020-06-01,0.9554164770081588,0.881140906962542,1.084294769949631
2020-06-02,0.9575627483162183,0.880659935095599,1.0873240738631662
2020-06-03,0.9618634566971902,0.881588672412665,1.0910569597778919
2020-06-04,0.9647560813607188,0.8822910700276402,1.09346690013591
2020-06-05,0.9655589464740875,0.88366273329462,1.0926781339687466
2020-06-08,0.9634877088017206,0.8820616777177251,1.0923133077209293
2020-06-09,0.9715556817007104,0.8876116165576107,1.0945729681509315
2020-06-10,0.9720329360840617,0.8883805759139243,1.0941627523587847
2020-06-11,0.9680407022173655,0.8842449623967088,1.0947653007754004
2020-06-12,0.9701859164953162,0.8846231134976691,1.0967223235433499
2020-06-15,0.9704881385783778,0.884488575391854,1.0972308355124016
2020-06-16,0.9918226036576142,0.9010467392229334,1.1007449008837946
2020-06-17,0.9991440731711122,0.9073940787895926,1.1011137239333857
2020-06-18,1.0033457950405609,0.9072327372980035,1.105940905559481
2020-06-19,1.013551925224326,0.9155781948202583,1.1070074964195726
2020-06-22,1.0119229075404552,0.9150846402527715,1.1058243828253247
2020-06-23,1.016579967648473,0.9182978450301176,1.1070264110389283
2020-06-24,1.0128895171079018,0.9158851680412188,1.1059132219316792
2020-06-29,1.0062784141754149,0.9116688465512841,1.1037762428561924
2020-06-30,1.0239938380204987,0.9278029957101901,1.1036759341746671
2020-07-01,1.0312154271108165,0.9305669459604258,1.1081582379293655
2020-07-02,1.0460538709633251,0.9453420145528958,1.1065348359218559
2020-07-03,1.0583873369663317,0.9574022724357157,1.105478195987253
2020-07-06,1.0969107931002529,0.9966935045493882,1.1005497558611799
2020-07-07,1.1141931609251434,1.00937709005915,1.1038423319671848
2020-07-08,1.1375389063180266,1.0339611554909798,1.1001756693440408
2020-07-09,1.1649526077062016,1.059010334119836,1.1000389421831434
2020-07-10,1.1681251088035893,1.0562717726322362,1.105894466811902
2020-07-13,1.2034302751681905,1.0915649819423323,1.1024815701093718
2020-07-14,1.1898811754444174,1.0770429819838776,1.1047666577360689
2020-07-15,1.1687722045438678,1.0503231334289636,1.1127739334162874
2020-07-16,1.1154605403099853,0.9998798314871106,1.1155945996540133
2020-07-17,1.1182826665042034,1.0037701195706454,1.1140824424844802
2020-07-20,1.1472948783067987,1.032602149378393,1.111071557421654
2020-07-21,1.1559783613311887,1.038375151950997,1.1132569564662904
2020-07-22,1.1694863491288392,1.0474515973663858,1.1165063398340183
2020-07-23,1.1699919014820523,1.0473566687084366,1.1170902295631966
2020-07-24,1.1111517280524008,0.9941811338561803,1.1176552141384144
2020-07-27,1.1081979047751167,0.9965163043878829,1.112072025209698
2020-07-28,1.1206830309313227,1.0061543551890844,1.1138281369568939
2020-07-29,1.1523834973840983,1.033146332563453,1.1154116905441585
2020-07-30,1.1508022308704038,1.0301672851423815,1.1171022876263723
2020-07-31,1.1651511625474735,1.0409619020397272,1.1193024069991437
2020-08-03,1.193854304555315,1.066297430173268,1.119625979367989
2020-08-04,1.1873229933744947,1.0596368632623008,1.1204998943874858
2020-08-05,1.1956868898030861,1.071523048045289,1.1158760345699528
2020-08-06,1.196811894250814,1.0711212206202285,1.1173449570514575
2020-08-07,1.1825750319093649,1.0582398856865345,1.1174924021524362
2020-08-10,1.1880262510497104,1.0640018690894313,1.1165640639958825
2020-08-11,1.1646130738405518,1.0443127719845617,1.1151956627202568
2020-08-12,1.151259568010708,1.0328505274198976,1.1146429589251419
2020-08-13,1.1552920572085867,1.036688697808872,1.1144059539284963
2020-08-14,1.1720872367290145,1.047905691393705,1.1185045050859006
2020-08-17,1.1993160653072084,1.0670473293441423,1.1239577030236931
2020-08-18,1.2096488770061595,1.074143004550839,1.1261525438244446
2020-08-19,1.1821729592243133,1.054662750493458,1.1209014053745574
2020-08-20,1.1677514968420863,1.0431958153362835,1.1193981797805153
2020-08-21,1.1769184297976285,1.0511299897946074,1.1196697280301178
2020-08-24,1.1866319129073117,1.0582525428409275,1.121312602492543
2020-08-25,1.1774604035997944,1.0524921229688675,1.118735597068809
2020-08-26,1.1484563436380095,1.0324518270565104,1.1123582849499376
2020-08-27,1.159550985525829,1.0408226733414012,1.1140716043428116
2020-08-28,1.1797793417140852,1.058608506694775,1.1144623666379123
2020-08-31,1.1793202586383262,1.0550044936620755,1.117834346415656
2020-09-01,1.1902145292161679,1.0616540414033355,1.1210945211896863
2020-09-02,1.189816161433848,1.0627773266288105,1.1195347620070253
2020-09-03,1.1789629467703917,1.054026765712123,1.1185322660889538
2020-09-04,1.1696856591251559,1.047117820759651,1.1170525760669279
2020-09-07,1.1418474688596534,1.0250049530423264,1.1139921475213614
2020-09-08,1.1467503478080265,1.0323284570281015,1.1108386483012647
2020-09-09,1.1116383106254628,1.0045026709946163,1.106655405430396
2020-09-10,1.0954539258671037,0.9865222152789842,1.1104199265875772
2020-09-11,1.1124798586180509,0.9986093510014272,1.1140290820453782
2020-09-14,1.119400611921735,1.0048222269161207,1.1140285136379442
2020-09-15,1.1285522768605711,1.0106189802666743,1.116694123993968
2020-09-16,1.1226860847349363,1.0052335844339009,1.1168410030462512
2020-09-17,1.1270249035763416,1.0073187389394125,1.1188364318159767
2020-09-18,1.1467637567494764,1.0235272674938412,1.1204037187571818
2020-09-21,1.1469066803110313,1.0198077765407656,1.1246302555187322
2020-09-22,1.1291148088909841,1.005994577228332,1.1223865758818174
2020-09-23,1.1346254882718814,1.011275588764286,1.1219745644788293
2020-09-24,1.1067043611407141,0.9879571643179303,1.1201946816234334
2020-09-25,1.1059622639503899,0.9867310583264727,1.1208345522498675
2020-09-28,1.0948025378268091,0.977488506373135,1.1200157655960121
2020-09-29,1.1047993491881143,0.9854464316094086,1.121115581476896
2020-09-30,1.0996150707473777,0.9797081989844615,1.1223903932693515
2020-10-09,1.130325986300161,1.0058869914159894,1.1237107109905045
2020-10-12,1.1635920064739238,1.034872396153443,1.124382108169977
2020-10-13,1.1673610671729309,1.0364893104002542,1.1262644539210336
2020-10-14,1.1618340722939982,1.029681622682928,1.1283430205025269
2020-10-15,1.151792074119764,1.0220353612601254,1.1269591227251219
2020-10-16,1.1452455924937448,1.0170739056456761,1.1260200327002792
2020-10-19,1.1317987952379058,1.005942385079922,1.1251129408847649
2020-10-20,1.1457511998181948,1.016192744338359,1.127493978087977
2020-10-21,1.1303998361653533,1.004627679007712,1.1251928050418327
2020-10-22,1.1252841562377112,0.9994273009906279,1.1259289746461143
2020-10-23,1.105234213424492,0.9829925816418074,1.1243566167900423
2020-10-26,1.107750335447514,0.9831697818033127,1.1267131638400214
2020-10-27,1.1098686293478606,0.9842708797816749,1.1276048617775272
2020-10-28,1.1181137960699614,0.9881723359426156,1.1314967596248229
2020-10-29,1.1176147791481013,0.9896262707131515,1.129330144340972
2020-10-30,1.0915170042846498,0.9668900753688847,1.1288946200716952
2020-11-02,1.1007116135998691,0.9718958310237104,1.13254072963815
2020-11-03,1.1175957269774397,0.9875031447444603,1.1317389042509265
2020-11-04,1.114436110603606,0.9862991515462661,1.1299169312438866
2020-11-05,1.139161287653102,1.0049393428211832,1.133562235164478
2020-11-06,1.1247591821561187,0.9969133667665836,1.1282416503293498
2020-11-09,1.1454666515441205,1.015961714043758,1.1274702931323106
2020-11-10,1.1365890632694189,1.0082791191424618,1.127256373449531
2020-11-11,1.1220822023675676,0.9958628974057946,1.1267436564717614
2020-11-12,1.1270987820068719,0.9991662657947302,1.1280392669285977
2020-11-13,1.1266798348092242,0.9978183533057001,1.1291432263964831
2020-11-16,1.1393788817186152,1.010538346747805,1.127496928132866
2020-11-17,1.1268851100830413,1.0025598722491047,1.1240077937241095
2020-11-18,1.1260099800413972,1.0032037491384735,1.1224140470052935
2020-11-19,1.1318609338218948,1.0063030395262806,1.1247714548837304
2020-11-20,1.1468318369942925,1.0161737586067696,1.1285784810726291
2020-11-23,1.1555788273298622,1.0240746521944244,1.1284126844206581
2020-11-24,1.1532332501591716,1.024432254032958,1.125729149603747
2020-11-25,1.13025105556751,1.0046845617486329,1.1249810125481885
2020-11-26,1.127234572089721,1.0021421861541282,1.1248249875755192
2020-11-27,1.1274108053532421,1.004880747641728,1.12193492411818
2020-11-30,1.119080439662197,1.0000285158243074,1.1190485290709504
2020-12-01,1.1378047427670446,1.0167480211469757,1.1190626577109113
2020-12-02,1.1376990196912427,1.0180706193272195,1.1175050120227201
2020-12-03,1.1383103316114918,1.019004047236796,1.117081266456414
2020-12-04,1.1423011724306624,1.0227773683229675,1.116861995395612
2020-12-07,1.1335333468750766,1.0164411223798646,1.1151982361959694
2020-12-08,1.1352252368602196,1.0162781429035894,1.1170418696763356
2020-12-09,1.1144541798209866,0.9978578882997171,1.1168465899687798
2020-12-10,1.116256698605598,0.9998956157031785,1.1163732304402478
2020-12-11,1.0984328537224544,0.9823866762156191,1.1181267827795385
2020-12-14,1.1107591576553868,0.9902322505931905,1.1217157964608764
2020-12-15,1.1132722164321176,0.9912700627995863,1.1230766046620713
2020-12-16,1.1078746148023482,0.9865016660165584,1.123033698742636
2020-12-17,1.1236721302480113,0.998123688541975,1.1257844525155325
2020-12-18,1.1211653847252496,0.995437319202785,1.1263043519637743
2020-12-21,1.1386222255642322,1.0123150389553688,1.1247706314224104
2020-12-22,1.107548776285637,0.9888146493011482,1.120077232945937
2020-12-23,1.1165048734932792,0.9979179725561602,1.118834317246897
2020-12-24,1.1030781127542049,0.9817206120791374,1.1236171464486728
2020-12-25,1.1188225828334426,0.9933141187802444,1.1263532468533903
2020-12-28,1.109588549269351,0.9879318500091447,1.1231428051024774
2020-12-29,1.098935333436501,0.9808710192039539,1.1203668086027914
2020-12-30,1.117194804458359,0.9918507283708384,1.1263739315828343
2020-12-31,1.135812537552251,1.007333034078493,1.1275442173811872
2021-01-04,1.1505543020313698,1.0256346092464663,1.1217974624283418
2021-01-05,1.1592007604581973,1.034643003843529,1.120387182972249
2021-01-06,1.1513775368437187,1.0328093544411963,1.11480161550887
2021-01-07,1.1514576909916434,1.0343882972248275,1.1131774151746523
2021-01-08,1.1537568322598086,1.0374702398657307,1.11208667769509
2021-01-11,1.1398302948352703,1.0213012463053186,1.116056892086194
2021-01-12,1.1534045539913467,1.0351967171213081,1.1141887671347652
2021-01-13,1.1445321990329151,1.0278685225430226,1.1135005829357028
2021-01-14,1.1362978107321222,1.0188474707915667,1.115277647839971
2021-01-15,1.1372931750942405,1.0153051799999964,1.1201490916201615
2021-01-18,1.1534617137822964,1.0306450554938023,1.1191648450005423
2021-01-19,1.1482493027436873,1.0246189098333336,1.1206598782472827
2021-01-20,1.1574372213477218,1.0339611554909804,1.1194204107194996
2021-01-21,1.1735037700750817,1.047737946871071,1.1200355714705126
2021-01-22,1.1702097714703528,1.0501601539526892,1.114315532793555
2021-01-25,1.1707092563654158,1.0513467249501303,1.1135329844880122
2021-01-26,1.15313649286819,1.033571985220313,1.1156808711513122
2021-01-27,1.1600056742059344,1.0374006255165678,1.1181848609627705
2021-01-28,1.1355515119397497,1.01481155097866,1.118977716448587
2021-01-29,1.1188077024334802,1.0040153705504773,1.1143332415519347
2021-02-01,1.1252607726984294,1.0114733381882182,1.1124967215784756
2021-02-02,1.1372172897836543,1.021204754116532,1.1136035992776858
2021-02-03,1.1213021587820855,1.0124305168757441,1.1075349271793071
2021-02-04,1.10288463679269,1.0012704804856807,1.1014852213137454
2021-02-05,1.0834376511287571,0.9872025001006962,1.0974826856883413
2021-02-08,1.0937392203296663,1.0003797146317945,1.0933240691833042
2021-02-09,1.120470830737935,1.0216936180915086,1.0966798763321426
2021-02-10,1.1289824109857107,1.032339476197809,1.0936154598522625
2021-02-18,1.1470338577539811,1.046478634462793,1.0960891316646975
2021-02-19,1.171396014436229,1.060549741909451,1.1045177497542045
2021-02-22,1.1677227181892222,1.053205688661249,1.108731875227087
2021-02-23,1.1653479140333816,1.0491191402307698,1.110787011070111
2021-02-24,1.1541356403155751,1.0340829619885523,1.116095789931748
2021-02-25,1.1483282368540857,1.0282229228660327,1.1168086329502125
2021-02-26,1.1288104821364935,1.0068963622519256,1.121079114450177
2021-03-01,1.150381883861788,1.0265285021620254,1.1206526476750607
2021-03-02,1.1425497053956983,1.0178095841313208,1.1225574245017949
2021-03-03,1.1600578228057692,1.032273063364169,1.123789687028305
2021-03-04,1.1379684022161283,1.0128513300323942,1.1235295531277354
2021-03-05,1.140324801493668,1.013090252435029,1.1255905372229398
2021-03-08,1.111096309316825,0.9898193295445727,1.1225243599031887
2021-03-09,1.077631719003006,0.9663394891527788,1.1151688729473332
2021-03-10,1.0711861676248338,0.9591030217169195,1.1168624677120407
2021-03-11,1.0994158490203998,0.983082745253397,1.1183350072297495
2021-03-12,1.1006068133026328,0.9844354227887869,1.1180081372780617
2021-03-15,1.094009816329457,0.9767607199955243,1.120038709515745
2021-03-16,1.1018811178956058,0.9801416692955054,1.124205971864866
2021-03-17,1.1099453054710504,0.9849069390168597,1.1269544984412485
2021-03-18,1.1208966411768486,0.9925800038254362,1.1292758637660196
2021-03-19,1.1055947554363947,0.9819389107654954,1.125930282744881
2021-03-22,1.1262982728030462,0.9976158388354082,1.1289899668371932
2021-03-23,1.1055309431729765,0.9839275730822208,1.1235897574349145
2021-03-24,1.0861744916124152,0.9718040294274347,1.11768881247834
2021-03-25,1.0909281296752285,0.9741566221598902,1.1198693360585423
2021-03-26,1.1087673526357869,0.9890883416514389,1.1209993141608816
2021-03-29,1.1138328813493252,0.9895867357191348,1.125553568116392
2021-03-30,1.1192411896547536,0.993608434846811,1.1264409101230224
2021-03-31,1.1140381984807146,0.9894490705516459,1.125917676449589
2021-04-01,1.1264980935285824,0.9985603603685409,1.1281221829322599
2021-04-02,1.128456468669059,1.0009255358015403,1.1274130075674331
2021-04-06,1.137913450094965,1.0035343986835341,1.133905775016495
2021-04-07,1.1427029641611777,1.0043222693175882,1.1377851503159595
2021-04-08,1.1388565257889174,1.0056940070384175,1.1324085833449866
2021-04-09,1.1372926233865297,1.0022908704913236,1.1346931882448736
2021-04-12,1.116620484522541,0.9850746090856454,1.1335389971719985
2021-04-13,1.1088107231660385,0.9824419954257019,1.128627164075554
2021-04-14,1.1208663954723077,0.9931100407791152,1.128642697633955
2021-04-15,1.1173707727469562,0.9929913613432164,1.1252572945201578
2021-04-16,1.1298751317309015,1.0029791218749182,1.1265190940552883
2021-04-19,1.1458715911401929,1.0165328495222905,1.1272351815080879
2021-04-20,1.1460529257404262,1.0170517928524132,1.1268383122615788
2021-04-21,1.142378321859397,1.0157417773727133,1.1246739548453328
2021-04-22,1.1487920959553188,1.0197302700835698,1.1265646707351074
2021-04-23,1.1514281858375657,1.0224657045094958,1.1261289065826776
2021-04-26,1.1471784166077448,1.0192841426181327,1.1254746038343173
2021-04-27,1.144770035941809,1.0198584051583388,1.1224793855222255
2021-04-28,1.1534074183933976,1.026734143693991,1.1233749510303228
2021-04-29,1.1546557560236188,1.0270806519089681,1.1242113789969026
2021-04-30,1.1503989183899526,1.0260965953818189,1.1211409564826398
2021-05-06,1.1568551795994864,1.026672495906711,1.1268005953327929
2021-05-07,1.1512335237065723,1.0195672906072946,1.1291393263713394
2021-05-10,1.1552694904238445,1.0245588255768903,1.127577511006609
2021-05-11,1.1553155922256446,1.0214025035404644,1.1311070691730247
2021-05-12,1.1673461880584308,1.030263777331168,1.1330556443344693
2021-05-13,1.1560466178693471,1.0187113691549143,1.13481271817783
2021-05-14,1.1726686523119354,1.0324391699021183,1.1358234814193573
2021-05-17,1.1808813427173213,1.0407198525754193,1.1346774444583247
2021-05-18,1.1877148051458775,1.044114948106781,1.1375326129555714
2021-05-19,1.1870184508657782,1.041708599695079,1.139491841781121
2021-05-20,1.177607908679753,1.0360637321972443,1.1366172486149353
2021-05-21,1.1804269442541964,1.0327650544008193,1.1429772330349095
2021-05-24,1.1857928246832836,1.0353375838043197,1.145319983773911
2021-05-25,1.1993434179011673,1.047290255874797,1.1451872211867005
2021-05-26,1.2026710649611072,1.04864136987935,1.1468850071206698
2021-05-27,1.2152909754988768,1.057690863001266,1.149003946247971
2021-05-28,1.2132996634853908,1.0549633951372226,1.1500869784468426
2021-05-31,1.2249709601410501,1.0645856617223572,1.1506551367216526
2021-06-01,1.2324866135829993,1.0662895380652349,1.1558648655779988
2021-06-02,1.2215033550740042,1.0570612067971272,1.1555653988808587
2021-06-03,1.221407804401236,1.0548937807880598,1.157849090255117
2021-06-04,1.2236989558889708,1.058901184776657,1.1556309252284698
2021-06-07,1.2313334227053452,1.063400654255753,1.1579205051055041
2021-06-08,1.2269584956564124,1.0575563993493002,1.1601825646474673
2021-06-09,1.2320547499684538,1.0588758704678705,1.1635497458489286
2021-06-10,1.2464444056161232,1.070383978603748,1.1644834288738475
2021-06-11,1.2433349599157364,1.0640999248090548,1.1684381616123543
2021-06-15,1.2290439841830216,1.054249829444842,1.165799557046383
2021-06-16,1.2057471766841492,1.0388450301943837,1.1606612551811848
2021-06-17,1.2161586361035481,1.0467364681431681,1.1618575191718716
2021-06-18,1.2297438478508418,1.0533164015352654,1.1674971034899142
2021-06-21,1.241970815549636,1.0611350980732135,1.1704172426345902
2021-06-22,1.248706236671177,1.0662943031115948,1.1710709069975136
2021-06-23,1.2596955049984317,1.0742300411007557,1.1726496716733326
2021-06-24,1.2521848281726873,1.0686801022608703,1.1717115585137212
2021-06-25,1.2628811572610288,1.077941639945798,1.1715672819954615
2021-06-28,1.264537554917892,1.0803321296875839,1.1705081429759732
2021-06-29,1.2562712746001992,1.0703492086560913,1.1737022501072785
2021-06-30,1.262942708246618,1.0771141598638778,1.172524468907014
2021-07-01,1.2525832485722095,1.0626364599457994,1.1787504906768385
2021-07-02,1.2413212945630299,1.0533622651064787,1.178437215460297
2021-07-05,1.2480471915275575,1.0617410034994028,1.1754723491078392
2021-07-06,1.2454473330229203,1.0615021555506174,1.1732876155836798
2021-07-07,1.2533784954939842,1.0701450562011134,1.1712229928373705
2021-07-08,1.24729974002447,1.0676960457337212,1.1682161276220941
2021-07-09,1.2560410119676386,1.0765383337928354,1.1667406283085002
2021-07-12,1.2732952051923594,1.0923338668447977,1.1656648611200418
2021-07-13,1.2814605970011863,1.1014260964762534,1.1634558152389067
2021-07-14,1.274628364093924,1.0914431754447609,1.1678375867571076
2021-07-15,1.2776579245088864,1.096768487021091,1.1649294628979587
2021-07-16,1.279070362190338,1.0956151224404698,1.1674449685773083
2021-07-19,1.276726900449823,1.0899543962727187,1.1713580905915
2021-07-20,1.2806698437692912,1.0918196885610347,1.17296826315447
2021-07-21,1.29268089743855,1.1050158888237227,1.1698301449896749
2021-07-22,1.30061348470119,1.1116622350494598,1.1699718167032305
2021-07-23,1.28911682527157,1.1052073096704582,1.1664027318602772
2021-07-26,1.2641675449178686,1.0866114928897668,1.1634034364535424
2021-07-27,1.2376220038207906,1.0630462539327432,1.1642221580126018
2021-07-28,1.2153664715031984,1.047655675367515,1.1600819812070897
2021-07-29,1.238250871655195,1.0693160870422063,1.1579839550345423
2021-07-30,1.2403293708550442,1.0706497788460065,1.1584828161006355
2021-08-02,1.2591094273852264,1.0872110697387596,1.1581094623031858
2021-08-03,1.2506154525313324,1.0783529230097295,1.159745966135846
2021-08-04,1.273066869968575,1.0965991789676195,1.1609226911578476
2021-08-05,1.2667099439316958,1.0935125457342056,1.158386292752775
2021-08-06,1.26965809497748,1.0977905150114202,1.1565577199073103
2021-08-09,1.2840222680346107,1.1042232531433092,1.1628284990190898
2021-08-10,1.2928955102912856,1.1105041798763287,1.164241912565578
2021-08-11,1.306604143362455,1.1190933248475778,1.1675560155274953
2021-08-12,1.3143436254779497,1.1225232647804457,1.1708831938864288
2021-08-13,1.3113055524539055,1.1215249875680664,1.1692165283783489
2021-08-16,1.3081116473868708,1.1157662056806927,1.1723886605696525
2021-08-17,1.273595950062634,1.0907549240611667,1.167627962953128
2021-08-18,1.2783474603477036,1.0981290566645148,1.1641140470598135
2021-08-19,1.2807992160660526,1.0990862353520408,1.165330958453691
2021-08-20,1.2772790922174557,1.0948082660748262,1.1666692075652982
2021-08-23,1.2987460723789463,1.1113474441743156,1.168622899334474
2021-08-24,1.3098339264919265,1.1218239942271442,1.1675930745217369
2021-08-25,1.3243880982796992,1.1316677610141606,1.1702976296619332
2021-08-26,1.3206468234173396,1.1262633049959478,1.1725915401479685
2021-08-27,1.334347777602825,1.1359568239149316,1.1746465618333661
2021-08-30,1.3453299228704652,1.1433561963732166,1.1766498726625345
2021-08-31,1.3431421008549511,1.1478588673678358,1.1701282614429078
2021-09-01,1.3306550338410428,1.1380118990652965,1.1692804222293047
2021-09-02,1.3484701394879082,1.1560335277596314,1.1664628292409605
2021-09-03,1.3444601868432542,1.1515514060274388,1.1675207722435093
2021-09-06,1.3621608856546787,1.1636892448213043,1.1705538155625488
2021-09-07,1.386073236826258,1.1863969243412615,1.1683048129915419
2021-09-08,1.3926962656766388,1.1935336980728117,1.1668679886671094
2021-09-09,1.3995793752086036,1.2051478284901946,1.1613341883227655
2021-09-10,1.4036065805152753,1.2036005285925464,1.1661731173852257
2021-09-13,1.4058576022847433,1.2100997540119243,1.161770009144957
2021-09-14,1.3996473894229764,1.195523998374223,1.1707396851308196
2021-09-15,1.408087615343254,1.2011705038567437,1.1722628975837621
2021-09-16,1.3745193198144503,1.1781716353318927,1.1666545676320295
2021-09-17,1.368542763163984,1.1700429129651597,1.169651769178089
2021-09-22,1.378664857660801,1.179228507723728,1.1691244306178166
2021-09-23,1.3911314299161874,1.1870155613756928,1.1719571968407343
2021-09-24,1.3670474161263122,1.167641255145968,1.170776906092973
2021-09-27,1.3256482496597248,1.134450622542136,1.1685376369128726
2021-09-28,1.3277133390159557,1.1389295427588055,1.165755465258951
2021-09-29,1.28170123261622,1.109078686476252,1.1556449945751115
2021-09-30,1.3061507013077212,1.1238538295225715,1.1622069231748686
2021-10-08,1.2993568472636847,1.121912594307896,1.1581622791793806
2021-10-11,1.2954554351101104,1.1217749291404073,1.1548265177425483
2021-10-12,1.262458505557146,1.0998978567640438,1.147796131971167
2021-10-13,1.2652768103218726,1.1045492120958589,1.145514202957998
2021-10-14,1.272895975151108,1.1087796798171743,1.1480152444361125
2021-10-15,1.2764707669639563,1.1112841584023487,1.1486447973838574
2021-10-18,1.2975518852904586,1.1182358398643604,1.1603561959236157
2021-10-19,1.3112879974174931,1.126506992444942,1.1640300559266898
2021-10-20,1.3114493763613735,1.1262569764187509,1.164431744992598
2021-10-21,1.3156054201966354,1.123005800178225,1.171503673434139
2021-10-22,1.2931937058141842,1.1115862921231003,1.1633768021232238
2021-10-25,1.3087725165730206,1.1239139137790148,1.1644775463028505
2021-10-26,1.306274608894245,1.1236670992683466,1.1625103286772387
2021-10-27,1.2925491153437607,1.115150770161783,1.1590801440743668
2021-10-28,1.2657460549582629,1.099595648589443,1.1511013676545165
2021-10-29,1.2762372055798643,1.1110214852217641,1.1487061434506125
2021-11-01,1.2838754338831613,1.1170745831757054,1.149319350041303
2021-11-02,1.2606224971459454,1.105104488904475,1.1407269717957986
2021-11-03,1.273929846459903,1.1102858067361199,1.1473891125428717
2021-11-04,1.2798269128214559,1.1191455169959867,1.1435750698950844
2021-11-05,1.24734842190449,1.1061819105587367,1.1276160005856988
2021-11-08,1.254399596435622,1.1117287223369485,1.12833245308151
2021-11-09,1.2641073570883228,1.1203953737653938,1.128268990293976
2021-11-10,1.2590125174952826,1.11732296121721,1.1268116392450365
2021-11-11,1.2689318742074391,1.1264247209413851,1.126512806951677
2021-11-12,1.2779449277609738,1.1322388964926917,1.1286884170113145
2021-11-15,1.2691299217114913,1.1229994716010276,1.1301251281108171
2021-11-16,1.2593600345354872,1.1147298825512828,1.1297445724278865
2021-11-17,1.2724449087707392,1.123999386798093,1.1320690417772548
2021-11-18,1.2699776574742494,1.1208589234315833,1.1330396992211378
2021-11-19,1.282770159921703,1.1343383461372825,1.130853209970261
2021-11-22,1.299997951634909,1.1478161308582953,1.132583796903793
2021-11-23,1.3018339352030133,1.1488144080706746,1.1331977785596548
2021-11-24,1.3031824080877183,1.1479806738654073,1.1351954242397877
2021-11-25,1.2994222946383018,1.1444098672495275,1.1354518445050905
2021-11-26,1.2953961658245707,1.1422455683021338,1.13407852196799
2021-11-29,1.2965641215344392,1.1425683257391612,1.1347803823422582
2021-11-30,1.2995873460549006,1.147450636911728,1.1325867137540977
2021-12-01,1.3036879069639438,1.1506275082105808,1.133023413451498
2021-12-02,1.2912156208706456,1.1438482618637147,1.1288347099175722
2021-12-03,1.3028606783564143,1.1552282349248228,1.1277950442764229
2021-12-06,1.290526086738589,1.1455047111045422,1.126600418338054
2021-12-07,1.2872154461769894,1.1401841645745718,1.1289539761826795
2021-12-08,1.3048324124419792,1.1553974685244452,1.1293363954729596
2021-12-09,1.3110986930026756,1.158139231527568,1.132073465185491
2021-12-10,1.309583659212644,1.1559765705648604,1.1328807975517396
2021-12-13,1.3213245977144261,1.1633142952358655,1.135827697747429
2021-12-14,1.313459596067044,1.1587420098920835,1.1335220306626923
2021-12-15,1.3130021998015886,1.1571804893092053,1.1346563582189355
2021-12-16,1.3281589698494505,1.1677393853194393,1.1373761873126578
2021-12-17,1.315702920769207,1.1572279908651046,1.1369435678665463
2021-12-20,1.2962434859820011,1.138465993092615,1.1385877960753024
2021-12-21,1.316123155001314,1.1510435563208714,1.1434173344474412
2021-12-22,1.329766915310042,1.1553136334900527,1.1510007990583375
2021-12-23,1.3371463709007856,1.1608082531198547,1.1519097726148952
2021-12-24,1.322994905523577,1.151564063181831,1.1488678292617727
2021-12-27,1.3188185373590924,1.150613287525351,1.146187473808428
2021-12-28,1.3164207975859856,1.1527143007007785,1.142018275287887
2021-12-29,1.3073821763936329,1.1466612027468375,1.1401643076976764
2021-12-30,1.3205320070123492,1.1566584189174094,1.1416784639395263
2021-12-31,1.3249621653517125,1.1643220280871156,1.1379688208154193
2022-01-04,1.327941104132492,1.163540486030258,1.1412934230274465
2022-01-05,1.302446024233028,1.142690132236734,1.139806836069883
2022-01-06,1.3108918553518882,1.1438434968173552,1.1460412713796342
2022-01-07,1.3034398590621181,1.1352559153769428,1.1481462826197497
2022-01-10,1.3072870454270062,1.1377508638693976,1.1490099343726534
2022-01-11,1.297696781365815,1.128854820131037,1.1495692432931088
2022-01-12,1.31033365973025,1.1386178789453343,1.1508107188198824
2022-01-13,1.291177435387161,1.1229282937210283,1.1498307083425678
2022-01-14,1.2904635142611778,1.1202988815766077,1.1518921740286803
2022-01-17,1.3039844500910422,1.1324366459166237,1.1514855641531834
2022-01-18,1.3100888363577432,1.1332751451682508,1.156020090922617
2022-01-19,1.3060424512945827,1.1262506478415535,1.159637469507874
2022-01-20,1.2922692735922072,1.1164464905024032,1.1574842901881337
2022-01-21,1.277692745287629,1.1037629049926412,1.1575789868532929
2022-01-24,1.2798197032809548,1.1041789531029318,1.1590690980700569
2022-01-25,1.229676973872522,1.0669540386708796,1.152511663393063
2022-01-26,1.2369629379971199,1.073064019365741,1.1527391802105666
2022-01-27,1.2043916031258273,1.0451148633038463,1.1524011813576844
2022-01-28,1.1983642499381233,1.0410979292225297,1.1510581438126928
2022-02-07,1.216713432939969,1.0562986504718594,1.15186498855835
2022-02-08,1.2274281251388741,1.0666740177433915,1.1507059370730401
2022-02-09,1.2572894683481826,1.0826277652252694,1.1613312615223481
2022-02-10,1.2565401816530413,1.0822259378002088,1.1610701035378554
2022-02-11,1.2308238800576023,1.0671217087396652,1.1534053425932824
2022-02-14,1.2203285358570093,1.0593188708716332,1.1519935775833894
2022-02-15,1.2328165358755163,1.0695359492594008,1.1526648886642652
2022-02-16,1.2337792899953028,1.07139491297052,1.1515635131910047
2022-02-17,1.2297581239507174,1.0708823726714434,1.1483596661348898
2022-02-18,1.2462542591921402,1.081360486255109,1.152487329649042
2022-02-21,1.2570408973229825,1.0864374197899342,1.157030192835253
2022-02-22,1.23899290655261,1.0734089640498814,1.154259884208526
2022-02-23,1.2562174203498953,1.0896506245672803,1.152862570834355
2022-02-24,1.232343049909961,1.0702637356370117,1.1514386677564863
2022-02-25,1.2406128816215023,1.0788940535869636,1.149893149838835
2022-02-28,1.246755172293804,1.0842541351109505,1.1498735692312807
2022-03-01,1.2493266491304316,1.0875338271757857,1.1487703811244248
2022-03-02,1.2521932364313888,1.0877236844916842,1.151205268658432
2022-03-03,1.2509841986499564,1.0852413931536227,1.1527243676309642
2022-03-04,1.2394157404204273,1.076425982934132,1.1514175243540816
2022-03-07,1.212285234824382,1.0535743096694894,1.1506404661714662
2022-03-08,1.171515331947832,1.0172654009462605,1.151631944680403
2022-03-09,1.1525212837692074,0.9976031816810144,1.1552903047353436
2022-03-10,1.1696014430320048,1.0149001510594118,1.152430061037144
2022-03-11,1.1801760840129711,1.024264509510322,1.1522180775131874
2022-03-14,1.1504980349285607,1.000446201919283,1.1499849094548156
2022-03-15,1.0821018855581528,0.9437125176055403,1.1466435650379467
2022-03-16,1.1164559086598893,0.9739762949367107,1.1462865312676187
2022-03-17,1.1408541858786565,0.9915769615666964,1.150545272931817
2022-03-18,1.1564139084770428,1.001813100139903,1.1543210088943234
2022-03-21,1.1594888641378691,1.006040440799545,1.152527092465957
2022-03-22,1.160223076241833,1.0059091042092527,1.1534074712982014
2022-03-23,1.1679768787824063,1.0122358945134853,1.153858389248067
2022-03-24,1.1565453544647828,1.0036958146289723,1.1522867163616828
2022-03-25,1.1442862596991719,0.9916908759562358,1.153873941409208
2022-03-28,1.1484793820026935,0.9940703465283147,1.1553300890763274
2022-03-29,1.1425845629156792,0.9892908561217304,1.1549531220726115
2022-03-30,1.168145214296797,1.0090353468905326,1.1576851275791091
2022-03-31,1.1584172238785082,1.000664500605642,1.1576479661039119
2022-04-01,1.1619447108699452,1.0069232400915487,1.153955599201685
2022-04-06,1.161750955721442,1.0057224484088774,1.1551407225317607
2022-04-07,1.1348862599630571,0.9843104892295406,1.1529758875691534
2022-04-08,1.1282782138403293,0.9847107531237643,1.1457965806315518
2022-04-11,1.0924722942278433,0.9539818625955673,1.1451709273124702
2022-04-12,1.1118675859070832,0.9693312681820927,1.1470460330783578
2022-04-13,1.0952419694818196,0.9562664045096969,1.145331430986932
2022-04-14,1.114557004227379,0.9692647808946037,1.1498994146869492
2022-04-15,1.1039523148124526,0.9604462436134393,1.1494160367155037
2022-04-18,1.1037111630425565,0.9609619854280389,1.1485482045899382
2022-04-19,1.108551111938454,0.9638714929537968,1.1501026018948692
2022-04-20,1.0852094466631577,0.9424373465273471,1.1514924049454227
2022-04-21,1.0486103169397123,0.9112512349101567,1.1507367856056714
2022-04-22,1.0439252032217698,0.9082737510199222,1.1493508449952685
2022-04-25,0.9731275588909442,0.8495371092503747,1.1454797539681636
2022-04-26,0.9493362531385443,0.8280665548915821,1.146449216588442
2022-04-27,0.9809875295812096,0.860187732403035,1.1404342245624757
2022-04-28,0.9788009146975017,0.8572956470780302,1.1417308813285183
2022-04-29,1.0220869096404277,0.8903834589158794,1.1479176745768715
2022-05-05,1.0373806501140546,0.8996861695795098,1.1530472349029215
2022-05-06,1.0158325329393332,0.8802375584081117,1.1540436138358396
2022-05-09,1.029435613941279,0.8873173749448924,1.160166185188488
2022-05-10,1.0452734405860862,0.900222460656536,1.1611279281165279
2022-05-11,1.0540785709356473,0.9077737934213892,1.1611687609562258
2022-05-12,1.0532657289878617,0.9086090911574933,1.1592066811108919
2022-05-13,1.0659667088340503,0.9171049454554794,1.1623170435578
2022-05-16,1.0641428378388835,0.9161999589163631,1.1614744439603557
2022-05-17,1.065031077105823,0.9201963437352529,1.1573954671267852
2022-05-18,1.063128969497409,0.9172140947986587,1.1590848587327702
2022-05-19,1.0723651635389364,0.9236880059092502,1.1609603639741246
2022-05-20,1.09033340646409,0.9380976550090027,1.1622813474079372
2022-05-23,1.0996593026879558,0.94383112258759,1.1651017606551795
2022-05-24,1.0547286288330877,0.9090173216135998,1.1602954132500305
2022-05-25,1.07375108993076,0.9246119781799567,1.1612991344156873
2022-05-26,1.0842267108423442,0.9352609633479307,1.1592771999818794
2022-05-27,1.0807091438880532,0.9334194218375644,1.1577958617579744
2022-05-30,1.0909821946420106,0.9402081982771501,1.1603623502125815
2022-05-31,1.1103051313139618,0.953404398539838,1.1645689206116743
2022-06-01,1.113399773082453,0.952993041022058,1.1683188912779083
2022-06-02,1.1299254805290926,0.9616612559813401,1.1749724484595618
2022-06-06,1.1543674677153086,0.9789075967421647,1.1792404835319288
2022-06-07,1.1538360958498048,0.9787700060285252,1.1788633578297225
2022-06-08,1.1562187485160063,0.9837156029730583,1.1753587571668034
2022-06-09,1.134835113966043,0.969929281500248,1.1700184081572682
2022-06-10,1.1581943872629286,0.9872389080330386,1.173165256999949
2022-06-13,1.157921350028485,0.986213752981036,1.1741078914468868
2022-06-14,1.1622423007704592,0.9928505691140533,1.1706115068328546
2022-06-15,1.1673525674113927,0.9905549335763674,1.1784834216076265
2022-06-16,1.1739684092334968,0.9911498198328494,1.1844510141075124
2022-06-17,1.1794407942598328,0.9992960388541847,1.1802716596497331
2022-06-20,1.1875828651271507,1.0015235491196952,1.1857762767245914
2022-06-21,1.1830807071760034,0.9930768343622945,1.1913284715132038
2022-06-22,1.1640058543943257,0.9776625050191168,1.1906008959314291
2022-06-23,1.1908883834110793,0.9967899967381736,1.1947234495812156
2022-06-24,1.205812165465811,1.0075181263480302,1.1968143638631503
2022-06-27,1.2172055870869212,1.0137610071640206,1.2006829799974585
2022-06-28,1.2357281174183727,1.0285709946118462,1.2014028432570196
2022-06-29,1.2222236599596992,1.0084705399891967,1.2119577235967571
2022-06-30,1.2319474381617865,1.0210924032578292,1.2064994649173937
2022-07-01,1.2252528098847797,1.0186338626977174,1.2028392681152964
2022-07-04,1.2417011113642236,1.032016718760781,1.2031792593972956
2022-07-05,1.2385353781697181,1.0301815058276114,1.2022496726678495
2022-07-06,1.2216669782697211,1.0154712865379443,1.2030541822947665
2022-07-07,1.2277038313444573,1.0209199681426837,1.2025465948892808
2022-07-08,1.221955308293889,1.0132389367722243,1.2059892923050823
2022-07-11,1.2103367328263435,0.9997437298504585,1.2106469855103623
2022-07-12,1.1970728141751446,0.9874572067193972,1.2122781686430217
2022-07-13,1.201814571174497,0.9917304854041015,1.2118358655525168
2022-07-14,1.2093343098593363,0.9971000970208079,1.212851461425642
2022-07-15,1.190691161038302,0.9803884838061729,1.2145095344405399
2022-07-18,1.2155681445423763,0.9986710732425566,1.2171856951814803
2022-07-19,1.2214043257085283,1.0023652498868456,1.2185222161746025
2022-07-20,1.2340676250035116,1.0142308854074071,1.216752164382963
2022-07-21,1.2251863076058638,1.0042463263912285,1.2200057649287959
2022-07-22,1.212294504505167,0.9950591681018236,1.2183139891246284
2022-07-25,1.2030883976116769,0.9858371654109126,1.220372329045041
2022-07-26,1.2183573750870575,0.9979749297509287,1.2208296408719717
2022-07-27,1.2265631122098102,1.00181466367074,1.2243413444514493
2022-07-28,1.2338605698403677,1.0043365644566673,1.228532957483102
2022-07-29,1.2228922183971005,0.9957837529639115,1.2280700651694803
2022-08-01,1.232020542805609,1.0041862421347854,1.226884507187107
2022-08-02,1.1966379965186829,0.9761484859921381,1.2258770194192778
2022-08-03,1.186162630082236,0.9689199106643123,1.2242112242992071
2022-08-04,1.1939378725820573,0.9743654652073782,1.225349127422067
2022-08-05,1.2096482218648401,0.992050041325606,1.2193419398969765
2022-08-08,1.222953563896266,1.000365493946564,1.2225067450813052
2022-08-09,1.2249222736015721,1.0032781285339956,1.2209199411049119
2022-08-10,1.2186484436453797,1.0002057159858118,1.2183977997408952
2022-08-11,1.238667124881828,1.0187636357571728,1.2158532964922888
2022-08-12,1.2339694152042333,1.015835142499825,1.214733930318271
2022-08-15,1.2405345791339248,1.0193094569269188,1.2170343075928778
2022-08-16,1.251461663914443,1.022850109733803,1.22350445290575
2022-08-17,1.2578955668723484,1.0273290299504725,1.2244330007232362
2022-08-18,1.2537215150739351,1.0234228831970213,1.2250278312690206
2022-08-19,1.2393287766091987,1.0112265236775495,1.2255698872514784
2022-08-22,1.2516839799846187,1.024035117200407,1.222305718779037
2022-08-23,1.2512559966178194,1.0230416050343873,1.2230743993796431
2022-08-24,1.2083811205261814,0.994276062514129,1.2153376371856583
2022-08-25,1.2137471652244192,1.0003069732209575,1.2133746916870836
2022-08-26,1.2082743903640223,0.9964577092084267,1.2125696647215065
2022-08-29,1.209605273748561,0.9983609729599224,1.2115911043300753
2022-08-30,1.2061779539745872,0.994489596154128,1.2128613095995135
2022-08-31,1.1750647726741668,0.9738940234331549,1.206563285532699
2022-09-01,1.1689409332493073,0.9693090809349796,1.2059527309099034
2022-09-02,1.1781683123684838,0.9728941082360893,1.2109933675151636
2022-09-05,1.1833798485287461,0.9781498054632568,1.2098145313930633
2022-09-06,1.2073526028067476,0.9953819255388512,1.2129541152288312
2022-09-07,1.2137356258543608,0.9969624318533195,1.2174336635715222
2022-09-08,1.2047657769961329,0.9923775638089936,1.2140195636547244
2022-09-09,1.2111890586007465,0.9994004231510047,1.2119156951945191
2022-09-13,1.2094150755020618,0.9967820301762913,1.2133195010429354
2022-09-14,1.1998339611121691,0.9887988650850805,1.2134257061560545
2022-09-15,1.16866064943169,0.9663078462667957,1.2094082170052307
2022-09-16,1.1411141836435572,0.9420545048338762,1.2113037810320577
2022-09-19,1.131432571901191,0.9355125429049587,1.2094253363913865
2022-09-20,1.1387563206626594,0.9426540816828687,1.2080320265836013
2022-09-21,1.144208194159462,0.9458641593985413,1.209696109943572
2022-09-22,1.1420837159430455,0.9438564368963768,1.210018463929204
2022-09-23,1.1226114627878998,0.9317867233746867,1.2047944391417127
2022-09-26,1.106257031086224,0.9186110723744254,1.204271387919124
2022-09-27,1.1302448096292335,0.9366041852444508,1.206747554020638
2022-09-28,1.1013874263012593,0.9127890047150855,1.2066177622779781
2022-09-29,1.1006144935880344,0.913162390769686,1.205277949150259
2022-09-30,1.0885600533598272,0.9040147674742975,1.2041396805951807
2022-10-10,1.0749408499457453,0.891619095000057,1.205605460867431
2022-10-11,1.0810347247823389,0.8993396613645328,1.2020316363476367
2022-10-12,1.107740824677373,0.920846549201819,1.2029591962282449
2022-10-13,1.1134322664978298,0.9224112713002203,1.2070887478731136
2022-10-14,1.1418965760111233,0.945050974455701,1.2082909883975252
2022-10-17,1.1508813205740578,0.9517209970055384,1.2092633494429046
2022-10-18,1.1561843565219778,0.9548963047735541,1.2107957175477368
2022-10-19,1.142822510552986,0.9449370600661618,1.2094165408995268
2022-10-20,1.139706277511393,0.9411621754491536,1.210956312569072
2022-10-21,1.1417093555350253,0.9424310179501507,1.2114513781797187
2022-10-24,1.127239667598068,0.9329416514861449,1.2082638456568133
2022-10-25,1.1224763419766568,0.9286510250545371,1.208717065606789
2022-10-26,1.1399736529295486,0.9447598599046566,1.2066279499264423
2022-10-27,1.141302178696709,0.9433992158073838,1.2097764759322542
2022-10-28,1.1071512561492276,0.9147318034605978,1.2103561415058182
2022-10-31,1.1058505809400552,0.9187360803875211,1.2036651270663166
2022-11-01,1.1286219198496763,0.9399423980348925,1.200735196336765
2022-11-02,1.14617965841638,0.9489049290607422,1.2078972543128286
2022-11-03,1.1485414502392968,0.9487340574764336,1.2106042164169135
2022-11-04,1.1742641983334647,0.970367516857652,1.2101231522424543
2022-11-07,1.1768298002053421,0.9716252657350926,1.2111971988655523
2022-11-08,1.1748184203949732,0.9704940884015842,1.2105364004122
2022-11-09,1.1719493709625635,0.968369324448207,1.2102297557085049
2022-11-10,1.1646267099373215,0.9634442767661006,1.2088158474992559
2022-11-11,1.1711616737823156,0.9711839033160156,1.2059113312972907
2022-11-14,1.1725932860073953,0.9697426256998729,1.2091798946768202
2022-11-15,1.1930413250755283,0.9866503503537537,1.2091835011742256
2022-11-16,1.187847448157808,0.981514896093322,1.210218462181004
2022-11-17,1.1878611287916718,0.9836175472534359,1.207645321200854
2022-11-18,1.1834573387462672,0.9795736608786466,1.2081351163369822
2022-11-21,1.1857692859079965,0.9792667621115354,1.2108746378271757
2022-11-22,1.169064966743619,0.9690923457794582,1.2063504286614908
2022-11-23,1.1668281476123346,0.9675419188201364,1.2059716741112536
2022-11-24,1.1693118828815052,0.9682490814814715,1.2076560724358212
2022-11-25,1.1585440675340126,0.9631531622150563,1.2028658711659077
2022-11-28,1.1538878906794834,0.9579987222230347,1.204477484063745
2022-11-29,1.1746135043592645,0.975170758042186,1.2045208438340504
2022-11-30,1.1730713259526646,0.9739573092051217,1.2044381359076677
2022-12-01,1.1792450067570823,0.9786956266330032,1.2049149650479456
2022-12-02,1.1753517562234552,0.9758336206631447,1.2044591735061603
2022-12-05,1.1768363709609417,0.9832868232545258,1.196839358698815
2022-12-06,1.1746561269194276,0.98267458925114,1.1953663397509744
2022-12-07,1.1762470386043749,0.9815291912324017,1.1983821256782865
2022-12-08,1.1729164797319198,0.9787241424573127,1.1984137601705038
2022-12-09,1.1757697036412982,0.9796765560984789,1.2001611106463057
2022-12-12,1.1743840298571935,0.9737452646421103,1.206048514432392
2022-12-13,1.1638336600624795,0.9685006610384994,1.2016859738789742
2022-12-14,1.1589187882695529,0.9645027126887727,1.20157131029606
2022-12-15,1.1605882009499433,0.9653712912955461,1.2022195101663036
2022-12-16,1.1553576500544962,0.9607800946740236,1.2025203857356033
2022-12-19,1.1255054171744785,0.9392035180337254,1.1983615857091192
2022-12-20,1.1119957459489906,0.9299562754878773,1.195750569418558
2022-12-21,1.1060765931102121,0.9248634832831357,1.195934981867589
2022-12-22,1.0945266210258968,0.9142983331495544,1.1971219692105268
2022-12-23,1.0935749302446263,0.9118128402959699,1.199341445871345
2022-12-26,1.104927285149532,0.9244553272808786,1.1952197716243138
2022-12-27,1.1091559430181894,0.931163395747745,1.1911507132725212
2022-12-28,1.1051294410134036,0.9274359382327867,1.1915965248437632
2022-12-29,1.1055439105207194,0.9266923676391089,1.1929999092765404
2022-12-30,1.1061810045600222,0.9278109622720734,1.1922482591185888
2023-01-03,1.1219340069450534,0.9422759305819092,1.1906639770074516
2023-01-04,1.1248248788158743,0.9417301094121633,1.1944238243778789
2023-01-05,1.1326270708707045,0.9509078120626979,1.1911008159811236
2023-01-06,1.127446910049107,0.9512811981172983,1.1851878417028132
2023-01-09,1.1329958757162657,0.9555844817032995,1.1856574666184783
2023-01-10,1.1334139102534102,0.9568944227291499,1.18447122622035
2023-01-11,1.1262438538285944,0.9514932426803098,1.1836593296827003
2023-01-12,1.1228578777413363,0.9516720063726519,1.179879065710011
2023-01-13,1.133938450171442,0.9583800748395183,1.1831824136800018
2023-01-16,1.1464064591515029,0.9692157902617173,1.1828185948579508
2023-01-17,1.144993941514144,0.9702378182520465,1.1801167919602775
2023-01-18,1.1467705747615327,0.973215302142281,1.1783318369914804
2023-01-19,1.1536387122563692,0.9815797453961256,1.1752878130047473
2023-01-20,1.1622216527909501,0.9890313844566699,1.1751109934993855
2023-01-30,1.1649894707481032,0.9940783130901983,1.171929268959313
2023-01-31,1.1650269504546111,0.9949990838453814,1.1708824353406655
2023-02-01,1.1784020864849654,1.0071431767625942,1.1700442535617164
2023-02-02,1.1817544926380208,1.0078123679607496,1.172593758726372
2023-02-03,1.177586718612591,1.0036277638106472,1.1733301539421785
2023-02-06,1.1713534552435885,0.9970842383508929,1.1747788303031694
2023-02-07,1.1746778228477914,0.9994431596605451,1.1753322952820686
2023-02-08,1.1638325406868721,0.9916972045334334,1.1735765063837442
2023-02-09,1.179103611067066,1.005347498823441,1.1728318938943718
2023-02-10,1.1765466943729002,1.0021342940460949,1.1740409457724663
2023-02-13,1.188834300993912,1.0099782304389802,1.1770890353519732
2023-02-14,1.1924926389383173,1.012095102284324,1.1782416852396889
2023-02-15,1.1903404726950981,1.0100605019425362,1.1784843288157985
2023-02-16,1.1730722908370812,0.9950512759937912,1.178906373106747
2023-02-17,1.1653121694336468,0.9868133298300296,1.180884098550191
2023-02-20,1.1857908473467778,1.0040042769269213,1.1810615498335055
2023-02-21,1.191118157567644,1.0099133811361771,1.1794260575373376
2023-02-22,1.1896803854160507,1.0085923464867703,1.1795453233013955
2023-02-23,1.1868106006408885,1.0062587394859046,1.1794288626474214
2023-02-24,1.1841854265842866,1.0031768712988507,1.180435335446956
2023-02-27,1.1757475337067957,0.9978563247688803,1.178273369143717
2023-02-28,1.1873648248163533,1.0058189405976643,1.1804955910959614
2023-03-01,1.198692616318193,1.0128750808103448,1.1834555307246635
2023-03-02,1.1932879953439082,1.009725161804965,1.1817948492150179
2023-03-03,1.1922945669422267,1.0110050234756691,1.1793161648626769
2023-03-06,1.1928327710867803,1.01178023695533,1.1789445252224706
2023-03-07,1.1699706805680417,0.994231762473754,1.1767585031250969
2023-03-08,1.1743396517128581,0.9969561032761238,1.1779251341697288
2023-03-09,1.1710357601975503,0.9944927976696522,1.1775206044142128
2023-03-10,1.1557227512965502,0.9816699834615645,1.177302729804614
2023-03-13,1.1656524850738827,0.9880141215127007,1.17979334474411
2023-03-14,1.1543415431426491,0.9792176970248,1.1788405649223208
2023-03-15,1.160403958462582,0.9847930246273213,1.1783226824760642
2023-03-16,1.1429064179846606,0.9715335385926671,1.176394198022478
2023-03-17,1.1532044171775668,0.9782336404976508,1.178863994690373
2023-03-20,1.1489066266029981,0.9746217353569178,1.1788231114938712
2023-03-21,1.1629191620580268,0.9863814230498229,1.178975125527366
2023-03-22,1.1704979181728856,0.9919282348280348,1.1800227849909004
2023-03-23,1.177773153531243,0.9976269324589655,1.180574737119667
2023-03-24,1.180931511443017,0.9983135458578739,1.1829264626758271
2023-03-27,1.1815571258155735,0.9985508302758225,1.183271887610569
2023-03-28,1.180359018269437,0.9935388204976495,1.1880351264767006
2023-03-29,1.1771489088478277,0.9904743000574991,1.1884699166646644
2023-03-30,1.1840894828496995,0.9945292056019953,1.190603027221269
2023-03-31,1.1962995788264752,1.0030155298072618,1.1927029475369684
2023-04-03,1.209436249137325,1.0147213873670713,1.191889975114732
2023-04-04,1.209304010610231,1.0139445359027242,1.1926727427290453
2023-04-06,1.20914846923001,1.015202284780165,1.191041910915166
2023-04-07,1.2169970174182998,1.0227361953442653,1.1899422577966392
2023-04-10,1.204310567595519,1.014200880506112,1.1874477637946217
2023-04-11,1.206277103551774,1.0158399075461866,1.1874677245803409
2023-04-12,1.2140234398541816,1.01940907617738,1.190908996422294
2023-04-13,1.2041168529562216,1.013272143189046,1.1883449683779275
2023-04-14,1.2091974709085664,1.0174520567466376,1.188456461304964
2023-04-17,1.2115539869017633,1.0219087897161945,1.1855793776255092
2023-04-18,1.211266579976229,1.0204232120596757,1.187023742366018
2023-04-19,1.209723023292523,1.0152212705117547,1.1915855768887933
2023-04-20,1.2164428635019033,1.014397066399207,1.1991782151144186
2023-04-21,1.1825097067130506,0.988890592227508,1.1957942729027378
2023-04-24,1.1733862202962002,0.9822837809957875,1.1945491140113127
2023-04-25,1.156703022853222,0.9679453097760348,1.1950086551076553
2023-04-26,1.1525437456196614,0.971742381640156,1.1860589466874334
2023-04-27,1.1524272222718388,0.9742404571942843,1.1828981374790313
2023-04-28,1.172295655271481,0.9874192352562193,1.187231941017727
2023-05-04,1.1728289437824444,0.9907654146085437,1.1837604810275244
2023-05-05,1.1633440484718105,0.9809864971243304,1.1858920096067012
2023-05-08,1.1726069194875972,0.9885804919448739,1.1861521940218351
2023-05-09,1.1558872649930543,0.9780437831817526,1.1818359104873044
2023-05-10,1.157514933771793,0.9767512643566552,1.1850662251604038
2023-05-11,1.153986556408606,0.9736915089628646,1.18516649861493
2023-05-12,1.1399362233828212,0.963752813517899,1.182809748924951
2023-05-15,1.1491491878798414,0.9744698495041992,1.1792557650342053
2023-05-16,1.1352101024028485,0.966787254602903,1.174208800331282
2023-05-17,1.1395790787193358,0.9685623832796296,1.1765675586745687
2023-05-18,1.1509982468705962,0.9695321446676995,1.187168732053843
2023-05-19,1.148179258464382,0.9677760761764123,1.1864100453905875
2023-05-22,1.1433802609976957,0.9674976187797611,1.181791292096164
2023-05-23,1.1274109867919733,0.9575478297112392,1.1773939137139067
2023-05-24,1.1194213663116463,0.9501690065153807,1.1781286893549352
2023-05-25,1.1174172902882356,0.9473845070027184,1.1794760015903758
2023-05-26,1.1295131566759236,0.9547870809765265,1.1830000417692002
2023-05-29,1.128499398969023,0.953233526955531,1.183864569444239
2023-05-30,1.1414167946087843,0.9589527738488883,1.1902742509702033
2023-05-31,1.1434257943903348,0.9568153527411178,1.1950328672241817
2023-06-01,1.1487051092958829,0.9573943803276838,1.1998243700811362
2023-06-02,1.159913340546152,0.96589969026454,1.200863145766695
2023-06-05,1.1607761010773785,0.9646166270783129,1.2033548546568236
2023-06-06,1.1381325442038996,0.9466298427854841,1.202299455143854
2023-06-07,1.1437155757054611,0.9471978512023428,1.2074727304899024
2023-06-08,1.1396261926557987,0.9438976098750809,1.2073620917491479
2023-06-09,1.1492613353046797,0.9507685833643731,1.208770835946139
2023-06-12,1.1517059536274121,0.9536369179114282,1.2076985821289064
2023-06-13,1.1569419607248252,0.9562204664846355,1.2099113136305317
2023-06-14,1.158928830388677,0.9562267950618321,1.2119811287172073
2023-06-15,1.1697174652984428,0.9645691999762626,1.2126838233350483
2023-06-16,1.178000572535558,0.9726694809725355,1.2111005799808994
2023-06-19,1.1734196568636677,0.9700384308434288,1.2096630603010265
2023-06-20,1.171060030436338,0.9692046966381614,1.2082690421314957
2023-06-21,1.1464060296553358,0.9478053946132179,1.2095373545781127
2023-06-26,1.1275578917988132,0.9313801309032675,1.2106312496759934
2023-06-27,1.142148344572332,0.941026148266352,1.2137264694254313
2023-06-28,1.139745263431075,0.9401259267735955,1.2123325513876104
2023-06-29,1.1392489840944882,0.9398522344233041,1.2121575523981538
2023-06-30,1.1506842629447958,0.9490520498671022,1.2124564328225502
2023-07-03,1.1569011185684064,0.9559467741343441,1.2102149930010864
2023-07-04,1.1602541590686681,0.9579955951613619,1.2111268203412129
2023-07-05,1.1548992190699756,0.9525469135566224,1.212432902394077
2023-07-06,1.1500467908390837,0.9474414641974876,1.213844690461388
2023-07-07,1.1441715943816615,0.9431793535901892,1.2131007639495077
2023-07-10,1.1494487880408117,0.9467659444221359,1.2140791447060175
2023-07-11,1.156068587876562,0.9538774038448996,1.2119676839147966
2023-07-12,1.1433537334777806,0.9433660093905648,1.2119937777029006
2023-07-13,1.158068784606848,0.9562236680001585,1.2110856731133077
2023-07-14,1.15886363609519,0.9540814818460281,1.2146380137815211
2023-07-17,1.1562259631914047,0.9512606488548723,1.2154670379598584
2023-07-18,1.152828461584273,0.9495377123265555,1.2140944447162767
2023-07-19,1.1513029164890527,0.948210349099952,1.2141851410732625
2023-07-20,1.1395260674339818,0.9374632337585056,1.2155421422399253
2023-07-21,1.140561443183102,0.9374869845364553,1.2166157632012968
2023-07-24,1.1409250170820746,0.936075786275459,1.218838296866633
2023-07-25,1.1574857834172376,0.9518839764818144,1.2159946086027547
2023-07-26,1.1517838657602724,0.9494966138017022,1.213046838733452
2023-07-27,1.1432402317183077,0.9431113027718634,1.212200753355678
2023-07-28,1.1532259475409352,0.9560938949407032,1.2061848251969627
2023-07-31,1.1607809261528959,0.9632133209253497,1.2051130325292272
2023-08-01,1.1629358912091092,0.9648966480058006,1.205243995419205
2023-08-02,1.1589487860851975,0.9615078065977859,1.2053451653045228
2023-08-03,1.1599199934688904,0.9648665686506542,1.2021558536233816
2023-08-04,1.1673402852516317,0.969592303377992,1.2039496200461777
2023-08-07,1.1605590755021968,0.9636072562423768,1.2043901371476189
2023-08-08,1.156634762057315,0.9597105651277958,1.2051912358631756
2023-08-09,1.148389205900478,0.9526940343629814,1.2054124036457814
2023-08-10,1.1498013409024375,0.9542697756310897,1.204901769148076
2023-08-11,1.1272171644489644,0.9355441857909429,1.2048785953343017
2023-08-14,1.1290687576733032,0.9360900069606887,1.206154054928095
2023-08-15,1.120715122059011,0.9302330948998426,1.204768061041386
2023-08-16,1.1117357628775772,0.9228669288583774,1.2046544611289063
2023-08-17,1.1200765051800086,0.9293756099166256,1.2051924896979929
2023-08-18,1.104451587193191,0.9140989457409365,1.2082407406103737
2023-08-21,1.090475804922942,0.9034958241441754,1.2069516823233586
2023-08-22,1.0966190014685173,0.9082864081743162,1.207349346636988
2023-08-23,1.0757166201139563,0.890636602003745,1.2078064360860763
2023-08-24,1.0797963278062916,0.8943022628237245,1.2074176402024042
2023-08-25,1.0689736156295768,0.8829966691581389,1.2106202129264552
2023-08-28,1.0828684104259072,0.8929527868038575,1.212682715624657
2023-08-29,1.1041657147614403,0.9129155762590183,1.2094937839555049
2023-08-30,1.1006598211938068,0.9136796961151229,1.2046451572402288
2023-08-31,1.0921995637466262,0.9080237349937318,1.2028315138195873
2023-09-01,1.0953300601185059,0.9098273050409185,1.2038878741600798
2023-09-04,1.111467186929018,0.9223226712194682,1.2050741260208517
2023-09-05,1.1002978633094003,0.9158250093309269,1.2014280589620974
2023-09-06,1.098564233319037,0.9160892460423481,1.1991890943649979
2023-09-07,1.0836785126244113,0.9022174515504588,1.2011278553325608
2023-09-08,1.0837015151029692,0.9031540809755583,1.1999076768079144
2023-09-11,1.0958531290106381,0.9136132832814833,1.1994715368789215
2023-09-12,1.0929745885807498,0.9130120684478046,1.1971085885413282
2023-09-13,1.0832377233738517,0.9042267375834602,1.1979713476166356
2023-09-14,1.0820883449264005,0.9021225973463589,1.199491452835147
2023-09-15,1.0822672949942709,0.9025275518330931,1.199151530383881
2023-09-18,1.0854209694844918,0.904905458874335,1.1994854919260964
2023-09-19,1.079431190647504,0.8998760268954091,1.1995332227835471
2023-09-20,1.0725235293351587,0.8940396640969897,1.1996375243803572
2023-09-21,1.0647252497503246,0.8878553040066057,1.1992103273422612
2023-09-22,1.0816375532876035,0.9016036540162362,1.1996818651625887
2023-09-25,1.076568093434597,0.8965156268578545,1.200835837304697
2023-09-26,1.0736631777526668,0.8933498491825583,1.2018395466625986
2023-09-27,1.0790989009944374,0.8977322772104419,1.2020275179896205
2023-09-28,1.0825635518666845,0.9003300464688793,1.2024074461499206
2023-10-09,1.0777422592612333,0.8951581842761047,1.2039685032124021
2023-10-10,1.0714122591612085,0.8907742671712338,1.2027876181960369
2023-10-11,1.0731023221804932,0.8906824655749581,1.204809080290784
2023-10-12,1.0798609106034982,0.8973034974919087,1.2034511328907815
2023-10-13,1.0724149101939642,0.8912504739918169,1.203269946540091
2023-10-16,1.061555789524505,0.8829112705929093,1.202335755450974
2023-10-17,1.0633980581216729,0.8852322204393817,1.2012645197142273
2023-10-18,1.046639047478998,0.8740404667094859,1.1974720706231106
2023-10-19,1.0348664573817137,0.864457809572217,1.1971277787331513
2023-10-20,1.025579790896939,0.858072498542378,1.1952134494918651
2023-10-23,0.9989868551348599,0.8369768937690226,1.1935656319450876
2023-10-24,1.0115268807482651,0.8467352619908093,1.194620002443272
2023-10-25,1.0149797009558899,0.8505306958702441,1.1933487008571575
2023-10-26,1.019575329619128,0.854158385227044,1.1936607393347949
2023-10-27,1.0403200623551625,0.8688876647021503,1.1973009913908472
2023-10-30,1.0529297939659354,0.8774878288431065,1.199936636561825
2023-10-31,1.0511034094941254,0.8746163672343777,1.201787948261038
2023-11-01,1.047839959366783,0.8717259198940591,1.202029141790492
2023-11-02,1.0368204828134508,0.8637332247101287,1.2003943499584733
2023-11-03,1.0468820530961238,0.8717875676813391,1.2008453571785578
2023-11-06,1.064922182034323,0.8867699902443101,1.2009001136145023
2023-11-07,1.0649037833115071,0.88772553094715,1.1995867485925729
2023-11-08,1.0658095101186182,0.8872383049568598,1.2012663386647189
2023-11-09,1.0642249843107316,0.8847132771092588,1.2029038241496897
2023-11-10,1.0610008941162667,0.8817136059719115,1.2033395956805353
2023-11-13,1.0674208137717935,0.8868506982170292,1.2036082464813884
2023-11-14,1.0715597733687576,0.8908027085416934,1.2029148127793372
2023-11-15,1.0779184427167694,0.8961928694208265,1.2027750716354
2023-11-16,1.0653714605518154,0.8874502750660216,1.2004858080330838
2023-11-17,1.0685637655621858,0.8909403737091821,1.1993661945226683
2023-11-20,1.073740932832056,0.8954255480491989,1.1991403809857115
2023-11-21,1.0699461217288135,0.8924686878752406,1.198861244394025
2023-11-22,1.054421448217337,0.8816819630859283,1.1959204025528802
2023-11-23,1.0652755735819135,0.8896066819053822,1.1974680443050172
2023-11-24,1.0545096175022481,0.881289591299738,1.1965529014668639
2023-11-27,1.0546361495232055,0.8806710287191557,1.1975370088613724
2023-11-28,1.0609938355701682,0.8846246770285061,1.199371737101088
2023-11-29,1.0529082970752706,0.8785857997597949,1.1984126050786792
2023-11-30,1.0501446235041372,0.8772758587339444,1.1970517745919411
2023-12-01,1.0528346701261053,0.8807279859139252,1.1954141198699235
2023-12-04,1.0490858887613486,0.8794939878144341,1.1928289485734347
2023-12-05,1.0292361664331033,0.863885036108998,1.1914040912999941
2023-12-06,1.0332166925753499,0.8672723139861758,1.191340569637761
2023-12-07,1.0304125824972579,0.8671647281738333,1.1882547214151677
2023-12-08,1.0313835794410509,0.8698305482505966,1.1857293141927123
2023-12-11,1.0442928782531982,0.8804084299924205,1.1861459325897057
2023-12-12,1.0437071569492147,0.8806188365707457,1.185197401651727
2023-12-13,1.0313093091504835,0.8713366751695422,1.183594514657396
2023-12-14,1.0292037859420016,0.8684604485144536,1.185089991953586
2023-12-15,1.0208098915531572,0.86220491054407,1.1839527693121163
2023-12-18,1.0057197405816864,0.8519972877951729,1.1804259884257633
2023-12-19,1.00493568959493,0.8511429298736296,1.1806896989018452
2023-12-20,0.9896745265221878,0.8399765649063696,1.1782168311237406
2023-12-21,0.9965108285411929,0.8446389394078918,1.1798068761070455
2023-12-22,0.9894342804025844,0.8403562795381667,1.177398568314794
2023-12-25,0.9904660887553148,0.8409384341864062,1.177810465653855
2023-12-26,0.9781644042174095,0.8319062888113937,1.1758108063048611
2023-12-27,0.9827268758506044,0.8362175389592776,1.175204812223463
2023-12-28,0.999902027963276,0.8516064795398197,1.1741362377885973
2023-12-29,1.0080397270561996,0.8589520963188584,1.1735692029582023
2024-01-02,1.0061404114207966,0.8558243645605913,1.1756388963492324
2024-01-03,1.0035456502757298,0.8545491934823976,1.1743567929496868
2024-01-04,0.9962796503934596,0.8472588959134424,1.1758857359878832
2024-01-05,0.9815058285970601,0.8356384369188627,1.1745580208301984
2024-01-08,0.9610047932945516,0.8175757841535239,1.1754320662634679
2024-01-09,0.9625445831063667,0.8196245307266924,1.1743725901577873
2024-01-10,0.9590222747105152,0.8160537985646621,1.1751949153319512
2024-01-11,0.970228550761392,0.8264607342683281,1.173956015732971
2024-01-12,0.9665064325905848,0.8236636520551219,1.173423678681287
2024-01-15,0.9642502898587053,0.8216259246516604,1.173587956426171
2024-01-16,0.9632203364579351,0.8211671400318303,1.1729893824302304
2024-01-17,0.9402763527991432,0.800780335904496,1.1742001028747588
2024-01-18,0.940392308329625,0.8016378208877131,1.1730887488420378
2024-01-19,0.9308910182272121,0.7939599165789274,1.1724660134459979
2024-01-22,0.8872656592710092,0.756391695447421,1.1730240622831978
2024-01-23,0.902101558176594,0.7698029928809446,1.1718602896054346
2024-01-24,0.9149778900906402,0.7805548732687508,1.1722146916576954
2024-01-25,0.940244497350155,0.8026218774148622,1.1714663203282683
2024-01-26,0.9310816902162627,0.7953300163150702,1.1706859682351214
2024-01-29,0.9107645015125153,0.7796388675599274,1.1681876563734925
2024-01-30,0.8907289323929747,0.7617739642185206,1.1692824567806603
2024-01-31,0.8700599000337201,0.7431036935884572,1.170845882668393
2024-02-01,0.8656505311626328,0.7402163733098122,1.1694560703810872
2024-02-02,0.8420956460283983,0.721941675981462,1.166431685611708
2024-02-05,0.8204247635088439,0.7056525139081635,1.1626469789854914
2024-02-06,0.887404605730094,0.7603358136640516,1.1671219345221937
2024-02-07,0.9471126124539222,0.8083790957713992,1.171619376859487
2024-02-08,0.9567213243640651,0.814811833903288,1.1741622845374882
2024-02-19,0.9503235317156911,0.8134464992135049,1.1682680208649594
2024-02-20,0.9497326677444958,0.813345241978359,1.1676870026735409
2024-02-21,0.9518610090062387,0.8130414702729213,1.170741030819398
2024-02-22,0.9595952596553178,0.8189426823741437,1.1717489884315435
2024-02-23,0.9647382486139069,0.8223236316741249,1.1731856065596067
2024-02-26,0.9649536974621111,0.8219676678202775,1.173955783468964
2024-02-27,0.9855473572238587,0.8397408440192581,1.1736327513935438
2024-02-28,0.9597274742335249,0.8201624597884047,1.1701675232503652
2024-02-29,0.9911131736101707,0.8459093454397257,1.1716541245858494
2024-03-01,0.99578623866604,0.8510132312680236,1.170118397786016
2024-03-04,0.9944895452367873,0.8525588931809858,1.166476067742656
2024-03-05,0.9848267165256608,0.8467067461664994,1.1631261011967902
2024-03-06,0.9834619111524191,0.846433053816208,1.1618897758285855
2024-03-07,0.9664889197035078,0.8349154155876111,1.1575890223841365
2024-03-08,0.9769494929840621,0.8463539838281751,1.154303650306206
2024-03-11,0.9985321513321173,0.8608221536535339,1.1599749693872414
2024-03-12,1.0003762751141922,0.858080390650411,1.1658304816357863
2024-03-13,0.9981657167323333,0.8567181830223014,1.165103923919343
2024-03-14,0.9936007514156793,0.8532091731014004,1.1645453222261521
2024-03-15,1.0011781555951973,0.8628946510046519,1.1602553735030627
2024-03-18,1.0132370084436735,0.8746495736511972,1.15844909660671
2024-03-19,1.0054257579160775,0.86670274203848,1.160058355822576
2024-03-20,1.0094253924373335,0.8691059633885083,1.1614526133289222
2024-03-21,1.0006393852576456,0.864742595546064,1.1571528804195959
2024-03-22,0.982596963646863,0.8518865004673072,1.1534364766994827
2024-03-25,0.9665003593524891,0.8376761643223236,1.1537875858439683
2024-03-26,0.9640859541841692,0.8360419023286089,1.1531550649541873
2024-03-27,0.9410996539945032,0.8158322983627799,1.1535454723760152
2024-03-28,0.9519163771940796,0.826452842160294,1.1518096721717745
2024-03-29,0.9621983607353992,0.8363171582097371,1.150518498024278
2024-04-01,0.9823317248220397,0.8545206776580875,1.1495704557018247
2024-04-02,0.9768487259753785,0.8513581014983144,1.1474005171927204
2024-04-03,0.9722496669679316,0.850309195668362,1.1434072122479184
2024-04-08,0.9550298810090369,0.8382837077331988,1.1392680928888992
2024-04-09,0.9679805143848749,0.845293984374666,1.1451406638141053
2024-04-10,0.9535416367877825,0.8346259390212526,1.142477836126181
2024-04-11,0.9568524174898292,0.8387931209706018,1.1407490042152661
2024-04-12,0.9500690724576234,0.8349027584332176,1.1379397934204067
2024-04-15,0.9604113488437693,0.8447908252606102,1.1368629015916352
2024-04-16,0.9300752270902409,0.8213490307858453,1.132375144097229
2024-04-17,0.9600233909092813,0.84479559030697,1.1363972562409346
2024-04-18,0.9612245613371965,0.8463919552913544,1.1356730830532447
2024-04-19,0.9536962465345808,0.8408593641983726,1.13419233600827
2024-04-22,0.948145038094196,0.833377645782682,1.1377135478642795
2024-04-23,0.9409669292490974,0.8239943016001819,1.1419580541051761
2024-04-24,0.9510430869171811,0.8326593894977906,1.1421754187997475
2024-04-25,0.9497123442123523,0.8320740333340282,1.1413796202808546
2024-04-26,0.9699011535382033,0.8499168238821716,1.1411718491557543
2024-04-29,0.9917615749315816,0.8667454785480193,1.144236225602227
2024-04-30,0.981731064583572,0.8608363743387635,1.1404386406623113
2024-05-06,0.9995388022213224,0.8746733244291467,1.1427567004786259
2024-05-07,1.000699513887857,0.8744328384956752,1.1443983686722057
2024-05-08,0.9880623584033857,0.8636240009130994,1.1440885817887403
2024-05-09,1.006679869584666,0.8791300573987035,1.1450863966173277
2024-05-10,1.0014438536920895,0.8757491825525717,1.1435281626791267
2024-05-13,0.9915625084169192,0.8709807113156944,1.1384437055087882
2024-05-14,0.9905044723316615,0.870265656546326,1.1381633468824985
2024-05-15,0.9805376932182912,0.8617097179918967,1.1378979170657466
2024-05-16,0.9764211428166736,0.8582307129722926,1.1377140529439391
2024-05-17,0.9901986553235393,0.8688654774550367,1.1396455274341148
2024-05-20,0.9974987684485409,0.8738664680635027,1.1414773365306128
2024-05-21,0.9879290022353848,0.8668119658355085,1.1397270009801184
2024-05-22,0.9879973396303188,0.8651823944343042,1.1419526633760464
2024-05-23,0.9681240365636329,0.8483647589381635,1.1411648425558876
2024-05-24,0.9598657314970128,0.8406347369348175,1.141834484495542
2024-05-27,0.9705156331065056,0.8497981444462727,1.1420543095429943
2024-05-28,0.9607880370531898,0.8410586771531414,1.1423555373155587
2024-05-29,0.9626507516286791,0.8429856916825869,1.141953844681803
2024-05-30,0.9610641112412243,0.8398768712020602,1.1442916744042693
2024-05-31,0.9615005767210695,0.8398578854704704,1.1448372318162585
2024-06-03,0.9555400343293308,0.834404438819371,1.1451761158909448
2024-06-04,0.9683135813875886,0.8451436620527839,1.145738440534045
2024-06-05,0.9572734273823136,0.8350166728227566,1.1464123514399664
2024-06-06,0.945820490814606,0.8272423507790342,1.1433414765623446
2024-06-07,0.9424839931948942,0.8241066524588843,1.143643229165555
2024-06-11,0.9517681321556588,0.8254497999015545,1.153029696377865
2024-06-12,0.954144620272896,0.827898884822796,1.1524893169497645
2024-06-13,0.950532344327126,0.8218300026527879,1.1566045791208635
2024-06-14,0.9508753934238717,0.8247568579254494,1.1529160191715828
2024-06-17,0.9500010436481359,0.8238139743770028,1.1531742276726493
2024-06-18,0.952130815725772,0.8275730003240949,1.1505097621030382
2024-06-19,0.9393684201092876,0.8177529843150282,1.1487190363433863
2024-06-20,0.9261565068668828,0.8060059537765162,1.149069063978256
2024-06-21,0.9278865846951884,0.8072336232988105,1.1494647372384241
2024-06-24,0.905857897801828,0.7899224332351831,1.1467681631623285
2024-06-25,0.8980811908280294,0.7829169216400756,1.1470964108767818
2024-06-26,0.9118817155950677,0.7942763454387571,1.1480660614302263
2024-06-27,0.8918786443842314,0.77966098035319,1.1439313584478812
2024-06-28,0.8916789247154937,0.781991460292382,1.140266831535603
2024-07-01,0.9026816588429113,0.7915441125283539,1.140406004612379
2024-07-02,0.8929910064757504,0.7830514597458907,1.1403988784664756
2024-07-03,0.8883397376041788,0.7769509346898996,1.1433665858948188
2024-07-04,0.8719778799135555,0.7648605974519335,1.1400481117977235
2024-07-05,0.8760746173314462,0.7698852643844997,1.1379288029779888
2024-07-08,0.8591456073284791,0.7568109450732335,1.1352182641139565
2024-07-09,0.8740127009751576,0.7715686659187998,1.132773710988335
2024-07-10,0.87011039170495,0.7663889116179918,1.135337918535359
2024-07-11,0.8880087431885312,0.7815089248946022,1.1362746027606685
2024-07-12,0.8881321639725102,0.7782861900245365,1.141138279666135
2024-07-15,0.8799556700357511,0.7726760924743585,1.1388415904235483
2024-07-16,0.8830366061513892,0.7749637614501617,1.139455352723842
2024-07-17,0.8785301012295055,0.7683538231567675,1.1433926333835118
2024-07-18,0.8846212906226787,0.771693599478046,1.1463374728273166
2024-07-19,0.8868317540529831,0.7708013445471723,1.15053218358613
2024-07-22,0.8859309842564486,0.7698409643441233,1.1507974052942607
2024-07-23,0.8616343256512528,0.7471886784880989,1.1531683368044725
2024-07-24,0.8487628117405493,0.7385282811830006,1.1492624363429538
2024-07-25,0.8510026612353987,0.7381153601343837,1.1529399158966998
2024-07-26,0.8614351891321612,0.7493371187655764,1.1495963132738574
2024-07-29,0.8556641731190214,0.7449800795003287,1.1485732258679058
2024-07-30,0.8567215693728687,0.7434675495503371,1.1523321628375438
2024-07-31,0.8901208967183311,0.7730732293069086,1.1514056663381818
2024-08-01,0.8841886332721532,0.7677826876782351,1.1516131419242184
2024-08-02,0.8735953876825954,0.7576019427689612,1.1531060552586354
2024-08-05,0.8564449875631416,0.7426085010362832,1.1532927328033598
2024-08-06,0.8696435382613129,0.7516153321025092,1.1570327282023918
2024-08-07,0.8677968092786764,0.7517988608412111,1.1542938603387503
2024-08-08,0.870037260407716,0.7524110948445967,1.1563323113774842
2024-08-09,0.8621323548810075,0.7467947431710715,1.1544435238258166
2024-08-12,0.8601142200521185,0.7458217058136293,1.153243748938368
2024-08-13,0.8620794547519974,0.7486188624806848,1.1515598897619816
2024-08-14,0.8497235115056414,0.7383717047377711,1.1508072506752087
2024-08-15,0.8565463003234872,0.7433251937903377,1.1523170578355033
2024-08-16,0.8484071244588585,0.7388953386604041,1.148210145698031
2024-08-19,0.8479816875557962,0.7408856389618156,1.1445513895289583
2024-08-20,0.8327003958628093,0.7280786089697948,1.143695729560096
2024-08-21,0.8296582435127957,0.7257228891756656,1.1432163100921182
2024-08-22,0.8182189192575595,0.717219142769646,1.14082136193115
2024-08-23,0.818074459645932,0.7178077004489314,1.1396847082223995
2024-08-26,0.8211947190200037,0.7189578635140296,1.142201456711627
2024-08-27,0.8113575456876725,0.7111945606400142,1.1408376702959035
2024-08-28,0.8116204996307603,0.711941332749215,1.140010366439362
2024-08-29,0.8274208830699594,0.7211000496681598,1.14744255453973
2024-08-30,0.842125389767762,0.7339481781850338,1.1473908033265203
2024-09-02,0.8249487418746203,0.7193565638774163,1.1467869806150788
2024-09-03,0.8355264899973185,0.7272037017858245,1.148957971398497
2024-09-04,0.8338868850467235,0.7249254884488916,1.150307029252033
2024-09-05,0.8390104475324057,0.7279330516942722,1.1525928731764543
2024-09-06,0.8249141730414201,0.7178646576437007,1.149122141977425
2024-09-09,0.8190250828668961,0.7130772751290829,1.1485782977989787
2024-09-10,0.8189588456166298,0.713159546632639,1.1483529169363975
2024-09-11,0.8208732701799888,0.7143001796050176,1.1491993053031322
2024-09-12,0.8174918723720804,0.7114002021719793,1.1491307844391836
2024-09-13,0.8062277593386792,0.7041811569368731,1.1449152698798417
2024-09-18,0.8062953150143057,0.706065434956779,1.1419555116214721
2024-09-19,0.8183265561736801,0.7151656311501174,1.1442475987802447
2024-09-20,0.8116126099291286,0.7116849881458271,1.140409905292011
2024-09-23,0.8107349817393471,0.7110996319820647,1.140114472397583
2024-09-24,0.846178148871335,0.7419361083226043,1.1405000233570044
2024-09-25,0.8529966288049765,0.7485619052859147,1.139513810122588
2024-09-26,0.8909238406522817,0.7812636739147701,1.1403625567127988
2024-09-27,0.940619161975611,0.8229500863627389,1.1429844623176892
2024-09-30,1.0430541366702224,0.9086280768890819,1.147943986324286
2024-10-08,1.1165629925573204,0.9738670711396809,1.146525050128913
2024-10-09,1.0321365752359897,0.9074288487372476,1.1374297573548404
2024-10-10,1.0297428690329542,0.9003474686696301,1.1437171812728268
2024-10-11,0.9875568778592623,0.8655304661801169,1.1409845365902485
2024-10-14,1.0103137778875262,0.8872588542192845,1.1386911193763403
2024-10-15,0.9857810011379161,0.8658072855920819,1.138568613988724
2024-10-16,0.9822409373023755,0.8639926219213389,1.1368626448661994
2024-10-17,0.973725342743377,0.8573320550103718,1.1357622021161884
2024-10-18,1.0147390664037559,0.8923009433526038,1.1372161757345236
2024-10-21,1.0280438134539873,0.9024595754686141,1.1391577433484064
2024-10-22,1.040403521357199,0.9103098404386958,1.1429114298663503
2024-10-23,1.0477506007677013,0.9138743184773788,1.1464931004006942
2024-10-24,1.035353578531624,0.9060145234145773,1.1427560505648353
2024-10-25,1.057655750610925,0.9191442363897763,1.1506961679542218
2024-10-28,1.0703454100789371,0.9308564225267821,1.1498501639742853
2024-10-29,1.0529716247310512,0.919593565370736,1.1450402268816915
2024-10-30,1.0527617980120614,0.9236120629828893,1.1398311479519563
2024-10-31,1.0626724652944186,0.9336361569930844,1.1382083452261693
2024-11-01,1.0427247559182624,0.922645428656493,1.130146775274899
2024-11-04,1.0610058524776105,0.9380059278665748,1.1311291548986155
2024-11-05,1.0965243339024946,0.9669675818260787,1.1339825186608152
2024-11-06,1.0991198239838789,0.9691540680205852,1.1341022653175648
2024-11-07,1.119799190457386,0.9871535094678072,1.1343718881788614
2024-11-08,1.1217281439322773,0.9844465164123412,1.1394505696665342
2024-11-11,1.1492980472419565,1.0015599570520366,1.1475079840699383
2024-11-12,1.1384839080377185,0.9910011354956519,1.148822001569456
2024-11-13,1.1376476597025844,0.9903619491987936,1.148719072479456
2024-11-14,1.1007238719877424,0.9616422702497486,1.1446292514802545
2024-11-15,1.064800280956579,0.937305019328587,1.1360232357651512
2024-11-18,1.04276951560601,0.9228384130340651,1.1299589406748263
2024-11-19,1.068477922347287,0.9392225037653127,1.1376195928694142
2024-11-20,1.0813322732092332,0.9480490076083598,1.1405868942757578
2024-11-21,1.0788272492254471,0.9469288494445585,1.1392907184718857
2024-11-22,1.0331881683096664,0.9097403429448493,1.1356956700031724
2024-11-25,1.0315087270800904,0.9074304867219333,1.1367358075067395
2024-11-26,1.0225035298065557,0.9002841828976634,1.1357564080660796
2024-11-27,1.046473976972341,0.9183927736880646,1.139462337851299
2024-11-28,1.0382721916250277,0.9109031631643406,1.1398271886752773
2024-11-29,1.0594157834791158,0.9258285540786926,1.144289381453954
2024-12-02,1.077230334801374,0.9403331318363943,1.145583728074784
2024-12-03,1.0730784022838713,0.9385137775731408,1.143380553302792
2024-12-04,1.060934381740418,0.9301523869271204,1.1406027621402477
2024-12-05,1.0672066996729017,0.9337469443209498,1.1429292552587769
2024-12-06,1.0788699577652012,0.9459622151181623,1.1405000543604558
2024-12-09,1.0704368057556826,0.940885281583337,1.1376910944491918
2024-12-10,1.0794477847261996,0.9480015060524605,1.1386561918251479
2024-12-11,1.0867142716430478,0.9567062033979351,1.1358913193866234
2024-12-12,1.0981742761486608,0.9651355704084321,1.1378445783362108
2024-12-13,1.0726550087631135,0.9474003656726313,1.1322087763831021
2024-12-16,1.0580357872048431,0.9354255063550411,1.131074339984124
2024-12-17,1.0405568598562016,0.9252305407605372,1.1246460357878658
2024-12-18,1.0481157945591486,0.9316316360064429,1.1250324205949358
2024-12-19,1.0485980275710323,0.9337358506973935,1.123013566189892
2024-12-20,1.0548116799259446,0.9361500912171291,1.126754875977781
2024-12-23,1.03118956736912,0.9205459790119022,1.120193440501452
2024-12-24,1.0467436414234268,0.9326821798210814,1.1222940290595302
2024-12-25,1.0346908245491993,0.9239854490374896,1.119812899247527
2024-12-26,1.0418150468183496,0.931384895949624,1.1185655375655763
2024-12-27,1.0443397327757666,0.9333007424016636,1.118974501282798
2024-12-30,1.0392113521744604,0.9332548788304504,1.1135343363827832
2024-12-31,1.0127709138660883,0.9058609995771721,1.118020219811669
