datetime,port,bench,excess
2017-01-04,1.00155995016329,1.007803175154687,0.9938051147830143
2017-01-05,1.0030367960104438,1.0076476066105484,0.9954241834448314
2017-01-06,0.999869762916382,1.0016276157371429,0.998245003638935
2017-01-09,1.0047775031791368,1.0064836818832894,0.9983048123532813
2017-01-10,1.0000193388954137,1.0047992089630478,0.9952429599615561
2017-01-11,0.9901035811262624,0.99768715355064,0.9923988472765349
2017-01-12,0.9841232189344924,0.9926366091974451,0.9914234573014229
2017-01-13,0.9797930180722098,0.9933218399096622,0.9863802231120955
2017-01-16,0.9695965715736029,0.9931841487782119,0.9762505500781241
2017-01-17,0.9741678064509544,0.9952516890824883,0.9788155269035806
2017-01-18,0.9723533807175526,0.9991442678459869,0.9731861674128486
2017-01-19,0.9688766667817887,0.9961283132717212,0.9726424335832538
2017-01-20,0.9799665184519469,1.003787908264896,0.976268502920975
2017-01-23,0.9862536763596054,1.0065375244438564,0.9798478967831245
2017-01-24,0.9852090437427722,1.0066482241875223,0.9787024107035465
2017-01-25,0.9876281114752449,1.0100740973186053,0.9777778819366354
2017-01-26,0.9922891673547388,1.0136824602741104,0.9788954689878065
2017-02-03,0.9848526747351151,1.0066602125701485,0.978336744054525
2017-02-06,0.9876415293760693,1.0092692632101283,0.9785708981513329
2017-02-07,0.9874536442855133,1.007016288566399,0.9805736565505457
2017-02-08,0.9925988837664604,1.012285217784394,0.9805525817506046
2017-02-09,0.9969647768015083,1.0161747819253608,0.9810957667268075
2017-02-10,1.00448211223411,1.0213210931245644,0.9835125495754344
2017-02-13,1.0105130638709487,1.0281398888613835,0.9828556160680083
2017-02-14,1.0145014998429738,1.0279962385923704,0.9868727741962607
2017-02-15,1.0050994842895986,1.0237805343579685,0.9817528762840905
2017-02-16,1.0126112239233211,1.029531172213537,0.9835653851511488
2017-02-17,1.0004075884155015,1.0236997004096169,0.9772471243424263
2017-02-20,1.0155476211455063,1.0386448668795267,0.9777621336507318
2017-02-21,1.0203313722010374,1.0420647107655463,0.9791439645350406
2017-02-22,1.0244423441051367,1.0441411547224164,0.9811339582505809
2017-02-23,1.0173295718471795,1.0392222722556084,0.9789335727371284
2017-02-24,1.016071862515538,1.0393808554222788,0.9775741560130327
2017-02-27,1.0065873480871117,1.0311139191502072,0.9762135195659961
2017-02-28,1.011154937112544,1.033085692608475,0.9787716007947439
2017-03-01,1.0133598196756626,1.0347701655287167,0.9793090808313801
2017-03-02,1.006025271613614,1.0277868274876647,0.9788267807175103
2017-03-03,1.003480039926775,1.0256205758223487,0.9784125470788051
2017-03-06,1.0101507419607842,1.031191738476027,0.97959545666421
2017-03-07,1.0103403511233746,1.033429780222099,0.977657476549822
2017-03-08,1.006592431226081,1.031864910698117,0.9755079572819879
2017-03-09,0.9998476024256805,1.0253453337744496,0.9751325426576936
2017-03-10,0.9996440239164316,1.025629549582443,0.9746638289852406
2017-03-13,1.0124502199923173,1.034668439545145,0.9785262421239067
2017-03-14,1.008270714908121,1.034246602713202,0.9748842415948605
2017-03-15,1.0099989750645784,1.0363260612926037,0.9745957501105513
2017-03-16,1.0151637018990374,1.0416727397289176,0.9745514720517896
2017-03-17,1.0031899069055081,1.0309913011314153,0.97303430766545
2017-03-20,1.0053770833027749,1.03212823447089,0.9740815624699688
2017-03-21,1.0111818054628379,1.0371368545386432,0.9749743257486003
2017-03-22,1.0090313197484597,1.0322598963572767,0.9774973563433125
2017-03-23,1.0111762195812624,1.035829349649872,0.9761996219966708
2017-03-24,1.0185143508479284,1.044093271299412,0.9755013070626826
2017-03-27,1.012631496792698,1.0406345177504825,0.9730904361904906
2017-03-28,1.0100886524074213,1.0381721320020474,0.9729491105290324
2017-03-29,1.0129713202861679,1.036789822409988,0.9770266821596929
2017-03-30,1.006633461637333,1.0282834690228948,0.978945487272946
2017-03-31,1.0092103947695448,1.034055069021184,0.9759735482219949
2017-04-05,1.0292490140037744,1.0483689174469446,0.981762237390887
2017-04-06,1.0357008387084834,1.0514087786789619,0.9850601019422582
2017-04-07,1.0359076073408107,1.052429053137208,0.9843016061299826
2017-04-10,1.0388564433398961,1.0487428708558832,0.9905730682031538
2017-04-11,1.052089913088919,1.0523901434742982,0.9997147157000273
2017-04-12,1.0400654833994123,1.0500294837094344,0.9905107423509459
2017-04-13,1.0490390958930198,1.0515643472231002,0.9975985765048531
2017-04-14,1.0376129415245008,1.043165749064642,0.994676965242465
2017-04-17,1.0254933811760487,1.0412030194739696,0.9849120315595534
2017-04-18,1.0194521313432192,1.036056778382267,0.9839732267714374
2017-04-19,1.01240512901243,1.031012193166635,0.9819526245397201
2017-04-20,1.0097062044071439,1.0357007023860167,0.9749015348555934
2017-04-21,1.007152596793223,1.0372685164250297,0.9709661296424943
2017-04-24,0.9878423771265487,1.0266379057655628,0.9622110888160862
2017-04-25,0.9923992470932264,1.0295431605961622,0.9639219462334853
2017-04-26,0.9976042242269657,1.0308027820619292,0.9677934922056032
2017-04-27,0.9955506565068447,1.031263528556782,0.9653697904938846
2017-04-28,0.9986318333993043,1.0291781108398173,0.9703197365754437
2017-05-02,0.9980730280461585,1.0252376486533143,0.9735040742574782
2017-05-03,0.9909118238393041,1.0212133378959283,0.9703279295988668
2017-05-04,0.9896442406474789,1.0185983281183857,0.9715745778570122
2017-05-05,0.9796501308800564,1.012063818297061,0.9679726843001412
2017-05-08,0.9649538607158228,1.0049607366447477,0.9601906079808695
2017-05-09,0.9690378562317243,1.0030817855174576,0.9660606644669845
2017-05-10,0.9510776358140614,0.998644611688223,0.9523684648998916
2017-05-11,0.950834885086543,1.0043144857029411,0.9467501451211603
2017-05-12,0.953553087838539,1.0129105065834787,0.9413991479413608
2017-05-15,0.9560221759566415,1.0170425024619991,0.9400021863809594
2017-05-16,0.9760727890080995,1.0258569783148375,0.9514706334712292
2017-05-17,0.9786007405769876,1.0202678681409703,0.9591606000099716
2017-05-18,0.9733555790236081,1.0167193769910958,0.9573492952442595
2017-05-19,0.9729004627891045,1.0184368004366846,0.9552880084183377
2017-05-22,0.9643836665496455,1.0206478507949726,0.9448740481827268
2017-05-23,0.9531184520442705,1.0245225521457828,0.9303049991901476
2017-05-24,0.9583568796351338,1.0245165229007194,0.9354235468274661
2017-05-25,0.9732519093552847,1.042914413674495,0.9332040065744525
2017-05-26,0.9718393097451137,1.0413496142580139,0.9332497908856211
2017-05-31,0.9742214566429801,1.0450747062022485,0.9322026940861043
2017-06-01,0.9603065495189598,1.046528805875064,0.9176111962976417
2017-06-02,0.9661832470395393,1.0431687636871743,0.9262003241205932
2017-06-05,0.9688855796323729,1.0378549656687066,0.9335462195414793
2017-06-06,0.9755539019819773,1.0450747062022485,0.933477670249138
2017-06-07,0.9904187938844952,1.0573389618439217,0.9367088792011194
2017-06-08,0.9940328674239411,1.0654503295718547,0.9329696935035796
2017-06-09,0.9967863942706582,1.0699951885222236,0.9315802584564193
2017-06-12,0.9962876071333693,1.069462581839114,0.9315778074442694
2017-06-13,1.0012032465615006,1.0718202970889465,0.9341148411545842
2017-06-14,0.9902783752039749,1.0577668279209282,0.9361972308683532
2017-06-15,0.990030458561086,1.055819031227913,0.937689537012498
2017-06-16,0.9887152121572029,1.0528180095513047,0.9391131260934438
2017-06-19,0.9966143872203219,1.0632631157638177,0.9373168056378809
2017-06-20,0.9940752397063892,1.0611148817261915,0.9368215042741234
2017-06-21,1.0095214955281815,1.0735227876368778,0.9403819901675483
2017-06-22,1.0054508398803954,1.0742348695218777,0.9359692823301324
2017-06-23,1.016471220596518,1.0839708383644218,0.9377293047202706
2017-06-26,1.0327785573758503,1.0974977300943938,0.9410302445792056
2017-06-27,1.0348946170765494,1.0994814919352878,0.9412569694601646
2017-06-28,1.0261350341956008,1.0909392435078165,0.9405977833340713
2017-06-29,1.0353901323311987,1.0977191996892264,0.9432194796486446
2017-06-30,1.036423804908802,1.0971117883028287,0.9446838653626102
2017-07-03,1.0334480129630679,1.0923395006200647,0.9460868277457996
2017-07-04,1.0260583477042908,1.0831031879352833,0.9473320355194071
2017-07-05,1.0397604716093292,1.0949815017853917,0.9495689835070059
2017-07-06,1.0421570367380104,1.095107134426715,0.9516484770995272
2017-07-07,1.0419683485582263,1.0938595013435743,0.9525614096494013
2017-07-10,1.041000191089455,1.0931892736365152,0.9522597926949538
2017-07-11,1.039433021816391,1.0983116080704662,0.946391729067205
2017-07-12,1.036141878123671,1.0947241371501812,0.9464867384955874
2017-07-13,1.0446642631578384,1.1031317090687338,0.946998671663374
2017-07-14,1.0488815125935949,1.1079698276946912,0.9466697435037206
2017-07-17,1.0276578383574093,1.096142411890119,0.937522193476102
2017-07-18,1.036735378631914,1.0972255026690267,0.94486992519772
2017-07-19,1.0615212042424105,1.1159465189137059,0.9512294597018193
2017-07-20,1.0658577305101793,1.1213710166758395,0.9504951658816524
2017-07-21,1.0643747048166399,1.1156024313000819,0.9540806607746963
2017-07-24,1.0652470619326593,1.1200515935119426,0.9510696365267937
2017-07-25,1.0597084904493839,1.112897683921594,0.9522065736674159
2017-07-26,1.061219361737858,1.1086580029219395,0.9572107529472084
2017-07-27,1.0660127100326688,1.110692522593368,0.9597730139963707
2017-07-28,1.0679505639311428,1.1135948329089365,0.9590117809198508
2017-07-31,1.084107851946979,1.1183760242442942,0.969358988788703
2017-08-01,1.0853511853729723,1.1281030894342443,0.9621028393045953
2017-08-02,1.0798080883485726,1.1252516771642118,0.9596147335410659
2017-08-03,1.0780862944389922,1.1153720580526547,0.9665710079928304
2017-08-04,1.0709049662265844,1.10931322762384,0.965376540691283
2017-08-07,1.079055190138963,1.1150609209643774,0.9677096290001138
2017-08-08,1.0857551011484576,1.1166825775639575,0.9723041470898847
2017-08-09,1.0844247000340943,1.1163324607052698,0.9714173314901038
2017-08-10,1.0755497644658623,1.1118085638976218,0.9673875515901329
2017-08-11,1.044178891737261,1.0912923048815344,0.9568278701008638
2017-08-14,1.0630175406311915,1.1054535292781873,0.9616121460350263
2017-08-15,1.0640236192861683,1.1088584402665496,0.959566686465764
2017-08-16,1.0637823251198726,1.1074701715369275,0.9605516721444283
2017-08-17,1.0753520418060027,1.1134122729770128,0.9658165873551532
2017-08-18,1.066978730831761,1.114426588297696,0.9574239721448029
2017-08-21,1.076786042041149,1.1193095757241263,0.9620091397364603
2017-08-22,1.069306816921779,1.1226935245697676,0.9524476569253865
2017-08-23,1.0562040361127292,1.1238275133942113,0.9398275300475213
2017-08-24,1.0464983235607876,1.1174126069691463,0.936537065211117
2017-08-25,1.0619501521627774,1.1356938388616933,0.935067282945878
2017-08-28,1.0790521059307483,1.1497442934071798,0.9385148611897516
2017-08-29,1.0726239612215487,1.1472998551789337,0.9349116156336144
2017-08-30,1.078513982222496,1.1472280650981777,0.9401042521830206
2017-08-31,1.080776096559437,1.1435747632346993,0.9450856483596832
2017-09-01,1.0881197529095576,1.1461030500338283,0.9494083039718294
2017-09-04,1.0941736564562283,1.1506149584588499,0.9509468379602679
2017-09-05,1.0921605044039633,1.1540348724523701,0.9463843168647743
2017-09-06,1.0926073339734719,1.15176093566592,0.9486407292861978
2017-09-07,1.0818443323852496,1.1459025425817164,0.9440980294431115
2017-09-08,1.084513238313026,1.14474170258449,0.9473868523043358
2017-09-11,1.0944309453359098,1.1446399064934178,0.9561355838874059
2017-09-12,1.0934984372782766,1.1483141003921162,0.9522642253586178
2017-09-13,1.095953381238769,1.1497144276118654,0.9532396523154307
2017-09-14,1.0910726625732294,1.1459294638620003,0.9521289895942696
2017-09-15,1.0840261908240885,1.1463304086587234,0.9456489879671476
2017-09-18,1.091279114795791,1.1498729406710353,0.9490432170348747
2017-09-19,1.0879144747916094,1.146575784911308,0.9488378257314789
2017-09-20,1.0979502534498555,1.1496635295663298,0.9550187730700814
2017-09-21,1.0860691422808475,1.1482812199742707,0.9458215665193783
2017-09-22,1.0803396440386193,1.1482542986939872,0.9408539948575735
2017-09-25,1.063910490199575,1.1422882204886495,0.9313853291286275
2017-09-26,1.0700171296902699,1.1431828623055722,0.9359982247566748
2017-09-27,1.080373038321288,1.1433084949468955,0.9449532152487586
2017-09-28,1.0794372904137082,1.1437094397436185,0.9438037782180778
2017-09-29,1.0858364583784128,1.1478863044226113,0.945944257889365
2017-10-09,1.1005435779308186,1.161562805559159,0.9474679911096442
2017-10-10,1.0992692141925247,1.1638516752432666,0.9445097150912782
2017-10-11,1.0933658588227135,1.1676904114461981,0.9363490939936444
2017-10-12,1.0919823355063567,1.1707602085810307,0.9327122048586249
2017-10-13,1.0930060288862222,1.1731688218763994,0.9316698573169013
2017-10-16,1.083648205299571,1.1709098179876065,0.9254753770550764
2017-10-17,1.082920261641903,1.1707961036214087,0.9249435134711368
2017-10-18,1.082976289998877,1.1800982472493835,0.917700108887644
2017-10-19,1.0714748662265416,1.1762356043887001,0.9109355831677927
2017-10-20,1.082172467781317,1.1749191257398344,0.92106124078956
2017-10-23,1.0856193966026855,1.1761009979872823,0.9230664700230318
2017-10-24,1.0877894244752928,1.184658179312411,0.9182306284388786
2017-10-25,1.091696546915844,1.1899090909027161,0.9174621450178484
2017-10-26,1.0943169453565396,1.1948849006601239,0.915834608632158
2017-10-27,1.0934680322819474,1.2033791254495891,0.9086646171242349
2017-10-30,1.0849017261617304,1.199713905310985,0.9043003680785933
2017-10-31,1.0911273184910937,1.198816389086532,0.9101705051951328
2017-11-01,1.0870835851510765,1.1957944753747036,0.9090889843845763
2017-11-02,1.083256903821154,1.1959470292963104,0.9057733137717121
2017-11-03,1.0772607683259958,1.19462157688735,0.9017590081813657
2017-11-06,1.0919069912954276,1.2030560700861863,0.9076110569120889
2017-11-07,1.098206724314521,1.2130374151813148,0.905336233301897
2017-11-08,1.0967989587196505,1.2111703122216495,0.9055695533915394
2017-11-09,1.1016561889791412,1.2195150678195408,0.9033559470067656
2017-11-10,1.1094945605208606,1.2302893287480205,0.901815966858719
2017-11-13,1.116961063901819,1.235124502858947,0.9043307466707893
2017-11-14,1.1078872255287011,1.2265314264934404,0.9032685193367332
2017-11-15,1.0970381693222413,1.218847924842514,0.900061563844389
2017-11-16,1.1031734085319893,1.228224803066276,0.8981852554824699
2017-11-17,1.0908988095296528,1.2329642103311935,0.8847773523260828
2017-11-20,1.1066230116463909,1.2398397931436107,0.8925532296721587
2017-11-21,1.1195363784959314,1.261941883826401,0.8871536739087585
2017-11-22,1.1224479634223832,1.2648949519725041,0.8873843331195321
2017-11-23,1.086439601079304,1.2274439457230515,0.8851235975906941
2017-11-24,1.0843866243854552,1.227982511543724,0.8830635731304095
2017-11-27,1.060906918870887,1.2117508023277634,0.875515755246783
2017-11-28,1.0777077147693586,1.2135071354362619,0.8880934304369931
2017-11-29,1.073197813725633,1.2128878057747388,0.8848285955353653
2017-11-30,1.0570541757639669,1.198630884639578,0.8818846479847027
2017-12-01,1.0653530263827373,1.1962491926244927,0.8905778436058313
2017-12-04,1.0685289834851703,1.2024486586997885,0.8886275316241561
2017-12-05,1.0620716656227414,1.2088246554619435,0.8785986129782226
2017-12-06,1.0665524266031874,1.2015390839852083,0.887655208905645
2017-12-07,1.055621259851225,1.1881468687641548,0.8884602464586085
2017-12-08,1.0654758851403123,1.1978170767710061,0.8895146895154892
2017-12-11,1.0840187091303486,1.2176001515443713,0.8902912074669245
2017-12-12,1.070961735376938,1.2015989557908386,0.8912805143643613
2017-12-13,1.0809110691383708,1.2117927266132045,0.8919933627257938
2017-12-14,1.080387629853284,1.2046298432627613,0.896862746590301
2017-12-15,1.06963373751882,1.1910790448750377,0.898037575357596
2017-12-18,1.0642906402228525,1.1924044972839982,0.8925583915919829
2017-12-19,1.0784566596156666,1.207376514926691,0.8932231547349153
2017-12-20,1.0720889376053586,1.2059283743914384,0.8890154343920958
2017-12-21,1.0832946095750562,1.217106594739173,0.8900573000405171
2017-12-22,1.0791361589315454,1.2131421557874176,0.889538092286561
2017-12-25,1.066238703145245,1.2092345039112602,0.8817468404155717
2017-12-26,1.0744596334403032,1.2128488260043282,0.8858974098033787
2017-12-27,1.0623019403137863,1.1941756931826535,0.8895692203235152
2017-12-28,1.0684987068086118,1.202460576974914,0.8885935449931205
2017-12-29,1.075584260030982,1.2060360595125728,0.891834246204617
2018-01-02,1.0888472553693185,1.2229559439557813,0.8903405398622342
2018-01-03,1.0968866538255595,1.2301336900963808,0.8916808495340198
2018-01-04,1.1017619974415105,1.2353459023462785,0.8918651815244187
2018-01-05,1.1033823064237889,1.2383198625276017,0.8910317437464141
2018-01-08,1.1155811767738752,1.244725865300073,0.8962464811518446
2018-01-09,1.1132340671537448,1.253444574306903,0.8881398427763046
2018-01-10,1.112214119936113,1.2589827864352343,0.8834228171501125
2018-01-11,1.106893657620493,1.2583185879732386,0.8796608968507378
2018-01-12,1.1066074019369996,1.2641260129044054,0.8753932682664307
2018-01-15,1.0989868893372445,1.2641978029851617,0.8693156140140387
2018-01-16,1.118020585007934,1.2741403085248812,0.8774705403538385
2018-01-17,1.115161446269922,1.2710435200022643,0.8773589800197679
2018-01-18,1.120193861880062,1.2780150098756917,0.8765107242277378
2018-01-19,1.1277298226618313,1.2821977635847464,0.8795287705922554
2018-01-22,1.1395211959158387,1.2975169535710955,0.8782322209968721
2018-01-23,1.1549802544929129,1.311283122201088,0.880801586581997
2018-01-24,1.16158211693354,1.3134613622490303,0.88436717692599
2018-01-25,1.1570199220396509,1.306038099640845,0.8859005892384201
2018-01-26,1.1650205626018404,1.3108912212719603,0.8887240555867165
2018-01-29,1.1534594546418704,1.2871704886121218,0.8961201836483806
2018-01-30,1.137829691437477,1.2734312412624131,0.8935148240194675
2018-01-31,1.133824766367969,1.2793553250748086,0.8862469590312372
2018-02-01,1.1175591423612357,1.2703793215402688,0.8797050797444131
2018-02-02,1.1267770300096278,1.2779580825850922,0.8817010865726904
2018-02-05,1.1359094830525402,1.2788317622592944,0.8882399675824009
2018-02-06,1.0827614561489176,1.241353834729558,0.8722424065212708
2018-02-07,1.0694010446014681,1.211915414739498,0.8824056791383718
2018-02-08,1.0668882723614144,1.2004110542983282,0.8887691166631572
2018-02-09,1.0170872714500567,1.1491279783681891,0.8850948637543088
2018-02-12,1.0374519934828932,1.1639234653240227,0.8913403882566099
2018-02-13,1.0489646187183068,1.1775460537925027,0.8908055997809379
2018-02-14,1.0567750419820006,1.1869201277162351,0.8903505950441265
2018-02-22,1.0854516320449574,1.2125825577165246,0.8951568906689753
2018-02-23,1.0932478408469861,1.2180759010443833,0.8975202940224257
2018-02-26,1.1103924777404983,1.2322371955485372,0.9011191041398494
2018-02-27,1.1017912803154304,1.214452605191221,0.9072328352755672
2018-02-28,1.1004297251095008,1.2038788517148529,0.9140701521104095
2018-03-01,1.1070156057888865,1.2114935078000542,0.9137610714886218
2018-03-02,1.0973324524539032,1.2017306176772267,0.9131268158706731
2018-03-05,1.100031144727803,1.202221229967394,0.9149989347282093
2018-03-06,1.1173043299787337,1.2167205828401084,0.918291632225606
2018-03-07,1.1050846349299732,1.2077715005858523,0.9149782342056682
2018-03-08,1.1146551095857282,1.2200237678448993,0.9136339298985144
2018-03-09,1.1286065427117442,1.229379754033441,0.9180292249070537
2018-03-12,1.1354712599806578,1.2350047592476865,0.9194063840469243
2018-03-13,1.1269221438706545,1.2241078101929144,0.9206069387736822
2018-03-14,1.1192124287379828,1.2187490732664734,0.9183288449510661
2018-03-15,1.121427868911474,1.2255769829783885,0.9150203410202663
2018-03-16,1.1101932795732217,1.2136866106381532,0.91472812655442
2018-03-19,1.1096224718478704,1.2190213707993416,0.910256783373916
2018-03-20,1.1117730632304184,1.220053633640214,0.9112493357470489
2018-03-21,1.1063407819145015,1.2150719348527441,0.9105146371836661
2018-03-22,1.0963662143547879,1.2028944021894843,0.9114401167377653
2018-03-23,1.0493042364899157,1.1683636537757893,0.8980972945357291
2018-03-26,1.064671078772212,1.1608686010868476,0.9171331516550866
2018-03-27,1.0848266975260255,1.1708559754270396,0.9265244575707638
2018-03-28,1.0678938217363452,1.1497473080297125,0.9288074120968048
2018-03-29,1.0860831334333687,1.1651053375714708,0.9321759144088938
2018-03-30,1.096252201956833,1.1664367491179939,0.9398299588775549
2018-04-02,1.0951303757018949,1.1629720364315017,0.9416652691514628
2018-04-03,1.0871273109775341,1.1556595436744828,0.9406985966826816
2018-04-04,1.0798087772815013,1.1533796477504699,0.9362127894206735
2018-04-09,1.0818582639548409,1.1528021722668875,0.938459598690258
2018-04-10,1.0943414059872003,1.175014892585843,0.9313425837343172
2018-04-11,1.0966201393859234,1.178356917146043,0.930634957396368
2018-04-12,1.0888915106181831,1.1664786734034356,0.9334859997406756
2018-04-13,1.0858712321386002,1.158250646794274,0.9375097135874687
2018-04-16,1.079348731647429,1.1396163535280082,0.9471158678146347
2018-04-17,1.0570446697360243,1.1215984454082346,0.9424448420586796
2018-04-18,1.06744296067566,1.1268763483863242,0.9472582881025302
2018-04-19,1.0779326500655237,1.1405079807223995,0.9451338072906422
2018-04-20,1.058578444401543,1.1252516771642125,0.9407481596199926
2018-04-23,1.0459630509690916,1.1268912812839815,0.9281845270622023
2018-04-24,1.0713006187177523,1.149977681277139,0.9315838351992973
2018-04-25,1.0713143035257728,1.1455524958305305,0.9351944214036785
2018-04-26,1.0487060999237825,1.1236479680848213,0.9333048514395733
2018-04-27,1.0528826411885541,1.1240638457792016,0.936675123163218
2018-05-02,1.0541980979528995,1.1260894617980364,0.9361583903552856
2018-05-03,1.0637549046578567,1.1348709871255278,0.9373355356913314
2018-05-04,1.0610154013179984,1.1293657255225438,0.9394790167083206
2018-05-07,1.0792142079310063,1.1471951145728319,0.9407416351601716
2018-05-08,1.0870336190540821,1.1605065659530347,0.936688900300521
2018-05-09,1.08362984640907,1.1583942269557865,0.9354586039821742
2018-05-10,1.0900465204573848,1.1648091333808515,0.9358155677347166
2018-05-11,1.0805867858125986,1.1587592767121313,0.9325377647708334
2018-05-14,1.0826333215683202,1.169665129419497,0.9255925429747823
2018-05-15,1.0971056763601394,1.174096344111169,0.9344255962151777
2018-05-16,1.0952555956771393,1.164743302437658,0.9403407543833137
2018-05-17,1.08931012825193,1.1561292639294305,0.9422044422174758
2018-05-18,1.098001666508582,1.167801111189864,0.9402300237493662
2018-05-21,1.1110726412333816,1.1732406119571555,0.9470117467038005
2018-05-22,1.111824099047946,1.168743636429791,0.95129852637682
2018-05-23,1.0986822057746168,1.1532958692870874,0.9526455743345114
2018-05-24,1.0946503764583462,1.1451096968558665,0.9559349462011659
2018-05-25,1.0887783329254503,1.1419022786970843,0.9534776777639427
2018-05-28,1.0887821887095541,1.1469168579024005,0.9493122201558978
2018-05-29,1.077825020206712,1.1381651983702237,0.9469846923364773
2018-05-30,1.0507278548580405,1.1140376318836,0.9431708811142078
2018-05-31,1.0713135902893969,1.1376775305950872,0.9416671785097336
2018-06-01,1.060722999516888,1.128165905754906,0.9402189820717114
2018-06-04,1.0584198956561301,1.139233356251474,0.9290632949326098
2018-06-05,1.0780252006547946,1.1505252208579055,0.9369852838610089
2018-06-06,1.0823756333753023,1.1481405843277894,0.9427204718218448
2018-06-07,1.0768779941832736,1.1462436856803104,0.9394843414505988
2018-06-08,1.0657391615861658,1.130867708618363,0.9424083413684453
2018-06-11,1.0573067721791471,1.1309753937394973,0.9348627547795098
2018-06-12,1.071225290677029,1.1447297142018646,0.9357888393977046
2018-06-13,1.0558780453433438,1.1334767592583428,0.9315392104150654
2018-06-14,1.0491275577275674,1.1289976611436667,0.9292557405874592
2018-06-15,1.0370041750735595,1.123031582938329,0.9233971607105784
2018-06-19,0.9857109793675056,1.0834442609263757,0.90979389980311
2018-06-20,0.9976971850799066,1.0877288107265026,0.9172297131796452
2018-06-21,0.9768219336499661,1.0750217561101656,0.9086531766431187
2018-06-22,0.9942519671940193,1.0797880145478662,0.9207844074934811
2018-06-25,0.9875436391190434,1.0653007201652789,0.9270092664218123
2018-06-26,1.0010914440966006,1.056513165592724,0.9475428008840469
2018-06-27,0.9915356217547039,1.0350155417813003,0.9579910462486719
2018-06-28,0.9860763782527754,1.0243250593162028,0.9626596257549721
2018-06-29,1.0105265037090594,1.0504902302042873,0.9619570698078208
2018-07-02,0.9871224390066736,1.0196664859996363,0.9680836357379561
2018-07-03,0.9907719690575508,1.0200614716587966,0.971286531826738
2018-07-04,0.9778387014022561,1.006438813082816,0.9715828609660284
2018-07-05,0.96295544812717,1.0000628163206609,0.9628949626084361
2018-07-06,0.9672028216775432,1.0068487316396335,0.960623767288729
2018-07-09,0.9928892776376578,1.034991565016048,0.95932112994782
2018-07-10,0.9994393224084765,1.0374869012898302,0.963327171809059
2018-07-11,0.9777580869253006,1.0195378387357816,0.9590208914047883
2018-07-12,1.0056013382352125,1.0415381333274996,0.9654964192453747
2018-07-13,1.0077045213298497,1.0450178490191497,0.9642940761975288
2018-07-16,1.0031931216775087,1.038854277984232,0.9656726096600196
2018-07-17,1.0043620742133823,1.0320593889051648,0.9731630611672798
2018-07-18,0.9981170363812731,1.0266558532857522,0.9722021582859123
2018-07-19,0.9898224375154892,1.025764226091361,0.9649609650427887
2018-07-20,1.005340623192739,1.0450776507172799,0.9619769617145026
2018-07-23,1.0204307568591389,1.0549094565133335,0.9673159630513192
2018-07-24,1.0384600173896852,1.071652740162182,0.969026605794454
2018-07-25,1.0394299210853224,1.070467923399703,0.9710052009631387
2018-07-26,1.0278532888055756,1.0580510437289221,0.9714590755310636
2018-07-27,1.023678598850181,1.0535570127165887,0.9716404394771514
2018-07-30,1.0185085478581224,1.0517169712522085,0.9684245625944905
2018-07-31,1.020341547774767,1.052488924942839,0.9694558523075975
2018-08-01,1.0044685230026225,1.0314640360088945,0.9738279648501101
2018-08-02,0.9853051159121444,1.0085960208805371,0.9769075978030738
2018-08-03,0.9617846148783963,0.9919365156950709,0.9696029933976706
2018-08-06,0.93956137136404,0.9793670821026834,0.9593556783089123
2018-08-07,0.9701003648049321,1.0079707320814515,0.9624291002990559
2018-08-08,0.9496323843085116,0.9917061424476448,0.9575743697268121
2018-08-09,0.9812781237527013,1.0165457908192685,0.9653063665354968
2018-08-10,0.992134623505497,1.0187868471878725,0.973839254250344
2018-08-13,0.996109960968604,1.0143945421591105,0.9819748821286161
2018-08-14,0.9895069545226693,1.0091794555016826,0.9805064392940562
2018-08-15,0.9653309514962385,0.9849650959291448,0.9800661520757902
2018-08-16,0.9560566808006001,0.9804022894585871,0.975167735816456
2018-08-17,0.9392833124527334,0.9663068960051273,0.9720341605093435
2018-08-20,0.9488769235525832,0.9775658801937126,0.9706526616544304
2018-08-21,0.9698916681757251,0.9953384120609017,0.9744340783226806
2018-08-22,0.9605361103237916,0.9897433427494716,0.9704900945890241
2018-08-23,0.9670078871635414,0.9933577349500402,0.9734739592199138
2018-08-24,0.9632589716260378,0.9949434965092423,0.9681544479717998
2018-08-27,0.9922370350992932,1.0192506083052568,0.9734966327360058
2018-08-28,0.9926549466029158,1.017335692030088,0.9757398215549462
2018-08-29,0.9885585416982282,1.01326658257973,0.975615458649987
2018-08-30,0.9758914776697447,1.0026509048179204,0.9733113219969266
2018-08-31,0.9691297529468996,0.9976871535506396,0.9713763973986155
2018-09-03,0.9687860656931441,0.9938932861481807,0.9747385148838873
2018-09-04,0.981916824578199,1.0064836818832892,0.9755914002906418
2018-09-05,0.9655829544140856,0.9868082221235575,0.9784909902110501
2018-09-06,0.9571719167546134,0.9762583753049412,0.9804493779176379
2018-09-07,0.9580202273445722,0.980674586991455,0.9768992080070285
2018-09-10,0.9385050887224611,0.9664415725140458,0.9710934581188262
2018-09-11,0.9426649850474907,0.964688254028079,0.9771705844985367
2018-09-12,0.9404211427775045,0.9580489334931505,0.9816003232200541
2018-09-13,0.9475354973684792,0.9683863545845294,0.9784684520621979
2018-09-14,0.9399166988754202,0.9700379470869249,0.9689483815535666
2018-09-17,0.923702760427087,0.95891665402979,0.9632774199355922
2018-09-18,0.9443106618932011,0.9782180902730824,0.9653375574250365
2018-09-19,0.9558949071158442,0.9910987310612477,0.9644800030086731
2018-09-20,0.9545931094508456,0.9903956229363422,0.9638502910792874
2018-09-21,0.9737153847338139,1.0204235067926108,0.9542267286593489
2018-09-25,0.9687644506512216,1.0112409665608957,0.9579956535442473
2018-09-26,0.9756285376194708,1.022443093566382,0.95421304496897
2018-09-27,0.9676033411213248,1.018358981110866,0.9501593829572997
2018-09-28,0.9785514663715378,1.028911842552014,0.951054721990985
2018-10-08,0.9433666504136199,0.9846419704582416,0.958080884948046
2018-10-09,0.9437589573761043,0.9839807165112769,0.9591234274612822
2018-10-10,0.9432845290528212,0.9818594037539342,0.9607124252681901
2018-10-11,0.886988074026348,0.93473818949763,0.9489160537059634
2018-10-12,0.894909249807833,0.9486869180595449,0.9433135766626684
2018-10-15,0.8819390020147541,0.9354382830000036,0.9428083263668936
2018-10-16,0.8635216853721953,0.9278146531547077,0.9307049446094576
2018-10-17,0.8747508639905496,0.9329848710116629,0.9375831175504823
2018-10-18,0.8586020688818574,0.9108858650589052,0.942601155443699
2018-10-19,0.8885439491362305,0.93798150269679,0.947293679653147
2018-10-22,0.9434536606760344,0.9784694256632291,0.9642137361998202
2018-10-23,0.9273212911338904,0.9524868147070673,0.9735791370708723
2018-10-24,0.9255978176672515,0.953913993099599,0.9703157982405327
2018-10-25,0.9337375931918612,0.9557421162888536,0.9769765057728794
2018-10-26,0.9228707639890545,0.9495575831112151,0.9718955231396063
2018-10-29,0.907192419512237,0.9206098455188231,0.985425502375521
2018-10-30,0.9242104686409222,0.9305942052364833,0.9931401500679462
2018-10-31,0.9384801789196704,0.9436274700537561,0.9945452084668619
2018-11-01,0.9514686257905014,0.9505718984318984,1.0009433556368355
2018-11-02,0.9972373063772565,0.9844474922511931,1.012991870289411
2018-11-05,0.9972217023399116,0.9762463869223149,1.0214856778970756
2018-11-06,0.9882328867356236,0.970355113420265,1.0184239491997356
2018-11-07,0.9819954752778367,0.9640000788008306,1.0186674222053917
2018-11-08,0.9727993680265288,0.9612653955195275,1.0119987389130631
2018-11-09,0.9671606317195587,0.9477025386416768,1.0205318570801454
2018-11-12,0.9902859449543621,0.9589824849729828,1.0326423688356114
2018-11-13,1.0083975060044117,0.9686287162145817,1.0410567941297952
2018-11-14,0.9987805518006755,0.9589226131673522,1.0415653339341653
2018-11-15,1.020848218803726,0.9701217255503067,1.0522887921354862
2018-11-16,1.0377174145840986,0.9746995350260225,1.0646536468865697
2018-11-19,1.053325764280749,0.9857490380024013,1.068553682198149
2018-11-20,1.0167594711437713,0.9629528830623009,1.05587665713234
2018-11-21,1.0211368152384184,0.9653704000102633,1.057766858428187
2018-11-22,1.016004627913492,0.9617620370547583,1.056399180638116
2018-11-23,0.9764922813778143,0.9405336961536708,1.0382321073356509
2018-11-26,0.9747595153045444,0.9398634684466116,1.037128846933064
2018-11-27,0.9785317470400834,0.9386666633015063,1.0424699047032975
2018-11-28,1.0000974597908323,0.9511404001553859,1.0514719589531138
2018-11-29,0.9746335068065828,0.9387893514277985,1.038181254745028
2018-11-30,0.9837771572868677,0.9492733673032214,1.0363475803410218
2018-12-03,1.0122013061230775,0.9756808998213586,1.0374306869268481
2018-12-04,1.015524439318761,0.9777035012176616,1.0386834434508991
2018-12-05,1.0097429338195907,0.9730030737231543,1.037759243612513
2018-12-06,0.9874207266485471,0.9519602372690206,1.0372499690546482
2018-12-07,0.9903370827130172,0.9519272867436736,1.0403495062114827
2018-12-10,0.9779858506400337,0.9409166934302045,1.0393968535882705
2018-12-11,0.9840105135492412,0.9454226427176634,1.040815471396639
2018-12-12,0.9866836603698131,0.9486510230191663,1.0400912837574396
2018-12-13,0.9973109982833382,0.9633358102313336,1.0352682706187843
2018-12-14,0.977169597952897,0.9472448067693552,1.0315914016837975
2018-12-17,0.9762103495586911,0.9458355758970125,1.0321142220019286
2018-12-18,0.9658151679287468,0.9360306913812426,1.0318199785773616
2018-12-19,0.9517494317952112,0.9248704886611978,1.0290623859919266
2018-12-20,0.9519183239624991,0.9177764508764799,1.0372006418920572
2018-12-21,0.9402916910911183,0.9064008078066659,1.0373906146073089
2018-12-24,0.9449392254559474,0.9090337651043974,1.0394984891979524
2018-12-25,0.9340557004275897,0.9027744973309717,1.0346500739543485
2018-12-26,0.9287016791059546,0.898211690860414,1.0339452142026049
2018-12-27,0.9231626953731669,0.8947648555866101,1.0317377684307225
2018-12-28,0.9292864516601721,0.9007908055975784,1.031634032991367
2019-01-02,0.9184297065421849,0.8884905848080263,1.033696611135871
2019-01-03,0.9160713152155487,0.8870843685582154,1.0326766513814758
2019-01-04,0.9484236540495145,0.9083366161170545,1.0441323593271221
2019-01-07,0.9587575243700408,0.9138509215876339,1.0491399655256577
2019-01-08,0.9570305994859161,0.9118762036143352,1.0495181206534459
2019-01-09,0.9607983781621977,0.921085595018833,1.043115192939862
2019-01-10,0.9529471983045829,0.919353238675587,1.0365408617882186
2019-01-11,0.9572161716864329,0.9259626233077004,1.0337524945305994
2019-01-14,0.948751744114209,0.9178841359976138,1.0336290898883946
2019-01-15,0.9608742635692858,0.9358990996023563,1.026685744197789
2019-01-16,0.9522850553719521,0.9360965223244357,1.0172936579310414
2019-01-17,0.9454174665386379,0.9309413074726385,1.0155500233471215
2019-01-18,0.9585902670138076,0.9479209936139769,1.0112554458353684
2019-01-21,0.9634119659268405,0.953148068654031,1.0107684184759493
2019-01-22,0.9508445434567658,0.9404858127306658,1.0110142339053727
2019-01-23,0.9477000332117615,0.9398066112635121,1.008398985337672
2019-01-24,0.9522321164790667,0.945111505629386,1.0075341489414404
2019-01-25,0.9524748730839884,0.9527979517953434,0.9996609158208765
2019-01-28,0.9498686481547942,0.9525915553131696,0.9971415795750149
2019-01-29,0.9424263047656022,0.9556403903052816,0.9861725334406825
2019-01-30,0.9330444987268374,0.9480137458374539,0.9842098839005831
2019-01-31,0.9282606317349017,0.9579322746119208,0.9690253229133138
2019-02-01,0.954350930938829,0.9716267232686575,0.9822197229490447
2019-02-11,0.9791075714064652,0.989300543774807,0.98969678887525
2019-02-12,0.9902076229296142,0.9964424649825294,0.9937428980879247
2019-02-13,1.0132266927022848,1.0163962515201928,0.9968815717165748
2019-02-14,1.0163055400603822,1.017925155896296,0.9984089047937048
2019-02-15,1.0062915667930903,0.9989438305013753,1.007355504951692
2019-02-18,1.0440111594616386,1.0309703389886944,1.0126490743523584
2019-02-19,1.0429777544613807,1.0291361865543762,1.013449695081996
2019-02-20,1.0470299995114913,1.0328223688357008,1.01375612216049
2019-02-21,1.0470849146339842,1.030063778896646,1.016524351293636
2019-02-22,1.0760315082471132,1.0532249134855907,1.0216540593272194
2019-02-25,1.1386205385756163,1.1158657550728552,1.0203920439347791
2019-02-26,1.1345402973045515,1.1024644959842065,1.0290946342827212
2019-02-27,1.1300989534569508,1.100579515611853,1.0268217220349471
2019-02-28,1.1125072376518743,1.097880727370928,1.0133224947995692
2019-03-01,1.1351694376669739,1.1219185562566063,1.0118109120635106
2019-03-04,1.1518842069601931,1.1352001418414945,1.0146970252237937
2019-03-05,1.1676896433891746,1.14175561380554,1.022714168662762
2019-03-06,1.198044370965125,1.1513540317316353,1.040552547649716
2019-03-07,1.2091261446132355,1.1396133389054766,1.0609968340441869
2019-03-08,1.144914666486005,1.0943531282562735,1.0462022147369336
2019-03-11,1.1817648879296232,1.1160063907193365,1.0589230471770876
2019-03-12,1.1964742489198754,1.1236061139068805,1.0648520278691131
2019-03-13,1.178442898041977,1.114282938028684,1.0575795947542737
2019-03-14,1.1498890674812672,1.1065934772401949,1.039125108842183
2019-03-15,1.1650162483423079,1.1205123400067953,1.0397174638301998
2019-03-18,1.1948379237120497,1.1524491108931694,1.036781505073164
2019-03-19,1.1972565444652388,1.1471263391146074,1.0437006837357807
2019-03-20,1.1972400206310494,1.1475691380892712,1.0432835642691485
2019-03-21,1.2118738554997326,1.1480029633038404,1.055636522062694
2019-03-22,1.2045714928877997,1.1470784556916032,1.050121277154955
2019-03-25,1.184120561273419,1.1198600598199253,1.057382617488677
2019-03-26,1.1593344493253577,1.10717691186134,1.0471085848207697
2019-03-27,1.1662130290930328,1.12002761674669,1.041235958520823
2019-03-28,1.154336586465674,1.115542629601952,1.034775862288261
2019-03-29,1.2088949847738442,1.1586096673055555,1.0434014309454465
2019-04-01,1.2524172374458638,1.1890055454332,1.0533317041759973
2019-04-02,1.2542966870026053,1.1882155741148797,1.0556137407447723
2019-04-03,1.2850240939928514,1.2034360527401895,1.0677959091111557
2019-04-04,1.294755373947193,1.215424996226463,1.0652696612024828
2019-04-08,1.2827311166882633,1.2139290423757068,1.0566771795638963
2019-04-09,1.279358720886155,1.2193744321730604,1.0491926738255417
2019-04-10,1.274846836854603,1.2224921127308974,1.0428262265077126
2019-04-11,1.2499694008901279,1.196081635697729,1.0450535846250693
2019-04-12,1.250616798573963,1.1934008650844938,1.0479435998107962
2019-04-15,1.232535401509375,1.189481294933211,1.0361956987130105
2019-04-16,1.2589152751847832,1.2224741652107085,1.0298093088681295
2019-04-17,1.2658488064280646,1.2229079904252778,1.035113693212401
2019-04-18,1.259089693818186,1.2183721753425043,1.033419606340103
2019-04-19,1.2666345295452524,1.2328924202504388,1.0273682510660254
2019-04-22,1.2406640149027555,1.204468315581062,1.0300511842889215
2019-04-23,1.2292889575718857,1.2024935275002626,1.0222832218709113
2019-04-24,1.2411068693709844,1.205808630780179,1.029273499699506
2019-04-25,1.198069951025695,1.1793981537470106,1.0158316317685956
2019-04-26,1.182712081054887,1.1636751445564082,1.0163593220904754
2019-04-29,1.151997720619316,1.1669842886987618,0.9871578664558059
2019-04-30,1.160563726617561,1.1708380279068513,0.9912248312367697
2019-05-06,1.0717739048243535,1.1024435338414864,0.9721803175621485
2019-05-07,1.0854069065590282,1.1132297831525926,0.9750070677099818
2019-05-08,1.074886690463154,1.0973092811324099,0.9795658425069402
2019-05-09,1.061492442729819,1.077035383746375,0.9855687740151198
2019-05-10,1.1076978509095594,1.1161559300184123,0.9924221348636177
2019-05-13,1.0874274848644079,1.0976892637864122,0.9906514719050754
2019-05-14,1.0815556325193922,1.0906340655571034,0.9916760045147922
2019-05-15,1.1046890873736275,1.1151506585653244,0.9906186925404716
2019-05-16,1.1115711742871501,1.1201981882959873,0.9922986717002638
2019-05-17,1.0734985286336187,1.0917142118209797,0.9833146046922141
2019-05-20,1.0605903236349612,1.082447963233383,0.9798072144427795
2019-05-21,1.0856760243714827,1.0971058291652669,0.9895818575656639
2019-05-22,1.0796734534092094,1.0918997162679334,0.9888027602933053
2019-05-23,1.0559638170848697,1.072325982491773,0.9847414259525052
2019-05-24,1.0527719672391231,1.0753030274031288,0.9790467806843077
2019-05-27,1.0795922238622715,1.0882554582720503,0.9920393375067151
2019-05-28,1.087695755084031,1.098745433285036,0.9899433682577696
2019-05-29,1.087674183070184,1.096247082388722,0.9921797745633605
2019-05-30,1.0819850997294553,1.089446234172092,0.9931514431748835
2019-05-31,1.0822826514028456,1.086038378668699,0.9965418098111255
2019-06-03,1.0759412340548553,1.0867025771306946,0.9900972508004413
2019-06-04,1.0622405004057733,1.076667389474999,0.9866004216248618
2019-06-05,1.060424813788069,1.0762604154332125,0.9852864590966403
2019-06-06,1.0455764827846132,1.0665573270085147,0.9803284420887637
2019-06-10,1.0548236150685837,1.0803385687511657,0.9763824467434533
2019-06-11,1.0936662701587458,1.1128139054582122,0.9827934974522248
2019-06-12,1.0857669302325448,1.1043823567744069,0.9831440384503854
2019-06-13,1.0873538363648179,1.1026739771964134,0.9861063730999189
2019-06-14,1.0744454685744385,1.0935452795252654,0.9825340465470999
2019-06-17,1.0735887469217409,1.0935273320050765,0.9817667245255073
2019-06-18,1.0748881574682068,1.097357164555414,0.9795244357872211
2019-06-19,1.0878808337714403,1.1118145230351864,0.9784733075815483
2019-06-20,1.1129621650087254,1.1454986532699645,0.9715962230349553
2019-06-21,1.1210145225483332,1.1471203098695446,0.9772423283795052
2019-06-24,1.1219955337426828,1.1493134828151441,0.9762310723045305
2019-06-25,1.116179661886567,1.1373573496392162,0.9813799174381147
2019-06-26,1.1032269012237814,1.1352689172997197,0.9717758360264531
2019-06-27,1.1129318770425247,1.147383633642318,0.9699736377706315
2019-06-28,1.1145880770920757,1.1446219589732307,0.9737608721851742
2019-07-01,1.136745826964056,1.1776000365680723,0.9653072279760797
2019-07-02,1.1372913517876408,1.1780069405023579,0.9654368855438543
2019-07-03,1.1292913512941511,1.1649496989198325,0.9693906546705454
2019-07-04,1.1205036499742878,1.1588370259304508,0.9669208222567928
2019-07-05,1.1257193502023686,1.164850987558793,0.9664063148210627
2019-07-08,1.0993337170085564,1.1378002187213807,0.9661922180362633
2019-07-09,1.1002721612787076,1.1349098967884383,0.9694797484736468
2019-07-10,1.0988950956384351,1.1329979951358014,0.9699003002266755
2019-07-11,1.0982167790311883,1.1325432077785114,0.9696908440123406
2019-07-12,1.1016014570172186,1.1395774438650994,0.9666753786218532
2019-07-15,1.1116819519663605,1.1442031367638195,0.9715774378232876
2019-07-16,1.1105404571803434,1.1390119567641435,0.9750033356412819
2019-07-17,1.1126658008792352,1.1383537174397105,0.9774341523491921
2019-07-18,1.0998864430502437,1.1275106810530062,0.9754997992773216
2019-07-19,1.1101146466806993,1.139347070617673,0.9743428278433841
2019-07-22,1.0991243091037128,1.1314840236573553,0.9714006438649974
2019-07-23,1.1061887183882038,1.1339464795132912,0.9755211011925347
2019-07-24,1.113098058763127,1.1428985763900792,0.9739254923905154
2019-07-25,1.12178282879541,1.1522456589260273,0.9735622088096988
2019-07-26,1.1241888588459945,1.1544896598096621,0.9737539433929073
2019-07-29,1.12285312666597,1.1532031170636117,0.9736820080100707
2019-07-30,1.1262519162506084,1.1580052705416903,0.9725792661753357
2019-07-31,1.1188085037511895,1.147545161324019,0.9749581467106064
2019-08-01,1.1119805733137833,1.1380036706885233,0.9771326771213354
2019-08-02,1.0994214792358774,1.121239424896954,0.9805412250259736
2019-08-05,1.0780387107321738,1.0997716668808448,0.9802386651673709
2019-08-06,1.0636971510761395,1.0879951491218087,0.9776671816365342
2019-08-07,1.065406584079337,1.0835370131498534,0.983267365257961
2019-08-08,1.0758745684356765,1.097856820713177,0.9799771228244312
2019-08-09,1.0634119813577056,1.0871573644879848,0.9781582833305255
2019-08-12,1.0824454382164919,1.1067759670646178,0.9780167535507162
2019-08-13,1.0789811798455318,1.0967976365920211,0.9837559307641756
2019-08-14,1.0826541969194632,1.1017793353794907,0.982641589067887
2019-08-15,1.0884921655916389,1.1052500773110463,0.9848379004322917
2019-08-16,1.0933496655521644,1.1101988956806697,0.9848232328512857
2019-08-19,1.1202070426190451,1.1342995408870096,0.9875760345834714
2019-08-20,1.1190992259501449,1.133294199326421,0.9874745909890715
2019-08-21,1.1169581370843067,1.131508000422608,0.9871411750223004
2019-08-22,1.116278428920888,1.1350236111546361,0.98348476450223
2019-08-23,1.1194508363501705,1.1432067689633254,0.9792199160658425
2019-08-26,1.1119725192795815,1.1267656486426594,0.9868711569429738
2019-08-27,1.1305312089579096,1.1420368850985037,0.9899253025092953
2019-08-28,1.1244761188916446,1.1377373322932187,0.9883442223216453
2019-08-29,1.124211025239804,1.1340302579766741,0.9913412956419793
2019-08-30,1.1178028997092215,1.136842760583797,0.9832519838849147
2019-09-02,1.1388782690730337,1.1514228071898613,0.9891051853076945
2019-09-03,1.1417340054316008,1.1530056242340323,0.9902241423931305
2019-09-04,1.1475167318271042,1.162696724276104,0.9869441513577405
2019-09-05,1.1569356750730178,1.1744613237600146,0.9850777132184406
2019-09-06,1.1636131543658026,1.1813998631080946,0.9849443788697437
2019-09-09,1.1764522321099227,1.1887123558651136,0.989686214924326
2019-09-10,1.1719241585313653,1.1846191995420026,0.9892834414505983
2019-09-11,1.1619281741227518,1.175891516775078,0.9881253138974748
2019-09-12,1.1697983136725452,1.1885417142083163,0.984229917796149
2019-09-16,1.172507167328008,1.1841555085321185,0.9901631659691811
2019-09-17,1.148085231084026,1.1642585791775542,0.9861084570190985
2019-09-18,1.150092337848062,1.1699015319119885,0.9830676398623464
2019-09-19,1.1610982049575307,1.174180122574553,0.9888586790344072
2019-09-20,1.1598572017620556,1.177552083037568,0.9849731646434972
2019-09-23,1.1497514760124565,1.1640910222507894,0.9876817654597085
2019-09-24,1.1522500854526867,1.1672087028086262,0.9871842821939685
2019-09-25,1.1339627660142544,1.158202763371271,0.979071024415052
2019-09-26,1.1151089110529695,1.149274573152235,0.9702719759947741
2019-09-27,1.1269278965769585,1.152718393803507,0.9776263679271654
2019-09-30,1.1125913440800566,1.1413128148308778,0.9748347075599276
2019-10-08,1.1086430921052899,1.1482393657963317,0.9655156626130991
2019-10-09,1.1139475369108178,1.1499028765738526,0.9687318464928412
2019-10-10,1.1323271628972107,1.159297842532805,0.9767353318137214
2019-10-11,1.136532302453885,1.1703952289321882,0.9710671014019784
2019-10-14,1.151112302493109,1.182815053118,0.9731972039573559
2019-10-15,1.13857520194236,1.177731558239458,0.9667527323835737
2019-10-16,1.1319677152953056,1.1736744371717265,0.9644648289546767
2019-10-17,1.1326385497230083,1.1744314579647,0.9644143487827556
2019-10-18,1.1151967105169662,1.1577239992487287,0.9632664704546513
2019-10-21,1.1193244803763174,1.1611528870023435,0.9639768310493451
2019-10-22,1.1256167901823744,1.1656528771522399,0.96565350821449
2019-10-23,1.1157239640367191,1.158232629166586,0.9632986810599056
2019-10-24,1.114575004078989,1.1581100111477947,0.9624085737540095
2019-10-25,1.128129775120081,1.1659251045776071,0.9675833985312301
2019-10-28,1.1418746360656533,1.174841306414017,0.9719394694684439
2019-10-29,1.1294570888207323,1.1699464007124614,0.965392165088014
2019-10-30,1.1224926707611496,1.1642615938000862,0.9641241081374117
2019-10-31,1.1160200795522426,1.162921138385968,0.9596696136258905
2019-11-01,1.1301174534006768,1.1825607031053218,0.9556528053342779
2019-11-04,1.1382491586609134,1.1902592077614063,0.9563035944092284
2019-11-05,1.1458255939644397,1.1976464351142122,0.9567311022431836
2019-11-06,1.1384869930699786,1.1922818091577092,0.9548807876841348
2019-11-07,1.1419505564954378,1.1943732561197373,0.9561086123155422
2019-11-08,1.1349745657956793,1.188730303385303,0.9547788615832066
2019-11-11,1.108942058524976,1.1677772045321144,0.9496178331116581
2019-11-12,1.1102977338585043,1.167989630259352,0.9506058145498798
2019-11-13,1.1053218214721838,1.1668795480926601,0.947245860362283
2019-11-14,1.1123346363019315,1.1686388958236904,0.9518206524504954
2019-11-15,1.1023299712923695,1.1600308865605264,0.9502591560822667
2019-11-18,1.1123098522216994,1.1692582254852135,0.9512952981452134
2019-11-19,1.1286288713098833,1.1809600086484626,0.9556876295934279
2019-11-20,1.117264986971257,1.1692372633424928,0.9555502736692953
2019-11-21,1.114971169536802,1.1637738559174495,0.9580651463061315
2019-11-22,1.105955686074231,1.1519225334551253,0.9600955393736249
2019-11-25,1.1099192038395054,1.1603660004140561,0.9565250993595558
2019-11-26,1.1167586198369828,1.1643872264414097,0.9590955607182423
2019-11-27,1.1164443611338304,1.1595910321008938,0.9627914758111813
2019-11-28,1.1126219230803676,1.1556057011139182,0.9628041139013788
2019-11-29,1.1096725119567517,1.1455435220704382,0.9686864711618692
2019-12-02,1.1136944062849055,1.1477546425362268,0.9703244622247335
2019-12-03,1.1180394418378792,1.1522516180635913,0.9703084155497155
2019-12-04,1.1154958827045836,1.1518716354095893,0.9684203069276283
2019-12-05,1.1232698367084784,1.1607100179201797,0.9677437252770605
2019-12-06,1.1273599434966388,1.1676006738452556,0.9655355368919991
2019-12-09,1.1288322352844151,1.1655242298883854,0.968518891617136
2019-12-10,1.129753924950746,1.1669992917039216,0.9680844992640963
2019-12-11,1.1287944382571082,1.1677083589663897,0.9666749660474071
2019-12-12,1.1255643451407893,1.1641987073719242,0.9668146322560789
2019-12-13,1.1421585769266955,1.1872970256402073,0.9619821765415671
2019-12-16,1.1590632102835225,1.1930806140211232,0.9714877575430972
2019-12-17,1.1760634088443902,1.2093123232370835,0.9725059327075303
2019-12-18,1.1775156018558366,1.2066134648886577,0.9758846856267213
2019-12-19,1.1736024632158895,1.2049290620759168,0.9740012919880477
2019-12-20,1.1702886383707112,1.2019668799547176,0.973644663499214
2019-12-23,1.1505890310533133,1.1869620520016793,0.9693562057127042
2019-12-24,1.169004870246152,1.194699396213173,0.9784928944900578
2019-12-25,1.172265974200115,1.1940740373065863,0.9817364230147213
2019-12-26,1.1864989959985657,1.2045818897322602,0.9849882404111905
2019-12-27,1.1739283070243784,1.2033970729697812,0.9755120179304752
2019-12-30,1.2003601236307522,1.221229476642601,0.9829111944880148
2019-12-31,1.201782575544288,1.2257026156197146,0.9804846299823446
2020-01-02,1.2178349327734075,1.2423560915601173,0.980262374891311
2020-01-03,1.2178308690544146,1.2401779917271765,0.9819807133961156
2020-01-06,1.216044194633746,1.2354924270228258,0.9842587198725739
2020-01-07,1.226384931374099,1.244746757335297,0.9852485448522026
2020-01-08,1.2039749050685178,1.2304120168743162,0.978513610527831
2020-01-09,1.216385062019193,1.245985416658343,0.9762434180662111
2020-01-10,1.2114978316773144,1.2456294107695933,0.9725989296678607
2020-01-13,1.2263036287898892,1.257839753743199,0.9749283445212623
2020-01-14,1.2246292912455385,1.253621104993766,0.9768735436626431
2020-01-15,1.2188454747054396,1.2466915394057805,0.9776640300987256
2020-01-16,1.2124334751260395,1.2413987035300338,0.9766672638519527
2020-01-17,1.2153688005916823,1.2431370891183433,0.9776627302252282
2020-01-20,1.2268699600625208,1.2524062822209712,0.9796101931769575
2020-01-21,1.2073946498582864,1.2310073697705872,0.9808183764840487
2020-01-22,1.214966182393563,1.236279313611114,0.9827602621973052
2020-01-23,1.1758465962157674,1.1979725752076482,0.9815304795370248
2020-02-03,1.076425976769251,1.1035625897682748,0.9754099919201484
2020-02-04,1.1053677681700398,1.1326689105273373,0.97589662600999
2020-02-05,1.1253828050995671,1.1455016678924983,0.9824366359675879
2020-02-06,1.1534951048146043,1.166819746394531,0.9885803770281574
2020-02-07,1.1621319312002771,1.1668466676748144,0.9959594207146922
2020-02-10,1.1719347835973157,1.1716758125406774,1.000221026203551
2020-02-11,1.1714005135362022,1.182581735355544,0.9905450748264939
2020-02-12,1.1888480025153645,1.1921472027562923,0.9972325563208135
2020-02-13,1.178682408135714,1.1848136777490519,0.9948251191487033
2020-02-14,1.1833083175752006,1.1931344565816904,0.9917644327910523
2020-02-17,1.2148333443183048,1.219969925284335,0.9957895839400852
2020-02-18,1.2167002845258308,1.2140127507315912,1.0022137607637316
2020-02-19,1.204719198754872,1.212157706262053,0.9938634160647963
2020-02-20,1.2324418982209757,1.2400882541262315,0.9938340227965119
2020-02-21,1.2380322399191808,1.2415333099314516,0.997180043431566
2020-02-24,1.2373064107771405,1.2365516111439818,1.0006104068979866
2020-02-25,1.241577483050369,1.233861866770652,1.0062532253305718
2020-02-26,1.2149872416984304,1.2186534466354693,0.9969915935107222
2020-02-27,1.2139283821239657,1.222201867677843,0.9932306718123441
2020-02-28,1.1563159688543265,1.178868561686435,0.98086928978762
2020-03-02,1.197987983969724,1.2176510495899115,0.9838516415463939
2020-03-03,1.206501145937296,1.2241407607182644,0.9855902071501824
2020-03-04,1.2068509403137124,1.2312287692579187,0.9802004066564338
2020-03-05,1.2258922144363371,1.2586595908568339,0.9739664507714987
2020-03-06,1.2062369257789287,1.2382480724468494,0.9741480343234737
2020-03-09,1.154184088812969,1.1959470292963137,0.9650796068217857
2020-03-10,1.1918550457230326,1.2215587014660687,0.9756838081482397
2020-03-11,1.1678910569610066,1.2053119892449502,0.9689533227763001
2020-03-12,1.146795755250955,1.1821179041306584,0.970119605873257
2020-03-13,1.1398777634723256,1.165482305602944,0.9780309473532742
2020-03-16,1.076473110816147,1.1153750726751894,0.9651220806237516
2020-03-17,1.080167755522967,1.1099415310454606,0.9731753658280995
2020-03-18,1.0583520775448165,1.0879741869790895,0.9727731505133197
2020-03-19,1.0607294974021868,1.0738608460054408,0.9877718340769196
2020-03-20,1.0738996258180082,1.0930486379900364,0.9824810978153355
2020-03-23,1.0178105962817938,1.0562738185852056,0.963585936121251
2020-03-24,1.0448987475790195,1.084638051448952,0.9633616911956524
2020-03-25,1.0854165156218798,1.1137832818709241,0.974531161752227
2020-03-26,1.068989009178144,1.1064618153538108,0.966132761514518
2020-03-27,1.0717286362536134,1.1100552454116588,0.9654732416999371
2020-03-30,1.050586939180008,1.099298932003368,0.9556881286743479
2020-03-31,1.0515639135023045,1.102904350443842,0.9534497829110234
2020-04-01,1.0528239033421833,1.099589177056425,0.957470230982601
2020-04-02,1.0911984684328337,1.117376711928772,0.9765716940254192
2020-04-03,1.0787403119871015,1.1110007151666168,0.9709627521034699
2020-04-07,1.1117684783740913,1.13637297022135,0.9783482250176487
2020-04-08,1.111540421415566,1.131083148968135,0.9827221123660117
2020-04-09,1.1147596074738844,1.1348142000499324,0.9823278625036895
2020-04-10,1.089313452459752,1.1277440689229663,0.9659225727518862
2020-04-13,1.0769566716604788,1.1229807550002966,0.9590161424094881
2020-04-14,1.1065744745901127,1.1446549094985796,0.9667319516192455
2020-04-15,1.1050440009535636,1.1361755474992707,0.9725997037920523
2020-04-16,1.1083689846683908,1.1376775305950904,0.9742382659949618
2020-04-17,1.1154858415177324,1.1487808761320364,0.9710170709609922
2020-04-20,1.1200112955765087,1.152960755433561,0.9714218721654043
2020-04-21,1.10949887075778,1.1393739918979584,0.9737793548451876
2020-04-22,1.1164636016338456,1.1487479957141902,0.9718960170543993
2020-04-23,1.1115765167333331,1.1458666475413424,0.9700749377062464
2020-04-24,1.0967406329156681,1.1360588185105414,0.9653907130914029
2020-04-27,1.0990754500990967,1.1437782152018459,0.9609165793607458
2020-04-28,1.0986317489855704,1.1516711980649788,0.9539456668113916
2020-04-29,1.098281290931797,1.1570208911238242,0.9492320314674932
2020-04-30,1.123208701594661,1.1706495088373676,0.9594747984904358
2020-05-06,1.136075023989085,1.1777315582394594,0.964629856473707
2020-05-07,1.1309985129635638,1.1743326764961606,0.963098903402831
2020-05-08,1.1465771581329862,1.1859208154007126,0.9668243808888434
2020-05-11,1.1441605556855232,1.1848914970748712,0.965624750038379
2020-05-12,1.1444543588272407,1.1849094445950603,0.9658580780562138
2020-05-13,1.1482457641496333,1.187305999400302,0.9671017957709321
2020-05-14,1.1347404130414065,1.1744314579647008,0.9662040345955316
2020-05-15,1.1328646806208567,1.1707212989181235,0.9676638510529786
2020-05-18,1.1338512157305336,1.1737402681149207,0.9660154350430094
2020-05-19,1.1434872109679481,1.1837156540724862,0.9660151126952363
2020-05-20,1.1357313183224442,1.1774235058812141,0.9645903217062357
2020-05-21,1.1230675061752362,1.1710115439711801,0.959057587397171
2020-05-22,1.1016572280685673,1.1441642271009107,0.962848865551366
2020-05-25,1.0960012587864114,1.1457380002774864,0.9565897775241554
2020-05-26,1.1176476018986958,1.1587383145694121,0.9645384016787383
2020-05-27,1.1053015669718955,1.1506120139438218,0.960620568512386
2020-05-28,1.1043468577543534,1.153909169703549,0.9570483420615084
2020-05-29,1.1129034233918011,1.1570178765012915,0.9618722804500756
2020-06-01,1.145900527160606,1.1882305771200392,0.9643755591090492
2020-06-02,1.1448327594439154,1.1918897680135798,0.9605189927520812
2020-06-03,1.1441486862635024,1.1919137447788324,0.9599257423412018
2020-06-04,1.1451141758965309,1.191476975049232,0.9610879604695799
2020-06-05,1.150536272350006,1.1971796593742956,0.9610389412657849
2020-06-08,1.152586085392976,1.2033732364195293,0.9577960108389451
2020-06-09,1.1591532309797012,1.2108771226535642,0.9572839467306863
2020-06-10,1.1610127648054023,1.2086869643304963,0.9605570334321416
2020-06-11,1.1551325455589299,1.1955729356723728,0.9661748866114138
2020-06-12,1.1575237562823766,1.1977271989550624,0.9664335562323703
2020-06-15,1.1518802060095406,1.1833386159335146,0.9734155469107572
2020-06-16,1.1704122363765204,1.2011651305762723,0.9743974467648775
2020-06-17,1.174600726201696,1.2020686760457888,0.9771494338123435
2020-06-18,1.1818058982010164,1.2100842068202124,0.9766311233054565
2020-06-19,1.195401908960828,1.2263398928014253,0.9747720970163312
2020-06-22,1.1968427125916359,1.2273392051169505,0.9751523520163208
2020-06-23,1.2040088208840662,1.2332454816241583,0.9762929107175095
2020-06-24,1.2045036294706801,1.2383916526083603,0.9726354557814537
2020-06-29,1.1982940060255969,1.2296341040461214,0.9745126636310756
2020-06-30,1.2202001425008315,1.2458627285320494,0.9794017547491327
2020-07-01,1.2335263277451716,1.2709418641261954,0.9705607806012843
2020-07-02,1.2620076564002178,1.2972895248387022,0.9728033968031375
2020-07-03,1.2915094533175946,1.3223505726976577,0.9766770476628254
2020-07-06,1.3679446057916806,1.3972975942120374,0.9789930301591127
2020-07-07,1.3651535651225977,1.4056872186104012,0.9711645286724074
2020-07-08,1.4034642066581,1.428387606704493,0.9825513747603181
2020-07-09,1.4216307153962353,1.448365299899908,0.9815415458341068
2020-07-10,1.390591207629962,1.4221432718287244,0.977813723255752
2020-07-13,1.416962523734671,1.4520125725183228,0.975861056958438
2020-07-14,1.404527023712224,1.4381684443475096,0.976608149923253
2020-07-15,1.371721822202409,1.4195522388164343,0.9663059834600349
2020-07-16,1.3204212026525297,1.351268514602236,0.9771715897940635
2020-07-17,1.3097940399743209,1.3597806869118905,0.9632391845106353
2020-07-20,1.370441386066122,1.4003524584492126,0.9786403257247
2020-07-21,1.362643048451356,1.4035659058530583,0.9708436509956188
2020-07-22,1.373824775744066,1.4105702060368313,0.9739499458194243
2020-07-23,1.3727912726496325,1.409968823895497,0.9736323593715005
2020-07-24,1.3013566882889684,1.3480789037486414,0.9653416314655239
2020-07-27,1.307276254666106,1.354918731735682,0.9648373913846886
2020-07-28,1.3138108866856808,1.3668298558961358,0.9612102640414639
2020-07-29,1.350470693763623,1.3999664465501471,0.9646450435233691
2020-07-30,1.3396508647656864,1.3931267587781082,0.9616144807531192
2020-07-31,1.3535475157449495,1.4047657256206958,0.9635396785801308
2020-08-03,1.3888980797725325,1.4275827725960164,0.9729019615772353
2020-08-04,1.3875928962525936,1.4289261725251658,0.9710738895631473
2020-08-05,1.4005327687655467,1.4293180734542936,0.9798608124927852
2020-08-06,1.4056035994485687,1.4250245498940721,0.9863714976370428
2020-08-07,1.3888838663290364,1.4086193947212848,0.9859894528882635
2020-08-10,1.3927128237427782,1.4136878865946687,0.9851628757303595
2020-08-11,1.3715148879499326,1.4007952574238771,0.9790973239531148
2020-08-12,1.3499003490587065,1.3905804543512896,0.9707459534863371
2020-08-13,1.34585004503157,1.3870110010586945,0.9703239873398938
2020-08-14,1.3680603464055816,1.407632000680885,0.9718877844094465
2020-08-17,1.4091572840192503,1.4407237225344234,0.9780898738450399
2020-08-18,1.4102558111651338,1.439984649261639,0.9793547534609144
2020-08-19,1.392039120587466,1.4184181798844901,0.9814024808260902
2020-08-20,1.3640411919261421,1.4000083708355888,0.9743093115307734
2020-08-21,1.3726776651161254,1.4118835999556647,0.9722314680609858
2020-08-24,1.3776696109394984,1.4229570796972961,0.9681736930762299
2020-08-25,1.3653107635619761,1.42478225837152,0.9582592396416293
2020-08-26,1.339230315082052,1.4080808289006121,0.9511032943525574
2020-08-27,1.348762204382258,1.4156266394200885,0.9527668997065346
2020-08-28,1.3816959215182139,1.4494125657459387,0.9532799384881319
2020-08-31,1.3722521828345569,1.4410198566175425,0.9522784689834867
2020-09-01,1.3812260513443793,1.4487692593191632,0.9533789058952525
2020-09-02,1.3760838569558866,1.4492988513797413,0.9494824726079417
2020-09-03,1.3705089245115025,1.4412831803903163,0.9508949685656866
2020-09-04,1.3560386939602214,1.4272566325025817,0.9501015185913094
2020-09-07,1.3226421416370804,1.3970822239697698,0.9467174651172856
2020-09-08,1.3250168162860563,1.4045681626836155,0.94336241664088
2020-09-09,1.2850254234585665,1.3717159280525995,0.936801415787957
2020-09-10,1.2814994690772694,1.3709349304943736,0.9347631609438584
2020-09-11,1.3021501779282072,1.3844888136121298,0.9405277710629519
2020-09-14,1.303093208185183,1.391600798917037,0.9363987209545066
2020-09-15,1.3178102651245907,1.4027999112999914,0.9394142774812126
2020-09-16,1.3109924305184957,1.393488793911922,0.9407986890502108
2020-09-17,1.31147698098084,1.3861134848342416,0.9461541174874819
2020-09-18,1.3370178054136228,1.4173441329731786,0.9433261649793869
2020-09-21,1.3292428547944712,1.403682564734288,0.9469682734472747
2020-09-22,1.3077754925268141,1.387026004063853,0.942862995138633
2020-09-23,1.3141996203816548,1.3919837260860701,0.9441199604228665
2020-09-24,1.287495221599679,1.3652771149697829,0.9430284939831974
2020-09-25,1.2869870310103193,1.3673565034416841,0.9412227372824337
2020-09-28,1.2839805871927208,1.3709140384591538,0.9365872338982374
2020-09-29,1.2904934460784192,1.3738731358503207,0.9393104882858809
2020-09-30,1.2897700901705627,1.372556657201455,0.9396844082198486
2020-10-09,1.3182359774147892,1.4006037237318607,0.9411912556553788
2020-10-12,1.3559493144170671,1.4430963005744137,0.9396111083351413
2020-10-13,1.3652372879916692,1.4478955796449622,0.942911427581289
2020-10-14,1.35414580379159,1.4382911324738035,0.9414963168565972
2020-10-15,1.3474054444629577,1.4357898370624587,0.9384419708804109
2020-10-16,1.3403469683207805,1.4336774980652105,0.9349013080902907
2020-10-19,1.3291893723339314,1.4228493945761636,0.9341743247041747
2020-10-20,1.3437507008148755,1.434213119370852,0.9369254001834401
2020-10-21,1.3352340871014376,1.4340215856788348,0.9311115679401484
2020-10-22,1.3267592848643115,1.4295784527120374,0.9280772820458585
2020-10-23,1.3109613450525484,1.4117789995645647,0.9285882177429247
2020-10-26,1.3146981661505057,1.4036256374436893,0.9366444521096522
2020-10-27,1.3209498306326342,1.4060313062240268,0.9394882068309819
2020-10-28,1.324271660468513,1.4173979755337465,0.9342976943154127
2020-10-29,1.3310796604514143,1.4280644111260905,0.9320865712225127
2020-10-30,1.3082779019074307,1.4048494339765787,0.9312584468245882
2020-11-02,1.3117825167535464,1.4124790930669382,0.9287093332512641
2020-11-03,1.3292566794457674,1.429452820070714,0.9299059477737853
2020-11-04,1.3375452509767065,1.4402540022794774,0.9286870571855974
2020-11-05,1.361026343102493,1.46163188247964,0.9311690305999134
2020-11-06,1.3583804268594906,1.4618144424115629,0.9292427188081158
2020-11-09,1.385793577663248,1.4904269960429248,0.9297963478536836
2020-11-10,1.3738689392475283,1.4822080133013584,0.9269069704915953
2020-11-11,1.3523444344751026,1.4675530217770048,0.9214961329557957
2020-11-12,1.3576161816591767,1.4686182351432242,0.9244173531093176
2020-11-13,1.3505326041319483,1.453176497245584,0.9293658455747175
2020-11-16,1.363956243893424,1.4673347070197054,0.929546774412327
2020-11-17,1.3646071241838265,1.4645281635501455,0.9317725381776875
2020-11-18,1.3596770809282552,1.463594612070313,0.9289984191762893
2020-11-19,1.3636250702189816,1.4744616953297704,0.9248290915512731
2020-11-20,1.3773553838782258,1.4790394346979856,0.9312499393631628
2020-11-23,1.3924665156389073,1.4975120600675487,0.9298532898466921
2020-11-24,1.3916035271006557,1.488314657045677,0.9350197019916514
2020-11-25,1.3714486689231076,1.4692884628502836,0.933410084948618
2020-11-26,1.362643965902479,1.4719483414282988,0.9257417040738286
2020-11-27,1.3708681309112443,1.4902535500860985,0.9198891898845288
2020-11-30,1.3713524210105712,1.4841138156014317,0.9240210599716273
2020-12-01,1.3969577988114747,1.516083537013153,0.9214253467613212
2020-12-02,1.3928897749473004,1.5160954552882786,0.9187348791850635
2020-12-03,1.3861417395021942,1.5130795708215137,0.9161063081101547
2020-12-04,1.3852419178947435,1.5157304756394343,0.9139104479049006
2020-12-07,1.3699299651602703,1.5026613157817834,0.9116691504416233
2020-12-08,1.3674311340301974,1.4989632853328339,0.9122512521889883
2020-12-09,1.3500049302598054,1.4788629040111265,0.9128668564193347
2020-12-10,1.3446938106260888,1.4782106238242563,0.9096767327698213
2020-12-11,1.335718346151835,1.4629842561688844,0.913009378275662
2020-12-14,1.3412270156868673,1.476511218006357,0.9083757707563132
2020-12-15,1.3419027177629619,1.479580945033689,0.9069478234814707
2020-12-16,1.3378062138228772,1.4822049285713261,0.9025784411015064
2020-12-17,1.357232187618851,1.5012371520117829,0.904075805611423
2020-12-18,1.362251098678425,1.4959981586966031,0.9105967749755081
2020-12-21,1.3810396243713512,1.5100217620693066,0.9145825967956908
2020-12-22,1.350286183235225,1.4854663295056765,0.9089981754649157
2020-12-23,1.372281560480058,1.4981374189741348,0.9159917795923835
2020-12-24,1.3651742304491943,1.496013161701761,0.9125415908081094
2020-12-25,1.3913232404883027,1.508576566049085,0.9222755223701604
2020-12-28,1.4007843396935535,1.5152787029046755,0.9244400630777395
2020-12-29,1.3843905470221025,1.5088548928270167,0.9175107252548881
2020-12-30,1.4041865124025472,1.5300293210600362,0.9177513744832665
2020-12-31,1.427084465156566,1.5592254495275446,0.9152521629178011
2021-01-04,1.4526481877985784,1.5761092987153738,0.9216671641887884
2021-01-05,1.467609748574477,1.6062628152129657,0.9136797133536921
2021-01-06,1.4729364505412208,1.6209745938129176,0.9086733722806377
2021-01-07,1.4953006086205647,1.6496949727804149,0.9064103566372442
2021-01-08,1.497203692388948,1.6442404690079653,0.9105746517066751
2021-01-11,1.4767559384186966,1.6280028707619427,0.907096642727381
2021-01-12,1.512093251369155,1.6744359097909989,0.9030463587930891
2021-01-13,1.5038370072088822,1.6689365372180767,0.9010750101472426
2021-01-14,1.4788352688035524,1.6367693930842762,0.9035086280645084
2021-01-15,1.4733515023128312,1.6330653333902632,0.9021999746048959
2021-01-18,1.4862558001297828,1.6511490023457296,0.900134268935336
2021-01-19,1.455655420413353,1.626913680630471,0.8947342675545324
2021-01-20,1.474224491696789,1.638555732203091,0.8997097033218678
2021-01-21,1.5053268297501263,1.66504697307711,0.9040746922401769
2021-01-22,1.5073277827281877,1.6664861398522681,0.9044946409586163
2021-01-25,1.5193568632048833,1.6832833361691846,0.9026150443945076
2021-01-26,1.492998506605525,1.6494884360832398,0.9051282045666807
2021-01-27,1.493787268746347,1.6539855518256055,0.9031440855680766
2021-01-28,1.4513465672071941,1.6088479591951936,0.9021029979322672
2021-01-29,1.437363703370805,1.6013140669508428,0.8976151106370874
2021-02-01,1.4564512313160847,1.620968564567854,0.8985067712922433
2021-02-02,1.4856046253960573,1.6459339857958024,0.9025906495744259
2021-02-03,1.47501786364241,1.6411797157407282,0.8987546272326898
2021-02-04,1.4602539017342842,1.6378137144152758,0.8915872964561277
2021-02-05,1.4352046000288592,1.6406440944350869,0.8747811941035478
2021-02-08,1.4610069809981836,1.6649242849508181,0.8775215751275691
2021-02-09,1.5008269632458724,1.701334054599304,0.8821471357659653
2021-02-10,1.5294295457029459,1.7376780634120974,0.8801570198220517
2021-02-18,1.5511093026706815,1.7259075748981247,0.898720954256336
2021-02-19,1.564758642935822,1.7290371737310872,0.90498843327887
2021-02-22,1.5480801964267512,1.6747290993590873,0.9243764839454905
2021-02-23,1.539316207196769,1.669445237243435,0.9220525314975092
2021-02-24,1.4964788754654932,1.6269286836356294,0.919818361135151
2021-02-25,1.4933553316879828,1.6365001802814412,0.9125298913386978
2021-02-26,1.453529050059319,1.596766193377943,0.9102954810086459
2021-03-01,1.4925082639151404,1.6213067631514164,0.9205588342912209
2021-03-02,1.4655041264906863,1.6006169179635006,0.9155870527441874
2021-03-03,1.4952479821242466,1.631309000281765,0.9165939634158718
2021-03-04,1.4332913499963942,1.5799959183413097,0.9071487675114206
2021-03-05,1.4234646678608855,1.5746373216298701,0.9039952554836505
2021-03-08,1.3615421887081542,1.5199492646038681,0.8957813398218932
2021-03-09,1.3319290088222422,1.4873303477353095,0.8955165951197797
2021-03-10,1.3485137621094532,1.4970872086130735,0.9007583221278997
2021-03-11,1.3970663274154904,1.534370798150763,0.91051415283662
2021-03-12,1.399675295428504,1.539804269672991,0.9089955931384408
2021-03-15,1.3589248217566223,1.5066407577386962,0.9019567635991877
2021-03-16,1.364350546651256,1.5197517016667872,0.8977456943492184
2021-03-17,1.377050930325628,1.526184625719542,0.9022833195403193
2021-03-18,1.3890235540588953,1.5384249747034635,0.9028867685449752
2021-03-19,1.354974885859523,1.4981284452140402,0.9044450695720789
2021-03-22,1.3693891538415772,1.5131064921017965,0.9050183585818952
2021-03-23,1.3455669120586224,1.4987746961558468,0.8977779752419216
2021-03-24,1.3090002595555355,1.474671036326975,0.887655773599458
2021-03-25,1.3207061411079593,1.4739709428246013,0.8960191159379727
2021-03-26,1.3633712368863085,1.507373801766417,0.9044679131935561
2021-03-29,1.363154485444436,1.5100336803444323,0.9027311795678002
2021-03-30,1.3821693800026067,1.524350473285224,0.9067267693523302
2021-03-31,1.368350805048979,1.5104764793190961,0.9059067279656114
2021-04-01,1.3868329244891453,1.5291526968708034,0.9069289988678727
2021-04-02,1.3994923281892935,1.5443461140008279,0.9062038072305748
2021-04-06,1.4014523596322375,1.5379970385189563,0.9112191535698878
2021-04-07,1.3963918416132437,1.5270462469036172,0.9144397849408289
2021-04-08,1.3976063347193237,1.5295804928403094,0.9137187230494028
2021-04-09,1.3848563037796575,1.5065808859330658,0.9192047481220891
2021-04-12,1.3528860016559254,1.4803738608670403,0.9138813089171633
2021-04-13,1.3471827495379367,1.4779473000514824,0.9115228597738291
2021-04-14,1.3641752303166121,1.4902116258006566,0.9154238275276319
2021-04-15,1.3572318242142245,1.4807388405158843,0.9165909524878605
2021-04-16,1.361336540024061,1.4858880962301189,0.9161770280534176
2021-04-19,1.390736160899078,1.5220436560809274,0.9137294816365847
2021-04-20,1.386269422952861,1.5209515214344245,0.9114487894035285
2021-04-21,1.3870052805224824,1.525550293052861,0.9091835823693962
2021-04-22,1.3888234855557766,1.5227078545429231,0.9120748155414651
2021-04-23,1.3879203739606913,1.5365340351935473,0.9032799418503372
2021-04-26,1.3788934660766756,1.5191175092151077,0.9076937483191261
2021-04-27,1.375055869984982,1.523090781711956,0.9028062453634033
2021-04-28,1.3932967377158136,1.5316838580774628,0.909650337024933
2021-04-29,1.3972133636032869,1.5451269713440525,0.9042709042790829
2021-04-30,1.3842229359641356,1.5329554679258561,0.9029766127759986
2021-05-06,1.37084513366597,1.5142943935943083,0.9052698996079295
2021-05-07,1.3514692233958354,1.4948252602092496,0.9040984651320738
2021-05-10,1.3562229810293782,1.4937391548078103,0.9079382947579456
2021-05-11,1.3646437942560812,1.5029066920343674,0.908003006100711
2021-05-12,1.3757288974067599,1.50933653135709,0.9114792286712895
2021-05-13,1.3683803804033305,1.4939037672195443,0.9159762565899153
2021-05-14,1.3917401606112147,1.5290957695802043,0.9101720038067341
2021-05-17,1.4024573058510519,1.551356443429665,0.9040200347191429
2021-05-18,1.4116275199673591,1.5521373007728894,0.9094733560390803
2021-05-19,1.4054518795010296,1.5475505876445799,0.9081783114051031
2021-05-20,1.4012990703068067,1.5517812948841396,0.9030261383653497
2021-05-21,1.3941820946777135,1.5361449385644497,0.9075849938877496
2021-05-24,1.3998104314187887,1.5425599150970153,0.9074593587703537
2021-05-25,1.4288156463257458,1.5912968268153367,0.8978938575433695
2021-05-26,1.4343552039657546,1.591928074751985,0.9010175941455272
2021-05-27,1.4416254990845376,1.5972060478375754,0.9025920613287965
2021-05-28,1.4343432633051194,1.5920776841585609,0.9009254244168325
2021-05-31,1.444376286924147,1.5952133122365868,0.9054439778333112
2021-06-01,1.4480238217087913,1.5982383106784475,0.9060124588642288
2021-06-02,1.4307012495116689,1.5827665667704913,0.9039243559654538
2021-06-03,1.4203007603348874,1.5723902360162028,0.9032749808554852
2021-06-04,1.4273817001904403,1.5804657788112586,0.9031398966854189
2021-06-07,1.432386979659492,1.5790744253516042,0.9071054262312872
2021-06-08,1.4283907927400574,1.5654577259131863,0.9124429035008448
2021-06-09,1.4257980948468025,1.566753312526832,0.9100335601316206
2021-06-10,1.4365700751865176,1.5772312991571913,0.9108176308409316
2021-06-11,1.4219703420111947,1.5632377017948036,0.9096315553153462
2021-06-15,1.4041997421419325,1.545842067851584,0.908372059050957
2021-06-16,1.3841775569793728,1.5200899002503494,0.9105892728787998
2021-06-17,1.4001079622541317,1.5264928182927882,0.9172057316456924
2021-06-18,1.4115484863550973,1.526666264249615,0.9245953221144242
2021-06-21,1.4124971307634193,1.5230519421565472,0.9274123171159947
2021-06-22,1.4222314164170948,1.532557537751665,0.92801175902575
2021-06-23,1.4419275088686485,1.5401064330011738,0.9362518576451849
2021-06-24,1.441774953123602,1.5426736294632128,0.934594930248001
2021-06-25,1.4624957920111994,1.5678064674029246,0.9328292888304176
2021-06-28,1.4704697580102792,1.57133413662508,0.9358097197382615
2021-06-29,1.4516955993200629,1.5530170096921547,0.9347583382926525
2021-06-30,1.4651092013535725,1.5630402790727247,0.9373457747504435
2021-07-01,1.4526815079258324,1.5647217373704347,0.9283960676401866
2021-07-02,1.4298679014389049,1.5202783492123346,0.9405303326063468
2021-07-05,1.4413880866629527,1.5216755917020512,0.947237436496373
2021-07-06,1.433597684536543,1.5208707575935743,0.9426163777419715
2021-07-07,1.456407471203282,1.5380419073194294,0.9469231392671064
2021-07-08,1.4540400659105421,1.5224146649748354,0.9550880580453267
2021-07-09,1.4605910677500133,1.5167836305155264,0.9629528156587408
2021-07-12,1.4789216361327375,1.5357141980799127,0.9630187947613024
2021-07-13,1.4860224437287781,1.5385236860645037,0.9658755709702317
2021-07-14,1.4668226272487728,1.5208647283485106,0.9644662013048185
2021-07-15,1.4775662824560267,1.5413242002890002,0.9586343237710673
2021-07-16,1.4696531715066292,1.52436239156035,0.9641100958954256
2021-07-19,1.4724352093768678,1.5299635602243442,0.9623988751476925
2021-07-20,1.4786426456793584,1.5286170755651622,0.9673074240209392
2021-07-21,1.5068197952166156,1.5391041761706177,0.9790239143952376
2021-07-22,1.5192556878602719,1.5414109933749143,0.9856266073033945
2021-07-23,1.505421939222248,1.5227049100278924,0.9886498226335083
2021-07-26,1.4682432284435845,1.4736567210062923,0.9963264900939676
2021-07-27,1.4231247674416565,1.421598676762991,1.0010735031648599
2021-07-28,1.4158871964001614,1.4243424039118893,0.9940637816521463
2021-07-29,1.4552545602102938,1.4512077384098485,1.002788588906561
2021-07-30,1.454747605100557,1.4395088997616305,1.0105860445471715
2021-08-02,1.4946013099290216,1.47618199318289,1.0124776733703522
2021-08-03,1.487626639113972,1.4763975036401598,1.0076057670418204
2021-08-04,1.5035494318135811,1.489679089225048,1.009310960118094
2021-08-05,1.48312316045455,1.4806491029149396,1.0016709276591866
2021-08-06,1.4745203265818345,1.4725378052945073,1.0013463296359517
2021-08-09,1.5011422086079067,1.4916866876161927,1.0063388116755432
2021-08-10,1.5171243174100297,1.5089177091476784,1.0054387381184537
2021-08-11,1.5111054535688997,1.5005969303150397,1.0070028953422248
2021-08-12,1.5068138152578352,1.4880333857527142,1.0126209732153428
2021-08-13,1.4846879301185385,1.4798442688064624,1.0032730885365273
2021-08-16,1.4849794410495716,1.4783752362359897,1.0044672047066998
2021-08-17,1.452733977561749,1.4473570138242902,1.0037150224071194
2021-08-18,1.465099551546328,1.4643635511384117,1.0005026077078634
2021-08-19,1.4730422132365617,1.4547592441822543,1.0125676940204524
2021-08-20,1.447431695196828,1.4269724166945896,1.0143375430827386
2021-08-23,1.4807392543672275,1.4469021563594995,1.023385892307234
2021-08-24,1.4927728097320572,1.4626132472749764,1.0206203263325226
2021-08-25,1.5054375486898715,1.4655364496257652,1.0272262754531252
2021-08-26,1.4742388428488773,1.436648513731503,1.0261652928730205
2021-08-27,1.4748031628150489,1.4442572807866425,1.021149889590149
2021-08-30,1.4674246152822836,1.4401372031832478,1.0189477863905747
2021-08-31,1.4786333224964243,1.4378453889841092,1.0283673987654078
2021-09-01,1.4988215061416514,1.4569494025053225,1.0287395729490174
2021-09-02,1.5001700980022132,1.4569343995001645,1.029675803191195
2021-09-03,1.4903872750998348,1.4490505306121275,1.0285267791663866
2021-09-06,1.5345402901241358,1.4761790486678588,1.0395353405868644
2021-09-07,1.5547795736166048,1.4938618429341028,1.0407786911290626
2021-09-08,1.5590323373520423,1.4876684061038705,1.0479703211786762
2021-09-09,1.5663366984582243,1.4870340734371894,1.0533293933458645
2021-09-10,1.5697793046154391,1.5000523352493043,1.0464830244436414
2021-09-13,1.5691510680073004,1.4935118662904168,1.0506451963483598
2021-09-14,1.5375972037046326,1.4712213266456415,1.0451161737916939
2021-09-15,1.5324488605357423,1.456309040593578,1.0522827352023651
2021-09-16,1.504007642657448,1.438470747890696,1.0455601164381356
2021-09-17,1.5212187905862717,1.4529041997127161,1.0470193360904756
2021-09-22,1.5358596508632183,1.442680422880034,1.064587573592473
2021-09-23,1.559935765380014,1.4520843625990811,1.0742735102441914
2021-09-24,1.5343883409183092,1.4509563329122002,1.0575013914020785
2021-09-27,1.4993329156420534,1.4593160915152494,1.0274216287749238
2021-09-28,1.5168981872301144,1.4612489553106074,1.0380833339296918
2021-09-29,1.4768754875851742,1.4463187217383546,1.0211272697971392
2021-09-30,1.4970714461033312,1.4560279095156168,1.0281887018232834
2021-10-08,1.4895546134309763,1.4750451299509155,1.0098366369851637
2021-10-11,1.4792557188159177,1.4769150372106103,1.0015848451307856
2021-10-12,1.4374240025788174,1.4612518998256383,0.983693504693021
2021-10-13,1.4418616075029729,1.478087935697964,0.9754910872891438
2021-10-14,1.4402960590285936,1.470159057794453,0.9796872327470062
2021-10-15,1.4421907656948796,1.4756943254077532,0.9772964094690706
2021-10-18,1.4536509882789819,1.458541123202087,0.9966472423400929
2021-10-19,1.4699672666511145,1.4728848374231622,0.9980191453548045
2021-10-20,1.4709406984952988,1.469132824198644,1.0012305723940522
2021-10-21,1.472652733321517,1.4744706690898648,0.9987670587103167
2021-10-22,1.4675620203576187,1.4839583171647934,0.9889509721280441
2021-10-25,1.4827766597475938,1.4898794564621578,0.9952326366514038
2021-10-26,1.47641879193153,1.4849666032404132,0.9942437686543046
2021-10-27,1.4568109510495013,1.465536449625765,0.9940462084184315
2021-10-28,1.430652193625406,1.4553576818085572,0.9830244561237689
2021-10-29,1.4430836610691493,1.4687110574742017,0.982551097253176
2021-11-01,1.4347609675050812,1.4633014225022247,0.9804958468855037
2021-11-02,1.4148472740864746,1.448090057852011,0.9770437041637823
2021-11-03,1.4219538578818516,1.4424830001579547,0.9857681911857158
2021-11-04,1.4288807058093718,1.4567338920480521,0.9808797019203549
2021-11-05,1.4058727371524553,1.4488379646698883,0.970345043017131
2021-11-08,1.4117722304721738,1.4505823795032613,0.9732451258339581
2021-11-09,1.4138652718255726,1.450151498803723,0.9749776302627112
2021-11-10,1.4120233134751192,1.442506976923207,0.9788675798899026
2021-11-11,1.4315762888134775,1.46568311451731,0.9767297409883413
2021-11-12,1.429030245162781,1.462607218029913,0.9770430690801873
2021-11-15,1.4286879227618028,1.460815130096038,0.9780073421527863
2021-11-16,1.422770423712477,1.461096261173999,0.9737691222132572
2021-11-17,1.432333702692543,1.4618234161716577,0.9798267607750156
2021-11-18,1.4230794613161097,1.4474227746599828,0.9831816150954295
2021-11-19,1.4379080791253827,1.4631129735402397,0.9827731044214106
2021-11-22,1.4508502522462716,1.4697970226606394,0.9871092605834306
2021-11-23,1.4509609256370442,1.4700813786836342,0.9869936091131831
2021-11-24,1.4538329010321485,1.471071717239065,0.9882814576577743
2021-11-25,1.4450053658746664,1.465021860570345,0.9863370675657455
2021-11-26,1.4324551674110673,1.45415786204092,0.9850754204915602
2021-11-29,1.4286563934642724,1.4515518260234717,0.9842269272452219
2021-11-30,1.4275913498396986,1.4457502901223669,0.987439780986569
2021-12-01,1.4329580830038553,1.4492867928896151,0.9887332790405111
2021-12-02,1.4273206229431679,1.4529699605484083,0.9823469594680682
2021-12-03,1.4409776371068466,1.466392181779778,0.9826686578197071
2021-12-06,1.4303319992511752,1.4638788278783061,0.977083602830876
2021-12-07,1.438364394297396,1.4726993329762081,0.9766857104434047
2021-12-08,1.463162494048495,1.4947893651688713,0.9788419212383123
2021-12-09,1.4863247251112857,1.5195513344296767,0.9781339342965588
2021-12-10,1.476632496917552,1.5124990807153988,0.9762865417538751
2021-12-13,1.482723235304557,1.52108023880578,0.9747830505435153
2021-12-14,1.4732595336111949,1.5108774942233196,0.9751019121299026
2021-12-15,1.4639467865888236,1.4977724393252905,0.9774160267285299
2021-12-16,1.4771511894727867,1.506398466216144,0.9805846345443896
2021-12-17,1.4594941659955971,1.48247119685913,0.9845008584907324
2021-12-20,1.4416840099605759,1.4602286107448599,0.987300207208771
2021-12-21,1.456036677515042,1.4701231627540743,0.990418159786937
2021-12-22,1.4607837085192092,1.4704104632921005,0.9934530153224441
2021-12-23,1.4658312081718723,1.4806701351651603,0.9899782357725255
2021-12-24,1.4605699274884714,1.4724719042438124,0.9919170092678589
2021-12-27,1.4623257837743826,1.4718675775874472,0.993517219919536
2021-12-28,1.4686841168579454,1.482830287477912,0.9904600204491187
2021-12-29,1.4500634542165542,1.4611442147045035,0.9924163813698634
2021-12-30,1.4637473250767694,1.4725228022893484,0.9940405152307756
2021-12-31,1.4773364384566612,1.478165755023783,0.9994389556351828
2022-01-04,1.479671242435201,1.4714037463625622,1.0056187814480402
2022-01-05,1.459219276294938,1.456548387601098,1.001833710926857
2022-01-06,1.4555405002559747,1.4416212387588778,1.009655283317746
2022-01-07,1.4472142468459952,1.4428600382969254,1.00301776224547
2022-01-10,1.4513301763851023,1.4493466646952458,1.0013685557349206
2022-01-11,1.4341346503716375,1.4354995920094016,0.9990491521938689
2022-01-12,1.4548718176658553,1.4498044666750676,1.0034951961504224
2022-01-13,1.42943067132281,1.4259700196490313,1.0024268754785115
2022-01-14,1.4293382142148294,1.4142443999355312,1.0106727057077167
2022-01-17,1.4431612534744125,1.426376923583317,1.0117671070062815
2022-01-18,1.4541755573755661,1.4401611799484997,1.0097311173375523
2022-01-19,1.444449701483853,1.4302964937345999,1.0098952964027048
2022-01-20,1.4451474805830273,1.443201041180517,1.001348695952241
2022-01-21,1.4152362473389832,1.4299763828862282,0.9896920426633243
2022-01-24,1.4194206343010172,1.432199491734643,0.9910774598738696
2022-01-25,1.3808998322030372,1.3997988896233837,0.986498733810661
2022-01-26,1.3856452315593737,1.409929844125088,0.9827760135251383
2022-01-27,1.355678363628598,1.38227467852381,0.9807590232907867
2022-01-28,1.3464724891090925,1.3654864559669881,0.9860753164011204
2022-02-07,1.3644752923067012,1.3865262777985903,0.9840962368726975
2022-02-08,1.365766155501656,1.3789506014837993,0.9904387829644105
2022-02-09,1.3810137455636131,1.3919029622452201,0.9921767414992478
2022-02-10,1.3786849546225597,1.3882527451117743,0.9931080341653175
2022-02-11,1.3556255444091652,1.3767454401555737,0.9846595491581785
2022-02-14,1.3483436267199629,1.3618721338739206,0.9900662427716506
2022-02-15,1.37723192338678,1.3763564837414772,1.000636055887878
2022-02-16,1.3788756019929167,1.3817091914228548,0.9979492143154812
2022-02-17,1.382626074469083,1.3850512159830546,0.9982490600448661
2022-02-18,1.3908451930094294,1.3916575859926363,0.9994162407539154
2022-02-21,1.3928040659314744,1.386592178849285,1.0044799669123654
2022-02-22,1.37265369001398,1.3685922182497003,1.0029676273985204
2022-02-23,1.3866565133558688,1.3832230927938,1.0024821885782242
2022-02-24,1.3563304930865159,1.3551789707784254,1.000849719729217
2022-02-25,1.37092197230175,1.3683737632773996,1.0018622171023268
2022-02-28,1.36731378089481,1.3708362191333354,0.9974304456000204
2022-03-01,1.3783982524224936,1.3822178914482128,0.9972365869018543
2022-03-02,1.369391859302657,1.3699236999037243,0.9996117735600132
2022-03-03,1.3619777681554033,1.3618541863537321,1.000090745252252
2022-03-04,1.351599874270179,1.345338261329778,1.0046543037690847
2022-03-07,1.3127103206031905,1.3023580167120885,1.0079488925151605
2022-03-08,1.277437735312541,1.276210723236692,1.0009614494326902
2022-03-09,1.2580647785525125,1.2645299723236645,0.9948872751831483
2022-03-10,1.2837460945984003,1.2844238169481963,0.9994723530186428
2022-03-11,1.2975202458406494,1.2885169732713075,1.006987313909016
2022-03-14,1.2611167936385679,1.2490941234560864,1.0096251114761603
2022-03-15,1.1992593007128376,1.191961698309339,1.0061223463923794
2022-03-16,1.2475812457923334,1.2435050132822192,1.0032780185576857
2022-03-17,1.2797776235781644,1.2679258394444315,1.0093473796061496
2022-03-18,1.2900892147273104,1.2763634173733003,1.0107538316808369
2022-03-21,1.2900414241615235,1.274224016880767,1.0124133645820588
2022-03-22,1.2892857318739508,1.273191894254896,1.0126405435753054
2022-03-23,1.2941443781620525,1.2795408295217663,1.0114131165675615
2022-03-24,1.2855677775759113,1.271997963517321,1.0106681098930905
2022-03-25,1.2627672373407375,1.2490373363804883,1.0109923863445398
2022-03-28,1.2552025340575304,1.2412282020882386,1.0112584712027823
2022-03-29,1.2433195106803043,1.2369405675580791,1.005157032835311
2022-03-30,1.2848689007038112,1.2728328036361143,1.00945614933345
2022-03-31,1.2733149909546948,1.2634079718818472,1.007841504322702
2022-04-01,1.2890121994094124,1.2794331444006322,1.0074869523669152
2022-04-06,1.2833024758321334,1.275747032226808,1.0059223681611371
2022-04-07,1.2602321746498621,1.2593686581193029,1.000685674147115
2022-04-08,1.2632935572802002,1.2658524802175937,0.9979784983026193
2022-04-11,1.2192828868325096,1.226746796735713,0.9939156882878648
2022-04-12,1.240851393849285,1.2506530338425055,0.992162782380093
2022-04-13,1.2181175836368678,1.238616136825727,0.9834504390994034
2022-04-14,1.2366388872772225,1.254123775774061,0.9860580838713096
2022-04-15,1.2431847629788821,1.2532799618951735,0.9919449770017661
2022-04-18,1.2500816746790944,1.2465867987996777,1.0028035559840534
2022-04-19,1.2393147059233653,1.2371679962904742,1.0017351803791625
2022-04-20,1.212984931522769,1.2179861634434417,0.9958938516127857
2022-04-21,1.18118811300175,1.195558072882218,0.9879805421364224
2022-04-22,1.1746664524049444,1.200770144917114,0.9782608748038356
2022-04-25,1.1056708957834231,1.1414265291970773,0.9686746080461209
2022-04-26,1.088564021666634,1.1322141231700478,0.9614471321191442
2022-04-27,1.1376316335296446,1.1655511511686703,0.9760460811942647
2022-04-28,1.1421802508799035,1.1732017022942496,0.9735582966222414
2022-04-29,1.1969556702384472,1.2016647166265364,0.9960812310431241
2022-05-05,1.2065178035503152,1.1998605702025342,1.005548339126318
2022-05-06,1.1860979023449576,1.1695244937730194,1.0141710658136542
2022-05-09,1.1863648261698063,1.1601355570591303,1.0226087968350575
2022-05-10,1.204477768292959,1.1728306934003419,1.0269834981900618
2022-05-11,1.2312804703759797,1.1897505077360497,1.0349064466624658
2022-05-12,1.2291359080127995,1.184460616375334,1.0377178363044102
2022-05-13,1.2389693685420828,1.1933948358394335,1.0381889809926923
2022-05-16,1.231820385153833,1.1838024471584017,1.0405624588044176
2022-05-17,1.2433662001797474,1.1985680683189206,1.037376376899194
2022-05-18,1.2478362350669694,1.1943851743948641,1.0447519458697119
2022-05-19,1.2544880536466678,1.196685962354097,1.0483018044089558
2022-05-20,1.2762543815774698,1.2200237678449024,1.046089769080397
2022-05-23,1.278951151431993,1.212956651340468,1.0544079625752436
2022-05-24,1.2400059439796352,1.1845833045016256,1.0467866120241553
2022-05-25,1.2526476657707533,1.1917731091323522,1.051078981537618
2022-05-26,1.2550947306367146,1.1947232327634243,1.050531785285241
2022-05-27,1.2543768920051945,1.1971946623794547,1.047763518684663
2022-05-30,1.2619185890070053,1.2054885199318097,1.046810955178891
2022-05-31,1.279737232326716,1.2241885740337681,1.0453758999807619
2022-06-01,1.2792519061816854,1.2216933078674868,1.0471137870229226
2022-06-02,1.289405758238735,1.223605139412623,1.0537760235770983
2022-06-06,1.313458174939824,1.2465000057137634,1.0537169425745163
2022-06-07,1.315674328063306,1.2504016283448574,1.0522013873293252
2022-06-08,1.3277531402290021,1.2625731317630535,1.0516247390556548
2022-06-09,1.308000062680581,1.2493664209889537,1.0469307007989017
2022-06-10,1.3344126000533796,1.2683118513434966,1.0521171103462164
2022-06-13,1.3338124492993224,1.2534594370970635,1.0641049960007893
2022-06-14,1.3523719540467634,1.2633211787959322,1.0704894184831961
2022-06-15,1.3681702549704071,1.2800495295471237,1.0688416529120246
2022-06-16,1.363493851720439,1.271624010108382,1.0722460734318997
2022-06-17,1.3774327362007615,1.289270909334248,1.0683811495537725
2022-06-20,1.378909422334794,1.2956708828616559,1.06424358266761
2022-06-21,1.3764482445934254,1.2942167130813398,1.0635376832032284
2022-06-22,1.3557252769276515,1.2777756628681742,1.0610041467564868
2022-06-23,1.3843142917843725,1.2996950534040401,1.0651069942589269
2022-06-24,1.3879744087365504,1.314921421059412,1.0555569226473478
2022-06-27,1.3999457059415703,1.3297289665053724,1.0528053018358565
2022-06-28,1.4087201571976338,1.3435700099461534,1.0484903256020812
2022-06-29,1.3862559632982792,1.3228772202432066,1.0479097697694277
2022-06-30,1.4043611183337994,1.3419213619587893,1.0465301158063893
2022-07-01,1.394264327656871,1.3364490508811522,1.0432603672677232
2022-07-04,1.4022042467737155,1.3452186579335181,1.0423615807765683
2022-07-05,1.3922450993470095,1.3432768203780658,1.0364543467333571
2022-07-06,1.3798376686648328,1.3236580775864313,1.0424426761183219
2022-07-07,1.3925606366560064,1.329492564012883,1.0474377024364554
2022-07-08,1.3914192575911455,1.3250972443615894,1.0500506762894288
2022-07-11,1.3638138182132786,1.3029085008078862,1.0467456597049043
2022-07-12,1.3453310753275574,1.2906412305436812,1.0423741652518246
2022-07-13,1.3508156253877264,1.2929870275183883,1.0447248090186394
2022-07-14,1.3621594788542326,1.2931694472353097,1.0533495681996028
2022-07-15,1.344304208799022,1.2711662081285606,1.0575361429550088
2022-07-18,1.353812581978452,1.2843490823524093,1.0540845947418076
2022-07-19,1.3454591110442529,1.27739259548414,1.0532855097177976
2022-07-20,1.3515543744824736,1.2817190695697087,1.05448565646777
2022-07-21,1.3412748581010023,1.2674352271542642,1.058259096295223
2022-07-22,1.3359711445789955,1.2680844226111019,1.053534859948921
2022-07-25,1.32265155926123,1.260427842240459,1.0493671394232025
2022-07-26,1.332122764202227,1.2704032983055253,1.0485825768706865
2022-07-27,1.3356536466939701,1.2641379311795353,1.0565727154850146
2022-07-28,1.3384783831485305,1.2643265203565215,1.0586492979448847
2022-07-29,1.3141542436622806,1.247699825481401,1.0532615432203332
2022-08-01,1.326659568338121,1.2532590698599537,1.0585676978075806
2022-08-02,1.295694621108409,1.2288261852076143,1.0544165128524643
2022-08-03,1.2908827931986175,1.2168462154814352,1.0608430028176488
2022-08-04,1.3027801165820045,1.2271866511953458,1.0615989958112946
2022-08-05,1.3220016952038602,1.2437534742648357,1.0629129667237922
2022-08-08,1.3221970411184354,1.2411084584769771,1.065335613569958
2022-08-09,1.3232001105196778,1.2435679698178819,1.064035213703243
2022-08-10,1.3107182049888157,1.229640133291187,1.0659364227813706
2022-08-11,1.3403342454309468,1.254713099425268,1.068239620710821
2022-08-12,1.3300978459714377,1.2539980029177362,1.0606857769124323
2022-08-15,1.3224196359033265,1.2523614134204988,1.0559408983158318
2022-08-16,1.317138095689901,1.2500157566607932,1.0536971943525046
2022-08-17,1.330065398476575,1.2617204843390735,1.0541680308640646
2022-08-18,1.3242251771256355,1.2506918733979147,1.0587941005228918
2022-08-19,1.3045548050476998,1.2420061149164319,1.0503610162462658
2022-08-22,1.313784005940196,1.2510808298120113,1.050119204638126
2022-08-23,1.3090610547438815,1.2450011073479765,1.0514537272439552
2022-08-24,1.2747759955222782,1.2214658791350919,1.0436443762349994
2022-08-25,1.2758992641193807,1.2315849153616707,1.0359815618111046
2022-08-26,1.2679110625827177,1.2289847683742847,1.0316735367354675
2022-08-29,1.2671497794651008,1.2235902766224673,1.0355997458257618
2022-08-30,1.2635895056130482,1.219482117294198,1.0361689504858964
2022-08-31,1.2454476247625181,1.2203947767388108,1.020528478572036
2022-09-01,1.2381442972790784,1.209892813343199,1.0233504023036673
2022-09-02,1.2391251028942833,1.2038698779547623,1.0292849132494415
2022-09-05,1.2428157888006632,1.2014224251039844,1.0344536299903808
2022-09-06,1.2622119973517316,1.212447951315111,1.0410442740924613
2022-09-07,1.2670170988995093,1.2132558701536205,1.0443115340040199
2022-09-08,1.2601620552199053,1.2080795529441009,1.0431118150695282
2022-09-09,1.2768537404137326,1.224867775500923,1.0424421035091314
2022-09-13,1.2780831660308103,1.2300499817405044,1.039049782531877
2022-09-14,1.2677484352494324,1.2163614922213304,1.0422464401879894
2022-09-15,1.251940737744798,1.2049200883158238,1.0390238737696682
2022-09-16,1.2177841100068985,1.1766634003582102,1.0349468757472782
2022-09-19,1.2155543565143139,1.1752632133534626,1.0342826549006716
2022-09-20,1.217781199392786,1.176711353888715,1.0349022259098173
2022-09-21,1.2093311853776942,1.1680016186419797,1.0353848539899866
2022-09-22,1.2016208264414583,1.157712080973605,1.0379271722127381
2022-09-23,1.1898736647156614,1.1537266798791288,1.0313306309604624
2022-09-26,1.1866277521094393,1.147940146983182,1.033701761566515
2022-09-27,1.2097838766140714,1.1645817046484594,1.0388140838767999
2022-09-28,1.1824367032186074,1.145555510453066,1.032195028899957
2022-09-29,1.1833180861761508,1.145085720090618,1.0333882131396306
2022-09-30,1.1697721988096041,1.1384285221430008,1.0275324063451972
2022-10-10,1.1388580919007205,1.1133105469934457,1.0229473662818225
2022-10-11,1.1400172182212578,1.1153301337672168,1.022134329295539
2022-10-12,1.172883177627178,1.132270980353146,1.035867913228126
2022-10-13,1.1708770492132996,1.1228042243134375,1.0428149661881234
2022-10-14,1.2048394215555274,1.1496725033264277,1.0479848983684321
2022-10-17,1.2143570457964814,1.1508513609513438,1.0551814830306505
2022-10-18,1.212315249815813,1.148415896483192,1.0556412999230511
2022-10-19,1.1963917788964218,1.1299432010061283,1.0588070071408244
2022-10-20,1.1981615009817197,1.123480411158059,1.0664729790408016
2022-10-21,1.1951980882262958,1.1198780073401167,1.0672573980313051
2022-10-24,1.163994270210557,1.0871094810649822,1.0707240535426616
2022-10-25,1.159691624849304,1.0853382150588262,1.068507133314612
2022-10-26,1.181239197257119,1.0941496762891327,1.0795956191874543
2022-10-27,1.1794408458347012,1.0864422679804544,1.0855991897545723
2022-10-28,1.1463810615114494,1.0595709743449324,1.0819294688778978
2022-10-31,1.1363987352330247,1.049808014114604,1.082482434839717
2022-11-01,1.1776906536031504,1.0873488280725028,1.0830844924813987
2022-11-02,1.204522868084308,1.1004059995475275,1.0946167765166603
2022-11-03,1.1959312369024961,1.0914569172932713,1.0957200581662105
2022-11-04,1.2343135673160701,1.127142616674131,1.0950819790295654
2022-11-07,1.2354431167480746,1.1295751366272515,1.09372371672143
2022-11-08,1.2275497373121045,1.1218049119979117,1.0942631148992417
2022-11-09,1.2202750130317086,1.1113148668774253,1.098046151816937
2022-11-10,1.205628793213288,1.1027637147973604,1.0932793462784816
2022-11-11,1.2332469860355821,1.13350662505366,1.0879927463831103
2022-11-14,1.2373055192190403,1.1351761650762444,1.0899678457712652
2022-11-15,1.2572922838126113,1.1567037247904834,1.0869613859334184
2022-11-16,1.2449917666924866,1.1472549863784647,1.0851918548835837
2022-11-17,1.2476085083086452,1.142548529638894,1.0919523118225498
2022-11-18,1.240441293548388,1.1374351689650375,1.0905599962036312
2022-11-21,1.2314789197734008,1.127729065917808,1.091998917994683
2022-11-22,1.2241415024931228,1.1278607278041948,1.0853658366812495
2022-11-23,1.221523417687548,1.129045544566674,1.0819080094385092
2022-11-24,1.2176819404512205,1.1240428836364835,1.0833055910747795
2022-11-25,1.224611803168698,1.129718786896265,1.0839970241914252
2022-11-28,1.2123960748343763,1.1169907701372073,1.0854127959226108
2022-11-29,1.246403005473042,1.1514527430926782,1.0824612759402852
2022-11-30,1.243380898070525,1.1528350526847375,1.0785418912921871
2022-12-01,1.2557345359731578,1.1653207779212433,1.0775870127478537
2022-12-02,1.2450028328650062,1.1581937896111782,1.0749520883573127
2022-12-05,1.2799650399349132,1.1809121953329598,1.0838782468276782
2022-12-06,1.2791946163468195,1.187291136610146,1.0774060185432435
2022-12-07,1.2698601245913557,1.1843708787743883,1.0721811447318204
2022-12-08,1.2711676037776656,1.1845922782617202,1.0730844925335716
2022-12-09,1.275874359246477,1.196279058419811,1.0665357303268395
2022-12-12,1.2672748158796239,1.182874924923632,1.0713514921803255
2022-12-13,1.2678210984812999,1.1805531047141775,1.0739212775932268
2022-12-14,1.2625803683746522,1.1833087501382014,1.0669914916349537
2022-12-15,1.262226055894001,1.1824410997090629,1.0674747826378574
2022-12-16,1.2639993789380448,1.1831113274161222,1.0683689266153673
2022-12-19,1.2355257402795918,1.1648569466963579,1.060667358153855
2022-12-20,1.222010908246227,1.1456482626765423,1.0666545291931757
2022-12-21,1.2176710664558639,1.1461030500338323,1.0624446609926734
2022-12-22,1.2151506341481808,1.1477456687761332,1.0587281374312858
2022-12-23,1.2127206655801317,1.1454089156690213,1.0587665671100477
2022-12-26,1.2248575220694995,1.1499776812771418,1.0651141687456036
2022-12-27,1.2390014530555917,1.1632502931019357,1.0651202586432686
2022-12-28,1.2307236738034404,1.158286541834655,1.0625381797616757
2022-12-29,1.2255021734620877,1.1539301318462711,1.0620245885262587
2022-12-30,1.231944698884861,1.158397241578321,1.0634907048003077
2023-01-03,1.2380889373175359,1.1632652259995933,1.064322142229986
2023-01-04,1.2416301803488472,1.1647761828555074,1.0659817728286032
2023-01-05,1.2617738472912259,1.187404850976344,1.0626315415957177
2023-01-06,1.2608803757024432,1.191088018635137,1.0585954656376118
2023-01-09,1.2715522494519347,1.2007311651467034,1.0589816324927142
2023-01-10,1.2716232066132913,1.2020327810054126,1.0578939499051527
2023-01-11,1.2639892851304273,1.1998067276419666,1.0534940803462585
2023-01-12,1.2665765878277633,1.2021523844016722,1.053590713009446
2023-01-13,1.2788809954011287,1.2190603505697553,1.0490711102230623
2023-01-16,1.2992295624088135,1.2380836002501174,1.0493875875153693
2023-01-17,1.3009008485001676,1.2378680897928476,1.0509204165024306
2023-01-18,1.3007829322423343,1.2357945903510084,1.0525883042366022
2023-01-19,1.3149122379976477,1.2434841212469983,1.0574419210749708
2023-01-20,1.32023697489574,1.2511198095824212,1.0552442418255592
2023-01-30,1.3195604996833732,1.2570499226398801,1.0497279987991384
2023-01-31,1.3014447223091836,1.2437384712596773,1.0463974158418212
2023-02-01,1.3195583045584809,1.2554281959327993,1.0510822592908486
2023-02-02,1.3181877007440683,1.2510060952162236,1.053702060913007
2023-02-03,1.3108301617075218,1.2391816239266824,1.057819238437221
2023-02-06,1.290527921288899,1.222800305304146,1.0553873070614805
2023-02-07,1.2948517396110473,1.2249994373873085,1.0570223137185437
2023-02-08,1.2861655305046533,1.2195868579003006,1.0545911692743046
2023-02-09,1.305816904033644,1.2359592027627424,1.0565210414022959
2023-02-10,1.2993431458949778,1.2286137594803765,1.0575684472592226
2023-02-13,1.3112954793306324,1.2397621140327968,1.0576992670514396
2023-02-14,1.3124304563257092,1.2402767030882167,1.0581755289427222
2023-02-15,1.3163632191464358,1.2338139132401473,1.066905799181259
2023-02-16,1.3019056960852853,1.224778037899977,1.0629727638793658
2023-02-17,1.2784046329720793,1.207131138674111,1.059043704544192
2023-02-20,1.3198537358078197,1.2367460893510307,1.0671986329064511
2023-02-21,1.3221154885327076,1.2399954317952544,1.0662260961869516
2023-02-22,1.3133013366542696,1.2288052931723943,1.0687627600168719
2023-02-23,1.305123288575193,1.2278178991319946,1.0629616081487732
2023-02-24,1.2976591833228972,1.2150719348527477,1.0679690198590244
2023-02-27,1.29147219792461,1.2099226791385131,1.0674006035196906
2023-02-28,1.3033056843341493,1.2175882332692507,1.0703993753575833
2023-03-01,1.322615522195848,1.2347863042753895,1.07112908332102
2023-03-02,1.3216603395792348,1.2320337435813982,1.072746867904203
2023-03-03,1.3245072526483141,1.235866520646767,1.0717235482316965
2023-03-06,1.3208213408429605,1.2294216783188867,1.0743436236207042
2023-03-07,1.3025965916082733,1.211421717719302,1.0752627037763718
2023-03-08,1.3025872017031777,1.2070115352778519,1.0791837224681737
2023-03-09,1.303139673175284,1.2027447927829125,1.083471473744715
2023-03-10,1.283529067378567,1.1869739702768063,1.0813455893049144
2023-03-13,1.3070990244594498,1.1994057127377438,1.0897888934311368
2023-03-14,1.3020043317613461,1.192227966597144,1.092076656679616
2023-03-15,1.3081765741293858,1.192886135814076,1.0966483177680917
2023-03-16,1.2925570294681836,1.1785993488836006,1.0966890747840023
2023-03-17,1.3111839246774109,1.184484593140587,1.1069657910879942
2023-03-20,1.310851659175355,1.178578316633379,1.112231271079054
2023-03-21,1.323813824233523,1.191533762124832,1.1110166294178683
2023-03-22,1.336225153170422,1.196638149038594,1.1166493014149477
2023-03-23,1.3593118857005901,1.2085014598835444,1.1247912649038738
2023-03-24,1.3587700147640893,1.204899056065602,1.1277044395743219
2023-03-27,1.3480118974097324,1.200539771669688,1.1228381843068331
2023-03-28,1.3316427431570028,1.196659041073814,1.112800469849843
2023-03-29,1.3366652810498034,1.1986428029147078,1.1151489649789494
2023-03-30,1.3360063417897428,1.2083339029567794,1.1056598995696059
2023-03-31,1.3584656986950234,1.212043991895856,1.120805604233999
2023-04-03,1.40004267459456,1.2239043582257756,1.1439150985818223
2023-04-04,1.410744898713844,1.2276563714502937,1.1491366244833303
2023-04-06,1.4164424333540828,1.2257205631399049,1.155599796519371
2023-04-07,1.4264920391307854,1.2336912251138559,1.1562796347190816
2023-04-10,1.4008920612427784,1.2281650714756518,1.1406382527713426
2023-04-11,1.4054092432527499,1.2267707735009663,1.145616828840798
2023-04-12,1.4197624960183994,1.2259150413469533,1.1581247053290573
2023-04-13,1.3889181270739972,1.2174446531077388,1.14084703853152
2023-04-14,1.4019117562132963,1.2243322944102828,1.145041883330005
2023-04-17,1.408852614930253,1.2415003594061056,1.1347983947456957
2023-04-18,1.4090271983232214,1.2452853231559708,1.1314894443245134
2023-04-19,1.3985724888255,1.2340742924978907,1.1332968341757192
2023-04-20,1.4150286876314588,1.2306214980865242,1.1498488282803987
2023-04-21,1.3774185292040786,1.206550648567998,1.1416168321146536
2023-04-24,1.365187363428483,1.1916115814506523,1.145664732266635
2023-04-25,1.3500242402266232,1.1856364593777193,1.138649397586156
2023-04-26,1.334291135241236,1.1846072812668795,1.1263573644543845
2023-04-27,1.3326869553335732,1.1933409932788672,1.1167696097255773
2023-04-28,1.3561786704231629,1.205509411967031,1.1249838922537192
2023-05-04,1.3461951916075794,1.2058565843106879,1.1163808442254468
2023-05-05,1.3307443611044818,1.2018562503185544,1.1072408707378818
2023-05-08,1.3537644085249037,1.2155537135978227,1.113701840882047
2023-05-09,1.339347807524166,1.205147376833218,1.1113560326900336
2023-05-10,1.3178627483752898,1.1958692099704957,1.1020124419858623
2023-05-11,1.3100385111473447,1.1940112209859264,1.0971743716659643
2023-05-12,1.2892458996458132,1.1781834711892205,1.0942658178224907
2023-05-15,1.3099570481051217,1.1964735366268606,1.0948483255201764
2023-05-16,1.2985667989308858,1.1902861290416917,1.0909702862591297
2023-05-17,1.2998849161176527,1.1848885525598418,1.0970524724113266
2023-05-18,1.3133997611719124,1.183661811511921,1.1096072783612692
2023-05-19,1.307529546252827,1.1802119616155855,1.1078768804062595
2023-05-22,1.307755479082004,1.1876291949787077,1.1011479716153745
2023-05-23,1.282789510950625,1.1708319986617912,1.0956221835556224
2023-05-24,1.2649372978784377,1.154645228353804,1.095520309456333
2023-05-25,1.269176623770883,1.152075087376734,1.1016440140727184
2023-05-26,1.2785656164519121,1.1522097638856523,1.1096639314530228
2023-05-29,1.278857071336547,1.1471203098695477,1.1148412771821472
2023-05-30,1.2861900986458248,1.1482602578315542,1.1201207129425048
2023-05-31,1.2787479587088983,1.1365286088729905,1.1251348613009717
2023-06-01,1.2917518345572099,1.1390209305242407,1.134089637810847
2023-06-02,1.3074700971389026,1.1554650654674385,1.1315531176271185
2023-06-05,1.2999773448967151,1.150205110009538,1.130213501560548
2023-06-06,1.2782257463166293,1.1394069424233064,1.1218342619521706
2023-06-07,1.266958528084917,1.1337759079639975,1.1174682044180009
2023-06-08,1.2687302057824472,1.143006331618717,1.1099940312541237
2023-06-09,1.2873264094314314,1.1479461061207452,1.1214171140679192
2023-06-12,1.2968350158802475,1.1502589525701055,1.1274287524410367
2023-06-13,1.3103538367051797,1.1563865584571447,1.1331451642376913
2023-06-14,1.309526962005195,1.1561202901693401,1.1326909259705018
2023-06-15,1.3381875548053248,1.1745152364280849,1.1393530822767335
2023-06-16,1.356024951169733,1.1858399113448619,1.143514346411114
2023-06-19,1.359410905576146,1.176133878405133,1.1558300721849297
2023-06-20,1.3608604921838674,1.1741381982891135,1.1590292302616803
2023-06-21,1.3358808444400365,1.1561233047918715,1.155483017168766
2023-06-26,1.3193133525723713,1.1398676889181591,1.157426748208402
2023-06-27,1.333965029707632,1.1505581713832567,1.159406853895857
2023-06-28,1.323228211796676,1.1491728471686657,1.1514614316348044
2023-06-29,1.3253421548585396,1.143499958531416,1.1590224774128206
2023-06-30,1.3392403810228029,1.1496665441888656,1.1648946277441594
2023-07-03,1.3435699160001446,1.1647552207127871,1.1535212653332685
2023-07-04,1.353227291321697,1.1665893731471053,1.1599859577591547
2023-07-05,1.3389626834217991,1.157553497806935,1.1567177551262695
2023-07-06,1.3325482842013168,1.1497562817898108,1.1589832604584303
2023-07-07,1.3192425998903734,1.1446549094985807,1.1525243013794186
2023-07-10,1.3230470491417916,1.15022901666729,1.1502466291236768
2023-07-11,1.3301780821018199,1.1577569497740778,1.1489268817271086
2023-07-12,1.3183531945701132,1.1499627483794854,1.146431218252871
2023-07-13,1.3328663170660344,1.1664128424602462,1.1427054543181276
2023-07-14,1.3342511134967012,1.166616294427389,1.1436931919004205
2023-07-17,1.3302421538705378,1.157062815409267,1.1496715097529213
2023-07-18,1.3273089328792358,1.1534035544082257,1.1507758301995483
2023-07-19,1.3213925484244382,1.1521857871203995,1.146857185009137
2023-07-20,1.3007660739275222,1.1440535273572465,1.1369800825073983
2023-07-21,1.2967827537364482,1.1435209206741368,1.1340262607281022
2023-07-24,1.2948375797382263,1.1385272335040406,1.1372917060166492
2023-07-25,1.3206752774378445,1.1714094741453729,1.1274241045398508
2023-07-26,1.3136552331773639,1.168982983437316,1.1237590724500102
2023-07-27,1.306015869843773,1.1675886854626305,1.1185581755841474
2023-07-28,1.3379443469751913,1.19463349516248,1.1199621912436164
2023-07-31,1.3451271053571172,1.2011830780964636,1.1198352107064014
2023-08-01,1.3405355488458433,1.1962072683390559,1.120654910170533
2023-08-02,1.3345776578556465,1.187799696420503,1.1235713074161129
2023-08-03,1.3504334647074379,1.198295770786053,1.126961721496844
2023-08-04,1.3535229297306195,1.2029632477552132,1.1251573414702052
2023-08-07,1.3376650862745671,1.1938585268493178,1.1204552768951324
2023-08-08,1.331955712102159,1.1907408462914808,1.1185941225166558
2023-08-09,1.3289587399396858,1.1871025474331605,1.1194978418783257
2023-08-10,1.3360907120099272,1.1895411667388451,1.1231983804922456
2023-08-11,1.3035178554929356,1.1621731614605915,1.1216210275022231
2023-08-14,1.2963686307532536,1.1536937994612826,1.1236678496136436
2023-08-15,1.294371234799815,1.1508902706142543,1.1246695430911775
2023-08-16,1.2846716370513158,1.142449818277855,1.1244884602352583
2023-08-17,1.2846737025500587,1.1462706069605975,1.1207420784839324
2023-08-18,1.2645914777629697,1.1321782281296695,1.116954421435964
2023-08-21,1.2389937259692334,1.1158896617306102,1.1103192084849174
2023-08-22,1.2522941552496623,1.1244678051984596,1.1136771986358849
2023-08-23,1.2249897914938235,1.1060369638993366,1.107548690936258
2023-08-24,1.2338669243290825,1.1140555794037927,1.107545213309204
2023-08-25,1.2218855063579381,1.1097829478787913,1.1010130482662548
2023-08-28,1.2345188399577531,1.1227892914157807,1.0995107001787372
2023-08-29,1.2528949831859237,1.1340063513189245,1.1048394761887568
2023-08-30,1.2536093108857536,1.133527587196382,1.1059363045467439
2023-08-31,1.2418558562974171,1.1265741850581452,1.1023294096103595
2023-09-01,1.245246836061287,1.134419214390773,1.0976954729473907
2023-09-04,1.2608205597447029,1.1516113262593488,1.094831677142397
2023-09-05,1.2510908702681318,1.1430451711741259,1.094524435095616
2023-09-06,1.2480019819044081,1.1405648379055018,1.094196437088312
2023-09-07,1.2280406433402489,1.1245395952792159,1.0920385982810452
2023-09-08,1.220857724631125,1.119010356910979,1.091015572010696
2023-09-11,1.230882122230931,1.1272533164177982,1.091930362327472
2023-09-12,1.230007475950514,1.1251768724609281,1.0931681107702702
2023-09-13,1.2161195948264485,1.118011044595454,1.0877527558473221
2023-09-14,1.208430510825231,1.1170715339780586,1.081784356747351
2023-09-15,1.2002930876668803,1.1096722481351255,1.0816645092134627
2023-09-18,1.207312200134537,1.1153361630122807,1.0824648569394981
2023-09-19,1.2019454915000654,1.1131788851070592,1.0797415470061391
2023-09-20,1.1950075671876748,1.108747740522888,1.0777993257727916
2023-09-21,1.1875942997158746,1.0987992758456058,1.0808109595830728
2023-09-22,1.207111865703819,1.1186931905776383,1.0790374660996422
2023-09-25,1.1992881455560558,1.1114136483459665,1.0790655192518703
2023-09-26,1.1944798066346796,1.1049179780800509,1.081057445286803
2023-09-27,1.2009764291126406,1.1071948593815322,1.0847019555198205
2023-09-28,1.1984014843147794,1.1039096218969304,1.0855974624584543
2023-10-09,1.194869004434301,1.1024764843668358,1.0838045267881857
2023-10-10,1.1823048457989194,1.0942185218548588,1.0805015837190743
2023-10-11,1.185472971698393,1.0973362024126958,1.0803188385582396
2023-10-12,1.2010262272982974,1.1077574019674572,1.0841960750297746
2023-10-13,1.189834342595335,1.096097472982149,1.085518735261889
2023-10-16,1.1741425828149614,1.0850838650461483,1.0820754235111822
2023-10-17,1.1776871348504712,1.088913697596486,1.0815247686294434
2023-10-18,1.1614044264481638,1.080290685328164,1.075085106464062
2023-10-19,1.1436527289512062,1.0572401803753846,1.0817340753594324
2023-10-20,1.1373505510661865,1.050373571323062,1.0828057579871964
2023-10-23,1.1199371752967244,1.0394975844110106,1.0773831436378871
2023-10-24,1.1271983599209328,1.043354268134131,1.0803601368658253
2023-10-25,1.1318110337913343,1.0485394188887436,1.0794167709887752
2023-10-26,1.1315810918136369,1.0514356999592487,1.07622472002567
2023-10-27,1.1546187712104687,1.0658721664038007,1.0832619591766757
2023-10-30,1.1621931596902522,1.0722691253086767,1.08386330657025
2023-10-31,1.1547257303074931,1.0689001093606925,1.0802933971053037
2023-11-01,1.1468436255279253,1.068457240278528,1.0733640826178157
2023-11-02,1.1363603621740368,1.06341875441546,1.0685916130928792
2023-11-03,1.1499277429666306,1.0723798250523424,1.0723138538255352
2023-11-06,1.1772574519620305,1.0868821224400878,1.083150994625845
2023-11-07,1.1793581798780617,1.0830373569920928,1.0889358268799514
2023-11-08,1.1802936090000338,1.0804372801122075,1.092422143076603
2023-11-09,1.182154421398075,1.0809639276577545,1.09361135108327
2023-11-10,1.174227158306347,1.073082933177248,1.0942557392368781
2023-11-13,1.1722670686353909,1.0709645649349362,1.0945899677890922
2023-11-14,1.1743072022488228,1.0717574807682877,1.0956837002033544
2023-11-15,1.1819194279053107,1.0792943175276695,1.0950853800590035
2023-11-16,1.1697922365391313,1.0688552405602199,1.0944346737973678
2023-11-17,1.1718150154512836,1.0675716423292003,1.0976453185798827
2023-11-20,1.1714379196242544,1.070040057322699,1.094760809754411
2023-11-21,1.1678299262033864,1.0714612765776679,1.0899413275424452
2023-11-22,1.1522188129584352,1.0604955520646713,1.0864909435171024
2023-11-23,1.16102505429,1.065611857253559,1.0895384153122631
2023-11-24,1.1499508619615035,1.0585776211669709,1.0863169964747632
2023-11-27,1.1436370487894276,1.0507774606348157,1.0883722687566135
2023-11-28,1.1457550324726864,1.0527462194705517,1.0883487504224054
2023-11-29,1.1360564247003833,1.0437073295078496,1.0884817923393142
2023-11-30,1.1390827152371061,1.046068059380214,1.0889183595874272
2023-12-01,1.1408589472818822,1.0420826582857379,1.0947873839092905
2023-12-04,1.1330284105334647,1.0352787954465763,1.0944186392272464
2023-12-05,1.1132975045850477,1.0155674406464663,1.0962319783276733
2023-12-06,1.116805030420014,1.0171651905882946,1.0979583658128245
2023-12-07,1.1106634727010858,1.0146758134520752,1.094599337026125
2023-12-08,1.1100642796189333,1.017123266302853,1.0913763517119335
2023-12-11,1.1166417533197195,1.023104347513349,1.0914250887836736
2023-12-12,1.1170676353226583,1.0253034795965112,1.0894995067823812
2023-12-13,1.0971157631398822,1.0081921315687858,1.0882010767458856
2023-12-14,1.0906041795876993,1.0029112139681646,1.0874384136882513
2023-12-15,1.0899218465248162,0.9997965480328594,1.090143638392513
2023-12-18,1.077742944165321,0.9961522900369763,1.0819058039060636
2023-12-19,1.0795134668226827,0.9975495325266927,1.082165277636273
2023-12-20,1.06517663081033,0.9866166884315424,1.0796255965461896
2023-12-21,1.0844748853157693,0.9966010481492027,1.08817353476575
2023-12-22,1.0892741660336087,0.9985039760417453,1.0909061878268058
2023-12-25,1.0944756452553501,1.0015617847939517,1.0927689752864456
2023-12-26,1.0859554256163482,0.9947818987200426,1.0916517751414816
2023-12-27,1.0871452969530446,0.9982436668915038,1.089058045655704
2023-12-28,1.1169348624857343,1.0216352448353756,1.093281450627435
2023-12-29,1.1221014534146223,1.0265930369650935,1.0930343505269424
2024-01-02,1.1100884138959493,1.013200751636539,1.0956253359493817
2024-01-03,1.1070518833437872,1.0107922084486711,1.095231912247179
2024-01-04,1.0957951628826275,1.0014421112901912,1.094217179933524
2024-01-05,1.0875765252279963,0.9960744707111566,1.0918626640952969
2024-01-08,1.0718723019716212,0.9831938299229913,1.0901942926712382
2024-01-09,1.0766279145834543,0.9851206644732858,1.0928893823977337
2024-01-10,1.0719920235739984,0.98052196296235,1.0932871104032176
2024-01-11,1.08611380349729,0.9860691488507757,1.1014580516621093
2024-01-12,1.076921246438704,0.9826283428220354,1.0959598858566062
2024-01-15,1.0718551117668331,0.9816559517867937,1.0918846972973173
2024-01-16,1.0736026205223246,0.9876279891296942,1.0870516351692219
2024-01-17,1.0498942813140608,0.9661453683234285,1.086683552741099
2024-01-18,1.0633173289788918,0.9798039219397873,1.0852348160372405
2024-01-19,1.0533490724503949,0.9783228308791877,1.0766886340614001
2024-01-22,1.021548334522426,0.9630994778463478,1.060688286122613
2024-01-23,1.03535632428296,0.9669980858549099,1.0706911827727306
2024-01-24,1.0431175165639643,0.9805160038247874,1.0638454777841275
2024-01-25,1.0599242106489495,1.0002064665896773,1.0597054168854627
2024-01-26,1.0485682476680749,0.9974837015834997,1.0512134143179268
2024-01-29,1.0299539656965189,0.9885495522269008,1.0418840040707587
2024-01-30,1.011043824223148,0.9709206005212238,1.0413249277854284
2024-01-31,0.9895968868077245,0.9620372791026601,1.0286471307336142
2024-02-01,0.9948000854990923,0.9627434018500974,1.0332972249795653
2024-02-02,0.9619324027005797,0.9513498112600944,1.0111237646922622
2024-02-05,0.9434353941084332,0.9575702394781112,0.9852388422416077
2024-02-06,1.006150087121992,0.9908623986762609,1.0154286694763617
2024-02-07,1.0222685971947494,1.0004188923169148,1.0218405560367136
2024-02-08,1.0453216356628368,1.0067918744565383,1.0382698372760475
2024-02-19,1.055955378938701,1.0184248120540622,1.0368515833868417
2024-02-20,1.058936537871671,1.0205311919137479,1.0376327017363416
2024-02-21,1.0700680460735625,1.0343004452737725,1.0345814419429382
2024-02-22,1.0857905799464675,1.0432166471101825,1.0408102506360681
2024-02-23,1.0889867980526995,1.0441351955848572,1.04295574237656
2024-02-26,1.0807744025990393,1.0332502349127113,1.045994828823187
2024-02-27,1.0957621131958306,1.0456461524407712,1.0479282218349655
2024-02-28,1.0811737712284284,1.032322712677942,1.0473214993243365
2024-02-29,1.1050923382059923,1.0520161199578628,1.0504519058607726
2024-03-01,1.111243088120603,1.0585148048463102,1.049813458473024
2024-03-04,1.1195239406063668,1.0594333533209848,1.0567195539927239
2024-03-05,1.1191138568206398,1.0668056477761336,1.0490325572924628
2024-03-06,1.1180954466519353,1.0624792437980657,1.0523456840954908
2024-03-07,1.1108636412931898,1.0560972878983477,1.0518572995332922
2024-03-08,1.1246621593039723,1.0606421468487164,1.060359672341389
2024-03-11,1.141892602702834,1.0739117440509784,1.0633020907243458
2024-03-12,1.1417379653931101,1.0763741297994134,1.0607259444314938
2024-03-13,1.1391642661579577,1.0688552405602207,1.0657797454039575
2024-03-14,1.1303852841808604,1.0658213384657662,1.0605767058558173
2024-03-15,1.1335642832986303,1.0681461031902517,1.0612445993230635
2024-03-18,1.1496258639914851,1.0781812908459474,1.0662639704028642
2024-03-19,1.1415486963486767,1.0704320283593283,1.0664373506259435
2024-03-20,1.14184341791137,1.072750833946251,1.0644069263604792
2024-03-21,1.133961346330834,1.0714672357152315,1.0583257317932695
2024-03-22,1.116713513509673,1.0606690681289999,1.0528387666471075
2024-03-25,1.1039431969541773,1.0549124010283677,1.046478547297399
2024-03-26,1.1090923601102884,1.0602950446125603,1.0460223932439099
2024-03-27,1.0784795987869675,1.0480397627309814,1.0290445430969775
2024-03-28,1.0994735668780742,1.0534762488757412,1.0436624157890801
2024-03-29,1.10161486022629,1.0584190380003011,1.0408116451756195
2024-04-01,1.1240403690671465,1.0758236457036152,1.0448184268454115
2024-04-02,1.1189132119683218,1.0713445475889392,1.0444009021060834
2024-04-03,1.1135649329575392,1.0674908784883503,1.0431610755629437
2024-04-08,1.1058770085004368,1.0580989271519297,1.045154644922579
2024-04-09,1.1098500943888434,1.0572252474777277,1.049776381179569
2024-04-10,1.1004373747484542,1.0486142235920322,1.049420606730759
2024-04-11,1.1009003085468376,1.048473587945551,1.0500029006014497
2024-04-12,1.0969233771137625,1.039976278426053,1.0547580746494487
2024-04-15,1.1109132109597453,1.0618897799318567,1.046166214191302
2024-04-16,1.0839456936194765,1.0505291398672008,1.0318092592429182
2024-04-17,1.1120821355204398,1.0667727673582867,1.042473307857638
2024-04-18,1.1100275738788827,1.0680892460071525,1.0392648161457563
2024-04-19,1.0952868184651616,1.0596697558134742,1.0336114741940006
2024-04-22,1.0892042535964577,1.0564503492720658,1.031003732780211
2024-04-23,1.0770891917248002,1.04906599632679,1.0267125190370585
2024-04-24,1.0829253994440384,1.053673741705321,1.0277615893619736
2024-04-25,1.085412152760188,1.056264844825112,1.027594696612195
2024-04-26,1.1078646357464184,1.0724187347152527,1.0330522956040833
2024-04-29,1.1267387890246054,1.0842790309376713,1.0391594385535756
2024-04-30,1.1168737691781858,1.0784386554811576,1.0356395920172947
2024-05-06,1.1305445277296182,1.0944429359647225,1.0329862714432645
2024-05-07,1.1342488030398736,1.0947809943332834,1.0360508712800829
2024-05-08,1.1229307165551468,1.0861670259325569,1.0338471798027797
2024-05-09,1.1371098914702853,1.0964415605957734,1.0370911978677768
2024-05-10,1.139266813195051,1.096956219758694,1.038570904357208
2024-05-13,1.1413536767909815,1.0964804702586832,1.040924765875412
2024-05-14,1.14404083528117,1.0941945450896067,1.0455552355065718
2024-05-15,1.1306377041339546,1.0849223373644472,1.0421369946908474
2024-05-16,1.1301403411721496,1.0892009280270114,1.0375866491587518
2024-05-17,1.1355804269787773,1.1004538829705333,1.0319200509460917
2024-05-20,1.1416027450024717,1.104340502596469,1.0337416243616835
2024-05-21,1.133989899789813,1.099912302527329,1.030982103922451
2024-05-22,1.1431062719729728,1.102392705903454,1.0369319987800105
2024-05-23,1.1242519157023412,1.0896287941040181,1.0317751529563726
2024-05-24,1.1111044850987595,1.0775679904294877,1.0311223931734508
2024-05-27,1.1205549314540333,1.087809644674858,1.0301020375572811
2024-05-28,1.109400053560404,1.0798688484962216,1.0273470293224092
2024-05-29,1.1173982438286993,1.0811703241399293,1.0335080596275052
2024-05-30,1.108206041365856,1.0754227009068924,1.0304841439847958
2024-05-31,1.1021164254175735,1.0711171889640445,1.0289410316377339
2024-06-03,1.100550662383266,1.0737591200218706,1.0249511662921658
2024-06-04,1.1115826459168776,1.0818136305667048,1.027517692982458
2024-06-05,1.0996979771850066,1.0755662810684046,1.0224362705872772
2024-06-06,1.098617766476039,1.0748063157604002,1.022154178261218
2024-06-07,1.096669457283549,1.069378803375735,1.0255200999137675
2024-06-11,1.0924587852693919,1.0600347354623185,1.0305877238946628
2024-06-12,1.0947923538724251,1.0604057443562263,1.0324277850240005
2024-06-13,1.0925822586627474,1.0550231007720334,1.0356003180055766
2024-06-14,1.1007086294191182,1.0596308461505646,1.0387661263521926
2024-06-17,1.1052463999052355,1.058036110831268,1.0446206784349505
2024-06-18,1.1105250917361258,1.060845598815859,1.0468300881633672
2024-06-19,1.1040778589908298,1.0558070428452904,1.0457193541875365
2024-06-20,1.0924135885425186,1.0481863575150254,1.042194053290623
2024-06-21,1.0911152345963442,1.0458944732083861,1.0432364474106444
2024-06-24,1.0755602042028756,1.0402665234791098,1.0339275367679124
2024-06-25,1.062529893251049,1.034608637847018,1.0269872629926364
2024-06-26,1.0810927249939046,1.041298786319982,1.038215677571811
2024-06-27,1.0639616722078415,1.0334776636451062,1.0294965335343749
2024-06-28,1.0620172703177806,1.0357335828038667,1.0253768806479755
2024-07-01,1.0681765909944267,1.0406764420359276,1.0264252632688593
2024-07-02,1.0570176112499639,1.0387645403832906,1.0175719040813023
2024-07-03,1.0519358435948494,1.0362572157268821,1.015130054227868
2024-07-04,1.0379536147047919,1.030991301131419,1.006753028435577
2024-07-05,1.0399546617587665,1.0265780339599362,1.0130303078346914
2024-07-08,1.0230025320949592,1.017811441530102,1.0051002477993893
2024-07-09,1.0360108999118105,1.0291960583600106,1.0066215192882288
2024-07-10,1.0414164672001802,1.0259527451608503,1.0150725480410947
2024-07-11,1.0685669579079677,1.0376813794968822,1.0297640287484588
2024-07-12,1.0706740351191013,1.0389470302077126,1.0305376539793811
2024-07-15,1.065018950226421,1.0400989665523455,1.0239592427984796
2024-07-16,1.081005619534824,1.04669040366427,1.032784494584476
2024-07-17,1.0770311153606877,1.047677727597169,1.0280175735250574
2024-07-18,1.0810475959226697,1.0534672751156473,1.026180519754631
2024-07-19,1.0893840758756386,1.0588798546026552,1.0288080098420893
2024-07-22,1.0845559313382676,1.0516690878292079,1.0312710945768528
2024-07-23,1.0580930773143662,1.0292170205027313,1.028056334316673
2024-07-24,1.05139856980417,1.0227213502368158,1.028040110398315
2024-07-25,1.0470653041260953,1.017066409119755,1.0294955125224357
2024-07-26,1.05290721547745,1.0200644161738315,1.032196789519243
2024-07-29,1.0466201699750903,1.014514215662874,1.0316466283237231
2024-07-30,1.0414985408560065,1.0081232860030616,1.0331063227249406
2024-07-31,1.0673519602339983,1.0298752598271643,1.0363895530543412
2024-08-01,1.062426031484986,1.0230504348452818,1.0384884217811403
2024-08-02,1.0496007812290764,1.012614302392863,1.036525732205058
2024-08-05,1.0285310663385512,1.000326140093438,1.0281957304869376
2024-08-06,1.0390255529019183,1.0002244141098666,1.0387924332226806
2024-08-07,1.038086847835938,0.9997786005126711,1.038316730627784
2024-08-08,1.0341433925507821,1.0002124257272405,1.0339237605440375
2024-08-09,1.03193639020413,0.9968284768815989,1.0352196131398252
2024-08-12,1.0281832919162102,0.9951020796759156,1.0332440388940485
2024-08-13,1.0343375617317823,0.9976542731327966,1.036769539896616
2024-08-14,1.0222436197604012,0.9901293546485405,1.0324344137067425
2024-08-15,1.031482389802905,0.9999162215366207,1.0315688130529326
2024-08-16,1.024127053789407,1.0010172598357174,1.023086309178607
2024-08-19,1.0222810351017066,1.0044101824414533,1.0177923849963508
2024-08-20,1.010897270858496,0.9971485877299705,1.013787998396332
2024-08-21,1.0048255981866396,0.9938394435876169,1.0110542549603025
2024-08-22,0.9950469030513055,0.9912962238908304,1.0037836108623048
2024-08-23,0.9944533068510696,0.9955000098501069,0.9989485655563228
2024-08-26,0.9940982338358021,0.9946113972782477,0.9994840563421555
2024-08-27,0.9833678777552215,0.9889594707837187,0.9943459836386762
2024-08-28,0.980565028707027,0.9833254918093788,0.9971927270010337
2024-08-29,0.9820342564816383,0.9806865052665837,1.0013742936277972
2024-08-30,0.9919961650927591,0.9937766272669555,0.9982083879562624
2024-09-02,0.9727741335793946,0.9768956524866566,0.9957810039416485
2024-09-03,0.9742682175664371,0.9794148954181905,0.9947451505221842
2024-09-04,0.9672346691169419,0.9730508870386616,0.9940226991217073
2024-09-05,0.9706978186502344,0.9747264563063095,0.995866904370954
2024-09-06,0.9613173292439265,0.9668244996830822,0.9943038571726711
2024-09-09,0.9499952089982537,0.9553352123545712,0.994410335464181
2024-09-10,0.9524652612507882,0.9561759415034261,0.996119249510918
2024-09-11,0.9491924298948344,0.953294663438079,0.9956967832711349
2024-09-12,0.9455557469445564,0.9492075363600313,0.9961528019157132
2024-09-13,0.9380288299100223,0.9452521412758711,0.9923583231918428
2024-09-18,0.9391273370843342,0.9487706965229302,0.9898359430008355
2024-09-19,0.9505736955828457,0.9562597199668084,0.9940538911498227
2024-09-20,0.9474911675570176,0.9577587585475971,0.9892795645052102
2024-09-23,0.948156019839993,0.9612623808969991,0.986365469701648
2024-09-24,0.9897989336358816,1.0028962810705082,0.986940476615741
2024-09-25,1.0037123578320575,1.0177426660718778,0.9862142870614118
2024-09-26,1.0503064189852147,1.060764834975009,0.9901406837359568
2024-09-27,1.1139386441991876,1.108146358381555,1.0052270043336986
2024-09-30,1.232095061394169,1.202146495371612,1.0249125760777593
2024-10-08,1.3298705659518684,1.273431241262419,1.0443206691187332
2024-10-09,1.2232485611602608,1.1836348902316385,1.0334678127989874
2024-10-10,1.22133756512926,1.1961444520183955,1.0210619320002305
2024-10-11,1.1736219948612234,1.1630468411347947,1.0090926292496616
2024-10-14,1.1959518694425868,1.1852385292035288,1.009038973991385
2024-10-15,1.1634880921160025,1.1537177061190356,1.008468610601317
2024-10-16,1.1433162153385614,1.146417201744643,0.9972950629130805
2024-10-17,1.1351316873845672,1.1334408642179696,1.001491761255462
2024-10-18,1.2146102285992264,1.1744344024797342,1.0342086591083026
2024-10-21,1.2254772031738186,1.1774174766361534,1.040817915048255
2024-10-22,1.2304969024373316,1.1841734560523107,1.039118801513631
2024-10-23,1.2336592285687868,1.1887900349759348,1.0377435815179594
2024-10-24,1.217225501649849,1.175511534121079,1.0354858002817975
2024-10-25,1.2488251629226423,1.1837665521180247,1.0549589872160292
2024-10-28,1.2550798654516626,1.186082343082416,1.0581726241619402
2024-10-29,1.2329428656037718,1.1742608864154063,1.0499735449483465
2024-10-30,1.2228588268238556,1.163728987116979,1.0508106615556299
2024-10-31,1.239445680102012,1.1642047366169896,1.0646286182477334
2024-11-01,1.2177313877316347,1.1638995586662753,1.0462512668421715
2024-11-04,1.2378770626601177,1.1802778626662798,1.0488013897538666
2024-11-05,1.287328800438691,1.2101411341108146,1.0637840200222533
2024-11-06,1.2881684432661895,1.2040703854068744,1.0698448021632034
2024-11-07,1.3231493335221913,1.2403993912145097,1.0667123370857663
2024-11-08,1.3213694207821318,1.2279376427432565,1.0760883735351132
2024-11-11,1.34813166881948,1.2360399666035944,1.0906861470862408
2024-11-12,1.3263134434984443,1.222459302420556,1.0849550908339032
2024-11-13,1.332859581771352,1.229984220904812,1.0836395777426007
2024-11-14,1.2984231203869172,1.208660043050215,1.0742666044541136
2024-11-15,1.261481301869202,1.1874795855721318,1.0623183060965344
2024-11-18,1.2392543797333833,1.1819593209639896,1.0484746452379297
2024-11-19,1.2702242777250592,1.1898911433825314,1.0675130114122564
2024-11-20,1.2780934731277453,1.1925480774455157,1.0717332888293034
2024-11-21,1.281854001819132,1.1936043170516406,1.0739354604426028
2024-11-22,1.236529150822263,1.1566229609496343,1.0690857717427833
2024-11-25,1.2331437313755091,1.1513540317316393,1.0710378366599003
2024-11-26,1.2194513056558995,1.148987342721712,1.061327014070732
2024-11-27,1.2547304002674584,1.1689919571974108,1.073343911856845
2024-11-28,1.2438143143117413,1.158672483626221,1.0734822237419996
2024-11-29,1.2698661394109982,1.1718463139824744,1.0836456319049272
2024-12-02,1.282440845194524,1.1811365393353237,1.085768497108902
2024-12-03,1.2731789025701448,1.182411093698748,1.0767650179832653
2024-12-04,1.2569936761841927,1.17602913779903,1.0688456907935886
2024-12-05,1.2616473451538062,1.1733453525632629,1.0752566091455007
2024-12-06,1.274893387600408,1.1887691429407141,1.0724482505044204
2024-12-09,1.2686603064765518,1.1868034688350106,1.0689725298173365
2024-12-10,1.272133376041615,1.1955011455916191,1.064100507751561
2024-12-11,1.2721149111530112,1.1934636814051596,1.0659016532914092
2024-12-12,1.2820819594575505,1.205332881280172,1.06367459095272
2024-12-13,1.2536871044323528,1.1768130097647864,1.0653239673845307
2024-12-16,1.2320700923386283,1.1704281093500375,1.0526661847029817
2024-12-17,1.2248940185174522,1.1734769443421493,1.043816007142882
2024-12-18,1.2326723990031434,1.1794190457822344,1.045152190318912
2024-12-19,1.239269968830611,1.1804872036634848,1.0497953429606874
2024-12-20,1.2417945100555634,1.1751853940276435,1.0566796663457791
2024-12-23,1.225243377753597,1.1769298088610167,1.0410505100039364
2024-12-24,1.2393342591820515,1.191925803268962,1.0397746703553759
2024-12-25,1.232201117550214,1.1925061531600745,1.0332870101214575
2024-12-26,1.2389296897057374,1.193059721985905,1.0384473357657902
2024-12-27,1.2327169783051541,1.1911298027055781,1.034914058488935
2024-12-30,1.2327844098007779,1.196521490157366,1.0303069522292012
2024-12-31,1.2031435094990053,1.1773306835502386,1.0219248731978412
