datetime,port,bench,excess
2017-01-04,1.0017449895381794,1.007803175154687,0.9939887214429765
2017-01-05,1.0035070902361478,1.0076476066105484,0.9958909083421255
2017-01-06,1.0001205271473206,1.0016276157371429,0.9984953603852933
2017-01-09,1.0047681889447622,1.0064836818832894,0.9982955581204086
2017-01-10,0.9998435984886399,1.0047992089630478,0.9950680589413262
2017-01-11,0.9903356541236711,0.99768715355064,0.992631458267448
2017-01-12,0.9842008721255654,0.9926366091974451,0.99150168652484
2017-01-13,0.9799094842498285,0.9933218399096622,0.9864974722985518
2017-01-16,0.9701018697420416,0.9931841487782119,0.9767593159188399
2017-01-17,0.9754990248825066,0.9952516890824883,0.9801530965316005
2017-01-18,0.9736462945440607,0.9991442678459869,0.9744801885748731
2017-01-19,0.9695257416917504,0.9961283132717212,0.9732940312753522
2017-01-20,0.9795620762944814,1.003787908264896,0.9758655869721621
2017-01-23,0.9856238069360299,1.0065375244438564,0.9792221184010185
2017-01-24,0.9859402849558332,1.0066482241875223,0.9794288225676823
2017-01-25,0.9892469415391005,1.0100740973186053,0.9793805664012238
2017-01-26,0.9937655376361204,1.0136824602741104,0.9803519115516666
2017-02-03,0.985598416692339,1.0066602125701485,0.9790775520728731
2017-02-06,0.988116866132359,1.0092692632101283,0.979041869351603
2017-02-07,0.9890551295194911,1.007016288566399,0.9821639835910921
2017-02-08,0.9940529643896501,1.012285217784394,0.9819890154726856
2017-02-09,0.9986040450217091,1.0161747819253608,0.9827089421857526
2017-02-10,1.0058951774309761,1.0213210931245644,0.9848961156315735
2017-02-13,1.0122970866769607,1.0281398888613835,0.984590810690199
2017-02-14,1.015973103118922,1.0279962385923704,0.9883043001306001
2017-02-15,1.0071255007637785,1.0237805343579685,0.9837318321307655
2017-02-16,1.0152929274300213,1.029531172213537,0.9861701664138028
2017-02-17,1.0034246984278739,1.0236997004096169,0.9801943851564767
2017-02-20,1.0193593859910686,1.0386448668795267,0.9814320741348302
2017-02-21,1.0232960454140647,1.0420647107655463,0.98198896368183
2017-02-22,1.027393970316622,1.0441411547224164,0.9839608042168909
2017-02-23,1.0199282680114268,1.0392222722556084,0.9814341890476381
2017-02-24,1.018019507550588,1.0393808554222788,0.9794480071859587
2017-02-27,1.008333724711488,1.0311139191502072,0.9779071991798021
2017-02-28,1.0129560454032585,1.033085692608475,0.9805150266340534
2017-03-01,1.015366441969006,1.0347701655287167,0.981248276954529
2017-03-02,1.009026914385499,1.0277868274876647,0.9817472722937862
2017-03-03,1.0062724804120053,1.0256205758223487,0.9811352308383342
2017-03-06,1.0131565788029329,1.031191738476027,0.9825103722225822
2017-03-07,1.0133980203494806,1.033429780222099,0.9806162351269639
2017-03-08,1.0098314796243006,1.031864910698117,0.9786469809706878
2017-03-09,1.0030250012388402,1.0253453337744496,0.9782313998997344
2017-03-10,1.0023298924393296,1.025629549582443,0.9772825800966838
2017-03-13,1.015259453057061,1.034668439545145,0.9812413467481267
2017-03-14,1.01125802120815,1.034246602713202,0.9777726303912967
2017-03-15,1.0132419347291957,1.0363260612926037,0.9777250351741464
2017-03-16,1.0176345529921675,1.0416727397289176,0.9769234752720843
2017-03-17,1.006069215078519,1.0309913011314153,0.9758270646652919
2017-03-20,1.0072201108949954,1.03212823447089,0.9758672200371852
2017-03-21,1.0122233571483008,1.0371368545386432,0.9759785824972685
2017-03-22,1.010408126390839,1.0322598963572767,0.9788311354111984
2017-03-23,1.0127225384837983,1.035829349649872,0.977692453709789
2017-03-24,1.0200557961446275,1.044093271299412,0.9769776553345
2017-03-27,1.0149644864574445,1.0406345177504825,0.9753323276758795
2017-03-28,1.0130011281655742,1.0381721320020474,0.9757544986418268
2017-03-29,1.0157461943666415,1.036789822409988,0.9797030916117296
2017-03-30,1.0090744752137744,1.0282834690228948,0.9813193595075749
2017-03-31,1.011123516434462,1.034055069021184,0.9778236640642084
2017-04-05,1.0309488843239158,1.0483689174469446,0.983383680274067
2017-04-06,1.0386875846426418,1.0514087786789619,0.9879008105179571
2017-04-07,1.0383059955684875,1.052429053137208,0.986580513406941
2017-04-10,1.0431317145532342,1.0487428708558832,0.9946496358081846
2017-04-11,1.0560377712093105,1.0523901434742982,1.003466041332324
2017-04-12,1.0443558457329125,1.0500294837094344,0.9945966869839896
2017-04-13,1.0551506289657728,1.0515643472231002,1.003410425383994
2017-04-14,1.0441068127749342,1.043165749064642,1.0009021228995834
2017-04-17,1.030898721795984,1.0412030194739696,0.9901034692703912
2017-04-18,1.026605041512722,1.036056778382267,0.9908772018418689
2017-04-19,1.0193508408320966,1.031012193166635,0.9886894137510422
2017-04-20,1.0153409149771815,1.0357007023860167,0.9803420164127233
2017-04-21,1.0121589315956092,1.0372685164250297,0.9757925894483318
2017-04-24,0.9922416517492126,1.0266379057655628,0.9664962166084244
2017-04-25,0.9973214430591222,1.0295431605961622,0.9687028977800387
2017-04-26,1.003095374077883,1.0308027820619292,0.9731205537410146
2017-04-27,1.001578601473567,1.031263528556782,0.9712149937807284
2017-04-28,1.0040828835860012,1.0291781108398173,0.9756162446621235
2017-05-02,1.005501878774526,1.0252376486533143,0.9807500535073873
2017-05-03,0.997618680076919,1.0212133378959283,0.9768954664579461
2017-05-04,0.9963450345027244,1.0185983281183857,0.9781530236194587
2017-05-05,0.9871304156640107,1.012063818297061,0.9753638039595129
2017-05-08,0.9708419904797281,1.0049607366447477,0.9660496724688652
2017-05-09,0.9742761235769078,1.0030817855174576,0.9712828381928101
2017-05-10,0.9579246357699414,0.998644611688223,0.9592247577950238
2017-05-11,0.9605587263781152,1.0043144857029411,0.9564322132681375
2017-05-12,0.9629514837216309,1.0129105065834787,0.9506777523412623
2017-05-15,0.9645400458547415,1.0170425024619991,0.9483773229927337
2017-05-16,0.9842002051811076,1.0258569783148375,0.9593931961137907
2017-05-17,0.9862475458683971,1.0202678681409703,0.9666554996634741
2017-05-18,0.9812452134571065,1.0167193769910958,0.965109189087187
2017-05-19,0.9809972130027335,1.0184368004366846,0.9632381828524874
2017-05-22,0.9744654792301065,1.0206478507949726,0.9547519043626114
2017-05-23,0.9642401605768806,1.0245225521457828,0.9411605030629677
2017-05-24,0.9698985308268443,1.0245165229007194,0.9466890080803823
2017-05-25,0.9846265959293329,1.042914413674495,0.9441106413135121
2017-05-26,0.9836605512250935,1.0413496142580139,0.9446016378716142
2017-05-31,0.9833847111790386,1.0450747062022485,0.9409707318940017
2017-06-01,0.9698754734863737,1.046528805875064,0.9267546846695769
2017-06-02,0.9765418975844599,1.0431687636871743,0.9361303094743599
2017-06-05,0.9792204228330891,1.0378549656687066,0.9435041072450443
2017-06-06,0.9862153371863287,1.0450747062022485,0.9436792712840483
2017-06-07,1.0010394807502596,1.0573389618439217,0.946753611542433
2017-06-08,1.0078500511038468,1.0654503295718547,0.9459380912753068
2017-06-09,1.0103187208478628,1.0699951885222236,0.9442273495110007
2017-06-12,1.0117636506901186,1.069462581839114,0.9460486676871176
2017-06-13,1.015492891342339,1.0718202970889465,0.9474469685827073
2017-06-14,1.0040555233896336,1.0577668279209282,0.9492219805787767
2017-06-15,1.003052607236223,1.055819031227913,0.9500232308463668
2017-06-16,1.002794574353391,1.0528180095513047,0.952486151695645
2017-06-19,1.011012517372993,1.0632631157638177,0.9508582611244918
2017-06-20,1.008890196040013,1.0611148817261915,0.9507831936149826
2017-06-21,1.0266088672051865,1.0735227876368778,0.9562990921366822
2017-06-22,1.0218596931792538,1.0742348695218777,0.951244203824872
2017-06-23,1.0324254242567004,1.0839708383644218,0.9524476007255905
2017-06-26,1.04815172665893,1.0974977300943938,0.9550377170882899
2017-06-27,1.0504639373282978,1.0994814919352878,0.955417571858613
2017-06-28,1.0412770519937562,1.0909392435078165,0.9544775826796954
2017-06-29,1.050811899747896,1.0977191996892264,0.9572683980068761
2017-06-30,1.049893221906657,1.0971117883028287,0.9569610253944895
2017-07-03,1.047025351040495,1.0923395006200647,0.9585164231872534
2017-07-04,1.0393062629724672,1.0831031879352833,0.9595634788534728
2017-07-05,1.0528923753455324,1.0949815017853917,0.9615617922574655
2017-07-06,1.0555615163174559,1.095107134426715,0.9638888133717063
2017-07-07,1.0556243946166886,1.0938595013435743,0.965045687604375
2017-07-10,1.0536282341767405,1.0931892736365152,0.9638113541599488
2017-07-11,1.0532593264315335,1.0983116080704662,0.958980419301876
2017-07-12,1.05065861824503,1.0947241371501812,0.9597473761564589
2017-07-13,1.058862366199061,1.1031317090687338,0.9598693950090103
2017-07-14,1.062713450476952,1.1079698276946912,0.9591537819112796
2017-07-17,1.044333583872712,1.096142411890119,0.9527353129890566
2017-07-18,1.0513999764278708,1.0972255026690267,0.9582350882934416
2017-07-19,1.0753696791304466,1.1159465189137059,0.9636390820746876
2017-07-20,1.0800397997780016,1.1213710166758395,0.9631422461583152
2017-07-21,1.0786516743320538,1.1156024313000819,0.9668782032637138
2017-07-24,1.0787255596067733,1.1200515935119426,0.9631034551046075
2017-07-25,1.0722995635332884,1.112897683921594,0.9635203478497257
2017-07-26,1.0744000395823146,1.1086580029219395,0.9690996111971989
2017-07-27,1.0800902985984164,1.110692522593368,0.9724476186051041
2017-07-28,1.0837851455697678,1.1135948329089365,0.973231119202215
2017-07-31,1.1001257256584418,1.1183760242442942,0.9836814289736009
2017-08-01,1.1011126560616729,1.1281030894342443,0.9760744974237173
2017-08-02,1.0957002347564107,1.1252516771642118,0.9737379263612609
2017-08-03,1.0933538434692687,1.1153720580526547,0.9802593095062575
2017-08-04,1.084229773482721,1.10931322762384,0.9773883033966448
2017-08-07,1.0937524015701774,1.1150609209643774,0.9808902643850428
2017-08-08,1.1009668328102153,1.1166825775639575,0.9859263992566034
2017-08-09,1.0998116578185955,1.1163324607052698,0.9852008219162265
2017-08-10,1.09104544667432,1.1118085638976218,0.9813249169888444
2017-08-11,1.0592257358374304,1.0912923048815344,0.9706159670505649
2017-08-14,1.0785989979482997,1.1054535292781873,0.9757072272884936
2017-08-15,1.0791941504459326,1.1088584402665496,0.9732479018570791
2017-08-16,1.0784715734481618,1.1074701715369275,0.9738154590217794
2017-08-17,1.0905752486935896,1.1134122729770128,0.9794891570376153
2017-08-18,1.0827701602880213,1.114426588297696,0.971593976362292
2017-08-21,1.0917121010615536,1.1193095757241263,0.9753441985478246
2017-08-22,1.0851754560970182,1.1226935245697676,0.9665820923950489
2017-08-23,1.0725977728830705,1.1238275133942113,0.9544149436630044
2017-08-24,1.0612681422568924,1.1174126069691463,0.9497549388989449
2017-08-25,1.0759736392993466,1.1356938388616933,0.9474152297751265
2017-08-28,1.0920724340455015,1.1497442934071798,0.9498394036896917
2017-08-29,1.086190823661295,1.1472998551789337,0.9467366519382082
2017-08-30,1.091068680644737,1.1472280650981777,0.9510477592364037
2017-08-31,1.0934993319826503,1.1435747632346993,0.9562114932386174
2017-09-01,1.0994966509637216,1.1461030500338283,0.9593348965708354
2017-09-04,1.1069296113188642,1.1506149584588499,0.9620330443135396
2017-09-05,1.1057478296832326,1.1540348724523701,0.9581580731035227
2017-09-06,1.105886516803459,1.15176093566592,0.9601701903217117
2017-09-07,1.0952258944640623,1.1459025425817164,0.9557757782756291
2017-09-08,1.0973276598466069,1.14474170258449,0.9585810120913424
2017-09-11,1.1069488183468064,1.1446399064934178,0.9670716633826988
2017-09-12,1.1072128648225565,1.1483141003921162,0.9642073231047805
2017-09-13,1.1105669086041656,1.1497144276118654,0.9659502237533757
2017-09-14,1.1051053617178344,1.1459294638620003,0.964374681486432
2017-09-15,1.0968772890970915,1.1463304086587234,0.956859628613102
2017-09-18,1.1036359347538724,1.1498729406710353,0.9597894651819703
2017-09-19,1.1017354519721227,1.146575784911308,0.9608919588837698
2017-09-20,1.1120669757884105,1.1496635295663298,0.9672977764267244
2017-09-21,1.1004339221066228,1.1482812199742707,0.9583313764648002
2017-09-22,1.094732149175659,1.1482542986939872,0.9533882437198765
2017-09-25,1.0786452532597062,1.1422882204886495,0.9442846681884559
2017-09-26,1.0833218432324232,1.1431828623055722,0.9476365321358814
2017-09-27,1.0939295295014806,1.1433084949468955,0.9568104622123809
2017-09-28,1.0918051061802294,1.1437094397436185,0.9546175525358745
2017-09-29,1.0986638821793233,1.1478863044226113,0.9571190787331094
2017-10-09,1.1131803781439857,1.161562805559159,0.9583471275219745
2017-10-10,1.1105492693790464,1.1638516752432666,0.9542017191726093
2017-10-11,1.1043332203493945,1.1676904114461981,0.9457414478394706
2017-10-12,1.1038360465927202,1.1707602085810307,0.9428370032584016
2017-10-13,1.104318718344635,1.1731688218763994,0.9413127060250003
2017-10-16,1.0951243809674887,1.1709098179876065,0.9352764526730444
2017-10-17,1.094655285967723,1.1707961036214087,0.9349666287595481
2017-10-18,1.096857198482415,1.1800982472493835,0.9294626113029234
2017-10-19,1.0858228787214061,1.1762356043887001,0.9231338302207897
2017-10-20,1.0958546731788312,1.1749191257398344,0.932706472446589
2017-10-23,1.1002623261631457,1.1761009979872823,0.935516871464336
2017-10-24,1.101004203831885,1.184658179312411,0.9293855586857303
2017-10-25,1.105557270996211,1.1899090909027161,0.9291107021944741
2017-10-26,1.106341073889516,1.1948849006601239,0.9258976101198609
2017-10-27,1.1064924311148758,1.2033791254495891,0.9194878053925725
2017-10-30,1.0981475477983718,1.199713905310985,0.9153411850417074
2017-10-31,1.104961111258538,1.198816389086532,0.9217100477751148
2017-11-01,1.0993333153674183,1.1957944753747036,0.9193329940941071
2017-11-02,1.097093534444302,1.1959470292963104,0.9173429153378363
2017-11-03,1.0905854544174627,1.19462157688735,0.9129129052390306
2017-11-06,1.1057261849646947,1.2030560700861863,0.919097798064791
2017-11-07,1.1116440451152647,1.2130374151813148,0.9164136499030455
2017-11-08,1.1094412196788597,1.2111703122216495,0.9160076072569941
2017-11-09,1.1153987749870056,1.2195150678195408,0.9146248409880722
2017-11-10,1.1249176034284876,1.2302893287480205,0.9143520773062688
2017-11-13,1.133492594273732,1.235124502858947,0.9177152519037819
2017-11-14,1.1249720609001843,1.2265314264934404,0.917197909976423
2017-11-15,1.1125937812639979,1.218847924842514,0.9128241174203541
2017-11-16,1.1197081515158163,1.228224803066276,0.9116475654297596
2017-11-17,1.106437187397529,1.2329642103311935,0.8973798088594336
2017-11-20,1.124410980648335,1.2398397931436107,0.9069002195819136
2017-11-21,1.138729473820296,1.261941883826401,0.9023628492046669
2017-11-22,1.141498393441489,1.2648949519725041,0.9024452122774402
2017-11-23,1.1020089549591423,1.2274439457230515,0.8978079681756717
2017-11-24,1.0999741413429232,1.227982511543724,0.8957571716230074
2017-11-27,1.0728367193569224,1.2117508023277634,0.885360849191114
2017-11-28,1.0895771134766274,1.2135071354362619,0.8978745008243557
2017-11-29,1.085948586923408,1.2128878057747388,0.8953413347492206
2017-11-30,1.070061721724364,1.198630884639578,0.89273665098837
2017-12-01,1.0778532530592932,1.1962491926244927,0.9010273609418733
2017-12-04,1.0814338440324145,1.2024486586997885,0.8993596826011452
2017-12-05,1.0738348019634105,1.2088246554619435,0.8883296656065081
2017-12-06,1.0780807677552553,1.2015390839852083,0.8972498540617819
2017-12-07,1.0672885521364865,1.1881468687641548,0.8982799855767171
2017-12-08,1.0777153826970167,1.1978170767710061,0.8997328587118232
2017-12-11,1.09632350079622,1.2176001515443713,0.9003969812303922
2017-12-12,1.082447007182697,1.2015989557908386,0.9008388380882696
2017-12-13,1.0925226241678103,1.2117927266132045,0.9015754923874334
2017-12-14,1.0921731530067762,1.2046298432627613,0.9066462690718385
2017-12-15,1.0811423018102866,1.1910790448750377,0.9076998763954536
2017-12-18,1.0755694855415703,1.1924044972839982,0.9020173003300901
2017-12-19,1.0905305595250014,1.207376514926691,0.9032232663488703
2017-12-20,1.0856670991809316,1.2059283743914384,0.9002749435502787
2017-12-21,1.0980452906304436,1.217106594739173,0.9021767652698945
2017-12-22,1.0936786403143612,1.2131421557874176,0.9015255426553734
2017-12-25,1.0801771357082788,1.2092345039112602,0.8932734984111467
2017-12-26,1.0893702095464977,1.2128488260043282,0.8981912553235304
2017-12-27,1.0764454427122652,1.1941756931826535,0.9014129569522388
2017-12-28,1.0827803108582403,1.202460576974914,0.9004705281750203
2017-12-29,1.0890507635283446,1.2060360595125728,0.9030001673154711
2018-01-02,1.1023306518810416,1.2229559439557813,0.9013657910811044
2018-01-03,1.1092517795551409,1.2301336900963808,0.9017327047340936
2018-01-04,1.1151073116586556,1.2353459023462785,0.9026680782611128
2018-01-05,1.1165217484123897,1.2383198625276017,0.9016424448957774
2018-01-08,1.130886047368803,1.244725865300073,0.9085422572914671
2018-01-09,1.1303316648379103,1.253444574306903,0.9017803323796201
2018-01-10,1.1289946293485122,1.2589827864352343,0.8967514421267196
2018-01-11,1.123331857322105,1.2583185879732386,0.8927245198939996
2018-01-12,1.1246353621669027,1.2641260129044054,0.8896544732775378
2018-01-15,1.1178128216911853,1.2641978029851617,0.8842072174557524
2018-01-16,1.1363268168735603,1.2741403085248812,0.8918380568221151
2018-01-17,1.1290574788804106,1.2710435200022643,0.8882917548554115
2018-01-18,1.1342159779301189,1.2780150098756917,0.8874825171579481
2018-01-19,1.1388459166411404,1.2821977635847464,0.8881983333500557
2018-01-22,1.1529095120001007,1.2975169535710955,0.8885506342148375
2018-01-23,1.1680578735139644,1.311283122201088,0.8907747333415615
2018-01-24,1.1723126457406092,1.3134613622490303,0.8925368339219867
2018-01-25,1.1689132601495145,1.306038099640845,0.8950070143213745
2018-01-26,1.176723951753216,1.3108912212719603,0.8976518666525498
2018-01-29,1.1649999543272724,1.2871704886121218,0.9050859731747125
2018-01-30,1.1505142095451313,1.2734312412624131,0.9034757215509898
2018-01-31,1.1495880945946935,1.2793553250748086,0.8985682648622053
2018-02-01,1.1310326389816252,1.2703793215402688,0.8903109644529691
2018-02-02,1.1416213643945672,1.2779580825850922,0.893316752678821
2018-02-05,1.1494273182625927,1.2788317622592944,0.8988104238448968
2018-02-06,1.097762809743751,1.241353834729558,0.8843270782523583
2018-02-07,1.0829678898912487,1.211915414739498,0.8936002271445928
2018-02-08,1.0814335791588345,1.2004110542983282,0.9008860550613313
2018-02-09,1.0308866304325295,1.1491279783681891,0.8971034121860235
2018-02-12,1.0515720691341819,1.1639234653240227,0.9034718351016633
2018-02-13,1.0633447794923843,1.1775460537925027,0.9030175729158852
2018-02-14,1.0709310452007181,1.1869201277162351,0.9022772638132839
2018-02-22,1.1004262882319003,1.2125825577165246,0.907506281720041
2018-02-23,1.1079453752112687,1.2180759010443833,0.9095864832900082
2018-02-26,1.1237621452562265,1.2322371955485372,0.911969018072026
2018-02-27,1.1128289620988538,1.214452605191221,0.9163214417277601
2018-02-28,1.1112030441165406,1.2038788517148529,0.923018991930707
2018-03-01,1.117576063598533,1.2114935078000542,0.9224779632768603
2018-03-02,1.1067186679905685,1.2017306176772267,0.9209373978751555
2018-03-05,1.109675339901806,1.202221229967394,0.9230209151537792
2018-03-06,1.1264221905939695,1.2167205828401084,0.9257854321529093
2018-03-07,1.1141218204710885,1.2077715005858523,0.9224607634231001
2018-03-08,1.1228659890360737,1.2200237678448993,0.9203640278414829
2018-03-09,1.1372811056028962,1.229379754033441,0.9250852731807395
2018-03-12,1.1441339605073675,1.2350047592476865,0.9264206894265948
2018-03-13,1.136553121333649,1.2241078101929144,0.9284746914199763
2018-03-14,1.1287172729178954,1.2187490732664734,0.926127697387883
2018-03-15,1.1311425291598167,1.2255769829783885,0.92294694243598
2018-03-16,1.1194765892082437,1.2136866106381532,0.9223769788641121
2018-03-19,1.1187590609702491,1.2190213707993416,0.9177518030193778
2018-03-20,1.1204226826495227,1.220053633640214,0.9183388760595489
2018-03-21,1.1159601693456247,1.2150719348527441,0.9184313597703737
2018-03-22,1.105571526632884,1.2028944021894843,0.919092752132311
2018-03-23,1.0563801635021326,1.1683636537757893,0.90415356561995
2018-03-26,1.0730415044260289,1.1608686010868476,0.924343636671203
2018-03-27,1.0943090462699503,1.1708559754270396,0.9346231041532066
2018-03-28,1.0779996363835314,1.1497473080297125,0.9375970083642701
2018-03-29,1.096505568845866,1.1651053375714708,0.9411214020625868
2018-03-30,1.108466940157556,1.1664367491179939,0.9503017981864237
2018-04-02,1.1068532793675687,1.1629720364315017,0.9517453942950086
2018-04-03,1.0981505501158486,1.1556595436744828,0.9502370798792686
2018-04-04,1.0897997941604978,1.1533796477504699,0.9448751729632329
2018-04-09,1.0914501024184633,1.1528021722668875,0.946780053573476
2018-04-10,1.1032305543434289,1.175014892585843,0.938907720493279
2018-04-11,1.1047444716720578,1.178356917146043,0.9375295851342961
2018-04-12,1.0970707981326921,1.1664786734034356,0.9404979474950604
2018-04-13,1.093183855398741,1.158250646794274,0.9438232203231482
2018-04-16,1.0847675621362014,1.1396163535280082,0.9518708280887628
2018-04-17,1.0630252377443439,1.1215984454082346,0.9477770249203836
2018-04-18,1.0722207824104104,1.1268763483863242,0.9514981692053613
2018-04-19,1.082419156993546,1.1405079807223995,0.9490675868028035
2018-04-20,1.0627271343896973,1.1252516771642125,0.944435059246403
2018-04-23,1.0508854366608822,1.1268912812839815,0.9325526376098161
2018-04-24,1.0765037690819033,1.149977681277139,0.9361084015877271
2018-04-25,1.076492980777048,1.1455524958305305,0.9397151022717523
2018-04-26,1.0524840657530907,1.1236479680848213,0.9366670840396532
2018-04-27,1.055622787152457,1.1240638457792016,0.9391128369765321
2018-05-02,1.0565719207528292,1.1260894617980364,0.9382664136344835
2018-05-03,1.0666176179542557,1.1348709871255278,0.9398580367763665
2018-05-04,1.0635496626772634,1.1293657255225438,0.9417229854263303
2018-05-07,1.0813649358570752,1.1471951145728319,0.9426164059805388
2018-05-08,1.0896681809753266,1.1605065659530347,0.9389590829936115
2018-05-09,1.0865672548582863,1.1583942269557865,0.937994362863618
2018-05-10,1.0932152702173883,1.1648091333808515,0.9385359703047121
2018-05-11,1.0842032340844492,1.1587592767121313,0.9356587307423957
2018-05-14,1.0879268926971626,1.169665129419497,0.9301182580668186
2018-05-15,1.1035187801425475,1.174096344111169,0.939887757659231
2018-05-16,1.1019184793976269,1.164743302437658,0.9460612283337052
2018-05-17,1.0948416446674196,1.1561292639294305,0.9469889560154306
2018-05-18,1.1024206219601698,1.167801111189864,0.9440140203642394
2018-05-21,1.1151618522757294,1.1732406119571555,0.9504971451810372
2018-05-22,1.1163627386797763,1.168743636429791,0.9551818755479818
2018-05-23,1.1032312317689343,1.1532958692870874,0.95658994465219
2018-05-24,1.0983730149878312,1.1451096968558665,0.9591858474377081
2018-05-25,1.0934230664680191,1.1419022786970843,0.9575452180685897
2018-05-28,1.092948570710095,1.1469168579024005,0.9529449002162125
2018-05-29,1.0837716895015594,1.1381651983702237,0.9522094780735239
2018-05-30,1.054785999816737,1.1140376318836,0.9468136170887862
2018-05-31,1.076452644199293,1.1376775305950872,0.9461843231062415
2018-06-01,1.0666841406045737,1.128165905754906,0.9455029044604994
2018-06-04,1.061599811854433,1.139233356251474,0.9318545722252323
2018-06-05,1.0825500414251676,1.1505252208579055,0.9409181318232631
2018-06-06,1.086441210843228,1.1481405843277894,0.9462614819763687
2018-06-07,1.080028990672401,1.1462436856803104,0.9422333175439827
2018-06-08,1.0688405304555728,1.130867708618363,0.9451508096923452
2018-06-11,1.0614897323684884,1.1309753937394973,0.9385612969515994
2018-06-12,1.07549642253915,1.1447297142018646,0.9395199663258623
2018-06-13,1.0615577939216614,1.1334767592583428,0.9365501191363294
2018-06-14,1.0559585447357451,1.1289976611436667,0.935306228771162
2018-06-15,1.0437164759830784,1.123031582938329,0.9293741082973566
2018-06-19,0.9944424489007273,1.0834442609263757,0.9178528926356125
2018-06-20,1.0080921846064734,1.0877288107265026,0.9267863227169286
2018-06-21,0.985731800043796,1.0750217561101656,0.9169412567151624
2018-06-22,1.0032702128591742,1.0797880145478662,0.9291362742892345
2018-06-25,0.9962317321178236,1.0653007201652789,0.9351647973759565
2018-06-26,1.0093320599820719,1.056513165592724,0.9553426240702049
2018-06-27,0.9993028754109613,1.0350155417813003,0.965495526464389
2018-06-28,0.9941741709809029,1.0243250593162028,0.970565116941074
2018-06-29,1.0190709298232143,1.0504902302042873,0.9700908209541721
2018-07-02,0.9932566141459016,1.0196664859996363,0.9740994999675373
2018-07-03,0.9977207320790983,1.0200614716587966,0.9780986340525455
2018-07-04,0.9841831341830787,1.006438813082816,0.9778867044767818
2018-07-05,0.9701758583993976,1.0000628163206609,0.9701149193495459
2018-07-06,0.9741759816999215,1.0068487316396335,0.9675494948615517
2018-07-09,1.00158667878999,1.034991565016048,0.9677244845705193
2018-07-10,1.0096271092321205,1.0374869012898302,0.9731468493500268
2018-07-11,0.9871331551175042,1.0195378387357816,0.9682163011640069
2018-07-12,1.0161694776051309,1.0415381333274996,0.9756430850579412
2018-07-13,1.0194952485982822,1.0450178490191497,0.9755768760841521
2018-07-16,1.0159911557125896,1.038854277984232,0.9779919833260874
2018-07-17,1.0177563826563116,1.0320593889051648,0.9861412953531422
2018-07-18,1.0120004291741325,1.0266558532857522,0.9857250859041851
2018-07-19,1.0045866160367167,1.025764226091361,0.9793543101660497
2018-07-20,1.0198547268627052,1.0450776507172799,0.9758650241565656
2018-07-23,1.032950130937981,1.0549094565133335,0.9791836868654756
2018-07-24,1.0494348087181697,1.071652740162182,0.9792676017040278
2018-07-25,1.0501041170657397,1.070467923399703,0.9809767243942352
2018-07-26,1.0392059283690056,1.0580510437289221,0.9821888410095035
2018-07-27,1.0348457206916881,1.0535570127165887,0.9822398865946004
2018-07-30,1.0306211594021046,1.0517169712522085,0.9799415504106713
2018-07-31,1.0321325957604588,1.052488924942839,0.9806588661410515
2018-08-01,1.0142013183850405,1.0314640360088945,0.9832638686166416
2018-08-02,0.9962759074922903,1.0085960208805371,0.9877848879698227
2018-08-03,0.9732193419394606,0.9919365156950709,0.981130673728152
2018-08-06,0.9489523685168955,0.9793670821026834,0.9689445212713418
2018-08-07,0.9800321160915882,1.0079707320814515,0.9722823142571112
2018-08-08,0.9587080805734991,0.9917061424476448,0.966725968044624
2018-08-09,0.9909541448297945,1.0165457908192685,0.9748248960149165
2018-08-10,1.0012502858368113,1.0187868471878725,0.9827868200306406
2018-08-13,1.0038036515059874,1.0143945421591105,0.989559397046261
2018-08-14,0.997886404686784,1.0091794555016826,0.9888096703184622
2018-08-15,0.9731064415699279,0.9849650959291448,0.9879603303627421
2018-08-16,0.9644889445172204,0.9804022894585871,0.9837685559158021
2018-08-17,0.9472906968885193,0.9663068960051273,0.9803207457224778
2018-08-20,0.9567731072512532,0.9775658801937126,0.9787300545531119
2018-08-21,0.9794611824946616,0.9953384120609017,0.9840484106974577
2018-08-22,0.969400966141471,0.9897433427494716,0.9794468164327428
2018-08-23,0.974718656296951,0.9933577349500402,0.9812362877971382
2018-08-24,0.9719900580845432,0.9949434965092423,0.9769299075724087
2018-08-27,0.9996322307611566,1.0192506083052568,0.9807521551773019
2018-08-28,1.001171892671036,1.017335692030088,0.9841116364188528
2018-08-29,0.9959283141039502,1.01326658257973,0.9828887394750182
2018-08-30,0.9845685697352092,1.0026509048179204,0.9819654727325111
2018-08-31,0.9787310806780836,0.9976871535506396,0.9809999830056007
2018-09-03,0.9781399208307652,0.9938932861481807,0.9841498423050351
2018-09-04,0.9903544020136479,1.0064836818832892,0.9839746235731702
2018-09-05,0.9738874742651692,0.9868082221235575,0.9869065259401837
2018-09-06,0.9657954046312606,0.9762583753049412,0.9892825803718074
2018-09-07,0.9674172079693462,0.980674586991455,0.9864813678278538
2018-09-10,0.9481083640210564,0.9664415725140458,0.9810301946704357
2018-09-11,0.9503317245080368,0.964688254028079,0.9851179596516324
2018-09-12,0.9487291617529345,0.9580489334931505,0.9902721339021432
2018-09-13,0.9572910468986445,0.9683863545845294,0.9885424782852862
2018-09-14,0.9494743318952849,0.9700379470869249,0.9788012260206999
2018-09-17,0.9338276641053014,0.95891665402979,0.9738361099277465
2018-09-18,0.9547835154882641,0.9782180902730824,0.9760436092750276
2018-09-19,0.9653920392840322,0.9910987310612477,0.9740624309450086
2018-09-20,0.9649229081635452,0.9903956229363422,0.9742802631767747
2018-09-21,0.9839716972948257,1.0204235067926108,0.9642777638351744
2018-09-25,0.979119789279166,1.0112409665608957,0.9682358821053603
2018-09-26,0.9858502218890504,1.022443093566382,0.9642103585934626
2018-09-27,0.9792481209597023,1.018358981110866,0.9615942306430095
2018-09-28,0.9896488789242319,1.028911842552014,0.9618403035089983
2018-10-08,0.9532317213558684,0.9846419704582416,0.9680998270998389
2018-10-09,0.9530420896201524,0.9839807165112769,0.968557689828701
2018-10-10,0.9523704734544473,0.9818594037539342,0.9699662393752688
2018-10-11,0.8962189501710682,0.93473818949763,0.9587914137248809
2018-10-12,0.9050331841926614,0.9486869180595449,0.9539850997880595
2018-10-15,0.8910080051098724,0.9354382830000036,0.9525032504040344
2018-10-16,0.8715533383670122,0.9278146531547077,0.9393614720392713
2018-10-17,0.8820596204581995,0.9329848710116629,0.9454168527960762
2018-10-18,0.8665823370743051,0.9108858650589052,0.9513621522914563
2018-10-19,0.8948215306275561,0.93798150269679,0.9539863292131617
2018-10-22,0.9481015878449119,0.9784694256632291,0.9689639379403877
2018-10-23,0.9302005831754779,0.9524868147070673,0.9766020577004592
2018-10-24,0.9287147056429911,0.953913993099599,0.9735832709878522
2018-10-25,0.9361785912639992,0.9557421162888536,0.9795305399945964
2018-10-26,0.9238225862783092,0.9495575831112151,0.9728979081515147
2018-10-29,0.9090106969962276,0.9206098455188231,0.9874005817132462
2018-10-30,0.9286603217243579,0.9305942052364833,0.9979218831352663
2018-10-31,0.9413956540128919,0.9436274700537561,0.9976348547369683
2018-11-01,0.9534254628107911,0.9505718984318984,1.00300194481196
2018-11-02,0.9982229564791438,0.9844474922511931,1.0139930918981261
2018-11-05,0.9957490097705775,0.9762463869223149,1.0199771523966874
2018-11-06,0.987160108095621,0.970355113420265,1.0173183965776431
2018-11-07,0.9816079147172553,0.9640000788008306,1.0182653884617188
2018-11-08,0.9741150249137144,0.9612653955195275,1.0133674107630204
2018-11-09,0.9670452419971827,0.9477025386416768,1.0204100997589702
2018-11-12,0.9901017126749135,0.9589824849729828,1.0324502565892093
2018-11-13,1.0067392792214156,0.9686287162145817,1.0393448618328915
2018-11-14,0.9975004700817606,0.9589226131673522,1.0402304173294907
2018-11-15,1.0172595123230983,0.9701217255503067,1.0485895589505043
2018-11-16,1.0303585743077346,0.9746995350260225,1.0571037917651476
2018-11-19,1.0467363415309494,0.9857490380024013,1.0618689962428343
2018-11-20,1.010432952348832,0.9629528830623009,1.0493067419202682
2018-11-21,1.0145569674743562,0.9653704000102633,1.0509509795033802
2018-11-22,1.009101568673653,0.9617620370547583,1.0492216679334365
2018-11-23,0.9700863024171824,0.9405336961536708,1.031421103129391
2018-11-26,0.96800365649913,0.9398634684466116,1.0299407190482974
2018-11-27,0.9718504658307078,0.9386666633015063,1.0353520624802914
2018-11-28,0.9922489579000914,0.9511404001553859,1.0432202835017728
2018-11-29,0.9686372289532702,0.9387893514277985,1.03179400946557
2018-11-30,0.9781139241428277,0.9492733673032214,1.0303817191474982
2018-12-03,1.005053276278743,0.9756808998213586,1.030104490579617
2018-12-04,1.0072359639938953,0.9777035012176616,1.0302059496968692
2018-12-05,1.0013793242029225,0.9730030737231543,1.0291635774296044
2018-12-06,0.9798775210072214,0.9519602372690206,1.0293261027564446
2018-12-07,0.9835781981998538,0.9519272867436736,1.0332492952948653
2018-12-10,0.972838358195684,0.9409166934302045,1.0339261328748521
2018-12-11,0.9787539384906601,0.9454226427176634,1.0352554447788391
2018-12-12,0.9817523680515351,0.9486510230191663,1.0348930683983462
2018-12-13,0.9925812218744666,0.9633358102313336,1.0303584807421517
2018-12-14,0.9715038220056105,0.9472448067693552,1.0256100799528185
2018-12-17,0.9702927363421356,0.9458355758970125,1.0258577294705038
2018-12-18,0.9594231680097819,0.9360306913812426,1.0249911427519758
2018-12-19,0.9446469607856753,0.9248704886611978,1.0213829637413396
2018-12-20,0.9451315799464091,0.9177764508764799,1.029805873798358
2018-12-21,0.933239148510343,0.9064008078066659,1.0296097934517747
2018-12-24,0.9382268450599455,0.9090337651043974,1.032114406610843
2018-12-25,0.9272643260255378,0.9027744973309717,1.0271272934348163
2018-12-26,0.9218824398851783,0.898211690860414,1.026353196318442
2018-12-27,0.9157360388810097,0.8947648555866101,1.0234376475153921
2018-12-28,0.9219940492200687,0.9007908055975784,1.0235384769590583
2019-01-02,0.9119908456348333,0.8884905848080263,1.0264496453070289
2019-01-03,0.9088765395851205,0.8870843685582154,1.024566063611654
2019-01-04,0.9394147744805958,0.9083366161170545,1.0342143626185563
2019-01-07,0.9492127581105121,0.9138509215876339,1.0386954104740016
2019-01-08,0.9487663708007973,0.9118762036143352,1.0404552361825468
2019-01-09,0.9525036353841615,0.921085595018833,1.034109794502525
2019-01-10,0.9444258843831752,0.919353238675587,1.0272720480581627
2019-01-11,0.9491320604810173,0.9259626233077004,1.025022000445927
2019-01-14,0.9406750138417034,0.9178841359976138,1.024829798174166
2019-01-15,0.9538789305536324,0.9358990996023563,1.0192112920708176
2019-01-16,0.9457078845591366,0.9360965223244357,1.0102674905904305
2019-01-17,0.9386682218752538,0.9309413074726385,1.0083001090837753
2019-01-18,0.951004061505874,0.9479209936139769,1.0032524523801745
2019-01-21,0.954664413963652,0.953148068654031,1.0015908811647305
2019-01-22,0.941291319374213,0.9404858127306658,1.0008564793138224
2019-01-23,0.9387196610574482,0.9398066112635121,0.9988434320497038
2019-01-24,0.9433672186523023,0.945111505629386,0.9981544114459573
2019-01-25,0.9444322196077695,0.9527979517953434,0.9912198255970108
2019-01-28,0.9410500777041824,0.9525915553131696,0.987884127730701
2019-01-29,0.9342335029329223,0.9556403903052816,0.9775994321823078
2019-01-30,0.9247201660456631,0.9480137458374539,0.9754290695740769
2019-01-31,0.9204440581844222,0.9579322746119208,0.96086548347827
2019-02-01,0.9468833001181662,0.9716267232686575,0.974534023655451
2019-02-11,0.9718078682952938,0.989300543774807,0.982318138214331
2019-02-12,0.9828368391204889,0.9964424649825294,0.9863457988391944
2019-02-13,1.0036623914986902,1.0163962515201928,0.9874715594410577
2019-02-14,1.0073711100500518,1.017925155896296,0.9896318056537748
2019-02-15,0.9969827533022637,0.9989438305013753,0.9980368493810835
2019-02-18,1.036098376568367,1.0309703389886944,1.0049739913804918
2019-02-19,1.0341616035489147,1.0291361865543762,1.0048831408905794
2019-02-20,1.0397074418951724,1.0328223688357008,1.0066662702776599
2019-02-21,1.039644447786215,1.030063778896646,1.00930104434876
2019-02-22,1.0709301306996173,1.0532249134855907,1.0168104808263907
2019-02-25,1.135803480944597,1.1158657550728552,1.0178674950647983
2019-02-26,1.1316651631603387,1.1024644959842065,1.0264867188762063
2019-02-27,1.126201206541813,1.100579515611853,1.0232801815466428
2019-02-28,1.1088344728652149,1.097880727370928,1.009977172584601
2019-03-01,1.1331453841984644,1.1219185562566063,1.0100068118842045
2019-03-04,1.149809544551396,1.1352001418414945,1.0128694510962644
2019-03-05,1.1668979366725851,1.14175561380554,1.0220207569492425
2019-03-06,1.1980499047638473,1.1513540317316353,1.0405573539895296
2019-03-07,1.2099936313716426,1.1396133389054766,1.0617580455260043
2019-03-08,1.1457266339807406,1.0943531282562735,1.0469441758770544
2019-03-11,1.181284483925816,1.1160063907193365,1.0584925801046747
2019-03-12,1.1972098071628425,1.1236061139068805,1.0655066685246446
2019-03-13,1.1766223841127377,1.114282938028684,1.055945796131762
2019-03-14,1.1451434513820884,1.1065934772401949,1.0348366179041972
2019-03-15,1.159080315888234,1.1205123400067953,1.0344199474690343
2019-03-18,1.1885359362059227,1.1524491108931694,1.0313131616586397
2019-03-19,1.1909645848465837,1.1471263391146074,1.0382157084509211
2019-03-20,1.1901058723982376,1.1475691380892712,1.0370668161918253
2019-03-21,1.2035456734582781,1.1480029633038404,1.0483820268151496
2019-03-22,1.1978963755810739,1.1470784556916032,1.0443020437157728
2019-03-25,1.178391458766814,1.1198600598199253,1.052266708178074
2019-03-26,1.1536197971361217,1.10717691186134,1.0419471222505028
2019-03-27,1.1617522337202555,1.12002761674669,1.037253203715424
2019-03-28,1.1479181302366026,1.115542629601952,1.0290221993992312
2019-03-29,1.2045938870422646,1.1586096673055555,1.0396891386584486
2019-04-01,1.2470353678084554,1.1890055454332,1.0488053420761068
2019-04-02,1.2481160403417093,1.1882155741148797,1.0504121200998822
2019-04-03,1.2811532547721816,1.2034360527401895,1.0645794197830722
2019-04-04,1.2911817683833862,1.215424996226463,1.0623294505149439
2019-04-08,1.2808647190645248,1.2139290423757068,1.0551396946215426
2019-04-09,1.2757906086723116,1.2193744321730604,1.046266491252167
2019-04-10,1.2704628544205296,1.2224921127308974,1.0392401236703863
2019-04-11,1.2457851942894758,1.196081635697729,1.0415553229046548
2019-04-12,1.2473230617069433,1.1934008650844938,1.045183641306169
2019-04-15,1.2305915294807237,1.189481294933211,1.0345614804727308
2019-04-16,1.2562800271548769,1.2224741652107085,1.0276536412025865
2019-04-17,1.2653678662701573,1.2229079904252778,1.034720417379981
2019-04-18,1.2589944970490854,1.2183721753425043,1.0333414719481437
2019-04-19,1.2661882260065465,1.2328924202504388,1.0270062539190112
2019-04-22,1.237612981081306,1.204468315581062,1.0275180883311605
2019-04-23,1.2258563737130364,1.2024935275002626,1.0194286669146073
2019-04-24,1.2358057129943534,1.205808630780179,1.0248771500289942
2019-04-25,1.1931113497679258,1.1793981537470106,1.0116272829301518
2019-04-26,1.1780039432462064,1.1636751445564082,1.0123134010009815
2019-04-29,1.1487958376113716,1.1669842886987618,0.9844141422780669
2019-04-30,1.1602688167089434,1.1708380279068513,0.990972951897708
2019-05-06,1.0720325653639602,1.1024435338414864,0.9724149423131373
2019-05-07,1.0858486792354667,1.1132297831525926,0.9754039064247954
2019-05-08,1.0774319834084174,1.0973092811324099,0.9818854191195036
2019-05-09,1.0640865636312993,1.077035383746375,0.9879773493884347
2019-05-10,1.1074123343557558,1.1161559300184123,0.9921663313991332
2019-05-13,1.0857342821402916,1.0976892637864122,0.9891089563863614
2019-05-14,1.0807233543728882,1.0906340655571034,0.9909128904944366
2019-05-15,1.1027716812705664,1.1151506585653244,0.9888992781381809
2019-05-16,1.1103579569487532,1.1201981882959873,0.9912156335815873
2019-05-17,1.071104232666757,1.0917142118209797,0.9811214519962644
2019-05-20,1.058914863794655,1.082447963233383,0.978259371130939
2019-05-21,1.084942227819334,1.0971058291652669,0.9889130100099937
2019-05-22,1.0791359874211661,1.0918997162679334,0.9883105301186512
2019-05-23,1.0537040972271265,1.072325982491773,0.9826341191310364
2019-05-24,1.0503066078929255,1.0753030274031288,0.976754069436064
2019-05-27,1.0768936269382103,1.0882554582720503,0.9895595916864222
2019-05-28,1.0847382237038152,1.098745433285036,0.9872516334021595
2019-05-29,1.0848229687900401,1.096247082388722,0.989578888024232
2019-05-30,1.0788880099584783,1.089446234172092,0.9903086321449931
2019-05-31,1.0795038301393922,1.086038378668699,0.9939831329558382
2019-06-03,1.0748173777630747,1.0867025771306946,0.9890630613953255
2019-06-04,1.0614825378199348,1.076667389474999,0.9858964320796708
2019-06-05,1.0591116542788233,1.0762604154332125,0.9840663459247578
2019-06-06,1.0445447279128177,1.0665573270085147,0.9793610727353605
2019-06-10,1.054408730712564,1.0803385687511657,0.9759984149519204
2019-06-11,1.0922071471437584,1.1128139054582122,0.9814822961742478
2019-06-12,1.0845684403280493,1.1043823567744069,0.9820588256188477
2019-06-13,1.0864040036800082,1.1026739771964134,0.9852449827846921
2019-06-14,1.0719879902551306,1.0935452795252654,0.980286788600566
2019-06-17,1.0722721851704162,1.0935273320050765,0.9805627658197742
2019-06-18,1.0731168949074326,1.097357164555414,0.977910319054779
2019-06-19,1.0876042860952546,1.1118145230351864,0.978224572140109
2019-06-20,1.1154401803824245,1.1454986532699645,0.9737594864893692
2019-06-21,1.1227652556219077,1.1471203098695446,0.9787685266853947
2019-06-24,1.123421042942647,1.1493134828151441,0.977471385953747
2019-06-25,1.1181590062492899,1.1373573496392162,0.9831202186401519
2019-06-26,1.106997471254321,1.1352689172997197,0.9750971372380709
2019-06-27,1.1170928810221836,1.147383633642318,0.9736001527893703
2019-06-28,1.1177183974066072,1.1446219589732307,0.9764956793326269
2019-07-01,1.1398820950308182,1.1776000365680723,0.967970499009853
2019-07-02,1.1425749580603275,1.1780069405023579,0.9699220936449487
2019-07-03,1.1367650958036297,1.1649496989198325,0.9758061630108698
2019-07-04,1.1253086861882104,1.1588370259304508,0.971067251915497
2019-07-05,1.1320378679067937,1.164850987558793,0.9718306289796205
2019-07-08,1.1062009627557563,1.1378002187213807,0.9722277642017555
2019-07-09,1.1074162999749564,1.1349098967884383,0.9757746435278403
2019-07-10,1.1061626179185968,1.1329979951358014,0.9763147178261441
2019-07-11,1.1055515068459727,1.1325432077785114,0.9761671777755102
2019-07-12,1.1097671438509373,1.1395774438650994,0.9738409178115578
2019-07-15,1.1198736783108327,1.1442031367638195,0.978736766513507
2019-07-16,1.1186190469721533,1.1390119567641435,0.982095965129352
2019-07-17,1.1189379120338228,1.1383537174397105,0.9829439609952203
2019-07-18,1.1074236630142644,1.1275106810530062,0.9821846317056774
2019-07-19,1.118666969939372,1.139347070617673,0.9818491650072093
2019-07-22,1.108730642695045,1.1314840236573553,0.9798906741177278
2019-07-23,1.1158069204991172,1.1339464795132912,0.9840031612233059
2019-07-24,1.1233550490719892,1.1428985763900792,0.9829000335446917
2019-07-25,1.1311574510249949,1.1522456589260273,0.9816981667601264
2019-07-26,1.1338056317141176,1.1544896598096621,0.982083834255428
2019-07-29,1.1331792930685645,1.1532031170636117,0.9826363424632135
2019-07-30,1.136333143980266,1.1580052705416903,0.9812849499801615
2019-07-31,1.1309544371458728,1.147545161324019,0.9855424215644776
2019-08-01,1.1240830909015074,1.1380036706885233,0.9877675440373637
2019-08-02,1.1112244465570267,1.121239424896954,0.9910679395341029
2019-08-05,1.0921032548713177,1.0997716668808448,0.9930272689864105
2019-08-06,1.0788610254645052,1.0879951491218087,0.9916046283251573
2019-08-07,1.0807121771057062,1.0835370131498534,0.9973929491933687
2019-08-08,1.0898339584869308,1.097856820713177,0.9926922508701687
2019-08-09,1.0771550703251416,1.0871573644879848,0.9907995893790831
2019-08-12,1.0976352925635595,1.1067759670646178,0.9917411700533206
2019-08-13,1.0938816552198964,1.0967976365920211,0.9973413679289233
2019-08-14,1.098766037903418,1.1017793353794907,0.9972650626315889
2019-08-15,1.103819668213721,1.1052500773110463,0.9987058050239586
2019-08-16,1.1105023822804714,1.1101988956806697,1.0002733623686553
2019-08-19,1.1391827887013453,1.1342995408870096,1.004305077837303
2019-08-20,1.1377900061143942,1.133294199326421,1.003967025323738
2019-08-21,1.1370378182604464,1.131508000422608,1.0048871221730409
2019-08-22,1.1353050348489966,1.1350236111546361,1.000247945233557
2019-08-23,1.1392052560394217,1.1432067689633254,0.9964997469989333
2019-08-26,1.130616407539667,1.1267656486426594,1.003417533097185
2019-08-27,1.1481418384568474,1.1420368850985037,1.0053456709130872
2019-08-28,1.1415841836296596,1.1377373322932187,1.0033811418745373
2019-08-29,1.138515627937749,1.1340302579766741,1.0039552471634026
2019-08-30,1.1324717037582859,1.136842760583797,0.9961550911198428
2019-09-02,1.153131665262496,1.1514228071898613,1.0014841273439818
2019-09-03,1.1550066519348312,1.1530056242340323,1.0017354882393814
2019-09-04,1.1603637005897236,1.162696724276104,0.9979934374651026
2019-09-05,1.171506661410272,1.1744613237600146,0.9974842404002856
2019-09-06,1.1787628521487914,1.1813998631080946,0.9977678929533937
2019-09-09,1.192738170415532,1.1887123558651136,1.0033867020314502
2019-09-10,1.1871190274575947,1.1846191995420026,1.0021102375485376
2019-09-11,1.1766783410854267,1.175891516775078,1.0006691300167778
2019-09-12,1.1853249183273933,1.1885417142083163,0.9972934934950384
2019-09-16,1.1878732970692099,1.1841555085321185,1.0031396117404376
2019-09-17,1.162913114249566,1.1642585791775542,0.998844359017789
2019-09-18,1.1651530773229652,1.1699015319119885,0.9959411502083745
2019-09-19,1.1764718342584979,1.174180122574553,1.0019517547945882
2019-09-20,1.1776596529981398,1.177552083037568,1.0000913504906672
2019-09-23,1.16559300919069,1.1640910222507894,1.0012902658908893
2019-09-24,1.167395405835741,1.1672087028086262,1.000159956849761
2019-09-25,1.1503611253032968,1.158202763371271,0.9932294773281761
2019-09-26,1.1306704539909904,1.149274573152235,0.9838122937757015
2019-09-27,1.1419888993177536,1.152718393803507,0.9906920072209914
2019-09-30,1.1290509795797958,1.1413128148308778,0.9892563764362018
2019-10-08,1.122760261606921,1.1482393657963317,0.9778102850778502
2019-10-09,1.1286896286643213,1.1499028765738526,0.9815521394530846
2019-10-10,1.1480745524547902,1.159297842532805,0.9903188898777776
2019-10-11,1.154219075146608,1.1703952289321882,0.9861788963371471
2019-10-14,1.1697888911055943,1.182815053118,0.9889871523210094
2019-10-15,1.1565032220493061,1.177731558239458,0.9819752336246426
2019-10-16,1.1496787567827433,1.1736744371717265,0.9795550796464418
2019-10-17,1.1506673978355617,1.1744314579647,0.9797654771864494
2019-10-18,1.1328475584489117,1.1577239992487287,0.9785126327035115
2019-10-21,1.1353636004855046,1.1611528870023435,0.9777899303308653
2019-10-22,1.1424901518297257,1.1656528771522399,0.9801289682575982
2019-10-23,1.132239107197086,1.158232629166586,0.9775575982622733
2019-10-24,1.1317053622574527,1.1581100111477947,0.9772002239543958
2019-10-25,1.1447734649508607,1.1659251045776071,0.9818584919874341
2019-10-28,1.1572243281719103,1.174841306414017,0.985004801800952
2019-10-29,1.1459448105882715,1.1699464007124614,0.9794848805812184
2019-10-30,1.1385598407956787,1.1642615938000862,0.9779244173807037
2019-10-31,1.1319724822355042,1.162921138385968,0.9733871411148156
2019-11-01,1.1466164286917915,1.1825607031053218,0.9696047109301509
2019-11-04,1.153564719495047,1.1902592077614063,0.96917101079573
2019-11-05,1.1606664248674834,1.1976464351142122,0.969122765147961
2019-11-06,1.1521375570493049,1.1922818091577092,0.9663298963382119
2019-11-07,1.1552515397065064,1.1943732561197373,0.9672449829123527
2019-11-08,1.1475523521429292,1.188730303385303,0.965359719420708
2019-11-11,1.121514086574449,1.1677772045321144,0.9603836093236626
2019-11-12,1.1231375954435083,1.167989630259352,0.9615989443280551
2019-11-13,1.11937595758004,1.1668795480926601,0.959290065036903
2019-11-14,1.1271899629124693,1.1686388958236904,0.9645323007309228
2019-11-15,1.1188623550806929,1.1600308865605264,0.9645108316021674
2019-11-18,1.1286373115808763,1.1692582254852135,0.9652592446912396
2019-11-19,1.144385680776979,1.1809600086484626,0.9690300030452845
2019-11-20,1.132109313815403,1.1692372633424928,0.9682460090085119
2019-11-21,1.130214396807425,1.1637738559174495,0.9711632471039072
2019-11-22,1.120467272850696,1.1519225334551253,0.972693250031249
2019-11-25,1.124424626523555,1.1603660004140561,0.9690258298867115
2019-11-26,1.1323913881424525,1.1643872264414097,0.972521307712433
2019-11-27,1.1332923152806715,1.1595910321008938,0.9773206966144129
2019-11-28,1.1286066516988338,1.1556057011139182,0.9766364518718976
2019-11-29,1.1250315187322386,1.1455435220704382,0.9820940863939185
2019-12-02,1.1279725230491255,1.1477546425362268,0.9827645049264291
2019-12-03,1.132398051232531,1.1522516180635913,0.9827697644161913
2019-12-04,1.130913200069029,1.1518716354095893,0.9818048863291023
2019-12-05,1.138068383584121,1.1607100179201797,0.9804932894637809
2019-12-06,1.1424211329265008,1.1676006738452556,0.97843480097024
2019-12-09,1.1426088226743107,1.1655242298883854,0.9803389696872546
2019-12-10,1.144212623877737,1.1669992917039216,0.9804741373982206
2019-12-11,1.1427176867896411,1.1677083589663897,0.9785985327715995
2019-12-12,1.1408890041439812,1.1641987073719242,0.9799778997516991
2019-12-13,1.157106413640064,1.1872970256402073,0.9745719804327277
2019-12-16,1.1737690321772547,1.1930806140211232,0.9838136823137362
2019-12-17,1.1904403265292283,1.2093123232370835,0.9843944394303874
2019-12-18,1.1907263690465317,1.2066134648886577,0.9868333179560598
2019-12-19,1.186744782959232,1.2049290620759168,0.9849084235005868
2019-12-20,1.182749064739488,1.2019668799547176,0.9840113604328652
2019-12-23,1.161479482930678,1.1869620520016793,0.9785312689415574
2019-12-24,1.180623879495045,1.194699396213173,0.9882183612356857
2019-12-25,1.1840092880502964,1.1940740373065863,0.991571084420366
2019-12-26,1.1996471959183903,1.2045818897322602,0.9959033969745579
2019-12-27,1.185800703601154,1.2033970729697812,0.9853777528931474
2019-12-30,1.213407171458005,1.221229476642601,0.993594729463867
2019-12-31,1.216049608773837,1.2257026156197146,0.9921245115064089
2020-01-02,1.2329461929108678,1.2423560915601173,0.9924257636653653
2020-01-03,1.2317750384915243,1.2401779917271765,0.9932243973915796
2020-01-06,1.2297316651801553,1.2354924270228258,0.9953372746633888
2020-01-07,1.2387247683442968,1.244746757335297,0.9951620769803073
2020-01-08,1.214389340641406,1.2304120168743162,0.9869777960446017
2020-01-09,1.2279581457285123,1.245985416658343,0.9855317159504332
2020-01-10,1.2239022320040898,1.2456294107695933,0.9825572689777132
2020-01-13,1.2377932099190716,1.257839753743199,0.9840627204185025
2020-01-14,1.2354602635979763,1.253621104993766,0.9855132931924595
2020-01-15,1.2301375010495514,1.2466915394057805,0.986721624529417
2020-01-16,1.223763501932885,1.2413987035300338,0.9857940873089351
2020-01-17,1.225134364551969,1.2431370891183433,0.9855183111147121
2020-01-20,1.2384132881849785,1.2524062822209712,0.988827112866938
2020-01-21,1.2183409151263425,1.2310073697705872,0.9897104964963733
2020-01-22,1.226371795774475,1.236279313611114,0.9919860198843742
2020-01-23,1.1853505474148984,1.1979725752076482,0.9894638424501814
2020-02-03,1.085288642545155,1.1035625897682748,0.9834409507964953
2020-02-04,1.11295587092921,1.1326689105273373,0.9825959383056171
2020-02-05,1.1345387021296631,1.1455016678924983,0.990429550588953
2020-02-06,1.1639493353638957,1.166819746394531,0.9975399704714419
2020-02-07,1.1736921893924415,1.1668466676748144,1.0058666848929416
2020-02-10,1.1801322564996213,1.1716758125406774,1.0072173922756047
2020-02-11,1.1817486430760888,1.182581735355544,0.9992955309095785
2020-02-12,1.199127429870524,1.1921472027562923,1.0058551721617037
2020-02-13,1.1879669282132528,1.1848136777490519,1.0026613893166658
2020-02-14,1.1938771759618991,1.1931344565816904,1.0006224942847906
2020-02-17,1.2271183046848055,1.219969925284335,1.0058594718216554
2020-02-18,1.2301835208681782,1.2140127507315912,1.0133200990902624
2020-02-19,1.2193405592816844,1.212157706262053,1.005925675332941
2020-02-20,1.2494267977145728,1.2400882541262315,1.007530547569714
2020-02-21,1.2557372270956915,1.2415333099314516,1.0114406251130097
2020-02-24,1.2559939916017153,1.2365516111439818,1.0157230642720578
2020-02-25,1.2645290154627105,1.233861866770652,1.0248546044885256
2020-02-26,1.2329940032129616,1.2186534466354693,1.011767542788382
2020-02-27,1.2322202356486867,1.222201867677843,1.0081969830318442
2020-02-28,1.1705175391268368,1.178868561686435,0.9929160698393283
2020-03-02,1.2152429513279523,1.2176510495899115,0.9980223412423697
2020-03-03,1.2239058141506771,1.2241407607182644,0.9998080722616822
2020-03-04,1.2263703272215825,1.2312287692579187,0.996053989187351
2020-03-05,1.2442480899015937,1.2586595908568339,0.9885501202549695
2020-03-06,1.2231282148028222,1.2382480724468494,0.9877893146127419
2020-03-09,1.1702913689754504,1.1959470292963137,0.9785478288817199
2020-03-10,1.2099618080544743,1.2215587014660687,0.9905064788145864
2020-03-11,1.1845496609789892,1.2053119892449502,0.9827743120028473
2020-03-12,1.1619281528571987,1.1821179041306584,0.9829206958096897
2020-03-13,1.1541755246750633,1.165482305602944,0.9902986249782392
2020-03-16,1.08885150829994,1.1153750726751894,0.9762200491789425
2020-03-17,1.0953417790462965,1.1099415310454606,0.9868463774074545
2020-03-18,1.0745951056811234,1.0879741869790895,0.9877027585230537
2020-03-19,1.077771806471003,1.0738608460054408,1.0036419620662305
2020-03-20,1.0906870707732006,1.0930486379900364,0.9978394673990186
2020-03-23,1.0329683859990053,1.0562738185852056,0.977936182667657
2020-03-24,1.0631047833280833,1.084638051448952,0.9801470471259028
2020-03-25,1.1051437836692908,1.1137832818709241,0.9922431065879165
2020-03-26,1.088421940224017,1.1064618153538108,0.983695890016751
2020-03-27,1.092160121768567,1.1100552454116588,0.9838790693372604
2020-03-30,1.0718899200769998,1.099298932003368,0.9750668256573143
2020-03-31,1.074260280530431,1.102904350443842,0.974028509451537
2020-04-01,1.0736143569146073,1.099589177056425,0.9763777047975757
2020-04-02,1.1113219723737036,1.117376711928772,0.9945812907227884
2020-04-03,1.0998895609997565,1.1110007151666168,0.9899989675837482
2020-04-07,1.1327358820860995,1.13637297022135,0.9967993887301437
2020-04-08,1.1307506458380738,1.131083148968135,0.9997060312229349
2020-04-09,1.1342408382874958,1.1348142000499324,0.9994947527424213
2020-04-10,1.1090816165462765,1.1277440689229663,0.9834515180429961
2020-04-13,1.0968125857909565,1.1229807550002966,0.9766975799960764
2020-04-14,1.1288525820447768,1.1446549094985796,0.9861946798789121
2020-04-15,1.1255289775767234,1.1361755474992707,0.9906294674744757
2020-04-16,1.1294884895035413,1.1376775305950904,0.9928019663996831
2020-04-17,1.1386809656621817,1.1487808761320364,0.9912081488474449
2020-04-20,1.1453560589178704,1.152960755433561,0.9934042017650193
2020-04-21,1.134940732776157,1.1393739918979584,0.9961090395661774
2020-04-22,1.1411752383534655,1.1487479957141902,0.993407816693498
2020-04-23,1.1360497642189231,1.1458666475413424,0.9914327872763528
2020-04-24,1.1191557963325252,1.1360588185105414,0.9851213494384231
2020-04-27,1.123269719087892,1.1437782152018459,0.9820695167634971
2020-04-28,1.1230597950765322,1.1516711980649788,0.9751566219277524
2020-04-29,1.1227373204525941,1.1570208911238242,0.9703690996988567
2020-04-30,1.146100034859006,1.1706495088373676,0.979029185257385
2020-05-06,1.1608480998003379,1.1777315582394594,0.9856644255467181
2020-05-07,1.1567009343064822,1.1743326764961606,0.9849857348410964
2020-05-08,1.170739284801859,1.1859208154007126,0.9871985292764054
2020-05-11,1.1676506128783344,1.1848914970748712,0.9854493983296367
2020-05-12,1.1689765334273854,1.1849094445950603,0.9865534777865493
2020-05-13,1.1734347634934361,1.187305999400302,0.9883170506054277
2020-05-14,1.16054144791582,1.1744314579647008,0.9881729921702265
2020-05-15,1.157154337716326,1.1707212989181235,0.9884114509453831
2020-05-18,1.1604828501477429,1.1737402681149207,0.9887049815642179
2020-05-19,1.1691028191969928,1.1837156540724862,0.9876551139412416
2020-05-20,1.1580662220819182,1.1774235058812141,0.9835596251454073
2020-05-21,1.1463561364730384,1.1710115439711801,0.9789452054293766
2020-05-22,1.1247861220573498,1.1441642271009107,0.9830635283077664
2020-05-25,1.1183357957018458,1.1457380002774864,0.9760833588752367
2020-05-26,1.1407875214014398,1.1587383145694121,0.9845083286344571
2020-05-27,1.1277579766287185,1.1506120139438218,0.9801374946218672
2020-05-28,1.1250404487264651,1.153909169703549,0.9749818081569621
2020-05-29,1.136267102323101,1.1570178765012915,0.9820652951007648
2020-06-01,1.1677896587288754,1.1882305771200392,0.9827971786076174
2020-06-02,1.1652076365064994,1.1918897680135798,0.9776135912706514
2020-06-03,1.1634588202140321,1.1919137447788324,0.9761266914745745
2020-06-04,1.1646688763318929,1.191476975049232,0.9775001118118699
2020-06-05,1.1694758043995368,1.1971796593742956,0.9768590664251361
2020-06-08,1.1707205553361504,1.2033732364195293,0.9728657077495487
2020-06-09,1.1792466693029846,1.2108771226535642,0.9738780651159191
2020-06-10,1.182041104078963,1.2086869643304963,0.9779547053638551
2020-06-11,1.1744096579015049,1.1955729356723728,0.982298630941352
2020-06-12,1.1766702200414962,1.1977271989550624,0.982419219558563
2020-06-15,1.1702860895318836,1.1833386159335146,0.9889697452395448
2020-06-16,1.189751805532565,1.2011651305762723,0.9904981215711519
2020-06-17,1.1938838145878006,1.2020686760457888,0.9931910200963622
2020-06-18,1.2008981690759568,1.2100842068202124,0.9924087615618138
2020-06-19,1.2157603158239538,1.2263398928014253,0.9913730467062408
2020-06-22,1.215335370023428,1.2273392051169505,0.9902196271059567
2020-06-23,1.226753466818249,1.2332454816241583,0.9947358292386691
2020-06-24,1.2277490322204998,1.2383916526083603,0.9914060948606651
2020-06-29,1.2213042756872694,1.2296341040461214,0.993225766647621
2020-06-30,1.2449956842804306,1.2458627285320494,0.9993040611684079
2020-07-01,1.261753564212262,1.2709418641261954,0.992770479773085
2020-07-02,1.2952607508223912,1.2972895248387022,0.9984361439929431
2020-07-03,1.331536575547806,1.3223505726976577,1.0069467227827553
2020-07-06,1.4141493089612918,1.3972975942120374,1.0120602188245786
2020-07-07,1.4132829003815817,1.4056872186104012,1.005403536199674
2020-07-08,1.45502512630496,1.428387606704493,1.0186486633428051
2020-07-09,1.4773214342808938,1.448365299899908,1.0199922867407738
2020-07-10,1.4496862881341732,1.4221432718287244,1.0193672584549316
2020-07-13,1.4781501924506044,1.4520125725183228,1.0180009597898656
2020-07-14,1.4661033359591127,1.4381684443475096,1.0194239358549388
2020-07-15,1.4273274340514934,1.4195522388164343,1.0054772167042911
2020-07-16,1.3711799519122458,1.351268514602236,1.014735366875525
2020-07-17,1.362755184627947,1.3597806869118905,1.0021874834263251
2020-07-20,1.4242314104226166,1.4003524584492126,1.0170521012973035
2020-07-21,1.4164991619531524,1.4035659058530583,1.0092145698653414
2020-07-22,1.4303533586877006,1.4105702060368313,1.014024933013758
2020-07-23,1.4306697691458112,1.409968823895497,1.0146818460801998
2020-07-24,1.3552388556014983,1.3480789037486414,1.0053112260958517
2020-07-27,1.3644243797351614,1.354918731735682,1.0070156591512338
2020-07-28,1.3696876642521623,1.3668298558961358,1.00209082962572
2020-07-29,1.4105582896749727,1.3999664465501471,1.0075657835592606
2020-07-30,1.4002031477001073,1.3931267587781082,1.0050795011131692
2020-07-31,1.4150337286376298,1.4047657256206958,1.0073094059953642
2020-08-03,1.4531274355412522,1.4275827725960164,1.0178936475247482
2020-08-04,1.4515856520128065,1.4289261725251658,1.0158576978456468
2020-08-05,1.4677627591878921,1.4293180734542936,1.026897222142226
2020-08-06,1.4758030957931703,1.4250245498940721,1.0356334534046256
2020-08-07,1.4577411056288407,1.4086193947212848,1.0348722380876172
2020-08-10,1.4589479320666872,1.4136878865946687,1.032015585548407
2020-08-11,1.4360466510898866,1.4007952574238771,1.0251652719975926
2020-08-12,1.411960049008041,1.3905804543512896,1.0153745830310301
2020-08-13,1.4081272014368178,1.3870110010586945,1.0152242486627758
2020-08-14,1.4328592232593824,1.407632000680885,1.0179217455743368
2020-08-17,1.4766912345942709,1.4407237225344234,1.0249648919478995
2020-08-18,1.4782665149557261,1.439984649261639,1.0265849123556396
2020-08-19,1.457790352590081,1.4184181798844901,1.0277578032092038
2020-08-20,1.429299102897705,1.4000083708355888,1.0209218263778195
2020-08-21,1.4390139793324819,1.4118835999556647,1.0192157337741363
2020-08-24,1.4449864226550402,1.4229570796972961,1.0154813825884548
2020-08-25,1.434268362528892,1.42478225837152,1.0066579325378562
2020-08-26,1.4055782754888926,1.4080808289006121,0.9982227203436371
2020-08-27,1.4143834902943615,1.4156266394200885,0.9991218382791692
2020-08-28,1.4469998127267447,1.4494125657459387,0.9983353580090205
2020-08-31,1.4393505244972065,1.4410198566175425,0.9988415620279831
2020-09-01,1.4503222147652242,1.4487692593191632,1.0010719135818706
2020-09-02,1.4475057900898038,1.4492988513797413,0.9987628077616769
2020-09-03,1.4393578448965945,1.4412831803903163,0.9986641518336455
2020-09-04,1.4239852826194963,1.4272566325025817,0.997707945572935
2020-09-07,1.3861320863324527,1.3970822239697698,0.9921621380263486
2020-09-08,1.390915201062438,1.4045681626836155,0.9902796019560263
2020-09-09,1.3492640262463786,1.3717159280525995,0.9836322511483151
2020-09-10,1.345414698690772,1.3709349304943736,0.9813847971658299
2020-09-11,1.3684155951573098,1.3844888136121298,0.9883905031974328
2020-09-14,1.3697320631370136,1.391600798917037,0.9842851945780414
2020-09-15,1.383476111076955,1.4027999112999914,0.9862248350121944
2020-09-16,1.3793740165002537,1.393488793911922,0.9898709071265337
2020-09-17,1.3797069274182145,1.3861134848342416,0.9953780426450486
2020-09-18,1.4059397346213014,1.4173441329731786,0.9919536842982839
2020-09-21,1.395535539070211,1.403682564734288,0.9941959629130115
2020-09-22,1.3726697467593538,1.387026004063853,0.9896496120026326
2020-09-23,1.3795471796190975,1.3919837260860701,0.991065594924776
2020-09-24,1.3520369286997012,1.3652771149697829,0.9903021986343229
2020-09-25,1.3506541941042656,1.3673565034416841,0.9877849636906115
2020-09-28,1.348513618898748,1.3709140384591538,0.9836602303776955
2020-09-29,1.354559957098746,1.3738731358503207,0.9859425311933032
2020-09-30,1.3514182176884946,1.372556657201455,0.9845992226243978
2020-10-09,1.380386897235103,1.4006037237318607,0.9855656341945953
2020-10-12,1.4191269709580563,1.4430963005744137,0.9833903464330019
2020-10-13,1.4345792505664008,1.4478955796449622,0.9908029769095458
2020-10-14,1.4248257450911392,1.4382911324738035,0.9906379264401747
2020-10-15,1.4185051431903082,1.4357898370624587,0.9879615432384492
2020-10-16,1.4096266707216103,1.4336774980652105,0.9832243810926394
2020-10-19,1.396112956406576,1.4228493945761636,0.9812092282770716
2020-10-20,1.4155484616279894,1.434213119370852,0.9869861337267294
2020-10-21,1.4079209715228052,1.4340215856788348,0.981799008873584
2020-10-22,1.3973846443974367,1.4295784527120374,0.9774802087611728
2020-10-23,1.3760169210154556,1.4117789995645647,0.9746687841651284
2020-10-26,1.3778982545348903,1.4036256374436893,0.9816707658919267
2020-10-27,1.384381145804387,1.4060313062240268,0.9846019357294523
2020-10-28,1.3903937806731532,1.4173979755337465,0.9809480503523195
2020-10-29,1.4019119780381757,1.4280644111260905,0.9816867972591709
2020-10-30,1.3767269303127319,1.4048494339765787,0.979981837922486
2020-11-02,1.3811915555988614,1.4124790930669382,0.977849203133944
2020-11-03,1.398085820252642,1.429452820070714,0.978056638611885
2020-11-04,1.4086036618727635,1.4402540022794774,0.9780244732133213
2020-11-05,1.4353168543029535,1.46163188247964,0.9819961315211302
2020-11-06,1.431373822789443,1.4618144424115629,0.9791761397760568
2020-11-09,1.4640648637616953,1.4904269960429248,0.9823123625972819
2020-11-10,1.451939404010464,1.4822080133013584,0.9795787035157931
2020-11-11,1.4257229970955738,1.4675530217770048,0.9714967540792628
2020-11-12,1.4323691043810107,1.4686182351432242,0.975317526437578
2020-11-13,1.424330201917459,1.453176497245584,0.9801494894922939
2020-11-16,1.4360987881093814,1.4673347070197054,0.9787124786451981
2020-11-17,1.4354129028388083,1.4645281635501455,0.98011969900206
2020-11-18,1.429141381623522,1.463594612070313,0.9764598542775068
2020-11-19,1.4344661295129366,1.4744616953297704,0.972874462630317
2020-11-20,1.4538455196694433,1.4790394346979856,0.982966028871511
2020-11-23,1.4722573498884932,1.4975120600675487,0.9831355547294115
2020-11-24,1.4687246624677635,1.488314657045677,0.9868374644533839
2020-11-25,1.4459322310766953,1.4692884628502836,0.9841037125356042
2020-11-26,1.4353988720115423,1.4719483414282988,0.975169325995985
2020-11-27,1.4438441603921401,1.4902535500860985,0.9688580579517646
2020-11-30,1.4466367933941855,1.4841138156014317,0.9747478786240806
2020-12-01,1.4727207227981653,1.516083537013153,0.9713981366090044
2020-12-02,1.469352898243038,1.5160954552882786,0.9691691200034942
2020-12-03,1.4606898183195227,1.5130795708215137,0.9653754148081278
2020-12-04,1.4609237952775238,1.5157304756394343,0.963841407662672
2020-12-07,1.4455454920950022,1.5026613157817834,0.961990221557633
2020-12-08,1.4426929881942754,1.4989632853328339,0.9624605234236514
2020-12-09,1.4225618461546012,1.4788629040111265,0.961929494814009
2020-12-10,1.416375036696935,1.4782106238242563,0.9581686221633644
2020-12-11,1.405898902131945,1.4629842561688844,0.9609801993451189
2020-12-14,1.4119234084079724,1.476511218006357,0.956256472141408
2020-12-15,1.4134274286468005,1.479580945033689,0.95528901841502
2020-12-16,1.4093135359655506,1.4822049285713261,0.9508223247671735
2020-12-17,1.4303962694788648,1.5012371520117829,0.9528116644075951
2020-12-18,1.4392826090086612,1.4959981586966031,0.9620884896426907
2020-12-21,1.4623628250247658,1.5100217620693066,0.9684382449036828
2020-12-22,1.4283596583132157,1.4854663295056765,0.9615564014759834
2020-12-23,1.4536338351199527,1.4981374189741348,0.9702940576141164
2020-12-24,1.4478703430837099,1.496013161701761,0.9678192546359103
2020-12-25,1.4716356095203176,1.508576566049085,0.9755127069052155
2020-12-28,1.4800171415745793,1.5152787029046755,0.976729322953921
2020-12-29,1.4636076818979924,1.5088548928270167,0.970012218441862
2020-12-30,1.4849040003616982,1.5300293210600362,0.9705068915495854
2020-12-31,1.5110721137164858,1.5592254495275446,0.96911714349862
2021-01-04,1.5395742298334065,1.5761092987153738,0.9768194573106411
2021-01-05,1.5532536692479766,1.6062628152129657,0.9669984603621912
2021-01-06,1.5606766364875455,1.6209745938129176,0.9628014173969642
2021-01-07,1.5882424815281433,1.6496949727804149,0.9627491795354757
2021-01-08,1.587982131013075,1.6442404690079653,0.965784604469179
2021-01-11,1.5665843795758743,1.6280028707619427,0.9622737205878985
2021-01-12,1.6052884064336292,1.6744359097909989,0.958704001178522
2021-01-13,1.5971473236094742,1.6689365372180767,0.9569850548491995
2021-01-14,1.5679077411505866,1.6367693930842762,0.9579283115723902
2021-01-15,1.5644971372358114,1.6330653333902632,0.9580125823796019
2021-01-18,1.5806038490923044,1.6511490023457296,0.9572751137824606
2021-01-19,1.548284902468835,1.626913680630471,0.951669975427851
2021-01-20,1.5692026492791036,1.638555732203091,0.9576742605936632
2021-01-21,1.6033717898208226,1.66504697307711,0.9629588928999956
2021-01-22,1.6082875315360303,1.6664861398522681,0.965077052293158
2021-01-25,1.6255084888452034,1.6832833361691846,0.9656772890917669
2021-01-26,1.5940359598580895,1.6494884360832398,0.9663820157740397
2021-01-27,1.595001478779941,1.6539855518256055,0.9643382174768333
2021-01-28,1.5489371546045307,1.6088479591951936,0.962761674123245
2021-01-29,1.5353224928310807,1.6013140669508428,0.9587891123410783
2021-02-01,1.5541040074730794,1.620968564567854,0.9587502444178487
2021-02-02,1.5883002717650017,1.6459339857958024,0.9649841885955498
2021-02-03,1.5765582789207877,1.6411797157407282,0.9606250088274005
2021-02-04,1.562128997882323,1.6378137144152758,0.9537891789116117
2021-02-05,1.5345269987794676,1.6406440944350869,0.9353198563810649
2021-02-08,1.562947475657472,1.6649242849508181,0.9387498817723362
2021-02-09,1.608012096220408,1.701334054599304,0.9451477749906821
2021-02-10,1.6394713849462181,1.7376780634120974,0.9434839625741485
2021-02-18,1.6626996838667243,1.7259075748981247,0.9633770127956409
2021-02-19,1.6776873264324867,1.7290371737310872,0.9703014787196318
2021-02-22,1.6597941379791898,1.6747290993590873,0.991082162849136
2021-02-23,1.6512568866388728,1.669445237243435,0.98910515289822
2021-02-24,1.6040670496639917,1.6269286836356294,0.9859479802639229
2021-02-25,1.5995563838406857,1.6365001802814412,0.9774251192356105
2021-02-26,1.5544818175985258,1.596766193377943,0.9735187430979078
2021-03-01,1.5958875333961635,1.6213067631514164,0.9843217641886325
2021-03-02,1.5673384161600272,1.6006169179635006,0.9792089528543693
2021-03-03,1.5969138312044617,1.631309000281765,0.9789156014762609
2021-03-04,1.5296049956465232,1.5799959183413097,0.9681069285623932
2021-03-05,1.5184386775895509,1.5746373216298701,0.9643101028609246
2021-03-08,1.4484175056323119,1.5199492646038681,0.9529380613962802
2021-03-09,1.4137874423221632,1.4873303477353095,0.9505537518782383
2021-03-10,1.4321021971410979,1.4970872086130735,0.9565923674331712
2021-03-11,1.4851589524243511,1.534370798150763,0.9679270188237925
2021-03-12,1.488652873333608,1.539804269672991,0.9667805854634719
2021-03-15,1.443510347663016,1.5066407577386962,0.9580985648029116
2021-03-16,1.4498703077458917,1.5197517016667872,0.9540178873665658
2021-03-17,1.4636199968020767,1.526184625719542,0.959005858227691
2021-03-18,1.4764542046396212,1.5384249747034635,0.9597180420996563
2021-03-19,1.4398668864934778,1.4981284452140402,0.9611104382226462
2021-03-22,1.458136137829846,1.5131064921017965,0.9636705317445349
2021-03-23,1.4325726132760643,1.4987746961558468,0.955829196309771
2021-03-24,1.3931722066633447,1.474671036326975,0.9447342304446266
2021-03-25,1.4056652898556103,1.4739709428246013,0.9536587520252635
2021-03-26,1.4474972883230384,1.507373801766417,0.9602775944671372
2021-03-29,1.4468110582646139,1.5100336803444323,0.9581316477223226
2021-03-30,1.467302902834511,1.524350473285224,0.9625758174051889
2021-03-31,1.4552308231481526,1.5104764793190961,0.9634250139427212
2021-04-01,1.47332419063167,1.5291526968708034,0.9634905615682603
2021-04-02,1.4831081972183806,1.5443461140008279,0.9603470256911499
2021-04-06,1.4849614713212396,1.5379970385189563,0.9655164698829405
2021-04-07,1.4831278042775677,1.5270462469036172,0.9712396119534018
2021-04-08,1.4809308363095857,1.5295804928403094,0.968194118087643
2021-04-09,1.4668400548989216,1.5065808859330658,0.973621840416798
2021-04-12,1.4357778142054602,1.4803738608670403,0.9698751458395377
2021-04-13,1.4314265195716431,1.4779473000514824,0.9685233834263111
2021-04-14,1.4518320896581178,1.4902116258006566,0.9742455799712888
2021-04-15,1.4448964732301144,1.4807388405158843,0.9757942681686647
2021-04-16,1.4475890534488676,1.4858880962301189,0.9742248135115823
2021-04-19,1.4815413447274122,1.5220436560809274,0.9733895206016603
2021-04-20,1.478143246262639,1.5209515214344245,0.9718542803182756
2021-04-21,1.4789661544656527,1.525550293052861,0.9694640427134091
2021-04-22,1.4814933068865443,1.5227078545429231,0.9729333847373169
2021-04-23,1.479987980046837,1.5365340351935473,0.9631989569696792
2021-04-26,1.469022176075979,1.5191175092151077,0.9670233982326938
2021-04-27,1.4681463625060127,1.523090781711956,0.9639257095731446
2021-04-28,1.4875697076014502,1.5316838580774628,0.9711989192525776
2021-04-29,1.4921125235747943,1.5451269713440525,0.9656892613018445
2021-04-30,1.4856006469224372,1.5329554679258561,0.9691088084460199
2021-05-06,1.4684293169901204,1.5142943935943083,0.9697119154649162
2021-05-07,1.4467235156060705,1.4948252602092496,0.9678211588447163
2021-05-10,1.4525635904674397,1.4937391548078103,0.9724345685069302
2021-05-11,1.4632774511521773,1.5029066920343674,0.9736316026189576
2021-05-12,1.4740834890665198,1.50933653135709,0.9766433518581352
2021-05-13,1.4671571677369475,1.4939037672195443,0.982096169733625
2021-05-14,1.4976084892137411,1.5290957695802043,0.9794079082599858
2021-05-17,1.5115937126813268,1.551356443429665,0.974369055598575
2021-05-18,1.5181443387435376,1.5521373007728894,0.9780992557730396
2021-05-19,1.513171147657028,1.5475505876445799,0.977784609910634
2021-05-20,1.5056627191065093,1.5517812948841396,0.9702802347665406
2021-05-21,1.49735650958784,1.5361449385644497,0.9747494992153163
2021-05-24,1.504119758457939,1.5425599150970153,0.9750802829356171
2021-05-25,1.5353235226618043,1.5912968268153367,0.9648253530012048
2021-05-26,1.5408596596349922,1.591928074751985,0.9679204004710144
2021-05-27,1.5500192145281886,1.5972060478375754,0.9704566399724869
2021-05-28,1.5436735573675884,1.5920776841585609,0.9695968813126384
2021-05-31,1.5543224820395305,1.5952133122365868,0.9743665440330831
2021-06-01,1.5571763498443238,1.5982383106784475,0.9743079861371281
2021-06-02,1.5413498240999082,1.5827665667704913,0.973832690467369
2021-06-03,1.530463530640792,1.5723902360162028,0.9733356870228119
2021-06-04,1.5372750516334508,1.5804657788112586,0.9726721528824916
2021-06-07,1.539693549928959,1.5790744253516042,0.9750607857423336
2021-06-08,1.5352438093041016,1.5654577259131863,0.9806996279050206
2021-06-09,1.5313031780604924,1.566753312526832,0.9773735059738496
2021-06-10,1.5414398400288387,1.5772312991571913,0.9773074125859168
2021-06-11,1.5251496700932672,1.5632377017948036,0.9756351630607384
2021-06-15,1.5057594583112932,1.545842067851584,0.9740706955944097
2021-06-16,1.4829811459838476,1.5200899002503494,0.9755877897350741
2021-06-17,1.5018098401501399,1.5264928182927882,0.9838302690671985
2021-06-18,1.5150700040845941,1.526666264249615,0.9924041943962647
2021-06-21,1.5199041852618054,1.5230519421565472,0.9979332570297735
2021-06-22,1.5317255495095081,1.532557537751665,0.9994571243025712
2021-06-23,1.558944942152198,1.5401064330011738,1.012231952771156
2021-06-24,1.558363487811944,1.5426736294632128,1.0101705623594477
2021-06-25,1.5791346513149975,1.5678064674029246,1.0072254989041078
2021-06-28,1.5911190164909548,1.57133413662508,1.0125911347591345
2021-06-29,1.5715250873810518,1.5530170096921547,1.0119174983747061
2021-06-30,1.5860905416822388,1.5630402790727247,1.0147470688491718
2021-07-01,1.5714835729633791,1.5647217373704347,1.0043214300865455
2021-07-02,1.5453747967229208,1.5202783492123346,1.0165077977487404
2021-07-05,1.5576865976259857,1.5216755917020512,1.0236653634456045
2021-07-06,1.5514499011726386,1.5208707575935743,1.0201063393627534
2021-07-07,1.576779749977168,1.5380419073194294,1.0251864675945357
2021-07-08,1.5764910196701323,1.5224146649748354,1.0355201220399377
2021-07-09,1.5827186547130576,1.5167836305155264,1.0434702899418298
2021-07-12,1.6058426108503565,1.5357141980799127,1.0456650155726401
2021-07-13,1.6143890174716427,1.5385236860645037,1.0493104734716174
2021-07-14,1.5910764772011627,1.5208647283485106,1.0461656763707672
2021-07-15,1.603354480266069,1.5413242002890002,1.0402447972758997
2021-07-16,1.5921713959807364,1.52436239156035,1.0444835196642293
2021-07-19,1.5977085911218951,1.5299635602243442,1.0442788525549047
2021-07-20,1.604240779363068,1.5286170755651622,1.0494719737249736
2021-07-21,1.6331397923021236,1.5391041761706177,1.061097629119214
2021-07-22,1.6438618443610638,1.5414109933749143,1.0664656288468748
2021-07-23,1.629385215035327,1.5227049100278924,1.0700597366599944
2021-07-26,1.5830748952825597,1.4736567210062923,1.0742494318497395
2021-07-27,1.5302421186309862,1.421598676762991,1.0764234264169257
2021-07-28,1.5229443600896742,1.4243424039118893,1.0692263011386722
2021-07-29,1.5628359571623112,1.4512077384098485,1.0769209092523022
2021-07-30,1.5591429517452924,1.4395088997616305,1.0831075459161608
2021-08-02,1.6023852081929413,1.47618199318289,1.0854929917807334
2021-08-03,1.5993150992788476,1.4763975036401598,1.083255082276708
2021-08-04,1.6179821770138776,1.489679089225048,1.086128004827922
2021-08-05,1.599285427186184,1.4806491029149396,1.080124537297653
2021-08-06,1.589685712762094,1.4725378052945073,1.0795551102636425
2021-08-09,1.6133321753954921,1.4916866876161927,1.0815489531341842
2021-08-10,1.6330363031897932,1.5089177091476784,1.08225670180001
2021-08-11,1.6244520791144321,1.5005969303150397,1.082537253207222
2021-08-12,1.6215540766309477,1.4880333857527142,1.0897296338621414
2021-08-13,1.5977052122040534,1.4798442688064624,1.0796441530247296
2021-08-16,1.5946096219556414,1.4783752362359897,1.0786230605536857
2021-08-17,1.558732193101451,1.4473570138242902,1.0769507303404562
2021-08-18,1.5706938747861492,1.4643635511384117,1.0726119709583561
2021-08-19,1.5792043439740768,1.4547592441822543,1.0855434329010056
2021-08-20,1.5509834147819885,1.4269724166945896,1.0869049721189814
2021-08-23,1.590243333102544,1.4469021563594995,1.0990676364072194
2021-08-24,1.6076288990647112,1.4626132472749764,1.0991483237690594
2021-08-25,1.6176964159972116,1.4655364496257652,1.1038254397632359
2021-08-26,1.5815190380611128,1.436648513731503,1.1008392261189397
2021-08-27,1.5839943344756802,1.4442572807866425,1.0967535739982057
2021-08-30,1.5757151009457837,1.4401372031832478,1.0941423480088268
2021-08-31,1.5835603286270157,1.4378453889841092,1.101342564895562
2021-09-01,1.6028230715541796,1.4569494025053225,1.1001226733049325
2021-09-02,1.604470088237448,1.4569343995001645,1.1012644692773397
2021-09-03,1.5876333131542784,1.4490505306121275,1.0956369564859887
2021-09-06,1.637230271324817,1.4761790486678588,1.1091000599163732
2021-09-07,1.6582772130745684,1.4938618429341028,1.110060626367922
2021-09-08,1.6579590946091818,1.4876684061038705,1.1144681757081163
2021-09-09,1.664164620803985,1.4870340734371894,1.1191166702437216
2021-09-10,1.670152904651827,1.5000523352493043,1.1133964231816302
2021-09-13,1.6698315368992878,1.4935118662904168,1.1180570938795509
2021-09-14,1.6369389125657228,1.4712213266456415,1.1126394668964692
2021-09-15,1.6288578590981353,1.456309040593578,1.1184836553883015
2021-09-16,1.5987660921022286,1.438470747890696,1.1114345525945397
2021-09-17,1.6208261873340182,1.4529041997127161,1.1155767790157847
2021-09-22,1.6401131215961444,1.442680422880034,1.1368513051019116
2021-09-23,1.668200125971401,1.4520843625990811,1.148831410170615
2021-09-24,1.6391273198910457,1.4509563329122002,1.1296875603424739
2021-09-27,1.6007369602087076,1.4593160915152494,1.096909003824262
2021-09-28,1.622907047895898,1.4612489553106074,1.1106300825727045
2021-09-29,1.5814756257457878,1.4463187217383546,1.0934489071986746
2021-09-30,1.6016244088427551,1.4560279095156168,1.099995678912209
2021-10-08,1.596857250104645,1.4750451299509155,1.0825819615144812
2021-10-11,1.5842552260786484,1.4769150372106103,1.0726786485096442
2021-10-12,1.542613283615413,1.4612518998256383,1.0556792321703623
2021-10-13,1.5474754219715827,1.478087935697964,1.046944085394252
2021-10-14,1.5462796498050384,1.470159057794453,1.051777113236157
2021-10-15,1.5508920656685083,1.4756943254077532,1.0509575316283588
2021-10-18,1.5634899411767267,1.458541123202087,1.0719546513328568
2021-10-19,1.5779233342579504,1.4728848374231622,1.07131480626724
2021-10-20,1.5796503982839283,1.469132824198644,1.0752264004077148
2021-10-21,1.581092629662573,1.4744706690898648,1.072312025466415
2021-10-22,1.574598293646391,1.4839583171647934,1.061079866889234
2021-10-25,1.5912702224253323,1.4898794564621578,1.0680529995385903
2021-10-26,1.5859900619717127,1.4849666032404132,1.0680307951107126
2021-10-27,1.571781829633778,1.465536449625765,1.072495897345401
2021-10-28,1.545776344835326,1.4553576818085572,1.062128138090704
2021-10-29,1.5554921510516042,1.4687110574742017,1.0590865665072633
2021-11-01,1.5467300559907813,1.4633014225022247,1.057013976891989
2021-11-02,1.526806434819984,1.448090057852011,1.054358757966155
2021-11-03,1.5349713273435062,1.4424830001579547,1.064117446913013
2021-11-04,1.5427665112901578,1.4567338920480521,1.0590585691125445
2021-11-05,1.5199278196088701,1.4488379646698883,1.049066808485502
2021-11-08,1.5266783229121552,1.4505823795032613,1.052458891328152
2021-11-09,1.5291903954895687,1.450151498803723,1.0545038892495353
2021-11-10,1.5259702289997001,1.442506976923207,1.0578598602375677
2021-11-11,1.5455994722931414,1.46568311451731,1.0545249904186487
2021-11-12,1.542205980396979,1.462607218029913,1.054422514387891
2021-11-15,1.5410864193694758,1.460815130096038,1.0549496562704417
2021-11-16,1.533802999537123,1.461096261173999,1.0497617715513854
2021-11-17,1.5453524714072382,1.4618234161716577,1.057140318256998
2021-11-18,1.5321502889752134,1.4474227746599828,1.0585368116341365
2021-11-19,1.5487116609377467,1.4631129735402397,1.058504496197848
2021-11-22,1.5599927743511368,1.4697970226606394,1.061366127635246
2021-11-23,1.5587071887602661,1.4700813786836342,1.0602863292887845
2021-11-24,1.561720027075411,1.471071717239065,1.0616205918270771
2021-11-25,1.55234623263668,1.465021860570345,1.0596061904716827
2021-11-26,1.5397771137435943,1.45415786204092,1.058878925003718
2021-11-29,1.5374577198380361,1.4515518260234717,1.059182105850057
2021-11-30,1.5371664587942426,1.4457502901223669,1.0632309530189603
2021-12-01,1.5464725905499568,1.4492867928896151,1.0670576714954882
2021-12-02,1.5419476426948737,1.4529699605484083,1.0612384870729754
2021-12-03,1.558017959711648,1.466392181779778,1.0624838150873543
2021-12-06,1.5439071520045755,1.4638788278783061,1.054668680632713
2021-12-07,1.5514897656112219,1.4726993329762081,1.053500691465504
2021-12-08,1.5837727960604118,1.4947893651688713,1.0595290767816559
2021-12-09,1.6077419088374283,1.5195513344296767,1.0580372458695853
2021-12-10,1.5957834126893828,1.5124990807153988,1.055064054607287
2021-12-13,1.604651347362082,1.52108023880578,1.0549419461407998
2021-12-14,1.593363650606586,1.5108774942233196,1.0545948673526766
2021-12-15,1.5817470495412678,1.4977724393252905,1.0560663342515542
2021-12-16,1.5966808385614262,1.506398466216144,1.059932597098335
2021-12-17,1.5761244286478824,1.48247119685913,1.0631737277507805
2021-12-20,1.5533174305431703,1.4602286107448599,1.0637494835488985
2021-12-21,1.567939634139262,1.4701231627540743,1.0665362425838811
2021-12-22,1.575460677687008,1.4704104632921005,1.0714427821464971
2021-12-23,1.5829303157802121,1.4806701351651603,1.0690634451161165
2021-12-24,1.5760986927933474,1.4724719042438124,1.070376071863152
2021-12-27,1.5752769603887176,1.4718675775874472,1.0702572598078217
2021-12-28,1.5831467669180643,1.482830287477912,1.067652030233869
2021-12-29,1.5603880952330589,1.4611442147045035,1.0679220295504002
2021-12-30,1.5744002366710765,1.4725228022893484,1.0691856412840182
2021-12-31,1.5891408218708027,1.478165755023783,1.0750761993165199
2022-01-04,1.591002723748432,1.4714037463625622,1.0812822297629245
2022-01-05,1.567382177769011,1.456548387601098,1.0760934488077347
2022-01-06,1.5628193192551496,1.4416212387588778,1.084070681839159
2022-01-07,1.5543365922737646,1.4428600382969254,1.0772608229613319
2022-01-10,1.5597194116467419,1.4493466646952458,1.0761534487504438
2022-01-11,1.5391437480122998,1.4354995920094016,1.072200756154739
2022-01-12,1.5617529153334535,1.4498044666750676,1.0772162393147573
2022-01-13,1.5304419940569571,1.4259700196490313,1.0732637944475434
2022-01-14,1.5312237631597234,1.4142443999355312,1.0827150973548312
2022-01-17,1.5488441368497443,1.426376923583317,1.0858589417997366
2022-01-18,1.561389414097515,1.4401611799484997,1.0841768517558226
2022-01-19,1.551695566189068,1.4302964937345999,1.0848768580404522
2022-01-20,1.551824349042721,1.443201041180517,1.075265541503041
2022-01-21,1.520185297802644,1.4299763828862282,1.063084199149038
2022-01-24,1.5249314331967416,1.432199491734643,1.0647479223371208
2022-01-25,1.4813977695232174,1.3997988896233837,1.0582932880606783
2022-01-26,1.486906372122126,1.409929844125088,1.0545959987426217
2022-01-27,1.454520124100482,1.38227467852381,1.0522656218037836
2022-01-28,1.4441450987448992,1.3654864559669881,1.057604850223291
2022-02-07,1.4620895798798275,1.3865262777985903,1.0544982834376642
2022-02-08,1.4622586623614497,1.3789506014837993,1.0604141009750516
2022-02-09,1.4806773801389659,1.3919029622452201,1.0637791716101728
2022-02-10,1.4800463430045325,1.3882527451117743,1.0661216757654368
2022-02-11,1.4548656520630545,1.3767454401555737,1.0567426697986035
2022-02-14,1.4476968942841646,1.3618721338739206,1.0630196905241835
2022-02-15,1.479090558993727,1.3763564837414772,1.0746420541958566
2022-02-16,1.4804943979177525,1.3817091914228548,1.071494933310222
2022-02-17,1.4850405064953482,1.3850512159830546,1.0721917640000953
2022-02-18,1.4940021708872335,1.3916575859926363,1.0735414989468097
2022-02-21,1.4949933250820397,1.386592178849285,1.0781781030401567
2022-02-22,1.4737962932066433,1.3685922182497003,1.0768702857973933
2022-02-23,1.4885655901421284,1.3832230927938,1.0761572720243993
2022-02-24,1.4583130933318846,1.3551789707784254,1.076103691672708
2022-02-25,1.4717212357107972,1.3683737632773996,1.0755257629215789
2022-02-28,1.4677314445467853,1.3708362191333354,1.0706832983116747
2022-03-01,1.4795124028178441,1.3822178914482128,1.0703901403473308
2022-03-02,1.4729051463438652,1.3699236999037243,1.0751731256619461
2022-03-03,1.4676197061921548,1.3618541863537321,1.077662881164688
2022-03-04,1.4576270470089296,1.345338261329778,1.0834650949183304
2022-03-07,1.4172620600457573,1.3023580167120885,1.0882276930453836
2022-03-08,1.380224067987862,1.276210723236692,1.0815017009787962
2022-03-09,1.3611743797863889,1.2645299723236645,1.076427138603234
2022-03-10,1.3894320362806767,1.2844238169481963,1.081755116922373
2022-03-11,1.4037588727632617,1.2885169732713075,1.0894376262653152
2022-03-14,1.362773944252024,1.2490941234560864,1.0910098115595963
2022-03-15,1.295175183005373,1.191961698309339,1.086591276248583
2022-03-16,1.3485857269880748,1.2435050132822192,1.0845036510375587
2022-03-17,1.385252710443324,1.2679258394444315,1.092534490069468
2022-03-18,1.3964364261094215,1.2763634173733003,1.0940743107344977
2022-03-21,1.3965138028261637,1.274224016880767,1.095971967507531
2022-03-22,1.3933204446192593,1.273191894254896,1.0943522739238498
2022-03-23,1.3972967475965539,1.2795408295217663,1.0920298245729285
2022-03-24,1.3911860030952734,1.271997963517321,1.093701438993168
2022-03-25,1.36573745761977,1.2490373363804883,1.0934320519012348
2022-03-28,1.3593687000452725,1.2412282020882386,1.0951803203941666
2022-03-29,1.3477833214123962,1.2369405675580791,1.0896104119805357
2022-03-30,1.3924622849842192,1.2728328036361143,1.0939867993709451
2022-03-31,1.38062228452553,1.2634079718818472,1.0927762965347543
2022-04-01,1.3985543179038593,1.2794331444006322,1.0931046487458562
2022-04-06,1.3936383766195963,1.275747032226808,1.0924096560013232
2022-04-07,1.3672573158925088,1.2593686581193029,1.0856688445258937
2022-04-08,1.3723821144956416,1.2658524802175937,1.0841564368225087
2022-04-11,1.3244491063464585,1.226746796735713,1.0796434193842808
2022-04-12,1.3482639102441067,1.2506530338425055,1.0780479267712657
2022-04-13,1.3233171253071785,1.238616136825727,1.0683835661131622
2022-04-14,1.3416989357347713,1.254123775774061,1.0698297581565726
2022-04-15,1.3479243094012952,1.2532799618951735,1.0755173228517938
2022-04-18,1.3574846490234795,1.2465867987996777,1.0889611941427455
2022-04-19,1.3459891868756073,1.2371679962904742,1.0879599140225278
2022-04-20,1.3186458517293353,1.2179861634434417,1.0826443610831444
2022-04-21,1.2840749256125272,1.195558072882218,1.0740381038262035
2022-04-22,1.2762171460194507,1.200770144917114,1.062832176017788
2022-04-25,1.2021137691915846,1.1414265291970773,1.0531678898660233
2022-04-26,1.1809998726553417,1.1322141231700478,1.043088801390942
2022-04-27,1.2319710275978055,1.1655511511686703,1.0569858099857201
2022-04-28,1.23749316519313,1.1732017022942496,1.0548000081939495
2022-04-29,1.2981290036599389,1.2016647166265364,1.0802755425025785
2022-05-05,1.3088851290877792,1.1998605702025342,1.0908643567367513
2022-05-06,1.2849655685021073,1.1695244937730194,1.0987077015861908
2022-05-09,1.2855063108253766,1.1601355570591303,1.1080656075088786
2022-05-10,1.3031990546880363,1.1728306934003419,1.1111570169686833
2022-05-11,1.3284306906090897,1.1897505077360497,1.1165624069679376
2022-05-12,1.3257423585870187,1.184460616375334,1.1192793920358726
2022-05-13,1.3355127447902075,1.1933948358394335,1.1190870822319323
2022-05-16,1.327305513705281,1.1838024471584017,1.1212221404773608
2022-05-17,1.3384742275041501,1.1985680683189206,1.1167277544624212
2022-05-18,1.3427061085258263,1.1943851743948641,1.1241818278647917
2022-05-19,1.3498520705613994,1.196685962354097,1.1279918984810327
2022-05-20,1.3727208828418465,1.2200237678449024,1.1251591313394445
2022-05-23,1.372768939460825,1.212956651340468,1.1317543276948476
2022-05-24,1.3352790080532952,1.1845833045016256,1.1272141038785533
2022-05-25,1.3516909924834632,1.1917731091323522,1.1341848394847038
2022-05-26,1.3555628240156168,1.1947232327634243,1.1346249799463317
2022-05-27,1.3542879626164233,1.1971946623794547,1.131217842155044
2022-05-30,1.3624371034629614,1.2054885199318097,1.1301950047106462
2022-05-31,1.3825452800202451,1.2241885740337681,1.1293564646373744
2022-06-01,1.382316964754885,1.2216933078674868,1.1314762517343842
2022-06-02,1.3880592406791719,1.223605139412623,1.134401283526394
2022-06-06,1.4104086051289577,1.2465000057137634,1.1314950651134077
2022-06-07,1.4159216939378405,1.2504016283448574,1.1323735205080308
2022-06-08,1.429389238066276,1.2625731317630535,1.1321239159194534
2022-06-09,1.4092583147663778,1.2493664209889537,1.1279783825555831
2022-06-10,1.4351490883042117,1.2683118513434966,1.1315427564474683
2022-06-13,1.4266194927680818,1.2534594370970635,1.1381457193956324
2022-06-14,1.4464767418373734,1.2633211787959322,1.1449794130863904
2022-06-15,1.463920166233469,1.2800495295471237,1.1436433766366823
2022-06-16,1.4537423586376554,1.271624010108382,1.1432171357898089
2022-06-17,1.4694770322230346,1.289270909334248,1.1397736671044887
2022-06-20,1.4706588938869418,1.2956708828616559,1.135055910679109
2022-06-21,1.4649132496314368,1.2942167130813398,1.1318917727029607
2022-06-22,1.4431702225461804,1.2777756628681742,1.1294394348588166
2022-06-23,1.4780933872833586,1.2996950534040401,1.1372616856639364
2022-06-24,1.4836563930641633,1.314921421059412,1.1283232361282882
2022-06-27,1.496331401075238,1.3297289665053724,1.125290520674833
2022-06-28,1.5048787803805146,1.3435700099461534,1.1200598176799332
2022-06-29,1.4770404858630053,1.3228772202432066,1.116536337054361
2022-06-30,1.4927407852189656,1.3419213619587893,1.1123906568116828
2022-07-01,1.4855812209156678,1.3364490508811522,1.1115883691459763
2022-07-04,1.4956893871098476,1.3452186579335181,1.1118559635557521
2022-07-05,1.4847072246863133,1.3432768203780658,1.1052876087509957
2022-07-06,1.4702172815444852,1.3236580775864313,1.11072285693696
2022-07-07,1.480985849722278,1.329492564012883,1.1139482008474981
2022-07-08,1.4796747797066183,1.3250972443615894,1.116653729379312
2022-07-11,1.4494966307723298,1.3029085008078862,1.1125083840296917
2022-07-12,1.427930365626573,1.2906412305436812,1.1063728105331478
2022-07-13,1.436964761789907,1.2929870275183883,1.1113528064916887
2022-07-14,1.4482627664939305,1.2931694472353097,1.1199327122908738
2022-07-15,1.4312798874513577,1.2711662081285606,1.1259580991839926
2022-07-18,1.4421798576966531,1.2843490823524093,1.122887754982595
2022-07-19,1.4330062872462894,1.27739259548414,1.1218213510179076
2022-07-20,1.4397601555778734,1.2817190695697087,1.1233039983256403
2022-07-21,1.4256811678149015,1.2674352271542642,1.1248552488287251
2022-07-22,1.4205134981300835,1.2680844226111019,1.1202042015508054
2022-07-25,1.4070927901187233,1.260427842240459,1.1163612409716068
2022-07-26,1.417363411264635,1.2704032983055253,1.115679889335242
2022-07-27,1.4211361846564141,1.2641379311795353,1.1241939266313983
2022-07-28,1.4246594642352803,1.2643265203565215,1.1268129247447465
2022-07-29,1.3995528749516732,1.247699825481401,1.1217063963375027
2022-08-01,1.4144814034876425,1.2532590698599537,1.1286424630828362
2022-08-02,1.385208875019536,1.2288261852076143,1.1272618468701496
2022-08-03,1.379451255792915,1.2168462154814352,1.1336282582324064
2022-08-04,1.3913481665956968,1.2271866511953458,1.1337706169150787
2022-08-05,1.41218186168187,1.2437534742648357,1.1354194307007583
2022-08-08,1.4153897484591185,1.2411084584769771,1.1404238999353933
2022-08-09,1.4170999959774115,1.2435679698178819,1.1395436601546942
2022-08-10,1.4043485178889028,1.229640133291187,1.142080906329969
2022-08-11,1.4348796373034558,1.254713099425268,1.1435918202820348
2022-08-12,1.424418173224317,1.2539980029177362,1.1359014686706488
2022-08-15,1.4194330037548175,1.2523614134204988,1.1334052523049287
2022-08-16,1.4134464867598995,1.2500157566607932,1.1307429360216097
2022-08-17,1.4263961528964808,1.2617204843390735,1.1305167591407295
2022-08-18,1.4191390993751094,1.2506918733979147,1.1346832337844752
2022-08-19,1.3988699942893588,1.2420061149164319,1.1262987979600096
2022-08-22,1.4092967027796726,1.2510808298120113,1.1264633500870083
2022-08-23,1.4050089346132724,1.2450011073479765,1.128520228874442
2022-08-24,1.36681862400624,1.2214658791350919,1.1189986125310936
2022-08-25,1.3690903706868116,1.2315849153616707,1.1116491876524492
2022-08-26,1.361055625731345,1.2289847683742847,1.1074633801456835
2022-08-29,1.3595452347212258,1.2235902766224673,1.11111150578447
2022-08-30,1.3554294107029945,1.219482117294198,1.1114795301061389
2022-08-31,1.335592335705666,1.2203947767388108,1.0943936840459862
2022-09-01,1.3282156789997481,1.209892813343199,1.0977961554541324
2022-09-02,1.329083837029843,1.2038698779547623,1.1040095456892773
2022-09-05,1.3309491692032516,1.2014224251039844,1.1078111590001796
2022-09-06,1.3506724242528352,1.212447951315111,1.1140044591504283
2022-09-07,1.3550621882751648,1.2132558701536205,1.1168808011648763
2022-09-08,1.3474973314526861,1.2080795529441009,1.115404468330602
2022-09-09,1.3653371558675524,1.224867775500923,1.1146812604398733
2022-09-13,1.3658636181619328,1.2300499817405044,1.1104131038880662
2022-09-14,1.353611993635362,1.2163614922213304,1.1128369339968036
2022-09-15,1.3349227482991834,1.2049200883158238,1.1078931800075396
2022-09-16,1.299742846423608,1.1766634003582102,1.1046003861664508
2022-09-19,1.2970927298824186,1.1752632133534626,1.1036614735701045
2022-09-20,1.2997879370162868,1.176711353888715,1.1045936904754396
2022-09-21,1.290928507672935,1.1680016186419797,1.1052454783186696
2022-09-22,1.283116168237538,1.157712080973605,1.1083206172975855
2022-09-23,1.270464555146084,1.1537266798791288,1.1011833021658002
2022-09-26,1.2668824101103475,1.147940146983182,1.1036136452233585
2022-09-27,1.2905385381082457,1.1645817046484594,1.1081562873236168
2022-09-28,1.2627496701868,1.145555510453066,1.1023033442415933
2022-09-29,1.2638124194304818,1.145085720090618,1.1036836782232062
2022-09-30,1.2493406435179013,1.1384285221430008,1.0974256347391202
2022-10-10,1.219464423673758,1.1133105469934457,1.0953497449269536
2022-10-11,1.2190304544326482,1.1153301337672168,1.0929772428143458
2022-10-12,1.2544237746182758,1.132270980353146,1.1078830036137033
2022-10-13,1.251266891395686,1.1228042243134375,1.1144123474961092
2022-10-14,1.289155177148286,1.1496725033264277,1.1213238321507069
2022-10-17,1.2978177088981817,1.1508513609513438,1.127702284529037
2022-10-18,1.2962080844072545,1.148415896483192,1.1286922171459384
2022-10-19,1.2797793468982126,1.1299432010061283,1.1326050245345665
2022-10-20,1.282169571686348,1.123480411158059,1.141247821459313
2022-10-21,1.2798594667745533,1.1198780073401167,1.1428561489607403
2022-10-24,1.249749462873141,1.0871094810649822,1.1496077300777738
2022-10-25,1.2434157022787267,1.0853382150588262,1.1456481353246486
2022-10-26,1.2663547483256379,1.0941496762891327,1.1573871251514216
2022-10-27,1.264655650350967,1.0864422679804544,1.1640339184352488
2022-10-28,1.2287660961391424,1.0595709743449324,1.1596826695812548
2022-10-31,1.2215845182931366,1.049808014114604,1.1636265887371864
2022-11-01,1.2699991113000957,1.0873488280725028,1.1679776337749583
2022-11-02,1.3005622256700902,1.1004059995475275,1.1818930705620145
2022-11-03,1.2910088056274531,1.0914569172932713,1.1828307514226535
2022-11-04,1.3324569613511517,1.127142616674131,1.1821547172822224
2022-11-07,1.3343085681659714,1.1295751366272515,1.1812481745570502
2022-11-08,1.3241341744573125,1.1218049119979117,1.1803604711438254
2022-11-09,1.3140758071057363,1.1113148668774253,1.1824513882352974
2022-11-10,1.2981951006888655,1.1027637147973604,1.1772196375969959
2022-11-11,1.3231840690293648,1.13350662505366,1.1673368640141168
2022-11-14,1.3205575887532595,1.1351761650762444,1.163306303796965
2022-11-15,1.3418930561070055,1.1567037247904834,1.1601009207003858
2022-11-16,1.3292719566034772,1.1472549863784647,1.1586543291475113
2022-11-17,1.3321660913071545,1.142548529638894,1.1659601817773024
2022-11-18,1.3240793176047303,1.1374351689650375,1.1640921203531291
2022-11-21,1.3135291523536439,1.127729065917808,1.164755961383882
2022-11-22,1.3065293362941652,1.1278607278041948,1.1584137155283492
2022-11-23,1.3030367833844592,1.129045544566674,1.1541047122988848
2022-11-24,1.2958616852766969,1.1240428836364835,1.152857870586172
2022-11-25,1.3023101050189028,1.129718786896265,1.1527736991935902
2022-11-28,1.2902442280496242,1.1169907701372073,1.1551073317205076
2022-11-29,1.3226830563414347,1.1514527430926782,1.1487080683735664
2022-11-30,1.3216452727953336,1.1528350526847375,1.1464305060099176
2022-12-01,1.3327195059173782,1.1653207779212433,1.1436503417494615
2022-12-02,1.321496483996472,1.1581937896111782,1.140997729266116
2022-12-05,1.3577216153388205,1.1809121953329598,1.149722748824699
2022-12-06,1.3581428123591657,1.187291136610146,1.1439004052846053
2022-12-07,1.3483084664131246,1.1843708787743883,1.1384174421853248
2022-12-08,1.349093523022469,1.1845922782617202,1.138867395794728
2022-12-09,1.3539518483465274,1.196279058419811,1.1318026833429564
2022-12-12,1.3457655213580677,1.182874924923632,1.1377073712547858
2022-12-13,1.3446885538589006,1.1805531047141775,1.1390326690847692
2022-12-14,1.3403381193004529,1.1833087501382014,1.1327036322041155
2022-12-15,1.3414395203055287,1.1824410997090629,1.1344662500614933
2022-12-16,1.3435557061122425,1.1831113274161222,1.1356122411967144
2022-12-19,1.3144298321595056,1.1648569466963579,1.1284045100021511
2022-12-20,1.2988585640713461,1.1456482626765423,1.133732408441718
2022-12-21,1.2959979253873635,1.1461030500338323,1.1307865600297515
2022-12-22,1.2935765494443854,1.1477456687761332,1.1270585327703784
2022-12-23,1.2912668941481484,1.1454089156690213,1.127341403130194
2022-12-26,1.3044330293691193,1.1499776812771418,1.1343116050047533
2022-12-27,1.3196829115199364,1.1632502931019357,1.1344788987766818
2022-12-28,1.310382920314548,1.158286541834655,1.1313115304257801
2022-12-29,1.3062591529030698,1.1539301318462711,1.1320088771865888
2022-12-30,1.3123997020558382,1.158397241578321,1.1329444295531024
2023-01-03,1.321488923593947,1.1632652259995933,1.136016872212777
2023-01-04,1.3244580167339082,1.1647761828555074,1.1370922896851587
2023-01-05,1.3441276787633993,1.187404850976344,1.1319876937155764
2023-01-06,1.3425675706612725,1.191088018635137,1.1271774626695645
2023-01-09,1.3541415270884207,1.2007311651467034,1.1277641210578337
2023-01-10,1.3544406295287204,1.2020327810054126,1.1267917572063466
2023-01-11,1.3463592503220325,1.1998067276419666,1.1221467752294505
2023-01-12,1.349828755714696,1.2021523844016722,1.1228433044172885
2023-01-13,1.3630959166701162,1.2190603505697553,1.1181529413478526
2023-01-16,1.384754051284461,1.2380836002501174,1.1184657086199294
2023-01-17,1.3871273273121163,1.2378680897928476,1.1205776598896307
2023-01-18,1.3856483797546049,1.2357945903510084,1.1212610822005888
2023-01-19,1.3994662738114554,1.2434841212469983,1.1254396014386048
2023-01-20,1.403892188226419,1.2511198095824212,1.1221085122894727
2023-01-30,1.4026734552259421,1.2570499226398801,1.1158454648167384
2023-01-31,1.3839552263482873,1.2437384712596773,1.1127381345264622
2023-02-01,1.4029230619848054,1.2554281959327993,1.117485704502929
2023-02-02,1.4008273379223855,1.2510060952162236,1.1197606017101513
2023-02-03,1.3922968495274373,1.2391816239266824,1.1235615688970337
2023-02-06,1.371924075752124,1.222800305304146,1.1219526768198562
2023-02-07,1.3756986692362314,1.2249994373873085,1.1230198376011795
2023-02-08,1.3685486716820343,1.2195868579003006,1.1221412093913454
2023-02-09,1.390300275860275,1.2359592027627424,1.1248755401897843
2023-02-10,1.3852395444096788,1.2286137594803765,1.1274817115800044
2023-02-13,1.398818716584669,1.2397621140327968,1.1282960664401014
2023-02-14,1.4025407827168512,1.2402767030882167,1.130828934563236
2023-02-15,1.4105577767076856,1.2338139132401473,1.1432500165307644
2023-02-16,1.3943449925034783,1.224778037899977,1.1384470894777337
2023-02-17,1.3676916371864964,1.207131138674111,1.1330099882012339
2023-02-20,1.41381301830568,1.2367460893510307,1.1431716101463991
2023-02-21,1.4173028696189856,1.2399954317952544,1.1429903959944652
2023-02-22,1.4090515724550383,1.2288052931723943,1.1466841657373594
2023-02-23,1.4005249159887063,1.2278178991319946,1.1406617520226794
2023-02-24,1.3917938112958472,1.2150719348527477,1.1454414931116947
2023-02-27,1.3861784533726795,1.2099226791385131,1.145675237990963
2023-02-28,1.397381984155092,1.2175882332692507,1.147663837390323
2023-03-01,1.4212343748087157,1.2347863042753895,1.1509962249239067
2023-03-02,1.422809943042331,1.2320337435813982,1.1548465701161446
2023-03-03,1.427909739294171,1.235866520646767,1.1553915535691524
2023-03-06,1.4245325773116146,1.2294216783188867,1.1587013653928104
2023-03-07,1.40525669471328,1.211421717719302,1.1600061928548746
2023-03-08,1.4057975845736377,1.2070115352778519,1.1646927502229925
2023-03-09,1.4067782050935125,1.2027447927829125,1.1696398217933726
2023-03-10,1.3848762442799982,1.1869739702768063,1.1667284026094022
2023-03-13,1.414359931661214,1.1994057127377438,1.1792172712207776
2023-03-14,1.40628054478181,1.192227966597144,1.1795399740501096
2023-03-15,1.4116640128030253,1.192886135814076,1.1834021457879096
2023-03-16,1.394467833755356,1.1785993488836006,1.183156799701469
2023-03-17,1.417152654327357,1.184484593140587,1.1964297910957753
2023-03-20,1.414530328405008,1.178578316633379,1.2002005369024846
2023-03-21,1.4284779294439396,1.191533762124832,1.1988564444003424
2023-03-22,1.442038697553197,1.196638149038594,1.2050749833705061
2023-03-23,1.4652094689025605,1.2085014598835444,1.2124184517276078
2023-03-24,1.4647532789620141,1.204899056065602,1.215664724433367
2023-03-27,1.452297115493035,1.200539771669688,1.2097034598638976
2023-03-28,1.4367975935982555,1.196659041073814,1.2006741638862768
2023-03-29,1.4412479938213592,1.1986428029147078,1.2023999062245356
2023-03-30,1.4405829660872216,1.2083339029567794,1.1922060306030735
2023-03-31,1.4650643353288653,1.212043991895856,1.2087550824267026
2023-04-03,1.5067044162155923,1.2239043582257756,1.231063854041484
2023-04-04,1.5183450698331582,1.2276563714502937,1.2367834396847213
2023-04-06,1.523543887385803,1.2257205631399049,1.2429781576666787
2023-04-07,1.5348777726087353,1.2336912251138559,1.2441344652241353
2023-04-10,1.5091457690098775,1.2281650714756518,1.2287808895237713
2023-04-11,1.515270749507398,1.2267707735009663,1.2351702390032562
2023-04-12,1.5324591550046003,1.2259150413469533,1.2500533098287439
2023-04-13,1.4979550663381536,1.2174446531077388,1.2304091709749296
2023-04-14,1.513097842168118,1.2243322944102828,1.2358555345441764
2023-04-17,1.5205010038717683,1.2415003594061056,1.2247286054746918
2023-04-18,1.521068229400253,1.2452853231559708,1.2214616209764328
2023-04-19,1.510836845343619,1.2340742924978907,1.2242673350609492
2023-04-20,1.5327121774527572,1.2306214980865242,1.2454781424149908
2023-04-21,1.4906437969175363,1.206550648567998,1.2354589495987724
2023-04-24,1.4777135937551793,1.1916115814506523,1.2400967032866785
2023-04-25,1.4642543592247537,1.1856364593777193,1.2349943759263837
2023-04-26,1.4416978547508608,1.1846072812668795,1.2170259946478088
2023-04-27,1.4383456023947123,1.1933409932788672,1.205309807084278
2023-04-28,1.4658496722509933,1.205509411967031,1.2159587123083218
2023-05-04,1.4558512324483552,1.2058565843106879,1.207317065221793
2023-05-05,1.4385987898495016,1.2018562503185544,1.1969807449669612
2023-05-08,1.4634180869549087,1.2155537135978227,1.2039106709842147
2023-05-09,1.448204395839763,1.205147376833218,1.2016824030644528
2023-05-10,1.424553453095997,1.1958692099704957,1.1912284731631675
2023-05-11,1.4160717899069972,1.1940112209859264,1.185978628188862
2023-05-12,1.3926999396276034,1.1781834711892205,1.182073907573883
2023-05-15,1.4154085919097492,1.1964735366268606,1.182983616921539
2023-05-16,1.4034789587239966,1.1902861290416917,1.1791105722234603
2023-05-17,1.4052620402143376,1.1848885525598418,1.185986679657255
2023-05-18,1.4225574242544639,1.183661811511921,1.2018275916474785
2023-05-19,1.4141755453665605,1.1802119616155855,1.1982386142152834
2023-05-22,1.412884924254645,1.1876291949787077,1.1896684000598148
2023-05-23,1.384488912742767,1.1708319986617912,1.1824829816106635
2023-05-24,1.3621070624088776,1.154645228353804,1.1796758250591441
2023-05-25,1.3672278551759296,1.152075087376734,1.1867523828582187
2023-05-26,1.3785805476190967,1.1522097638856523,1.196466642471457
2023-05-29,1.3832011971296734,1.1471203098695477,1.2058030750819617
2023-05-30,1.3920668609678308,1.1482602578315542,1.212326954166903
2023-05-31,1.3857122242189674,1.1365286088729905,1.2192497517445458
2023-06-01,1.394315576105373,1.1390209305242407,1.2241351662112403
2023-06-02,1.408185429833453,1.1554650654674385,1.21871744280194
2023-06-05,1.40119119550501,1.150205110009538,1.218209850844247
2023-06-06,1.3800888510207314,1.1394069424233064,1.2112343708258784
2023-06-07,1.3700662330936948,1.1337759079639975,1.208410077749862
2023-06-08,1.373728141475431,1.143006331618717,1.2018552334088715
2023-06-09,1.3929330452477477,1.1479461061207452,1.2134132759549898
2023-06-12,1.4031999865527789,1.1502589525701055,1.2198992091454792
2023-06-13,1.4208516841615193,1.1563865584571447,1.2286995847281597
2023-06-14,1.4201582830824038,1.1561202901693401,1.2283828033797324
2023-06-15,1.4497531064210214,1.1745152364280849,1.2343416768521327
2023-06-16,1.4675041004303508,1.1858399113448619,1.2375229458806571
2023-06-19,1.473422473303963,1.176133878405133,1.252767648613235
2023-06-20,1.477511207223324,1.1741381982891135,1.2583793026887877
2023-06-21,1.4492686827909946,1.1561233047918715,1.253558921253556
2023-06-26,1.4269938953498413,1.1398676889181591,1.2518943288095057
2023-06-27,1.445202953884196,1.1505581713832567,1.2560885575621987
2023-06-28,1.4319998521425308,1.1491728471686657,1.2461135465136466
2023-06-29,1.4357638369548995,1.143499958531416,1.2555871351310188
2023-06-30,1.4502647275830325,1.1496665441888656,1.2614655396502388
2023-07-03,1.4538794085584077,1.1647552207127871,1.248227423843344
2023-07-04,1.4647632073698442,1.1665893731471053,1.255594505732858
2023-07-05,1.4492453628477946,1.157553497806935,1.251989964691472
2023-07-06,1.4421967879953361,1.1497562817898108,1.2543499964621083
2023-07-07,1.4297801025456045,1.1446549094985807,1.2490927096725803
2023-07-10,1.4332599077755201,1.15022901666729,1.2460648157949388
2023-07-11,1.4435119111563985,1.1577569497740778,1.2468177465383234
2023-07-12,1.430983752159027,1.1499627483794854,1.2443740061802464
2023-07-13,1.448404743342942,1.1664128424602462,1.2417599417783387
2023-07-14,1.4504950344366891,1.166616294427389,1.2433351405816224
2023-07-17,1.4462921281559498,1.157062815409267,1.2499685487208219
2023-07-18,1.4437687806269337,1.1534035544082257,1.2517464291738594
2023-07-19,1.4369967868247842,1.1521857871203995,1.2471919050626363
2023-07-20,1.4139273787702502,1.1440535273572465,1.2358926789347084
2023-07-21,1.4096077700540763,1.1435209206741368,1.2326908450639225
2023-07-24,1.406370902766395,1.1385272335040406,1.2352545124792607
2023-07-25,1.435586447630616,1.1714094741453729,1.225520605147896
2023-07-26,1.4295379693868286,1.168982983437316,1.2228903154632484
2023-07-27,1.4208182531404439,1.1675886854626305,1.2168825125069425
2023-07-28,1.4539059014040654,1.19463349516248,1.2170309197686795
2023-07-31,1.4613524931603261,1.2011830780964636,1.2165943059039406
2023-08-01,1.457108067973475,1.1962072683390559,1.2181066831308274
2023-08-02,1.4512065752736518,1.187799696420503,1.221760352058465
2023-08-03,1.46958250841703,1.198295770786053,1.2263938038043973
2023-08-04,1.47326176745258,1.2029632477552132,1.2246939133026356
2023-08-07,1.456601587730398,1.1938585268493178,1.2200788912355292
2023-08-08,1.4500647087990906,1.1907408462914808,1.2177836288351613
2023-08-09,1.445678773614764,1.1871025474331605,1.2178213051102584
2023-08-10,1.453020352981946,1.1895411667388451,1.2214964841993954
2023-08-11,1.41697728508928,1.1621731614605915,1.2192479847912308
2023-08-14,1.4107079864740426,1.1536937994612826,1.2227750440652214
2023-08-15,1.4080451362986903,1.1508902706142543,1.2234399510104357
2023-08-16,1.395338600711736,1.142449818277855,1.2213565781078148
2023-08-17,1.3963809629719213,1.1462706069605975,1.2181948612243543
2023-08-18,1.3759087909657015,1.1321782281296695,1.2152757903132168
2023-08-21,1.3491872994251393,1.1158896617306102,1.2090687329540382
2023-08-22,1.362218200127637,1.1244678051984596,1.2114337056428364
2023-08-23,1.331682813052082,1.1060369638993366,1.2040129367442027
2023-08-24,1.3420131366383325,1.1140555794037927,1.2046195552977128
2023-08-25,1.3279369054122927,1.1097829478787913,1.196573535348038
2023-08-28,1.340824740864465,1.1227892914157807,1.1941908879214127
2023-08-29,1.3626127652695437,1.1340063513189245,1.2015918285508145
2023-08-30,1.3626765661749805,1.133527587196382,1.2021556260005684
2023-08-31,1.3502122985260827,1.1265741850581452,1.1985116616677978
2023-09-01,1.3551152279367726,1.134419214390773,1.1945453768292544
2023-09-04,1.3716400795367953,1.1516113262593488,1.191061644028929
2023-09-05,1.3621174172846562,1.1430451711741259,1.1916566830736017
2023-09-06,1.3585662434223937,1.1405648379055018,1.1911346012710886
2023-09-07,1.3399190985294753,1.1245395952792159,1.1915268294281645
2023-09-08,1.3331039738891488,1.119010356910979,1.1913240710025006
2023-09-11,1.3438297935272414,1.1272533164177982,1.1921276025141208
2023-09-12,1.3425821662718558,1.1251768724609281,1.1932187722055023
2023-09-13,1.3300078137068563,1.118011044595454,1.189619566046516
2023-09-14,1.324372840772516,1.1170715339780586,1.1855756775541728
2023-09-15,1.314696001148605,1.1096722481351255,1.1847606384299822
2023-09-18,1.3201610242978323,1.1153361630122807,1.1836440600404852
2023-09-19,1.3161617179700145,1.1131788851070592,1.1823452057693615
2023-09-20,1.309302058473799,1.108747740522888,1.180883631705377
2023-09-21,1.3015829259869123,1.0987992758456058,1.1845502218639976
2023-09-22,1.3202704598591501,1.1186931905776383,1.1801899492902315
2023-09-25,1.3142367317460673,1.1114136483459665,1.1824910857464699
2023-09-26,1.3087723673657903,1.1049179780800509,1.1844973050759522
2023-09-27,1.3125070479478127,1.1071948593815322,1.1854345572747382
2023-09-28,1.3097066960705612,1.1039096218969304,1.1864256548647472
2023-10-09,1.307049763750741,1.1024764843668358,1.185557952740728
2023-10-10,1.295813763366405,1.0942185218548588,1.1842367292136613
2023-10-11,1.2986547588720545,1.0973362024126958,1.1834611452868526
2023-10-12,1.316056617971208,1.1077574019674572,1.1880368532259828
2023-10-13,1.3053650252717537,1.096097472982149,1.190920568150067
2023-10-16,1.2914594099695926,1.0850838650461483,1.190193174529111
2023-10-17,1.294928897406622,1.088913697596486,1.1891933219913249
2023-10-18,1.2788937369027662,1.080290685328164,1.1838422327174578
2023-10-19,1.258792868395269,1.0572401803753846,1.1906403972920523
2023-10-20,1.2524623362505356,1.050373571323062,1.1923970389629286
2023-10-23,1.2353730521724935,1.0394975844110106,1.1884328262989354
2023-10-24,1.242948583525436,1.043354268134131,1.1913006171415264
2023-10-25,1.2470574851312457,1.0485394188887436,1.1893281861094878
2023-10-26,1.2483236966589981,1.0514356999592487,1.1872563359864805
2023-10-27,1.271190818435398,1.0658721664038007,1.1926297153666485
2023-10-30,1.279465896632345,1.0722691253086767,1.1932320594086134
2023-10-31,1.2718700857570122,1.0689001093606925,1.1898867580037165
2023-11-01,1.2631897478419591,1.068457240278528,1.1822557798500835
2023-11-02,1.2516434522966486,1.06341875441546,1.1769996034954753
2023-11-03,1.2673876534629398,1.0723798250523424,1.1818458570880697
2023-11-06,1.2979471148439448,1.0868821224400878,1.1941930850146
2023-11-07,1.2994947674999666,1.0830373569920928,1.1998614444002547
2023-11-08,1.3026963195321937,1.0804372801122075,1.2057121162987856
2023-11-09,1.304355111266996,1.0809639276577545,1.2066592398631546
2023-11-10,1.2982737243365157,1.073082933177248,1.209854042215087
2023-11-13,1.2963291182414183,1.0709645649349362,1.2104313818451813
2023-11-14,1.297080097276926,1.0717574807682877,1.2102365698881021
2023-11-15,1.3045043217099865,1.0792943175276695,1.2086641248127794
2023-11-16,1.290298835267724,1.0688552405602199,1.2071782841158536
2023-11-17,1.291932879890707,1.0675716423292003,1.210160357081049
2023-11-20,1.2920808957907173,1.070040057322699,1.2075070339175686
2023-11-21,1.2877077717667338,1.0714612765776679,1.2018239015410566
2023-11-22,1.2710344665187991,1.0604955520646713,1.1985288048066125
2023-11-23,1.2819744370234685,1.065611857253559,1.2030407022004699
2023-11-24,1.2707715350399393,1.0585776211669709,1.200451917393688
2023-11-27,1.264883771455459,1.0507774606348157,1.2037599004943382
2023-11-28,1.2676576091862237,1.0527462194705517,1.204143587258623
2023-11-29,1.2594573419435757,1.0437073295078496,1.206715049646591
2023-11-30,1.2616022425127924,1.046068059380214,1.2060422179989707
2023-12-01,1.2634337325769196,1.0420826582857379,1.212412204090712
2023-12-04,1.2577370145284688,1.0352787954465763,1.2148775963154284
2023-12-05,1.2376706066256755,1.0155674406464663,1.2186985886804602
2023-12-06,1.2423179045199917,1.0171651905882946,1.2213531450102773
2023-12-07,1.2363889417735465,1.0146758134520752,1.2185063696030862
2023-12-08,1.2368254870675504,1.017123266302853,1.216003534717374
2023-12-11,1.2435291323594955,1.023104347513349,1.2154470219796134
2023-12-12,1.2433963889038442,1.0253034795965112,1.2127105912028693
2023-12-13,1.2219973052921242,1.0081921315687858,1.212067885702152
2023-12-14,1.2150249776005377,1.0029112139681646,1.211498047562071
2023-12-15,1.2156242923917746,0.9997965480328594,1.2158716638735803
2023-12-18,1.2016757987558615,0.9961522900369763,1.2063173580730877
2023-12-19,1.2024505542380175,0.9975495325266927,1.2054043584104852
2023-12-20,1.1850815774989372,0.9866166884315424,1.2011570363591773
2023-12-21,1.2061834384967762,0.9966010481492027,1.2102971803379006
2023-12-22,1.2100630538863044,0.9985039760417453,1.2118760494907777
2023-12-25,1.2169738326675374,1.0015617847939517,1.2150761452204386
2023-12-26,1.2072752448045851,0.9947818987200426,1.2136079741277477
2023-12-27,1.208872779808371,0.9982436668915038,1.2109996986735303
2023-12-28,1.236920763153332,1.0216352448353756,1.210726401038217
2023-12-29,1.2441224169698584,1.0265930369650935,1.211894462724825
2024-01-02,1.234352551406113,1.013200751636539,1.218270465564071
2024-01-03,1.232255113859809,1.0107922084486711,1.2190983503434711
2024-01-04,1.2212473664204313,1.0014421112901912,1.2194887279575828
2024-01-05,1.212102307836311,0.9960744707111566,1.216879202787839
2024-01-08,1.1935330682120526,0.9831938299229913,1.2139346605801382
2024-01-09,1.1988967886514847,0.9851206644732858,1.217005014601433
2024-01-10,1.1952430865598236,0.98052196296235,1.2189865517634697
2024-01-11,1.2109437256766054,0.9860691488507757,1.228051528726877
2024-01-12,1.2002923187545473,0.9826283428220354,1.2215120065714746
2024-01-15,1.1941604986576009,0.9816559517867937,1.2164755854472333
2024-01-16,1.1963306699658345,0.9876279891296942,1.2113170982730561
2024-01-17,1.171204342966781,0.9661453683234285,1.2122444317040981
2024-01-18,1.1862235410076476,0.9798039219397873,1.2106744160190712
2024-01-19,1.1758792895075085,0.9783228308791877,1.2019338120227483
2024-01-22,1.141737301873745,0.9630994778463478,1.1854822145962132
2024-01-23,1.1564168481034176,0.9669980858549099,1.1958832856230994
2024-01-24,1.1615858344746968,0.9805160038247874,1.184667899293427
2024-01-25,1.1791336715349958,1.0002064665896773,1.1788902700813284
2024-01-26,1.1682589267645367,0.9974837015834997,1.1712060306448437
2024-01-29,1.1464417860893126,0.9885495522269008,1.1597211121149453
2024-01-30,1.1264191251276032,0.9709206005212238,1.1601557578682566
2024-01-31,1.1042796732012208,0.9620372791026601,1.1478553868840065
2024-02-01,1.1089649262045864,0.9627434018500974,1.151880058667238
2024-02-02,1.071711542001082,0.9513498112600944,1.1265167967832617
2024-02-05,1.0524578464566314,0.9575702394781112,1.0990920593253142
2024-02-06,1.1225660413006482,0.9908623986762609,1.1329181961091028
2024-02-07,1.140083071200576,1.0004188923169148,1.1396056991288985
2024-02-08,1.1645444486250212,1.0067918744565383,1.1566883664547223
2024-02-19,1.1800648632840938,1.0184248120540622,1.1587157434862763
2024-02-20,1.1834386056486348,1.0205311919137479,1.1596300191759894
2024-02-21,1.1935721339746634,1.0343004452737725,1.153989770988383
2024-02-22,1.2128687493355481,1.0432166471101825,1.1626240366229963
2024-02-23,1.2162465785897314,1.0441351955848572,1.1648363006367852
2024-02-26,1.201852652907534,1.0332502349127113,1.1631767526373378
2024-02-27,1.2141434611818092,1.0456461524407712,1.161141805330348
2024-02-28,1.2021787425769028,1.032322712677942,1.1645377243113624
2024-02-29,1.2241664003592339,1.0520161199578628,1.1636384434948261
2024-03-01,1.2313243359176727,1.0585148048463102,1.163256602817618
2024-03-04,1.2408473237667692,1.0594333533209848,1.1712367935907526
2024-03-05,1.2436700348224163,1.0668056477761336,1.1657887614440126
2024-03-06,1.2413412864773286,1.0624792437980657,1.168344034693686
2024-03-07,1.2333275799230017,1.0560972878983477,1.16781625524041
2024-03-08,1.248744747190346,1.0606421468487164,1.1773478462085472
2024-03-11,1.2664195810151184,1.0739117440509784,1.1792585266252584
2024-03-12,1.2634917379356314,1.0763741297994134,1.1738406776564652
2024-03-13,1.259502074754227,1.0688552405602207,1.1783654389850604
2024-03-14,1.2528043232050854,1.0658213384657662,1.1754355800461627
2024-03-15,1.2544213881379869,1.0681461031902517,1.174391203966745
2024-03-18,1.270469298249106,1.0781812908459474,1.1783447821212778
2024-03-19,1.2613038894761561,1.0704320283593283,1.1783129204470655
2024-03-20,1.2618273079186708,1.072750833946251,1.1762538587612912
2024-03-21,1.254013540675838,1.0714672357152315,1.1703704031964657
2024-03-22,1.2378446684753825,1.0606690681289999,1.1670413568851565
2024-03-25,1.2263085750793061,1.0549124010283677,1.1624743190845563
2024-03-26,1.2313932999285875,1.0602950446125603,1.1613685324527268
2024-03-27,1.1989708341370289,1.0480397627309814,1.144012733842036
2024-03-28,1.2213245325105986,1.0534762488757412,1.1593280188461612
2024-03-29,1.2240781480877867,1.0584190380003011,1.1565156182379992
2024-04-01,1.2504313715708035,1.0758236457036152,1.1623014390550883
2024-04-02,1.2436851071030897,1.0713445475889392,1.1608638041813932
2024-04-03,1.2362436616924168,1.0674908784883503,1.1580835832930334
2024-04-08,1.2282544452318627,1.0580989271519297,1.1608124852162343
2024-04-09,1.2322038514346663,1.0572252474777277,1.1655074019225262
2024-04-10,1.2218216376162074,1.0486142235920322,1.1651774409761986
2024-04-11,1.222059598593564,1.048473587945551,1.1655606899818518
2024-04-12,1.2160579377371772,1.039976278426053,1.1693131496976203
2024-04-15,1.235036124965119,1.0618897799318567,1.1630549123887164
2024-04-16,1.206219514263781,1.0505291398672008,1.14820186179344
2024-04-17,1.2373043220714282,1.0667727673582867,1.159857431621018
2024-04-18,1.2345522730376384,1.0680892460071525,1.155851234016985
2024-04-19,1.219292462865249,1.0596697558134742,1.150634389795562
2024-04-22,1.2131209280802262,1.0564503492720658,1.1482990458719733
2024-04-23,1.2005822506088266,1.04906599632679,1.1444296686886783
2024-04-24,1.207219687023604,1.053673741705321,1.1457243729636617
2024-04-25,1.2094731852570046,1.056264844825112,1.1450472778512852
2024-04-26,1.230992960691438,1.0724187347152527,1.147865960228949
2024-04-29,1.247789463935066,1.0842790309376713,1.1508010653456913
2024-04-30,1.2414751766566088,1.0784386554811576,1.151178298688404
2024-05-06,1.2571966218440895,1.0944429359647225,1.1487091565316778
2024-05-07,1.2612524818655746,1.0947809943332834,1.1520591683578427
2024-05-08,1.2479879755434222,1.0861670259325569,1.1489834857322516
2024-05-09,1.2647274653418896,1.0964415605957734,1.1534836974390816
2024-05-10,1.2666400977859098,1.096956219758694,1.154686098652636
2024-05-13,1.2667186751389112,1.0964804702586832,1.155258766113787
2024-05-14,1.2706252234271074,1.0941945450896067,1.1612425131611785
2024-05-15,1.2566116143862436,1.0849223373644472,1.1582502923102067
2024-05-16,1.2543477065727655,1.0892009280270114,1.1516219590860086
2024-05-17,1.2600254019916455,1.1004538829705333,1.1450051851244956
2024-05-20,1.2655939993464749,1.104340502596469,1.1460179141948292
2024-05-21,1.2570143646972018,1.099912302527329,1.1428314437513707
2024-05-22,1.2620068846788235,1.102392705903454,1.1447888560225545
2024-05-23,1.2410702821018536,1.0896287941040181,1.138984476931305
2024-05-24,1.2271220606724058,1.0775679904294877,1.1387885233889605
2024-05-27,1.2390809952675867,1.087809644674858,1.1390604977012713
2024-05-28,1.2263054729096066,1.0798688484962216,1.1356059345700233
2024-05-29,1.2362900480313745,1.0811703241399293,1.143473900853543
2024-05-30,1.2265476233584158,1.0754227009068924,1.1405260669354305
2024-05-31,1.2202103164128189,1.0711171889640445,1.1391940386961517
2024-06-03,1.2190555126176512,1.0737591200218706,1.1353156307466996
2024-06-04,1.23158577353007,1.0818136305667048,1.1384454204786711
2024-06-05,1.2175110758042091,1.0755662810684046,1.1319721501447637
2024-06-06,1.215277735164168,1.0748063157604002,1.1306946352509917
2024-06-07,1.2113597340813864,1.069378803375735,1.1327695389673487
2024-06-11,1.2089637603179784,1.0600347354623185,1.1404944761462996
2024-06-12,1.2124777769811357,1.0604057443562263,1.143409287845034
2024-06-13,1.2123636029978828,1.0550231007720334,1.1491346512798748
2024-06-14,1.2189681238740884,1.0596308461505646,1.1503705543325446
2024-06-17,1.223018448064845,1.058036110831268,1.155932614723287
2024-06-18,1.2296643125681737,1.060845598815859,1.1591359891964996
2024-06-19,1.2264556190994071,1.0558070428452904,1.1616285640548831
2024-06-20,1.2163911935682552,1.0481863575150254,1.160472262253059
2024-06-21,1.2141639543997724,1.0458944732083861,1.1608857160084256
2024-06-24,1.1998586664993427,1.0402665234791098,1.1534146677012027
2024-06-25,1.1871633685896423,1.034608637847018,1.147451630657255
2024-06-26,1.2068992624823809,1.041298786319982,1.1590326218929359
2024-06-27,1.1883636927328083,1.0334776636451062,1.149868772723558
2024-06-28,1.1875721098486787,1.0357335828038667,1.1465999843644783
2024-07-01,1.194127384024961,1.0406764420359276,1.1474530755100305
2024-07-02,1.1832990758778308,1.0387645403832906,1.139140806097606
2024-07-03,1.1773726965119846,1.0362572157268821,1.136178044064202
2024-07-04,1.1621784253632115,1.030991301131419,1.1272436771171848
2024-07-05,1.1632126819847077,1.0265780339599362,1.1330971864824686
2024-07-08,1.1451677725083653,1.017811441530102,1.1251276275562447
2024-07-09,1.1602562450327232,1.0291960583600106,1.1273422936360178
2024-07-10,1.1649253547868272,1.0259527451608503,1.135457125371002
2024-07-11,1.1945235567324342,1.0376813794968822,1.1511467588553979
2024-07-12,1.1980344809864958,1.0389470302077126,1.1531237360070008
2024-07-15,1.194029729409657,1.0400989665523455,1.1479962655549514
2024-07-16,1.2115849411441386,1.04669040366427,1.1575389789593975
2024-07-17,1.205593212216689,1.047677727597169,1.1507290653030264
2024-07-18,1.2106235778834744,1.0534672751156473,1.1491800518915738
2024-07-19,1.2187361073831455,1.0588798546026552,1.150967318988684
2024-07-22,1.2131084073471334,1.0516690878292079,1.1535077158644635
2024-07-23,1.1828990969542124,1.0292170205027313,1.149319408239492
2024-07-24,1.1753438957259457,1.0227213502368158,1.149231797550515
2024-07-25,1.1695539496065337,1.017066409119755,1.1499287943436778
2024-07-26,1.17693349719381,1.0200644161738315,1.1537835047794138
2024-07-29,1.1702882517602586,1.014514215662874,1.153545444403264
2024-07-30,1.1630811180749225,1.0081232860030616,1.1537092082122486
2024-07-31,1.1932664380145206,1.0298752598271643,1.1586514256248635
2024-08-01,1.1897383299425721,1.0230504348452818,1.1629322362025083
2024-08-02,1.1752395206882378,1.012614302392863,1.1605993692870844
2024-08-05,1.1498879568522986,1.000326140093438,1.1495130545572771
2024-08-06,1.160795301363466,1.0002244141098666,1.1605348609656732
2024-08-07,1.1593801841353897,0.9997786005126711,1.1596369271565499
2024-08-08,1.155707359406424,1.0002124257272405,1.155461909569985
2024-08-09,1.1537753791393541,0.9968284768815989,1.1574462466689712
2024-08-12,1.1487278828972947,0.9951020796759156,1.1543819537302262
2024-08-13,1.155568716842123,0.9976542731327966,1.1582857388195704
2024-08-14,1.1446235306335841,0.9901293546485405,1.1560343355741467
2024-08-15,1.154392916490132,0.9999162215366207,1.1544896378579792
2024-08-16,1.1478892713878859,1.0010172598357174,1.1467227563851121
2024-08-19,1.1452294914695793,1.0044101824414533,1.14020099705265
2024-08-20,1.1320556831308182,0.9971485877299705,1.135292871153703
2024-08-21,1.1245345848483281,0.9938394435876169,1.1315052869998001
2024-08-22,1.1136021464611765,0.9912962238908304,1.1233797926620726
2024-08-23,1.1139564546418943,0.9955000098501069,1.118991907202114
2024-08-26,1.1138550815150696,0.9946113972782477,1.1198897223208302
2024-08-27,1.1020136752857121,0.9889594707837187,1.1143163171412895
2024-08-28,1.0988348843736118,0.9833254918093788,1.1174681156202801
2024-08-29,1.0996416743614104,0.9806865052665837,1.1212978545702437
2024-08-30,1.108060896337311,0.9937766272669555,1.1149999566649658
2024-09-02,1.0901492679447513,0.9768956524866566,1.1159321521902685
2024-09-03,1.0902448531203903,0.9794148954181905,1.1131593548563274
2024-09-04,1.0818982442801988,0.9730508870386616,1.111861937223857
2024-09-05,1.0845140535656383,0.9747264563063095,1.1126342642584721
2024-09-06,1.0743406273700726,0.9668244996830822,1.111205423240964
2024-09-09,1.0619192808105045,0.9553352123545712,1.1115671934600215
2024-09-10,1.0639253928165655,0.9561759415034261,1.1126878920878531
2024-09-11,1.0581540275857402,0.953294663438079,1.109996801796292
2024-09-12,1.0555028687107775,0.9492075363600313,1.111983236836026
2024-09-13,1.0492235418253284,0.9452521412758711,1.109993298094115
2024-09-18,1.0523308662455408,0.9487706965229302,1.109151947991374
2024-09-19,1.0625870557983799,0.9562597199668084,1.1111908549648646
2024-09-20,1.0607775711003005,0.9577587585475971,1.1075623810623536
2024-09-23,1.0617950015340831,0.9612623808969991,1.104583954011882
2024-09-24,1.1087404668429393,1.0028962810705082,1.1055385165646952
2024-09-25,1.123996416748875,1.0177426660718778,1.1044013916475552
2024-09-26,1.174276714618314,1.060764834975009,1.1070094670379786
2024-09-27,1.2455992512062717,1.108146358381555,1.1240385728699829
2024-09-30,1.3791319379107747,1.202146495371612,1.1472245214876682
2024-10-08,1.4951579892566078,1.273431241262419,1.1741175658407592
2024-10-09,1.3790663586153542,1.1836348902316385,1.1651112771316412
2024-10-10,1.3716326652737332,1.1961444520183955,1.1467115555811138
2024-10-11,1.317516923534258,1.1630468411347947,1.132815013923898
2024-10-14,1.3418113589192633,1.1852385292035288,1.1321023792746177
2024-10-15,1.303936269563369,1.1537177061190356,1.1302039161292325
2024-10-16,1.2798808821629575,1.146417201744643,1.1164180720728951
2024-10-17,1.2732787334833882,1.1334408642179696,1.1233746494237273
2024-10-18,1.3627755639207566,1.1744344024797342,1.160367544618374
2024-10-21,1.3743513834602026,1.1774174766361534,1.1672592013723828
2024-10-22,1.3791398047375478,1.1841734560523107,1.1646434039614417
2024-10-23,1.380297839035756,1.1887900349759348,1.16109472524616
2024-10-24,1.3620113349609233,1.175511534121079,1.158654164954059
2024-10-25,1.4012749908912454,1.1837665521180247,1.183742679993829
2024-10-28,1.4053079530804455,1.186082343082416,1.1848316950982523
2024-10-29,1.3777209736761298,1.1742608864154063,1.1732665113983431
2024-10-30,1.365338814021838,1.163728987116979,1.173244655015707
2024-10-31,1.3849362773276233,1.1642047366169896,1.189598559229408
2024-11-01,1.359451147822375,1.1638995586662753,1.1680141449492294
2024-11-04,1.382288781419273,1.1802778626662798,1.1711553907286247
2024-11-05,1.4395910897000015,1.2101411341108146,1.1896059468780738
2024-11-06,1.4431237407251822,1.2040703854068744,1.1985376919950805
2024-11-07,1.4787406245429968,1.2403993912145097,1.1921487828973543
2024-11-08,1.4771999896741477,1.2279376427432565,1.2029926750791924
2024-11-11,1.5099969900049888,1.2360399666035944,1.2216409103292807
2024-11-12,1.4887569000642153,1.222459302420556,1.2178375976332065
2024-11-13,1.4952466188957139,1.229984220904812,1.2156632528145501
2024-11-14,1.4542008694731248,1.208660043050215,1.2031512730438698
2024-11-15,1.409754325708578,1.1874795855721318,1.1871819463989803
2024-11-18,1.3857610885258733,1.1819593209639896,1.1724270572997944
2024-11-19,1.4214809579300276,1.1898911433825314,1.1946310936386588
2024-11-20,1.429674940046972,1.1925480774455157,1.198840505541203
2024-11-21,1.4352352658188092,1.1936043170516406,1.2024380653749887
2024-11-22,1.3854455413780982,1.1566229609496343,1.1978367957009872
2024-11-25,1.3813224508501467,1.1513540317316393,1.1997373638173086
2024-11-26,1.366202984641864,1.148987342721712,1.1890496386197025
2024-11-27,1.4051083018806023,1.1689919571974108,1.2019828650055613
2024-11-28,1.392436937752826,1.158672483626221,1.2017519682481868
2024-11-29,1.420897675339612,1.1718463139824744,1.2125290307999061
2024-12-02,1.435268950480997,1.1811365393353237,1.2151592154525035
2024-12-03,1.4251972296230604,1.182411093698748,1.205331409032068
2024-12-04,1.4074128078356298,1.17602913779903,1.196749946578399
2024-12-05,1.414164906171584,1.1733453525632629,1.2052418353064018
2024-12-06,1.4282205562208476,1.1887691429407141,1.2014280188058981
2024-12-09,1.4231765325858066,1.1868034688350106,1.1991678234500143
2024-12-10,1.4276757817984174,1.1955011455916191,1.1942069541822995
2024-12-11,1.4262110744743026,1.1934636814051596,1.1950184129567405
2024-12-12,1.4354096627304598,1.205332881280172,1.1908823570845637
2024-12-13,1.4024942718163904,1.1768130097647864,1.1917732555461056
2024-12-16,1.3782430729965578,1.1704281093500375,1.1775546588349832
2024-12-17,1.370863057623018,1.1734769443421493,1.1682062133666575
2024-12-18,1.3798647206339794,1.1794190457822344,1.1699528895760725
2024-12-19,1.385118206994321,1.1804872036634848,1.1733445332535508
2024-12-20,1.3864851816809856,1.1751853940276435,1.179801237087509
2024-12-23,1.3700210965759951,1.1769298088610167,1.1640635543948403
2024-12-24,1.3852683321703145,1.191925803268962,1.1622102050069674
2024-12-25,1.3795627426647756,1.1925061531600745,1.1568600623225396
2024-12-26,1.3861380857660643,1.193059721985905,1.1618346175150154
2024-12-27,1.3796098434543664,1.1911298027055781,1.1582363570457792
2024-12-30,1.3807706730770362,1.196521490157366,1.1539873578830897
2024-12-31,1.3485096127522822,1.1773306835502386,1.1453957937168968
