datetime,port,bench,excess
2017-01-04,1.001792692408861,1.0116932748592655,0.9902138496949268
2017-01-05,1.001854061437669,1.0124226247677133,0.9895611150210426
2017-01-06,0.9991877860551486,1.0080465253170263,0.99121197381332
2017-01-09,1.0052397237916377,1.0149760939857742,0.9904072911156931
2017-01-10,1.0014196292409208,1.0115761589542032,0.9899596984138272
2017-01-11,0.989135670552087,1.0017720016150526,0.9873860209283216
2017-01-12,0.9794206762242273,0.9924202258646864,0.9869011641423041
2017-01-13,0.9638443846000105,0.9800498676992322,0.983464634164723
2017-01-16,0.9304459816352892,0.9541953962355685,0.9751105332367208
2017-01-17,0.9430938910613391,0.962237156506235,0.980105460160775
2017-01-18,0.9391805774592803,0.9601045004448243,0.9782066192004623
2017-01-19,0.9346240640098142,0.9561635092898672,0.977473052390328
2017-01-20,0.9503838322247053,0.9685544167177481,0.981239480013297
2017-01-23,0.9588853160315959,0.9764917926915951,0.981969662426482
2017-01-24,0.9557283419234801,0.9753985868212665,0.9798336339999324
2017-01-25,0.9578317686722746,0.9776625050191199,0.9797161737869271
2017-01-26,0.9642831498973473,0.984645903820964,0.9793197190537247
2017-02-03,0.961284855671535,0.9820164172226941,0.9788887831327796
2017-02-06,0.9700877334144523,0.9902685840716859,0.9796208311746536
2017-02-07,0.969315788160621,0.9897433866182161,0.9793607123484879
2017-02-08,0.9747632901779909,0.9953866905852141,0.979281016511183
2017-02-09,0.9832606148635517,1.0016485571327944,0.9816423214127338
2017-02-10,0.9852893688381965,1.0025867500887307,0.9827472473090201
2017-02-13,0.9916829210333405,1.0077348615035557,0.9840712660805785
2017-02-14,0.9916581311923455,1.0085639051163127,0.9832377761704475
2017-02-15,0.9820191024454283,0.9985666889457406,0.9834286616171998
2017-02-16,0.990520976579795,1.0061037265715147,0.9845117858326389
2017-02-17,0.9819413343714554,0.9978483582069999,0.984058676145815
2017-02-20,0.9946992963506132,1.0101728528012408,0.9846822685763936
2017-02-21,1.0036858288656005,1.0179852207619922,0.9859532421446275
2017-02-22,1.009701995248024,1.0242803681802417,0.9857672045807946
2017-02-23,1.0090414438221131,1.024242396717062,0.9851588325735475
2017-02-24,1.0104672784664273,1.024587266947353,0.986218852276981
2017-02-27,0.9991997907413904,1.0163730715615409,0.9831033689295156
2017-02-28,1.0048812538922198,1.0206004122211827,0.9845981266118122
2017-03-01,1.0074730341225036,1.0232377164736366,0.9845933333991416
2017-03-02,1.001927462807821,1.0180153001171384,0.9841968609828691
2017-03-03,1.0039536287992021,1.0208962918185869,0.9834041291410671
2017-03-06,1.0142456523549679,1.0310975859902876,0.9836563154988529
2017-03-07,1.0140933219371906,1.0320262488535041,0.9826235748012848
2017-03-08,1.0106329774654044,1.0278969639134852,0.9832045554621038
2017-03-09,1.0022527571349888,1.0187667628188497,0.9837901997919839
2017-03-10,1.0027843022544356,1.0201178768234027,0.983008263100983
2017-03-13,1.012386389682936,1.0296072432874084,0.9832743468766901
2017-03-14,1.0089245534780222,1.0273258284349525,0.9820881803536828
2017-03-15,1.007089590328161,1.026151989045754,0.9814234159061371
2017-03-16,1.016292319763959,1.0352141393220633,0.9817218304509484
2017-03-17,1.0084449883842133,1.0257073506573045,0.9831702851090723
2017-03-20,1.0119037815555085,1.0280947877912658,0.9842514460456105
2017-03-21,1.0149618302151684,1.0308808508347649,0.984557846227616
2017-03-22,1.0087378236642894,1.0283241801011809,0.9809531305244964
2017-03-23,1.0094349071560358,1.030285964578283,0.979761873752418
2017-03-24,1.0145676739094924,1.0357330826521856,0.9795648038117164
2017-03-27,1.0112825955930498,1.0308935079891581,0.9809767815549048
2017-03-28,1.0077818314652747,1.0281501070013492,0.9801893951113037
2017-03-29,1.0036305634620022,1.0252786453926204,0.9788856599833616
2017-03-30,0.984782567320201,1.0086983687682776,0.9762904331080854
2017-03-31,0.988002224918323,1.01279757435315,0.9755179612760593
2017-04-05,1.0115604359712056,1.0346809753067103,0.9776544269322714
2017-04-06,1.017359657820913,1.0377945608335968,0.9803092984065462
2017-04-07,1.0205673207724515,1.0408131432486845,0.9805480718536664
2017-04-10,1.0247057911181503,1.0388845651884024,0.9863519253771175
2017-04-11,1.0400804791450278,1.0487932557320712,0.9916925699708454
2017-04-12,1.0246781352874088,1.0404571793948372,0.9848345088871356
2017-04-13,1.033758371885038,1.0466621632014972,0.9876714839132147
2017-04-14,1.0181843472499992,1.0328125559567207,0.9858365309151659
2017-04-17,1.001128762910802,1.0214911036212189,0.980066061624784
2017-04-18,0.9964147352837142,1.015417456404851,0.9812858041771143
2017-04-19,0.9858825636575582,1.0047288617890109,0.9812424039477724
2017-04-20,0.9769880644312412,1.0042732786847037,0.9728308869382665
2017-04-21,0.9670622152183538,0.996827968201356,0.9701395286523605
2017-04-24,0.9327192171922921,0.9711649175844277,0.9604127994164355
2017-04-25,0.9396422869824524,0.974639157557672,0.964092484583815
2017-04-26,0.9487167695448061,0.97716098388975,0.9708909639108624
2017-04-27,0.9556005603884768,0.9796765560984809,0.9754245464381779
2017-04-28,0.9596525888622188,0.9827710814399281,0.9764762180997056
2017-05-02,0.9598054822674273,0.9834450376844431,0.9759625047550435
2017-05-03,0.9611852110779898,0.9804960696185181,0.980305011780372
2017-05-04,0.9586744382280278,0.9771467632045201,0.981095649423314
2017-05-05,0.945279703044279,0.963441149704429,0.9811493969655317
2017-05-08,0.9245734612025591,0.9453831875316007,0.9779880511907814
2017-05-09,0.9336857565746358,0.9511514995116941,0.9816372649929849
2017-05-10,0.9026438225527831,0.9311918371182069,0.9693424991205116
2017-05-11,0.9030982416150513,0.9291034810971724,0.9720103949547022
2017-05-12,0.9015100605401529,0.9277017384750463,0.9717671350083409
2017-05-15,0.9063179715875062,0.9324052859552712,0.9720214859774867
2017-05-16,0.9290839837212539,0.9515834062919007,0.9763558060997282
2017-05-17,0.935022907912813,0.9536274622725588,0.9804907523159936
2017-05-18,0.9277953518329722,0.9455034304983362,0.9812712697868999
2017-05-19,0.9278790873079276,0.9452945874508478,0.9815766424836048
2017-05-22,0.9126823557815692,0.9316617153615931,0.9796284861048973
2017-05-23,0.8890493045452058,0.9120548897602796,0.9747760957445001
2017-05-24,0.8965170881882379,0.9174925521953121,0.9771382732678477
2017-05-25,0.9080255391552182,0.9256482268555177,0.9809617874382315
2017-05-26,0.9066033753273608,0.9234538485529776,0.9817527716712416
2017-05-31,0.9053306711630908,0.9214240132575496,0.9825342710164854
2017-06-01,0.8748949488973091,0.9033723796619179,0.9684765314883036
2017-06-02,0.888732051884173,0.9132636480048335,0.973138538718525
2017-06-05,0.8982627732325442,0.9201108707161763,0.9762549295101509
2017-06-06,0.9018836135553975,0.9241800713997519,0.9758743360364994
2017-06-07,0.9230413864714693,0.9421367018835849,0.97973190581161
2017-06-08,0.922743288072373,0.9427632310260501,0.9787646120522876
2017-06-09,0.9254948376279156,0.9443912388964176,0.9799909184983718
2017-06-12,0.9136461392370279,0.9338845350345932,0.9783288029319217
2017-06-13,0.9251856826780717,0.9460983167548183,0.977895918736566
2017-06-14,0.9225420935744567,0.9439419099154578,0.9773293079624807
2017-06-15,0.9317611694393028,0.9526022327667066,0.9781219667448461
2017-06-16,0.9309021560978789,0.9513097139416092,0.9785479349735905
2017-06-19,0.9393091297739703,0.9583357747991432,0.98014616011892
2017-06-20,0.9410328589203543,0.9598371366717289,0.9804088870570489
2017-06-21,0.9434861674046355,0.9616232845181625,0.9811390620365283
2017-06-22,0.9285153333407263,0.9480411155003302,0.9794040766372257
2017-06-23,0.9299883024202742,0.9508841357385989,0.9780248375875008
2017-06-26,0.9446338138896718,0.9669153896776728,0.9769560232199545
2017-06-27,0.9455841207772847,0.967157439141981,0.9776940987148532
2017-06-28,0.9409751830313837,0.9628921270191596,0.9772384222772446
2017-06-29,0.946382904431636,0.9677618554911827,0.9779088719624148
2017-06-30,0.9463846294142767,0.9711110874513313,0.9745379716527087
2017-07-03,0.9532920760577901,0.977319198319665,0.9754152765000571
2017-07-04,0.949569143738388,0.972485952233834,0.9764348179602951
2017-07-05,0.9574020697489368,0.9799391548252152,0.9770015465089787
2017-07-06,0.9581919498444244,0.9811558051778027,0.976595098136104
2017-07-07,0.9609893946533913,0.985009759782844,0.9756140841337976
2017-07-10,0.9586601761408192,0.9819325821883005,0.9762993850396356
2017-07-11,0.9478483115674927,0.9696603541963186,0.9775054816519705
2017-07-12,0.9483467637766926,0.970293137462131,0.9773817078178656
2017-07-13,0.9504796650752627,0.9729732526779737,0.9768815971653891
2017-07-14,0.9466227959628296,0.9696207447484527,0.9762815008752835
2017-07-17,0.9006162320652894,0.9297078229925242,0.9687088887414163
2017-07-18,0.911524868623128,0.939512054785524,0.9702109344740818
2017-07-19,0.9276279854413937,0.9586442370970912,0.9676457120843712
2017-07-20,0.9333455222373798,0.9649599337777675,0.9672375914960335
2017-07-21,0.9352536395035878,0.9692046966381623,0.9649701892156124
2017-07-24,0.9426322150441391,0.9756943919648208,0.966114208308503
2017-07-25,0.9393170721786459,0.9735538437953766,0.9648332017433577
2017-07-26,0.9403091780468887,0.9724622014558847,0.9669364800391632
2017-07-27,0.9504705349698276,0.9783665406187808,0.9714871630510687
2017-07-28,0.9592125763939363,0.9833406533876233,0.9754631552040837
2017-07-31,0.9759699954731141,0.9963991884828227,0.9794969794778584
2017-08-01,0.9721897701358528,0.9945861627967659,0.9774816969120758
2017-08-02,0.9634612521023469,0.9890994352749972,0.9740792661907423
2017-08-03,0.9694098063626833,0.9906989273210554,0.9785110083686677
2017-08-04,0.9664863895643075,0.9848689675536819,0.9813350013098342
2017-08-07,0.9820756504521378,0.9972566734660399,0.9847772159186068
2017-08-08,0.9813227594576146,0.9973041750219391,0.9839753848779657
2017-08-09,0.9958402794527901,1.003047172693246,0.9928150006932327
2017-08-10,0.9900971056288482,0.9950101030150897,0.9950623643203681
2017-08-11,0.9608092543844134,0.9747546354780476,0.9856934447028354
2017-08-14,0.981329287744958,0.9955512335923253,0.9857145013059255
2017-08-15,0.98522843464501,0.9990507878743561,0.9861645139595401
2017-08-16,0.987657766576368,0.9996899741712144,0.9879640609531753
2017-08-17,0.9995423076151821,1.0071621624941853,0.992434331666975
2017-08-18,0.9951470772986758,1.0042716407000174,0.9909142476681095
2017-08-21,1.0056966525896287,1.0131345524754074,0.9926585270755937
2017-08-22,0.9982517928344729,1.0087363402314569,0.9896062558878583
2017-08-23,0.9895756050271408,1.000319630375353,0.9892594076713453
2017-08-24,0.980798052563797,0.9933283394654756,0.9873855537954134
2017-08-25,0.9939532118220952,1.0040770927916083,0.9899172274298521
2017-08-28,1.0052417616789886,1.0164252637099498,0.9889972215073232
2017-08-29,1.0033268547632321,1.0138274944515124,0.9896425775136812
2017-08-30,1.0125227629355693,1.020994347538209,0.9917026136108724
2017-08-31,1.0165676452239054,1.0236791533465623,0.9930529911648505
2017-09-01,1.0213171238086287,1.0325498827761366,0.9891213401358323
2017-09-04,1.02941627516513,1.0385903235756846,0.9911668266088114
2017-09-05,1.030200130665199,1.0397262659555528,0.9908378429955322
2017-09-06,1.0356835428060243,1.0453047206197477,0.9907958152068622
2017-09-07,1.028865157712728,1.0376284542956482,0.9915544947262757
2017-09-08,1.0314369035503812,1.0400933234329568,0.9916772661764581
2017-09-11,1.0423916347825406,1.052030136833518,0.9908381882671269
2017-09-12,1.0444839673928525,1.051141008964318,0.9936668424933542
2017-09-13,1.053051882559728,1.0575279579788432,0.9957674164684307
2017-09-14,1.048411911992507,1.0555978163877242,0.9931925736453231
2017-09-15,1.0405359134313643,1.047665205460237,0.9931950665234313
2017-09-18,1.0513421827228913,1.055165835153668,0.9963762545152727
2017-09-19,1.0446001992136715,1.0498769315096805,0.9949739515769517
2017-09-20,1.057064593439357,1.0588078196495472,0.9983535952626728
2017-09-21,1.041093644907779,1.0460846991457686,0.9952288239737516
2017-09-22,1.0330933659420014,1.0397500167335028,0.9935978353600666
2017-09-25,1.0165946735902762,1.0267500023639098,0.9901092488431918
2017-09-26,1.026211107557443,1.0316354405981505,0.9947420059187163
2017-09-27,1.0374581959346985,1.0415108502711499,0.9961088697871978
2017-09-28,1.0314870090403763,1.0390823890661842,0.9926903004942333
2017-09-29,1.0375507363045204,1.0446940501471988,0.9931622910634248
2017-10-09,1.0522201707082095,1.0565771078685136,0.9958763661186134
2017-10-10,1.055903366849352,1.0608661707692846,0.9953219321563117
2017-10-11,1.0508469887703225,1.0546943933794444,0.9963521142870646
2017-10-12,1.0485110002686484,1.0535284460982792,0.9952374842385957
2017-10-13,1.0560665684454427,1.0615527841681929,0.9948318954982073
2017-10-16,1.0390905617900545,1.0472174400101135,0.9922395503459335
2017-10-17,1.0384144302069542,1.0462254913749307,0.9925340557725167
2017-10-18,1.027445484285065,1.0383941376825894,0.9894561679422048
2017-10-19,1.0162936888355958,1.0285788867198824,0.9880561442171306
2017-10-20,1.0291802784155073,1.0396566516063899,0.9899232374700865
2017-10-23,1.03427890110836,1.0461970500044706,0.9886081222499531
2017-10-24,1.0306276159659977,1.044652877168496,0.986574237711848
2017-10-25,1.0377128809204255,1.0517548809523896,0.986648980398124
2017-10-26,1.042159742501183,1.055558206939858,0.9873067497835879
2017-10-27,1.0366895714550348,1.0490526529432833,0.9882150038384042
2017-10-30,1.015688998145797,1.0302179137599572,0.9858972403604065
2017-10-31,1.0230119375495204,1.0378831609143497,0.9856715823853157
2017-11-01,1.0209254882255294,1.0367345613800882,0.9847510889060032
2017-11-02,1.0111396145968705,1.0259731508995624,0.9855419839303923
2017-11-03,0.999589966616531,1.0168049783417472,0.9830695048786138
2017-11-06,1.0140493722775237,1.0301135294631376,0.9844054497624295
2017-11-07,1.02133302150644,1.036574783419336,0.9852960325133339
2017-11-08,1.0247999299748405,1.0381173182706245,0.9871715960600974
2017-11-09,1.0320000375603553,1.0459739118179028,0.9866403223831263
2017-11-10,1.0325623087403486,1.0506996465452405,0.9827378472387152
2017-11-13,1.0339328249165198,1.055444292550319,0.979618566526311
2017-11-14,1.023845528297868,1.0464738694164357,0.9783765827509995
2017-11-15,1.0132636373870654,1.034315555813993,0.9796465224673528
2017-11-16,1.0139402775547537,1.0375825162705856,0.9772141122801394
2017-11-17,0.9783700978077801,1.0065150840892942,0.9720371937525605
2017-11-20,0.9929575454830283,1.017784269822537,0.9756070858278861
2017-11-21,0.9923587766686177,1.0214515686272028,0.9715181875948511
2017-11-22,0.9954778315999303,1.0187762929115691,0.9771309349523103
2017-11-23,0.9671431862724775,0.9926828990452709,0.9742720330960103
2017-11-24,0.9678318238655433,0.9932397393847239,0.97441915127669
2017-11-27,0.9571119937089884,0.9800325199523288,0.9766124839975154
2017-11-28,0.9773749129490406,0.996606467999475,0.9807029598262204
2017-11-29,0.9756915069242226,0.9996219233528891,0.9760605326177719
2017-11-30,0.963810111110944,0.9909283196309709,0.9726335316260555
2017-12-01,0.9780131000321081,0.9993118230702548,0.9786866095782704
2017-12-04,0.9759985178366828,0.9934913189417517,0.982392597930597
2017-12-05,0.9510487623918722,0.9702804803077386,0.9801792179620404
2017-12-06,0.9610164787961876,0.9765914863959043,0.9840516655974587
2017-12-07,0.9579005004974048,0.9706855092483222,0.9868288867721763
2017-12-08,0.9692609820835065,0.9813915260649152,0.9876394449521604
2017-12-11,0.982435959466674,0.9945275676173106,0.9878418572351838
2017-12-12,0.9744587757945405,0.9861488292243866,0.9881457513476537
2017-12-13,0.9841021252704587,0.9931464487114606,0.9908932630703797
2017-12-14,0.9839472263338085,0.9941969180722496,0.9896904812797898
2017-12-15,0.9786488411839281,0.9865522946341332,0.9919888144873901
2017-12-18,0.9736032789306412,0.9808931319972191,0.9925681475088578
2017-12-19,0.9839515091576068,0.9890013795553748,0.9948939703198004
2017-12-20,0.9754228061229874,0.9807935127467594,0.9945241209755444
2017-12-21,0.9820130340229299,0.9869857649451768,0.9949616994501203
2017-12-22,0.9803666227217149,0.9876787069212818,0.9925966975410865
2017-12-25,0.9681957651050331,0.9786149186602863,0.9893531629688245
2017-12-26,0.9746302516206852,0.9840826604504651,0.9903947003542842
2017-12-27,0.9678519441839543,0.9766468056059876,0.9909948393098196
2017-12-28,0.9719794309429483,0.9815702897572572,0.9902290656976988
2017-12-29,0.983361996831084,0.9889348922678858,0.9943647499138981
2018-01-02,0.9945021766030446,1.001814663670743,0.9927007586004933
2018-01-03,1.0040660270037665,1.010677575446133,0.9934583010418054
2018-01-04,1.0089918643201101,1.015311508577195,0.9937756597815571
2018-01-05,1.0089242000409848,1.0152655705521325,0.9937539785696672
2018-01-08,1.0107467395132845,1.0198426209422744,0.9910810930606275
2018-01-09,1.0104409337177773,1.0197745701239485,0.9908473532488297
2018-01-10,1.0016927004860534,1.0134762956440253,0.9883730924851243
2018-01-11,1.0066331079970738,1.0166404353346352,0.9901564732330685
2018-01-12,0.9996919821501726,1.012436845452943,0.9874116954948744
2018-01-15,0.9716648670425059,0.9893399212084691,0.9821344981769529
2018-01-16,0.9759757696557251,0.9968943810349962,0.979016220998705
2018-01-17,0.9713198283259686,0.9915675059278292,0.9795801319821242
2018-01-18,0.9716313490266144,0.9946272613216197,0.97687986928445
2018-01-19,0.9679669593704202,0.9923459209230131,0.9754330006920195
2018-01-22,0.9808758829822072,1.004252654968428,0.9767222203789386
2018-01-23,0.9811888106644882,1.0054171131726057,0.975902237796943
2018-01-24,0.9893916089743638,1.0116346796798097,0.9780127439754379
2018-01-25,0.9867144424098618,1.009802668262163,0.9771359033027361
2018-01-26,0.986791238873865,1.0099465875529992,0.9770726997204503
2018-01-29,0.97138806067939,0.9982787014563695,0.9730629925913983
2018-01-30,0.9736374419234206,0.9988419448268686,0.9747662750508372
2018-01-31,0.9486788825489012,0.9792082413859318,0.968822404115165
2018-02-01,0.914378971313922,0.9468386858329738,0.9657177986020969
2018-02-02,0.9175109596988875,0.950020247724337,0.9657804261505776
2018-02-05,0.9152742900889764,0.9489713418943847,0.9644909700453751
2018-02-06,0.8606641631366079,0.9024642660611288,0.9536822625598678
2018-02-07,0.8695254136705071,0.9035828606940934,0.9623084406476846
2018-02-08,0.8838085854697691,0.9123080328481452,0.9687611570300403
2018-02-09,0.8450539672960193,0.8788342522551515,0.9615623937364189
2018-02-12,0.8711082725430163,0.9016479540566146,0.9661290403020415
2018-02-13,0.8805415601536277,0.9076361282539034,0.970148204487629
2018-02-14,0.8851520254171483,0.910464927806942,0.9721978281461479
2018-02-22,0.9085959387966196,0.9295923450721494,0.977413318443473
2018-02-23,0.9135910407989837,0.9330650215145568,0.979129020736451
2018-02-26,0.9370013323634373,0.9539485817249009,0.9822346301612818
2018-02-27,0.9343203227243184,0.9509236707326164,0.9825397678916686
2018-02-28,0.9349198369182966,0.9529993695992577,0.9810288094014546
2018-03-01,0.9488489136400431,0.9635265482696594,0.9847667563950624
2018-03-02,0.9475381371014953,0.9581664667456725,0.9889076376464359
2018-03-05,0.9540333455751976,0.9593941362679669,0.994412316596365
2018-03-06,0.972711662670806,0.9722850012943804,1.0004388233654304
2018-03-07,0.9631026959657333,0.9629364270595371,1.0001726686222723
2018-03-08,0.9680551556614073,0.9700589801058573,0.9979343272053094
2018-03-09,0.9842317105086539,0.981999069475791,1.00227356736097
2018-03-12,0.9990386719821033,0.9960479896753361,1.00300254840908
2018-03-13,0.9920882920406293,0.9894617277060422,1.0026545385850107
2018-03-14,0.9803452223451539,0.979205039870409,1.0011643960440562
2018-03-15,0.9783618435456704,0.9777479780381995,1.0006278361308427
2018-03-16,0.9750705536476936,0.9724004792147564,1.0027458588205278
2018-03-19,0.9806366408366406,0.9735902517277205,1.0072375304666574
2018-03-20,0.9819019516152665,0.9767338421559039,1.005291215719479
2018-03-21,0.9728689046986264,0.9696935606131397,1.0032745851003475
2018-03-22,0.969773437906586,0.965268470529566,1.004667061563244
2018-03-23,0.9124618875855195,0.9155781948202609,0.9965963505330605
2018-03-26,0.9353371510324785,0.9339003937045105,1.0015384481446343
2018-03-27,0.9618541505447363,0.9547554380905451,1.0074351107843786
2018-03-28,0.9501296750474306,0.9450351157857875,1.0053908676794587
2018-03-29,0.9629482922997145,0.9547680952449383,1.0085677318874775
2018-03-30,0.976016536920212,0.9674058171834873,1.0089008351859967
2018-04-02,0.977886593087553,0.968548088140552,1.0096417566265907
2018-04-03,0.9667259641626155,0.9586996307610253,1.0083721044048164
2018-04-04,0.9595035757837077,0.9520517210044515,1.0078271533099004
2018-04-09,0.9606836660890475,0.9533110334127289,1.0077337116826661
2018-04-10,0.9658133019648433,0.9593371790731975,1.0067506222347207
2018-04-11,0.9719310644361401,0.9629554127911272,1.0093209420974092
2018-04-12,0.9672615562091031,0.9573738310652586,1.0103279668014766
2018-04-13,0.9636769437533272,0.953554646407874,1.0106153301057101
2018-04-16,0.9658347966876706,0.9512163488144979,1.0153681629751126
2018-04-17,0.9440788291409585,0.9319860363294585,1.0129752939852257
2018-04-18,0.9585934466284349,0.9446111011136141,1.0148022244268957
2018-04-19,0.9668003800519873,0.9500012619927474,1.0176832586769429
2018-04-20,0.9436157937586094,0.9304008394224799,1.0142035064632275
2018-04-23,0.9333853558581073,0.9213955718870906,1.0130126346781336
2018-04-24,0.9585156530405896,0.9424800830368896,1.0170142269235332
2018-04-25,0.9602731194238279,0.9428328453752141,1.0184977370423207
2018-04-26,0.9399582520826997,0.925202099390082,1.0159491128504197
2018-04-27,0.9412252816347538,0.9272588125251334,1.0150621044750026
2018-05-02,0.9377123162984708,0.9263632816248873,1.0122511706786097
2018-05-03,0.951808754930788,0.9351107154799013,1.017856751264279
2018-05-04,0.9499651988667651,0.9349018724324129,1.0161122005191419
2018-05-07,0.9678690172483498,0.9522811133143664,1.0163690151112317
2018-05-08,0.9731758515430181,0.955867704146313,1.0181072624607221
2018-05-09,0.9699703521988301,0.9538774038449014,1.0168710866711603
2018-05-10,0.9698844135811894,0.9556715182532178,1.014872155397024
2018-05-11,0.9616112373422636,0.947882901070416,1.0144831563649315
2018-05-14,0.9561769178830463,0.944119110076964,1.012771490034874
2018-05-15,0.9673168086364684,0.9525073041087583,1.0155479170226072
2018-05-16,0.9645773594346684,0.9498968776959276,1.0154548162894796
2018-05-17,0.9603300049689034,0.9451047301349501,1.0161096165837402
2018-05-18,0.9656113872714529,0.9484856794349312,1.0180558422840127
2018-05-21,0.9816751730104416,0.960675635923357,1.021859133615792
2018-05-22,0.9866187309187121,0.9639521264726693,1.0235142429002002
2018-05-23,0.976193496959103,0.9514441775935757,1.0260123714542286
2018-05-24,0.9727251467510667,0.9480854155407074,1.0259889360246164
2018-05-25,0.9661299351166271,0.9362482213906059,1.0319164437841473
2018-05-28,0.9634777200290868,0.9320493221014243,1.033719672534929
2018-05-29,0.954445775084422,0.9232196911967036,1.0338230262910038
2018-05-30,0.9287420723421054,0.8990358896590975,1.0330422656366611
2018-05-31,0.9421697687295948,0.9104079706121724,1.0348874341423717
2018-06-01,0.9281003966504092,0.8994361535533213,1.0318691248776766
2018-06-04,0.9256595794423058,0.8991244897398503,1.0295121420951765
2018-06-05,0.9492163439056233,0.9143014602112303,1.0381874963716307
2018-06-06,0.9481742817474709,0.9135389038859626,1.0379134131170311
2018-06-07,0.9398899143269582,0.9078054363073753,1.0353429013931563
2018-06-08,0.9262894509260999,0.8969333129528333,1.032729454407956
2018-06-11,0.919410239240445,0.8910890580463805,1.0317826607097562
2018-06-12,0.9294758553621417,0.9007382024711384,1.031904556520599
2018-06-13,0.9106407813286462,0.8870800905269467,1.0265598236881903
2018-06-14,0.9085641707640968,0.8839016556972572,1.0279018767618269
2018-06-15,0.888800473846305,0.8676077285775988,1.0244266441741485
2018-06-19,0.8244976962036146,0.81346392141426,1.0135639387302777
2018-06-20,0.8359659295832393,0.8224312174864695,1.0164569532490935
2018-06-21,0.8108373712777995,0.8051642530093689,1.0070459142308255
2018-06-22,0.8272452830549188,0.8163765560016915,1.0133133747819245
2018-06-25,0.8221742359615564,0.8108249791771198,1.0139971721097623
2018-06-26,0.8325970410845114,0.8164018703104778,1.0198372533956523
2018-06-27,0.8249932343898575,0.8083680021478447,1.020566415540743
2018-06-28,0.8152717000075163,0.7997629985066791,1.0193916216801666
2018-06-29,0.842651548659487,0.8254956634727703,1.0207825261183612
2018-07-02,0.828678678848582,0.8130003717480699,1.0192845017608065
2018-07-03,0.840471761042258,0.8222318300778512,1.0221834406029742
2018-07-04,0.8299358187993046,0.8102411865441941,1.0243071230914724
2018-07-05,0.8070057272302262,0.7883166126119312,1.0237076249812527
2018-07-06,0.8095705080639484,0.7905109909144713,1.0241103759068912
2018-07-09,0.8286272400536113,0.8080594653960472,1.0254532934002367
2018-07-10,0.8355330249782316,0.8126444078942227,1.0281655996911605
2018-07-11,0.8161300652222218,0.7967649653540181,1.0243046578480008
2018-07-12,0.8416731732787911,0.8183351389632705,1.0285189199440794
2018-07-13,0.846233521443645,0.8233487867261297,1.0277947026660617
2018-07-16,0.843982921539242,0.8219264948415769,1.026835035536744
2018-07-17,0.8466023754908453,0.8220847092714922,1.0298237711306903
2018-07-18,0.843168328517306,0.8158259697855856,1.033514940372524
2018-07-19,0.8353150205562346,0.8086575531680523,1.0329650879828516
2018-07-20,0.8447376339616494,0.8187702472590002,1.0317151078578886
2018-07-23,0.8526967616835582,0.8249008516701377,1.0336960617232283
2018-07-24,0.8699114651478547,0.8392408864207274,1.0365456202425194
2018-07-25,0.8725305721874069,0.8398768712020628,1.0388791525341197
2018-07-26,0.868926229638002,0.8343110736922611,1.0414895079751858
2018-07-27,0.8645509258876326,0.830483996926843,1.0410205724455284
2018-07-30,0.8553644701659524,0.8203365328882384,1.0426994725620566
2018-07-31,0.8526673919906095,0.8209013397895742,1.0386965529976817
2018-08-01,0.8384567716356557,0.8077145951657565,1.038060692048768
2018-08-02,0.8165794264963735,0.7904128607409993,1.0331049342122844
2018-08-03,0.8028257664924754,0.779929982110974,1.029356204924359
2018-08-06,0.7848004689801651,0.763397132588681,1.0280369619923844
2018-08-07,0.811909539798084,0.7842206085425819,1.03530757921162
2018-08-08,0.7963002353807482,0.7721492570362055,1.0312776035519908
2018-08-09,0.8220888734792128,0.7917988191470585,1.0382547354197664
2018-08-10,0.8304432670109769,0.7958710724384583,1.0434394410976557
2018-08-13,0.8335942186375207,0.799789950800152,1.0422664323345763
2018-08-14,0.8312427362402599,0.7970370941734728,1.0429159976578735
2018-08-15,0.8131010600387212,0.7804140810395904,1.041884148163483
2018-08-16,0.8056738424074656,0.7733832551356965,1.0417523744629091
2018-08-17,0.7905230663142246,0.759881719636734,1.0403238370994619
2018-08-20,0.7954699056808898,0.7645679193700552,1.040417581653564
2018-08-21,0.808586632371491,0.7739543906142289,1.0447471352023432
2018-08-22,0.799066426113596,0.7652592978153233,1.0441773505983998
2018-08-23,0.8065897197096557,0.7694755448514087,1.0482330791492718
2018-08-24,0.8026786597249753,0.7676751018658957,1.0455968387850545
2018-08-27,0.8212835604779413,0.7847268947183113,1.0465852081860307
2018-08-28,0.8237634398328872,0.7869639350765414,1.0467613611197655
2018-08-29,0.81867250454829,0.7818616872329296,1.0470809836527952
2018-08-30,0.8070921899978569,0.7700213660211545,1.0481425913780216
2018-08-31,0.7958071894791559,0.7617470119250499,1.044713240775347
2018-09-03,0.798081620367568,0.7655519758972045,1.0424917516962056
2018-09-04,0.8058459540685049,0.7736854633102972,1.041567913943485
2018-09-05,0.793476307217567,0.7617802183418697,1.0416079180221938
2018-09-06,0.7894312464724573,0.7583502784090018,1.0409849761361762
2018-09-07,0.7892630831741047,0.7581019003674969,1.041104214079271
2018-09-10,0.7729030936949167,0.7443535503578663,1.038354815830897
2018-09-11,0.7749780848767733,0.7440403230135584,1.0415807596796756
2018-09-12,0.7733900843918521,0.7426274867678758,1.04142399543796
2018-09-13,0.7780544903085701,0.7469370989310736,1.0416599890700675
2018-09-14,0.7663421067879629,0.7388479115583572,1.0372122527511998
2018-09-17,0.7518505249717373,0.728138693226241,1.032564993408651
2018-09-18,0.7687952444777936,0.740972601057885,1.0375488154085404
2018-09-19,0.7780527784813284,0.7494178267382983,1.038209595130207
2018-09-20,0.7801065110442085,0.7488783341457489,1.0416999337203177
2018-09-21,0.789837440642357,0.7602282278517108,1.0389477944989194
2018-09-25,0.7851182510265801,0.7582237068650693,1.0354704606542944
2018-09-26,0.7879601880079915,0.761875146999819,1.0342379471372607
2018-09-27,0.7765370630193004,0.752343118480123,1.0321581256542278
2018-09-28,0.7837892347222509,0.7595178636748531,1.0319562872819912
2018-10-08,0.7598276273609823,0.7351157634508885,1.0336162889421494
2018-10-09,0.7595440805301823,0.7332805505177188,1.0358164825098943
2018-10-10,0.7590949259714798,0.7324894783681416,1.036321951903815
2018-10-11,0.6997775891300558,0.681471839432233,1.0268620779885405
2018-10-12,0.6936650991079009,0.6768236856159409,1.0248830143653047
2018-10-15,0.6792740683749823,0.6643426145764706,1.0224755321590062
2018-10-16,0.6645442396594099,0.6486056022501147,1.0245736967950965
2018-10-17,0.6756191836769492,0.6539372424036415,1.033155997039735
2018-10-18,0.6553131550978702,0.6357558357485544,1.0307623119594154
2018-10-19,0.6735603487591014,0.653084448012935,1.0313526080868503
2018-10-22,0.708773069765409,0.6855410401158087,1.033888605189378
2018-10-23,0.6965772739578971,0.6729507452793098,1.0351088528310957
2018-10-24,0.6941877528754761,0.6716740106702792,1.0335188526689159
2018-10-25,0.6897630486975598,0.6699226327715023,1.0296159809439138
2018-10-26,0.6896362873370999,0.6698498169068166,1.0295386666247845
2018-10-29,0.6760230851423296,0.6585489882875908,1.026534239920672
2018-10-30,0.6843831311930034,0.6651953345133278,1.0288453566706295
2018-10-31,0.6977249198366615,0.6759551070091675,1.03220600392209
2018-11-01,0.7043693839232382,0.6801365840975961,1.0356293138646468
2018-11-02,0.7321385460888142,0.7021228802709883,1.0427498756431939
2018-11-05,0.7330732158873409,0.7025785378291448,1.043403941931417
2018-11-06,0.7328762037536255,0.702146631048938,1.0437651785906605
2018-11-07,0.7288853257468945,0.6985141021919289,1.0434797571869503
2018-11-08,0.7271904822520076,0.6933233287214139,1.048847560910794
2018-11-09,0.7268863220450223,0.6911527011968235,1.0517014847606343
2018-11-12,0.7495521958024897,0.7090429188470168,1.0571323341347876
2018-11-13,0.7650330466435746,0.7219923045990367,1.0596138515194298
2018-11-14,0.7648253978645968,0.7191398287218977,1.063528075233845
2018-11-15,0.7807960299301416,0.7308947513684433,1.0682742330113453
2018-11-16,0.7907371999600944,0.7371107543448104,1.0727522225109176
2018-11-19,0.79174627284086,0.7389522958551767,1.0714443642462543
2018-11-20,0.7662599888889403,0.7178646576437041,1.067415676102634
2018-11-21,0.7749471691137173,0.7205889984460739,1.0754357487900383
2018-11-22,0.7732401197226714,0.7200605994770811,1.0738542287749253
2018-11-23,0.7375335162930515,0.6921256641004165,1.0656063696924942
2018-11-26,0.7380744504271117,0.6909707359889585,1.0681703464195709
2018-11-27,0.7429304027033157,0.6941649550347148,1.0702505179999502
2018-11-28,0.7529909112193002,0.7027414428515708,1.0715049167497908
2018-11-29,0.732075661676727,0.6875281389016973,1.0647937448003115
2018-11-30,0.7361581677193267,0.6924246707594944,1.0631599346566647
2018-12-03,0.758818064528922,0.7143397890528872,1.0622648719246153
2018-12-04,0.7642340621966475,0.7176684717506092,1.0648845424858233
2018-12-05,0.7554899893294772,0.7123669109522286,1.0605349261935897
2018-12-06,0.7402101809316933,0.697873352364234,1.0606654895534153
2018-12-07,0.7376964970376669,0.6978528031018073,1.0570946964155805
2018-12-10,0.7285744355505059,0.6896813442255348,1.0563928423620699
2018-12-11,0.7350113228151661,0.6954180133196451,1.056934546901537
2018-12-12,0.7319595770845995,0.6950619750119483,1.0530853411625876
2018-12-13,0.7374321451316188,0.7029471588373856,1.0490577219933124
2018-12-14,0.71435609875213,0.6861674948044245,1.0410812289435831
2018-12-17,0.713292008605121,0.6851470303449323,1.041078742246054
2018-12-18,0.7085782689401321,0.6814481631081328,1.0398124278569583
2018-12-19,0.6981188477443467,0.6720552888329131,1.038781867123902
2018-12-20,0.7025923268510963,0.6739316747447854,1.0425275338440867
2018-12-21,0.6978378015470464,0.6694036894413796,1.042476778294119
2018-12-24,0.7042729133284676,0.6762984137086215,1.0413641360866754
2018-12-25,0.6940489157531344,0.6685129980413427,1.0381980870777512
2018-12-26,0.6939419866414737,0.6658076429705627,1.042255963817698
2018-12-27,0.6818309040030808,0.6583496753328217,1.035666803751955
2018-12-28,0.6851954580741249,0.6594206939560375,1.0390869809733416
2019-01-02,0.6818618077938456,0.6537125406862366,1.0430606196999972
2019-01-03,0.6820382100521075,0.6506828646475924,1.0481883681100117
2019-01-04,0.7020092392586558,0.6661983767720667,1.0537540524492173
2019-01-07,0.7155918147706942,0.678450055501622,1.0547450161848848
2019-01-08,0.7137596830661226,0.6767066441647279,1.0547549506435392
2019-01-09,0.7166379548759534,0.6785213078354709,1.0561760501848898
2019-01-10,0.7164456855716742,0.6774280275112929,1.0575967578485388
2019-01-11,0.7217011623817102,0.6826520818524773,1.0572020236476354
2019-01-14,0.715807030170807,0.678170034574134,1.0554978746890633
2019-01-15,0.725863962854689,0.687790737628432,1.0553558272063057
2019-01-16,0.7249036997835748,0.6861327248567676,1.0565065234789681
2019-01-17,0.7194062439724676,0.6808880467993073,1.0565705292584078
2019-01-18,0.7246021667871837,0.6878619155084317,1.0534122480841166
2019-01-21,0.7288653244011788,0.6919469004080742,1.0533544177614382
2019-01-22,0.7184967194689635,0.6816031760225251,1.054127599084455
2019-01-23,0.7224848953845767,0.6827786533964098,1.0581539006684706
2019-01-24,0.7254913596446946,0.6863368028578961,1.0570486044515746
2019-01-25,0.7206870752523964,0.6832153252229762,1.0548461790098032
2019-01-28,0.7145638252782813,0.6814401965462498,1.0486082695149368
2019-01-29,0.6983781461632633,0.6730662231996855,1.0376068833810255
2019-01-30,0.6869049547041782,0.6663154926771289,1.0309004702026736
2019-01-31,0.6722057661754333,0.660754460213687,1.0173306525362582
2019-02-01,0.6969096960209785,0.6793914499730812,1.0257852024022254
2019-02-11,0.7211813536903481,0.6965729414311027,1.035327832586617
2019-02-12,0.734978492879193,0.7023649297352964,1.0464339288070488
2019-02-13,0.7472960180834342,0.71390311722632,1.04677511563033
2019-02-14,0.7517651043656258,0.7170292854537503,1.0484440728106301
2019-02-15,0.7500535208218301,0.7123716015447386,1.0528964366285523
2019-02-18,0.7763633364151118,0.7374113245347248,1.0528226385795798
2019-02-19,0.7784834073268533,0.7384049111545937,1.0542771256891987
2019-02-20,0.7780483671741264,0.7384586668338403,1.0536112610202382
2019-02-21,0.7754042309490474,0.7371170829220068,1.0519417456386528
2019-02-22,0.7963297891182368,0.7558110298761705,1.0536096426757688
2019-02-25,0.8419427808262773,0.7980606856946383,1.0549859126232282
2019-02-26,0.8423213053065656,0.7971414784702919,1.0566773001487433
2019-02-27,0.8400682542632953,0.793872880029013,1.058189888326446
2019-02-28,0.8418945329757959,0.795045230341224,1.0589265878803709
2019-03-01,0.8511866999159357,0.8016805573972541,1.0617529539189634
2019-03-04,0.8701424580691595,0.8160806764042868,1.066245633830068
2019-03-05,0.899785717012402,0.8377616373414047,1.0740354737032691
2019-03-06,0.9184365834810777,0.8527503140277229,1.0770287250239807
2019-03-07,0.9334221134996975,0.8636018881198383,1.080847698853306
2019-03-08,0.8970255846419085,0.8299160629638332,1.080863022988627
2019-03-11,0.9359298541270024,0.8632474877968277,1.084196441180123
2019-03-12,0.9508184209849151,0.878217178751556,1.0826688932873831
2019-03-13,0.9281731184442075,0.8582607178735917,1.0814582318806683
2019-03-14,0.9004222769430064,0.8382694870479708,1.0741441634884163
2019-03-15,0.9089350613941257,0.8478426885463693,1.0720562595786485
2019-03-18,0.928395349543502,0.870335270895491,1.0667100146226094
2019-03-19,0.9401998561850037,0.8736576250160164,1.0761651123548168
2019-03-20,0.9392346756071503,0.8726466906492438,1.0763057783538552
2019-03-21,0.9579231721948733,0.8843050466531539,1.083249695136699
2019-03-22,0.962580106595041,0.889472218253418,1.082192435965205
2019-03-25,0.9475647869982122,0.8780067721732308,1.0792226404504972
2019-03-26,0.9203994786241368,0.8535176353993502,1.0783602358649491
2019-03-27,0.9286592337019312,0.861902702369471,1.0774525142442861
2019-03-28,0.9144826583419423,0.8496003950223427,1.0763679768744614
2019-03-29,0.9485886130250056,0.877688779782563,1.0807801522311897
2019-04-01,0.9867061065566999,0.9109411346275244,1.0831721930749731
2019-04-02,0.9938539446441215,0.9137429818870905,1.087673409640404
2019-04-03,1.0012513573075639,0.9233130563238156,1.0844115659904787
2019-04-04,1.0057870672186364,0.9289326095128638,1.082734158451037
2019-04-08,1.0012612296095977,0.9251467057261484,1.0822729232156827
2019-04-09,1.0043045742702046,0.9267952628589425,1.0836315360224915
2019-04-10,1.0019848765856196,0.9256418982783214,1.0824757159861658
2019-04-11,0.9779706976063021,0.9060888283562545,1.0793320334612768
2019-04-12,0.9749269217699976,0.9040637581071862,1.0783829271191843
2019-04-15,0.9681712019517306,0.8948259712002082,1.0819659164039976
2019-04-16,0.9918606123357887,0.9139740121816916,1.0852175216319102
2019-04-17,1.0044954664382033,0.9188341361071456,1.0932282845889705
2019-04-18,0.9963265434924341,0.913682897630647,1.090451124866294
2019-04-19,0.9988254859270372,0.9192217428469761,1.0865990645886112
2019-04-22,0.9821194028165321,0.9054354213741658,1.0846929329603476
2019-04-23,0.9690022526624555,0.8904087732246678,1.0882667397280428
2019-04-24,0.9811433500836387,0.8985834336164634,1.0918778528276472
2019-04-25,0.9383160650781771,0.863570245233855,1.086554417844817
2019-04-26,0.9270886688659826,0.8555980993123512,1.0835562510144527
2019-04-29,0.887489734793354,0.8330644184383762,1.0653314619498466
2019-04-30,0.8984548112734418,0.8397028725560798,1.0699675333234475
2019-05-06,0.8265462447633527,0.7766155200984811,1.064292720622606
2019-05-07,0.8381293985721939,0.7868358000017716,1.0651897112082431
2019-05-08,0.8388438570035255,0.7827761294109156,1.0716267723120327
2019-05-09,0.830598283407191,0.7733895837128925,1.0739713863479396
2019-05-10,0.8647864963111698,0.8012201347927375,1.0793369496822192
2019-05-13,0.8549523814618851,0.7919775828393998,1.0795158852813838
2019-05-14,0.8507683922776568,0.7856033654331173,1.082949016910859
2019-05-15,0.873767501632128,0.803156604961053,1.0879167228843236
2019-05-16,0.8780300371683235,0.8081876749246651,1.0864184946277098
2019-05-17,0.8473029950199756,0.7819598174064011,1.083563344508295
2019-05-20,0.848812765675764,0.7789506906301835,1.0896874165283312
2019-05-21,0.8651012927713625,0.7926056755127016,1.0914649232252427
2019-05-22,0.8604450237935155,0.7873088053068314,1.0928939419878345
2019-05-23,0.8371402794556438,0.7709389352608137,1.0858710608155155
2019-05-24,0.8305017115117772,0.7660091969861967,1.084192872330151
2019-05-27,0.8588453765427029,0.7851824778226172,1.0938162794008848
2019-05-28,0.8626046170635189,0.7840022354023727,1.1002578540108436
2019-05-29,0.8682215979822744,0.7842190450117439,1.107116185847377
2019-05-30,0.8606623860757338,0.7793999451572937,1.1042628260668406
2019-05-31,0.8572925586012622,0.7771217318203608,1.1031637946774517
2019-06-03,0.8443640576536253,0.7679171513302028,1.0995509817576017
2019-06-04,0.8305340824749022,0.7586761629077019,1.094714877151007
2019-06-05,0.8266375388167696,0.7568425879592183,1.0922185827911048
2019-06-06,0.8075672418554544,0.7402242654178464,1.0909764507646798
2019-06-10,0.8154484195019576,0.7475778487587676,1.0907872950701765
2019-06-11,0.8518429408435774,0.7754558269406627,1.0985060802293252
2019-06-12,0.851082071385601,0.7694470290270978,1.1060957275534924
2019-06-13,0.8589957201035087,0.771687270900851,1.1131396778137026
2019-06-14,0.8431044525958932,0.7586951486392916,1.1112558899420781
2019-06-17,0.8428409688127118,0.7598153068030928,1.109270846831117
2019-06-18,0.8400288275353077,0.7589514932426792,1.1068280845541516
2019-06-19,0.8504782268479266,0.7687240076958466,1.1063505475744513
2019-06-20,0.8669839296045612,0.7838819924356367,1.106013325948099
2019-06-21,0.8824781748362247,0.7944155741370844,1.1108520572432083
2019-06-24,0.883930824904494,0.7948727952260777,1.1120406060105335
2019-06-25,0.8725210152753825,0.7870873051049495,1.1085441343245162
2019-06-26,0.8690137131012545,0.7851255206278475,1.1068468547632022
2019-06-27,0.8773033364404546,0.7922275244117409,1.1073881043099147
2019-06-28,0.8710280009927444,0.7832096741758079,1.1121262028707064
2019-07-01,0.8917204686628661,0.8069061752692743,1.105110477516532
2019-07-02,0.8883687526738138,0.8043985696224264,1.1043887771839298
2019-07-03,0.8826929300218591,0.7974864231544314,1.1068438338177546
2019-07-04,0.8774762313943864,0.7950024938316836,1.103740224971123
2019-07-05,0.8810335268134168,0.7977933219215426,1.1043380567430474
2019-07-08,0.8506953716857176,0.770600393607719,1.1039384079509977
2019-07-09,0.8531163493282301,0.772315363574153,1.1046217511200904
2019-07-10,0.8458849691782911,0.7663414100620942,1.1037965038451358
2019-07-11,0.8477715161584861,0.7664505594052735,1.1061007207253049
2019-07-12,0.8505958217509304,0.7691432573216602,1.1059003815659874
2019-07-15,0.8641190503839632,0.7792290735729848,1.1089409772940504
2019-07-16,0.8663314679244511,0.7802938380728532,1.110263115833506
2019-07-17,0.8658914565415006,0.7798255233603035,1.110365627442322
2019-07-18,0.8485566770307341,0.7663809450561107,1.1072256982702082
2019-07-19,0.855311677654154,0.771851813907963,1.1081293873284113
2019-07-22,0.8358633229446253,0.7556955519557935,1.1060847464052843
2019-07-23,0.8435933842947065,0.7631867260103543,1.1053564685338373
2019-07-24,0.8531133610349048,0.7709563574615663,1.106565051028111
2019-07-25,0.852709755744994,0.773900634934981,1.1018336427862399
2019-07-26,0.8521685373862823,0.7749242264561468,1.0996798245466994
2019-07-29,0.8512793009585055,0.7747517913410014,1.0987768088732577
2019-07-30,0.8567606703204547,0.7788494333950371,1.1000337595237109
2019-07-31,0.8529804542696888,0.7757295192909541,1.0995848850116532
2019-08-01,0.8462921019470042,0.770551328520983,1.098294261034369
2019-08-02,0.8335532186817012,0.7609717984453878,1.095379908144549
2019-08-05,0.8216262449201094,0.7518051894184095,1.092871207174977
2019-08-06,0.7993043504721989,0.7357596403402561,1.0863661264466153
2019-08-07,0.7982446280220384,0.7319310000440012,1.0906009281941202
2019-08-08,0.8018010070543673,0.7366361110550629,1.0884628041190794
2019-08-09,0.7908989109159843,0.7278160102430618,1.0866742415460953
2019-08-12,0.8088707808476937,0.7412162885068784,1.0912749670910498
2019-08-13,0.8052721621149103,0.7369984034861069,1.092637593658085
2019-08-14,0.8080321784839712,0.7410248676601431,1.0904251851026405
2019-08-15,0.8113903992552318,0.7446177870692863,1.0896736733200443
2019-08-16,0.8132668642720943,0.7471664912409876,1.0884680640874551
2019-08-19,0.8394686434418562,0.7712743498522341,1.088417686394844
2019-08-20,0.8395779434035547,0.7708899446279266,1.089102211352336
2019-08-21,0.841058935068444,0.7724894366739847,1.0887643184995393
2019-08-22,0.8421093483654147,0.7733105137248587,1.088966635548724
2019-08-23,0.8410610289047277,0.7733089501940219,1.087613209046277
2019-08-26,0.8349222447252465,0.7681766229952639,1.0868883792242061
2019-08-27,0.8502813324252322,0.7809377894160716,1.088795220245406
2019-08-28,0.8510818676018826,0.7796831676003045,1.091573991806605
2019-08-29,0.8517663287036403,0.7806308161951109,1.0911256781473893
2019-08-30,0.8402601560614693,0.7730858864613035,1.086891082577703
2019-09-02,0.8592950135598937,0.7923572974711962,1.0844792069213331
2019-09-03,0.8651462025960921,0.7980338078550139,1.0840971824507855
2019-09-04,0.8749812022605398,0.8058003122445522,1.0858536401199506
2019-09-05,0.8826985144475967,0.8129418510224622,1.0858076913341335
2019-09-06,0.8867350779127179,0.8155095409257533,1.0873386924524642
2019-09-09,0.9033066599991723,0.832725876785281,1.0847587245473465
2019-09-10,0.902147726992872,0.8298543407227028,1.0871157535998552
2019-09-11,0.8982572778976781,0.8254213585310957,1.0882408949245024
2019-09-12,0.9025869484484268,0.8294271989888559,1.0882051487445301
2019-09-16,0.9035195934397101,0.8306501034647904,1.0877258543289985
2019-09-17,0.8843983808523753,0.8132646084594898,1.0874669469849785
2019-09-18,0.8825418102469659,0.8133578991327528,1.0850596166681123
2019-09-19,0.8918843864229636,0.8213680165174362,1.0858523444880575
2019-09-20,0.8900749172271402,0.8233946502973413,1.0809821473891281
2019-09-23,0.8812081954002772,0.81817379747168,1.0770427971702174
2019-09-24,0.8799385896824632,0.8196388258657722,1.0735687011324742
2019-09-25,0.8616364222541408,0.8048099271402062,1.070608591168676
2019-09-26,0.8410566274442234,0.7863358424032378,1.0695895851240167
2019-09-27,0.8513135646398612,0.7919348463298593,1.0749792973313226
2019-09-30,0.8378807911563732,0.7816940171641423,1.0718782193012903
2019-10-08,0.8341073158334162,0.7818300443469449,1.0668652629359339
2019-10-09,0.8438416720017285,0.7883466919670761,1.0703941306535858
2019-10-10,0.8556434460651532,0.7983786780853047,1.071726324301624
2019-10-11,0.8536582365810848,0.7998279222633301,1.0673023694464518
2019-10-14,0.8737501579737257,0.8117900499726777,1.0763252863263517
2019-10-15,0.8612232223083446,0.8006948628854174,1.0755947892619226
2019-10-16,0.8565648540823424,0.7971130370998306,1.0745839224996467
2019-10-17,0.8545249882148596,0.7957666881416372,1.073838602380355
2019-10-18,0.841000645131245,0.7850021505994377,1.0713354663920935
2019-10-21,0.8343549734440295,0.7832982742565601,1.0651816822090259
2019-10-22,0.8452774500923576,0.7919221891754661,1.067374372944953
2019-10-23,0.8384808903132952,0.7858533070054581,1.066968711385052
2019-10-24,0.837314565483951,0.7844389072289387,1.0674057058717263
2019-10-25,0.841539570734012,0.7901850319619194,1.0649905233519628
2019-10-28,0.8578140611130172,0.8044080252612963,1.066391724317237
2019-10-29,0.8489328152964685,0.7922639323440835,1.0715277834051058
2019-10-30,0.8360445552826723,0.7828014437197011,1.0680161131409922
2019-10-31,0.8289596641096997,0.7779792912574266,1.0655292157839766
2019-11-01,0.8365006422208714,0.7850875491646673,1.065487082441834
2019-11-04,0.8351099743809949,0.7891203419159001,1.0582796184843453
2019-11-05,0.837085376608039,0.7950467938720596,1.052875608152876
2019-11-06,0.8248584089340033,0.7870462065800957,1.0480431797241114
2019-11-07,0.8329400516407109,0.7921626751089375,1.0514760134667616
2019-11-08,0.8272213880459809,0.7891915197958996,1.0481883893784318
2019-11-11,0.8043949103311958,0.771451550013739,1.0427030839679694
2019-11-12,0.8081116519124675,0.7723138000433158,1.0463514336622548
2019-11-13,0.8045304981652766,0.7713534942941161,1.043011413206239
2019-11-14,0.8121003609220242,0.7771391540211131,1.0449870614805765
2019-11-15,0.8037131699937752,0.7702302090686411,1.043471368080488
2019-11-18,0.8090434816797475,0.7740303335405865,1.045234852720827
2019-11-19,0.8259109942072917,0.7871062908365387,1.0493004614783492
2019-11-20,0.8198022495403664,0.7825451735701624,1.047610128115963
2019-11-21,0.8188037622634543,0.7824565734894098,1.0464526594900367
2019-11-22,0.8083217888862342,0.7758687479892791,1.0418280037455556
2019-11-25,0.8025595307182724,0.7754605919870219,1.0349456039562408
2019-11-26,0.8037448942386064,0.7724008365932313,1.0405800410362342
2019-11-27,0.8075724794856464,0.7758972638135885,1.0408239816652685
2019-11-28,0.8037049591792165,0.7735241218187063,1.039017318929304
2019-11-29,0.8045610286902624,0.7744227053267766,1.0389171484206012
2019-12-02,0.8045183415442574,0.776080718098441,1.036642610469043
2019-12-03,0.8059667247407406,0.7794079117191757,1.0340756266676623
2019-12-04,0.8045233695454592,0.7784934695411891,1.0334362470883809
2019-12-05,0.8092339272205881,0.7859181563082608,1.0296669197997026
2019-12-06,0.8142316384604983,0.7927069327478464,1.0271534218050022
2019-12-09,0.8185009652499452,0.7949360809980432,1.0296437472335087
2019-12-10,0.8197971260828613,0.7988042562883145,1.0262803679741157
2019-12-11,0.8165993033735297,0.7953600956702165,1.0267038889918356
2019-12-12,0.8137604532639074,0.792942653634958,1.0262538527010974
2019-12-13,0.8235850055796513,0.8027025853875815,1.0260151400683315
2019-12-16,0.8393342083055213,0.8173131109729396,1.0269432816345838
2019-12-17,0.8523667740328922,0.8283909503132962,1.0289426432175874
2019-12-18,0.8536387997786299,0.828242191522251,1.0306632631328545
2019-12-19,0.858092092232452,0.8292895338213665,1.0347316072811907
2019-12-20,0.851524767560584,0.8202621534927138,1.0381129544192094
2019-12-23,0.8316463888231966,0.804389039529706,1.0338857790869789
2019-12-24,0.8444126705123883,0.8166850182996376,1.0339514642627834
2019-12-25,0.8489125710583304,0.8200122119203722,1.0352438155405965
2019-12-26,0.8551246775061871,0.8257140366129764,1.0356184339724335
2019-12-27,0.8483543492151677,0.8193935748859404,1.0353441559915315
2019-12-30,0.8547872000355734,0.8293211767073496,1.0307070698825411
2019-12-31,0.8568702150376946,0.833390302937076,1.0281739684489601
2020-01-02,0.8734844966857243,0.8489707388182027,1.0288746793577899
2020-01-03,0.875398933463147,0.8512647363712025,1.0283509889001448
2020-01-06,0.8858809113877908,0.8598412241880584,1.0302842972251318
2020-01-07,0.8954964733604595,0.8701232263324782,1.029160521475709
2020-01-08,0.8847151782325666,0.8580930478048046,1.031024759489507
2020-01-09,0.894986899971907,0.8697593703705973,1.0290051828824338
2020-01-10,0.8898842152558748,0.8670207344291481,1.026370166155
2020-01-13,0.9012302923649294,0.8795825134413375,1.0246114248439246
2020-01-14,0.8989095024329945,0.8768455154845746,1.025162912461526
2020-01-15,0.8955616487261648,0.8748995896773888,1.0236164918723931
2020-01-16,0.891465488373776,0.8745262036227883,1.0193696708924394
2020-01-17,0.8863375028336612,0.8717385770484524,1.0167469080405254
2020-01-20,0.8939869568016015,0.8839981478860409,1.011299581271123
2020-01-21,0.8834838221037679,0.873936082412666,1.010924986258427
2020-01-22,0.8884349437813551,0.8820948841345453,1.0071875030235895
2020-01-23,0.8530324685450211,0.8508059517513722,1.0026169501859568
2020-02-03,0.781925388516679,0.7769477331743776,1.0064066797929434
2020-02-04,0.7939953874451872,0.790485676605683,1.004439942358696
2020-02-05,0.8186567360215258,0.8106557455774953,1.009869775780508
2020-02-06,0.8439724638539965,0.8357998528643009,1.0097781914673565
2020-02-07,0.8541375180679877,0.8427847407431324,1.0134705539576392
2020-02-10,0.8562516783173711,0.8524971709398566,1.004404128841126
2020-02-11,0.8467033954280002,0.8482018539157382,0.9982333704166994
2020-02-12,0.8602481748952949,0.8638122946981617,0.9958739649519435
2020-02-13,0.8468091719176629,0.8563590921067806,0.988848229350116
2020-02-14,0.8426157858771137,0.857618404515058,0.9825066503249454
2020-02-17,0.8713737584786788,0.8850897902255327,0.9845032313124312
2020-02-18,0.8878787277892295,0.895590091056311,0.9913896286436283
2020-02-19,0.8760715621365057,0.8864852042704621,0.9882528866993033
2020-02-20,0.8901217216355581,0.9028518728009566,0.9859000667231214
2020-02-21,0.9062196024896259,0.9150846402527714,0.9903123302772334
2020-02-24,0.9193001317683852,0.9279691022481389,0.9906581259454094
2020-02-25,0.9271996468664194,0.9330713500917507,0.993707123013954
2020-02-26,0.9058293506103957,0.9086550291825561,0.9968902625513419
2020-02-27,0.9053698163526835,0.9102908547071077,0.994593993415426
2020-02-28,0.8530558529750152,0.8624421949620185,0.9891165552406481
2020-03-02,0.8887344781655857,0.8948955855493692,0.9931152779349098
2020-03-03,0.8971102221330801,0.9033755811774391,0.9930645025447856
2020-03-04,0.8923072870338451,0.904402374214128,0.9866264314146757
2020-03-05,0.9054196707948272,0.9177884317927144,0.986523298214026
2020-03-06,0.9003178639271612,0.9118935482686886,0.9873058819601204
2020-03-09,0.8558546695084381,0.8742335255409066,0.9789771777270871
2020-03-10,0.8879106482120452,0.8978525201771769,0.9889270545644069
2020-03-11,0.8737981396891504,0.8843130132150346,0.9881095569456159
2020-03-12,0.8584623472257378,0.8691803427840311,0.9876688472682631
2020-03-13,0.8521036986693392,0.8633771864024317,0.9869425693536478
2020-03-16,0.8103680179071486,0.8227033463059217,0.9850063471187266
2020-03-17,0.8116329395451988,0.8245938784491748,0.9842820335649934
2020-03-18,0.7972376620089574,0.8099453814006371,0.9843103995855816
2020-03-19,0.8024669293175895,0.8160126255859589,0.9834001388659366
2020-03-20,0.8125562212230139,0.8257361494062394,0.9840385718940574
2020-03-23,0.7712701196432717,0.7908717198146762,0.9752151964973566
2020-03-24,0.7848653968188077,0.8062385476019547,0.9734902891374787
2020-03-25,0.8102211002384382,0.8254419077935213,0.9815604133841839
2020-03-26,0.8005377604953735,0.8173242045964954,0.9794617068640356
2020-03-27,0.7934219077223784,0.8127725429689894,0.9761918196991194
2020-03-30,0.7699396822356588,0.795393302087036,0.9679986997821213
2020-03-31,0.7668465169564249,0.7976019010748061,0.961440182029485
2020-04-01,0.7672043056381159,0.7940849245920223,0.966148936818418
2020-04-02,0.7969881813881556,0.814332500021031,0.9787011833220123
2020-04-03,0.788311054194698,0.8079788318771751,0.9756580532725307
2020-04-07,0.8169229339950059,0.8332969378099631,0.9803503372303388
2020-04-08,0.8192822881781516,0.8340452734500008,0.9822995396751275
2020-04-09,0.8308105574659884,0.842060155881044,0.9866403862758651
2020-04-10,0.8089607413754869,0.824032273063362,0.9817100225554926
2020-04-13,0.7999208185128495,0.8178099415097984,0.97812557406196
2020-04-14,0.8224355573769997,0.8367016378878941,0.9829496204323125
2020-04-15,0.8187268707918925,0.8335627380522211,0.9822018588606835
2020-04-16,0.8265273807806134,0.8411915772742707,0.9825673522062904
2020-04-17,0.8269570233774378,0.8414257346305455,0.9828045296719375
2020-04-20,0.837288015614217,0.8514467015790671,0.9833710249407369
2020-04-21,0.833445203811657,0.8454489972890586,0.9858018715311131
2020-04-22,0.8412332747164375,0.852369035865087,0.9869355165660756
2020-04-23,0.8347880405123544,0.8476497041687954,0.9848266759332465
2020-04-24,0.8170348154383573,0.8343221673158151,0.9792797643947605
2020-04-27,0.8139149085891054,0.8330834041699643,0.9769909045301925
2020-04-28,0.8011776797273209,0.8270920284571525,0.968668119340756
2020-04-29,0.7931926079247806,0.8269274854500405,0.9592045516459037
2020-04-30,0.8111126010434678,0.84702794007269,0.957598401032509
2020-05-06,0.8304188935779373,0.8624469600083783,0.9628637262167057
2020-05-07,0.8311104049357055,0.8615657242472117,0.9646511943843677
2020-05-08,0.8396999554507908,0.8713667545246884,0.9636584722684639
2020-05-11,0.8416942728270991,0.8695457622767487,0.9679700705150635
2020-05-12,0.8424004174935539,0.8721198552110859,0.9659227598821967
2020-05-13,0.8480816551353285,0.8758883367970483,0.9682531659647355
2020-05-14,0.842181874061168,0.868109249706966,0.9701335106675226
2020-05-15,0.8424355057954633,0.8714031624570313,0.9667574575011985
2020-05-18,0.8397379984253082,0.8667976706964293,0.9687820200885172
2020-05-19,0.8480537269315837,0.8777236241840671,0.9661967657757137
2020-05-20,0.8424620858669799,0.8685189692400598,0.9699984867390067
2020-05-21,0.8320229413930689,0.8584679973902413,0.9691950590149361
2020-05-22,0.8144982398744226,0.8429730345281936,0.9662209898923895
2020-05-25,0.8082305288396535,0.8411330565486641,0.9608830880526605
2020-05-26,0.831724473706241,0.8575250393879453,0.9699127553171866
2020-05-27,0.8239842317799396,0.849502339302718,0.9699611097672504
2020-05-28,0.8199901105880704,0.8481844317149847,0.9667592093503686
2020-05-29,0.8274496862913869,0.8553307355392546,0.9674031949403878
2020-06-01,0.857971593946108,0.881140906962542,0.9737053258640517
2020-06-02,0.8562403013363954,0.880659935095599,0.9722712107295391
2020-06-03,0.8577163850472095,0.881588672412665,0.9729212861819972
2020-06-04,0.8574786519955083,0.8822910700276402,0.9718772875811216
2020-06-05,0.8565012860884198,0.88366273329462,0.9692626539710096
2020-06-08,0.8547726687117575,0.8820616777177251,0.9690622439503594
2020-06-09,0.8621259810567484,0.8876116165576107,0.9712874020287137
2020-06-10,0.8619219872131746,0.8883805759139243,0.9702170562728363
2020-06-11,0.8584453079808536,0.8842449623967088,0.9708229557271931
2020-06-12,0.8596919136606771,0.8846231134976691,0.9718171507655755
2020-06-15,0.8556128787160406,0.884488575391854,0.9673532282053269
2020-06-16,0.8714902637864536,0.9010467392229334,0.9671976223320341
2020-06-17,0.8756768254660985,0.9073940787895926,0.9650457788243417
2020-06-18,0.8782938489773535,0.9072327372980035,0.9681020237355652
2020-06-19,0.8848572309343087,0.9155781948202583,0.9664463788459045
2020-06-22,0.8796007087615109,0.9150846402527715,0.9612233339623546
2020-06-23,0.8841369555214443,0.9182978450301176,0.9627997716715181
2020-06-24,0.880121381962895,0.9158851680412188,0.9609516702243242
2020-06-29,0.8770683940045739,0.9116688465512841,0.9620471263468102
2020-06-30,0.8942512475449385,0.9278029957101901,0.9638374220385338
2020-07-01,0.899815605303037,0.9305669459604258,0.96695418766927
2020-07-02,0.9129849596454345,0.9453420145528958,0.9657721180172397
2020-07-03,0.9252208756643951,0.9574022724357157,0.9663867553923302
2020-07-06,0.9630585426813142,0.9966935045493882,0.966253455335519
2020-07-07,0.9775901070408801,1.00937709005915,0.9685083173262757
2020-07-08,0.9961841177760472,1.0339611554909798,0.9634637747130896
2020-07-09,1.0167146235602218,1.059010334119836,0.9600610974256762
2020-07-10,1.0040482943336844,1.0562717726322362,0.950558672822989
2020-07-13,1.0339112898533878,1.0915649819423323,0.9471825378766223
2020-07-14,1.0215147033429923,1.0770429819838776,0.9484437672685968
2020-07-15,0.992698898840742,1.0503231334289636,0.9451366605626431
2020-07-16,0.9468656564271317,0.9998798314871106,0.9469794535398004
2020-07-17,0.9481200028084485,1.0037701195706454,0.9445589028033622
2020-07-20,0.9787800115015622,1.032602149378393,0.9478771781472364
2020-07-21,0.9825110151923381,1.038375151950997,0.9462004299181311
2020-07-22,0.9928634904231647,1.0474515973663858,0.9478848406165283
2020-07-23,0.993378126812996,1.0473566687084366,0.948462120394951
2020-07-24,0.9391981367165051,0.9941811338561803,0.9446951915830368
2020-07-27,0.9401195705958646,0.9965163043878829,0.9434061103228408
2020-07-28,0.9490810299536632,1.0061543551890844,0.9432757757882034
2020-07-29,0.9770192882132135,1.033146332563453,0.9456736741145115
2020-07-30,0.9751454478083225,1.0301672851423815,0.9465894150128691
2020-07-31,0.988141275690632,1.0409619020397272,0.9492578678954581
2020-08-03,1.013424144357458,1.066297430173268,0.9504141299419449
2020-08-04,1.0053408552422292,1.0596368632623008,0.9487597969620359
2020-08-05,1.014018652590212,1.071523048045289,0.9463339630818219
2020-08-06,1.0121771314721855,1.0711212206202285,0.9449697307706109
2020-08-07,1.001128317726185,1.0582398856865345,0.9460315484864773
2020-08-10,1.0026893676612827,1.0640018690894313,0.9423755698092715
2020-08-11,0.9801538840395942,1.0443127719845617,0.9385635322423157
2020-08-12,0.9671280865420452,1.0328505274198976,0.9363679069400006
2020-08-13,0.972000283431549,1.036688697808872,0.9376009263783357
2020-08-14,0.9863180420219863,1.047905691393705,0.9412278701437266
2020-08-17,1.0087582184278987,1.0670473293441423,0.9453734531606289
2020-08-18,1.0173633618184559,1.074143004550839,0.947139587101695
2020-08-19,0.9956334955104708,1.054662750493458,0.9440302078030456
2020-08-20,0.9823131809111315,1.0431958153362835,0.9416383448532853
2020-08-21,0.9925920482459648,1.0511299897946074,0.9443095125084567
2020-08-24,1.0023057630997605,1.0582525428409275,0.9471328652884922
2020-08-25,0.9898249301141343,1.0524921229688675,0.9404582785114233
2020-08-26,0.966445627151333,1.0324518270565104,0.936068494262479
2020-08-27,0.9732500141022421,1.0408226733414012,0.9350776448573824
2020-08-28,0.9896905605042566,1.058608506694775,0.9348976077986597
2020-08-31,0.9891272447524002,1.0550044936620755,0.9375573760060436
2020-09-01,0.9956590588160629,1.0616540414033355,0.9378375817229142
2020-09-02,0.9976010132025674,1.0627773266288105,0.9386735943709055
2020-09-03,0.9862098646071994,1.054026765712123,0.9356592229808273
2020-09-04,0.979015732873091,1.047117820759651,0.9349623446985611
2020-09-07,0.9574348999137946,1.0250049530423264,0.9340783154969383
2020-09-08,0.9636466216886012,1.0323284570281015,0.9334690089458314
2020-09-09,0.933926833304318,1.0045026709946163,0.9297405176430072
2020-09-10,0.9252129015184086,0.9865222152789842,0.9378530834774587
2020-09-11,0.9427140385276177,0.9986093510014272,0.9440268485191367
2020-09-14,0.9520942319607403,1.0048222269161207,0.9475250511553603
2020-09-15,0.9552094012739164,1.0106189802666743,0.9451726317487755
2020-09-16,0.948927224805555,1.0052335844339009,0.9439867902343764
2020-09-17,0.9534645511845549,1.0073187389394125,0.9465370933022057
2020-09-18,0.9703362345247418,1.0235272674938412,0.948031640525474
2020-09-21,0.9673864383186755,1.0198077765407656,0.9485968440053423
2020-09-22,0.9512179496030083,1.005994577228332,0.9455497784329596
2020-09-23,0.9550300315677773,1.011275588764286,0.9443815733105582
2020-09-24,0.9304729307751586,0.9879571643179303,0.9418150547220759
2020-09-25,0.9270380009573582,0.9867310583264727,0.9395042277575049
2020-09-28,0.9164207470552587,0.977488506373135,0.9375258543504909
2020-09-29,0.9235316389205255,0.9854464316094086,0.9371708185215453
2020-09-30,0.9173274606717398,0.9797081989844615,0.9363272264360104
2020-10-09,0.9463605995783012,1.0058869914159894,0.9408219886073954
2020-10-12,0.9745784789670526,1.034872396153443,0.9417378244791347
2020-10-13,0.974259098447898,1.0364893104002542,0.9399605849014254
2020-10-14,0.9710399293760257,1.029681622682928,0.9430487132963429
2020-10-15,0.9612293754438473,1.0220353612601254,0.9405050078293701
2020-10-16,0.9547535190158526,1.0170739056456761,0.938725803224437
2020-10-19,0.9408660207182468,1.005942385079922,0.935308060057033
2020-10-20,0.952962475517,1.016192744338359,0.9377772876517357
2020-10-21,0.9389946346021171,1.004627679007712,0.9346692851719736
2020-10-22,0.9320443752214728,0.9994273009906279,0.932578461982812
2020-10-23,0.9174868334610418,0.9829925816418074,0.9333608926413697
2020-10-26,0.921117629503747,0.9831697818033127,0.9368856188950897
2020-10-27,0.9235079743667669,0.9842708797816749,0.9382660742453479
2020-10-28,0.9284273881637577,0.9881723359426156,0.939539951073547
2020-10-29,0.9282841826040966,0.9896262707131515,0.9380148951938694
2020-10-30,0.9050390896837183,0.9668900753688847,0.936031005736025
2020-11-02,0.9121414925575247,0.9718958310237104,0.9385177541061724
2020-11-03,0.9309614565404177,0.9875031447444603,0.9427427765623226
2020-11-04,0.9289527635443771,0.9862991515462661,0.9418570036160079
2020-11-05,0.9499790319652494,1.0049393428211832,0.9453098226788068
2020-11-06,0.9395671425545132,0.9969133667665836,0.9424762209798945
2020-11-09,0.9578189046894546,1.015961714043758,0.9427706688642018
2020-11-10,0.952128591746161,1.0082791191424618,0.9443105323414248
2020-11-11,0.93875611135712,0.9958628974057946,0.9426559758402118
2020-11-12,0.9426561785232233,0.9991662657947302,0.9434427590221341
2020-11-13,0.9441715898886012,0.9978183533057001,0.9462359424043754
2020-11-16,0.9548273217586282,1.010538346747805,0.9448699545460392
2020-11-17,0.9488081540445225,1.0025598722491047,0.9463855279944552
2020-11-18,0.9479328792788944,1.0032037491384735,0.9449056386531206
2020-11-19,0.9515552296690022,1.0063030395262806,0.9455951063378969
2020-11-20,0.964986824765795,1.0161737586067696,0.9496277743767417
2020-11-23,0.9729722312820926,1.0240746521944244,0.9500989299922348
2020-11-24,0.972698568434994,1.024432254032958,0.9495001398147118
2020-11-25,0.9519903356578946,1.0046845617486329,0.9475514722760097
2020-11-26,0.949960553488015,1.0021421861541282,0.94792991115725
2020-11-27,0.9525394690670421,1.004880747641728,0.9479129451952171
2020-11-30,0.9463470884655025,1.0000285158243074,0.9463201033676963
2020-12-01,0.9630210432830426,1.0167480211469757,0.9471580207224553
2020-12-02,0.964686556236133,1.0180706193272195,0.9475634969935928
2020-12-03,0.9607953949486883,1.019004047236796,0.9428769174705924
2020-12-04,0.9642221050840467,1.0227773683229675,0.9427487691334694
2020-12-07,0.9548778888936552,1.0164411223798646,0.9394325631551909
2020-12-08,0.9560683567840664,1.0162781429035894,0.9407546186642382
2020-12-09,0.9380839975954999,0.9978578882997171,0.9400977920753145
2020-12-10,0.9360806753712608,0.9998956157031785,0.9361783976950037
2020-12-11,0.9197644368230139,0.9823866762156191,0.9362549992698999
2020-12-14,0.928013362543789,0.9902322505931905,0.9371673786506853
2020-12-15,0.930251788913063,0.9912700627995863,0.9384443491472012
2020-12-16,0.9210740198951859,0.9865016660165584,0.9336771052951528
2020-12-17,0.936961619886662,0.998123688541975,0.9387229565259028
2020-12-18,0.9361200264175427,0.995437319202785,0.9404108208111509
2020-12-21,0.9499670905833623,1.0123150389553688,0.9384105283703531
2020-12-22,0.9257797034466976,0.9888146493011482,0.9362520105269466
2020-12-23,0.9292326279238697,0.9979179725561602,0.9311713522341386
2020-12-24,0.9140491865401468,0.9817206120791374,0.931068549741792
2020-12-25,0.9251352727156177,0.9933141187802444,0.9313622500922991
2020-12-28,0.9177322566981312,0.9879318500091447,0.9289428786911124
2020-12-29,0.9145845058595253,0.9808710192039539,0.9324207647625018
2020-12-30,0.9245059416159876,0.9918507283708384,0.9321018931291528
2020-12-31,0.9375973472893464,1.007333034078493,0.9307719647525105
2021-01-04,0.9485368765621662,1.0256346092464663,0.9248292403656856
2021-01-05,0.9541711392065279,1.034643003843529,0.9222225788624082
2021-01-06,0.9467363205674187,1.0328093544411963,0.9166612565003853
2021-01-07,0.9405366428500228,1.0343882972248275,0.909268449163046
2021-01-08,0.94803907594217,1.0374702398657307,0.9137988151494978
2021-01-11,0.9367249660670095,1.0213012463053186,0.917187724440488
2021-01-12,0.9475544842965752,1.0351967171213081,0.9153376055244361
2021-01-13,0.9357324590354227,1.0278685225430226,0.9103620147062695
2021-01-14,0.9251146427887122,1.0188474707915667,0.9080011182340855
2021-01-15,0.929213509216298,1.0153051799999964,0.915206114890797
2021-01-18,0.941913314243015,1.0306450554938023,0.9139065958956413
2021-01-19,0.9380535279850942,1.0246189098333336,0.915514557639464
2021-01-20,0.9492125498721273,1.0339611554909804,0.9180350198179255
2021-01-21,0.9623475419599824,1.047737946871071,0.9185002269259259
2021-01-22,0.958484310806054,1.0501601539526892,0.9127029883950774
2021-01-25,0.9589133662200218,1.0513467249501303,0.9120809942747546
2021-01-26,0.9410672739950481,1.033571985220313,0.9104999820544218
2021-01-27,0.9450790304776319,1.0374006255165678,0.9110068060803753
2021-01-28,0.9270683921781588,1.01481155097866,0.9135374851460021
2021-01-29,0.9110192898629993,1.0040153705504773,0.907375839638301
2021-02-01,0.9159546022304257,1.0114733381882182,0.9055647515841707
2021-02-02,0.9264468569406109,1.021204754116532,0.9072096983548628
2021-02-03,0.9130841086869245,1.0124305168757441,0.9018733567065991
2021-02-04,0.8944503928398436,1.0012704804856807,0.8933154529892637
2021-02-05,0.8774808383405572,0.9872025001006962,0.888855972559888
2021-02-08,0.885034272425391,1.0003797146317945,0.8846983395211505
2021-02-09,0.9048037379484317,1.0216936180915086,0.8855920423958178
2021-02-10,0.9099234756432273,1.032339476197809,0.8814188516693656
2021-02-18,0.9341034811300609,1.046478634462793,0.892615912420974
2021-02-19,0.9541145471756088,1.060549741909451,0.8996414873080706
2021-02-22,0.95501477250959,1.053205688661249,0.9067694779768314
2021-02-23,0.9485448955629113,1.0491191402307698,0.9041345822308269
2021-02-24,0.9404868089622853,1.0340829619885523,0.9094887388471418
2021-02-25,0.9365745223434572,1.0282229228660327,0.9108671879565591
2021-02-26,0.912927499414914,1.0068963622519256,0.9066747419497574
2021-03-01,0.9344212856267815,1.0265285021620254,0.9102731036291227
2021-03-02,0.9201413609684076,1.0178095841313208,0.9040407708026535
2021-03-03,0.9403350583612267,1.032273063364169,0.9109363517601465
2021-03-04,0.9189092513067982,1.0128513300323942,0.9072498836304125
2021-03-05,0.9098277457290728,1.013090252435029,0.8980717596899606
2021-03-08,0.8841551998587737,0.9898193295445727,0.8932490743190312
2021-03-09,0.8612056725975712,0.9663394891527788,0.891204056405289
2021-03-10,0.8603056004939431,0.9591030217169195,0.8969897717076147
2021-03-11,0.8891776865714676,0.983082745253397,0.9044789880248334
2021-03-12,0.8895005396895063,0.9844354227887869,0.9035641334092371
2021-03-15,0.8773461804113222,0.9767607199955243,0.8982201704582699
2021-03-16,0.8854415025417577,0.9801416692955054,0.9033811440525581
2021-03-17,0.8920748627700875,0.9849069390168597,0.9057453323057733
2021-03-18,0.8999644703990881,0.9925800038254362,0.9066921224793923
2021-03-19,0.8888879890341929,0.9819389107654954,0.9052375654828034
2021-03-22,0.9035622349887369,0.9976158388354082,0.9057216213041814
2021-03-23,0.8815962033418272,0.9839275730822208,0.8959970504537915
2021-03-24,0.8658560820443085,0.9718040294274347,0.8909780735879966
2021-03-25,0.8704546079281686,0.9741566221598902,0.8935468775012847
2021-03-26,0.8862753860842145,0.9890883416514389,0.8960528081894465
2021-03-29,0.8944052451383854,0.9895867357191348,0.9038169296887545
2021-03-30,0.9038355295985009,0.993608434846811,0.9096496143753542
2021-03-31,0.8990772200211778,0.9894490705516459,0.90866447478688
2021-04-01,0.9084267462880805,0.9985603603685409,0.9097364389197319
2021-04-02,0.9079212994469507,1.0009255358015403,0.9070817628005544
2021-04-06,0.9139129673966286,1.0035343986835341,0.910694210976252
2021-04-07,0.9134637514605718,1.0043222693175882,0.909532507012164
2021-04-08,0.9119634419965721,1.0056940070384175,0.9068001157550252
2021-04-09,0.9110558089753826,1.0022908704913236,0.9089734684790479
2021-04-12,0.8963710933334444,0.9850746090856454,0.9099524899595816
2021-04-13,0.8913308975250174,0.9824419954257019,0.9072605829912582
2021-04-14,0.9027850412932112,0.9931100407791152,0.9090483473361701
2021-04-15,0.8974586397045227,0.9929913613432164,0.9037929982497864
2021-04-16,0.9069803681328505,1.0029791218749182,0.9042863887708724
2021-04-19,0.9211674041923051,1.0165328495222905,0.9061855744506423
2021-04-20,0.9203784284590232,1.0170517928524132,0.9049474519657835
2021-04-21,0.9178441764729495,1.0157417773727133,0.9036195979326727
2021-04-22,0.924895952521681,1.0197302700835698,0.9070005859940621
2021-04-23,0.9234072365381286,1.0224657045094958,0.9031180532173564
2021-04-26,0.9171977282372963,1.0192841426181327,0.8998449891326502
2021-04-27,0.9153698363199999,1.0198584051583388,0.8975460041218992
2021-04-28,0.9244708681193683,1.026734143693991,0.9003994595848355
2021-04-29,0.921631057612171,1.0270806519089681,0.8973307557680064
2021-04-30,0.9192962393541404,1.0260965953818189,0.8959158850069694
2021-05-06,0.9276228952297173,1.026672495906711,0.9035236640000591
2021-05-07,0.9222315363325534,1.0195672906072946,0.9045322901475545
2021-05-10,0.9236580439985174,1.0245588255768903,0.901517824980367
2021-05-11,0.9269547786338225,1.0214025035404644,0.9075313360019582
2021-05-12,0.9410752262414491,1.030263777331168,0.9134313434557934
2021-05-13,0.9309670291292534,1.0187113691549143,0.9138673203397638
2021-05-14,0.9452570554635891,1.0324391699021183,0.9155571417860923
2021-05-17,0.9506318936533014,1.0407198525754193,0.9134368786189851
2021-05-18,0.9552782278569575,1.044114948106781,0.9149167240533191
2021-05-19,0.9502917321134242,1.041708599695079,0.9122433398280347
2021-05-20,0.9372124769210121,1.0360637321972443,0.9045895998438317
2021-05-21,0.9391054911765678,1.0327650544008193,0.9093118392947658
2021-05-24,0.9437625809888661,1.0353375838043197,0.9115505857722621
2021-05-25,0.9542179716609919,1.047290255874797,0.9111303827265516
2021-05-26,0.9579154882715295,1.04864136987935,0.9134824505176076
2021-05-27,0.9662651924348903,1.057690863001266,0.9135610661257397
2021-05-28,0.9631648112590165,1.0549633951372226,0.9129841051345051
2021-05-31,0.9726541186857873,1.0645856617223572,0.913645706172825
2021-06-01,0.9795227419527266,1.0662895380652349,0.9186273586910125
2021-06-02,0.9703377507938181,1.0570612067971272,0.9179579617096352
2021-06-03,0.9687584929660541,1.0548937807880598,0.9183469564512379
2021-06-04,0.9747337625041104,1.058901184776657,0.9205143752008369
2021-06-07,0.9842924876692315,1.063400654255753,0.9256083149188137
2021-06-08,0.9827540780779103,1.0575563993493002,0.9292687167158037
2021-06-09,0.9842692949365808,1.0588758704678705,0.9295417172002188
2021-06-10,0.9938696781275719,1.070383978603748,0.9285169602631904
2021-06-11,0.9893171844361432,1.0640999248090548,0.9297220696765571
2021-06-15,0.9832730931781957,1.054249829444842,0.932675600901902
2021-06-16,0.9645222916037304,1.0388450301943837,0.92845637565716
2021-06-17,0.9752898788946819,1.0467364681431681,0.931743479449773
2021-06-18,0.9882044633849214,1.0533164015352654,0.9381838751818163
2021-06-21,1.003672081054819,1.0611350980732135,0.9458475955392158
2021-06-22,1.0052609017808671,1.0662943031115948,0.9427612047137233
2021-06-23,1.0140886858530513,1.0742300411007557,0.9440144541237387
2021-06-24,1.0069042608077274,1.0686801022608703,0.9421942625090038
2021-06-25,1.014469739757347,1.077941639945798,0.9411174985394919
2021-06-28,1.0149856006079567,1.0803321296875839,0.9395125561076071
2021-06-29,1.0046410736446392,1.0703492086560913,0.9386105632815351
2021-06-30,1.0109557804415754,1.0771141598638778,0.9385781174479563
2021-07-01,0.9977066670753559,1.0626364599457994,0.9388974542867132
2021-07-02,0.9908611862272542,1.0533622651064787,0.9406651624520586
2021-07-05,1.0000640096004736,1.0617410034994028,0.9419095676858599
2021-07-06,0.9991003311774603,1.0615021555506174,0.9412136621231934
2021-07-07,1.0059398248160782,1.0701450562011134,0.94000324440786
2021-07-08,1.0009541688351102,1.0676960457337212,0.9374898154158228
2021-07-09,1.0112897908276788,1.0765383337928354,0.9393904137762801
2021-07-12,1.0236073779541066,1.0923338668447977,0.9370828910677216
2021-07-13,1.0327349048964183,1.1014260964762534,0.9376343162745135
2021-07-14,1.0229918215050546,1.0914431754447609,0.9372836300783021
2021-07-15,1.0330783032002895,1.096768487021091,0.9419292361382583
2021-07-16,1.0347357146683125,1.0956151224404698,0.9444335820807683
2021-07-19,1.0279184384306537,1.0899543962727187,0.9430838959371076
2021-07-20,1.030707977017782,1.0918196885610347,0.9440276520166119
2021-07-21,1.0469717301807582,1.1050158888237227,0.9474721049443444
2021-07-22,1.0557861178135144,1.1116622350494598,0.9497364258007205
2021-07-23,1.050119573421301,1.1052073096704582,0.9501561962473964
2021-07-26,1.026170105767155,1.0866114928897668,0.9443762673981368
2021-07-27,1.0010380095128242,1.0630462539327432,0.9416692884335753
2021-07-28,0.9883889807246033,1.047655675367515,0.9434292238982802
2021-07-29,1.0135725629269836,1.0693160870422063,0.9478699284610852
2021-07-30,1.0139479342004134,1.0706497788460065,0.9470397829748689
2021-08-02,1.0311157625491016,1.0872110697387596,0.9484044002576825
2021-08-03,1.026340846824728,1.0783529230097295,0.9517671116058798
2021-08-04,1.0464109679555818,1.0965991789676195,0.9542328573879776
2021-08-05,1.0400149711040236,1.0935125457342056,0.951077310599795
2021-08-06,1.0385547666873978,1.0977905150114202,0.9460409363043129
2021-08-09,1.0513198247306506,1.1042232531433092,0.9520899163624182
2021-08-10,1.0596208744986544,1.1105041798763287,0.9541799965279366
2021-08-11,1.0632755938380725,1.1190933248475778,0.9501223626571914
2021-08-12,1.061591809691366,1.1225232647804457,0.9457192051150963
2021-08-13,1.0610057083574993,1.1215249875680664,0.9460384031729885
2021-08-16,1.0648878416780592,1.1157662056806927,0.9544005153197893
2021-08-17,1.0343251010710768,1.0907549240611667,0.9482653511386527
2021-08-18,1.0384032776950578,1.0981290566645148,0.9456113299188443
2021-08-19,1.0425594498681878,1.0990862353520408,0.9485692899558994
2021-08-20,1.0364023360046453,1.0948082660748262,0.9466519098548813
2021-08-23,1.0576378682028682,1.1113474441743156,0.9516716610516422
2021-08-24,1.06413499580498,1.1218239942271442,0.9485757135530803
2021-08-25,1.0762441009916308,1.1316677610141606,0.9510247954992894
2021-08-26,1.0661180272916946,1.1262633049959478,0.9465974986155927
2021-08-27,1.0722976120260843,1.1359568239149316,0.9439598314402005
2021-08-30,1.0766146859642958,1.1433561963732166,0.9416266683815347
2021-08-31,1.0729327440243421,1.1478588673678358,0.9347253173072511
2021-09-01,1.0712476341546426,1.1380118990652965,0.9413325423350225
2021-09-02,1.0818173488802836,1.1560335277596314,0.9358010151979094
2021-09-03,1.0756661633695481,1.1515514060274388,0.9341017324448627
2021-09-06,1.0905709345791588,1.1636892448213043,0.937166807575528
2021-09-07,1.113800372009061,1.1863969243412615,0.9388092207230652
2021-09-08,1.1160511389270868,1.1935336980728117,0.9350813812204588
2021-09-09,1.1226191726892254,1.2051478284901946,0.9315198900500357
2021-09-10,1.1282875033792434,1.2036005285925464,0.937426892541023
2021-09-13,1.1352885007115547,1.2100997540119243,0.9381776146533848
2021-09-14,1.1260312115073456,1.195523998374223,0.941872528731017
2021-09-15,1.132291417950901,1.2011705038567437,0.9426566955443175
2021-09-16,1.1105732561214126,1.1781716353318927,0.9426243365709296
2021-09-17,1.1057544901968794,1.1700429129651597,0.9450546453844513
2021-09-22,1.1168856646989769,1.179228507723728,0.9471325170512611
2021-09-23,1.121040017292343,1.1870155613756928,0.9444189729013431
2021-09-24,1.0938028167160703,1.167641255145968,0.9367627358964229
2021-09-27,1.0449184908383804,1.134450622542136,0.9210788641438379
2021-09-28,1.0531811157428057,1.1389295427588055,0.9247113857383196
2021-09-29,1.0025654566230142,1.109078686476252,0.9039624229082879
2021-09-30,1.0269219803942709,1.1238538295225715,0.9137504837533199
2021-10-08,1.0138293175517687,1.121912594307896,0.9036615888755546
2021-10-11,1.001498810236617,1.1217749291404073,0.8927805250595541
2021-10-12,0.9686975800051956,1.0998978567640438,0.8807159447106786
2021-10-13,0.9647192239852712,1.1045492120958589,0.8734053796976025
2021-10-14,0.9692211365805796,1.1087796798171743,0.8741332062835004
2021-10-15,0.9776410259026,1.1112841584023487,0.879739910364706
2021-10-18,0.9953345162240509,1.1182358398643604,0.8900935569591321
2021-10-19,1.0073383551768207,1.126506992444942,0.8942140279045399
2021-10-20,1.0069463409063273,1.1262569764187509,0.8940644648508148
2021-10-21,1.0022672068707754,1.123005800178225,0.8924862246586011
2021-10-22,0.9932788864906488,1.1115862921231003,0.8935688515855232
2021-10-25,1.0051016592426307,1.1239139137790148,0.8942870507431541
2021-10-26,1.0018772748014304,1.1236670992683466,0.8916139624037963
2021-10-27,0.9899174998190152,1.115150770161783,0.8876983510269204
2021-10-28,0.970340297643668,1.099595648589443,0.8824519257496306
2021-10-29,0.9777890756247957,1.1110214852217641,0.8800811583131763
2021-11-01,0.9843442811113225,1.1170745831757054,0.8811804475158257
2021-11-02,0.9669163577601486,1.105104488904475,0.8749546920388346
2021-11-03,0.9748805330905698,1.1102858067361199,0.8780446684772115
2021-11-04,0.9815538697824855,1.1191455169959867,0.8770565175627696
2021-11-05,0.9523580705122513,1.1061819105587367,0.8609416420769452
2021-11-08,0.9605580297611029,1.1117287223369485,0.8640219600892636
2021-11-09,0.9695189846660328,1.1203953737653938,0.8653364761831355
2021-11-10,0.9645798497213652,1.11732296121721,0.8632954689041326
2021-11-11,0.9731065948739821,1.1264247209413851,0.863889594025182
2021-11-12,0.9808951119625313,1.1322388964926917,0.8663322864114859
2021-11-15,0.9770366969006408,1.1229994716010276,0.8700241822088376
2021-11-16,0.9686555964798006,1.1147298825512828,0.868959926204578
2021-11-17,0.9783017488609645,1.123999386798093,0.8703756962428837
2021-11-18,0.9754235332911437,1.1208589234315833,0.8702464805337147
2021-11-19,0.9900958347216823,1.1343383461372825,0.8728399582833609
2021-11-22,1.0066999082296222,1.1478161308582953,0.8770567699522123
2021-11-23,1.007862003021191,1.1488144080706746,0.877306200149248
2021-11-24,1.0109314416586466,1.1479806738654073,0.8806171259440307
2021-11-25,1.005229247350374,1.1444098672495275,0.8783821916586056
2021-11-26,1.0022913464524503,1.1422455683021338,0.8774744890823124
2021-11-29,1.0039305811730663,1.1425683257391612,0.8786613094001131
2021-11-30,1.0022639677928542,1.147450636911728,0.8734702265627459
2021-12-01,1.0044286486275549,1.1506275082105808,0.8729398884175907
2021-12-02,0.9932842050153997,1.1438482618637147,0.8683706031051747
2021-12-03,1.0002946286262937,1.1552282349248228,0.8658848514825198
2021-12-06,0.9875189789410995,1.1455047111045422,0.862081988286974
2021-12-07,0.9810429599488348,1.1401841645745718,0.860425000126961
2021-12-08,1.0002516184446202,1.1553974685244452,0.865720797988279
2021-12-09,1.0043153935838829,1.158139231527568,0.8671801854593996
2021-12-10,1.0056507390332687,1.1559765705648604,0.8699577176913404
2021-12-13,1.0165707297595308,1.1633142952358655,0.8738573349633068
2021-12-14,1.0121070114610946,1.1587420098920835,0.8734532819392253
2021-12-15,1.0176807563121126,1.1571804893092053,0.8794485957152899
2021-12-16,1.0269040938222913,1.1677393853194393,0.8793949289818447
2021-12-17,1.0172506443644032,1.1572279908651046,0.8790408220284586
2021-12-20,1.0028199818239556,1.138465993092615,0.8808519427970084
2021-12-21,1.0164964929178895,1.1510435563208714,0.8831086255041118
2021-12-22,1.0273612707701028,1.1553136334900527,0.8892488074139466
2021-12-23,1.038572630966405,1.1608082531198547,0.8946978350430208
2021-12-24,1.02386653220099,1.151564063181831,0.889109485903888
2021-12-27,1.0182668692954007,1.150613287525351,0.8849774988131845
2021-12-28,1.01815152015466,1.1527143007007785,0.883264412990875
2021-12-29,1.0084732425064833,1.1466612027468375,0.8794866697248293
2021-12-30,1.021115881934665,1.1566584189174094,0.8828154148485711
2021-12-31,1.0244558500536545,1.1643220280871156,0.8798732870636746
2022-01-04,1.023931011358403,1.163540486030258,0.8800132214151211
2022-01-05,0.998234226988053,1.142690132236734,0.8735826089913642
2022-01-06,1.0025089194761414,1.1438434968173552,0.8764388854467723
2022-01-07,0.9864645267684319,1.1352559153769428,0.8689358173843056
2022-01-10,0.9858544594870452,1.1377508638693976,0.8664941427811663
2022-01-11,0.9724671685015351,1.128854820131037,0.8614634505335694
2022-01-12,0.9845246228123117,1.1386178789453343,0.8646664003943497
2022-01-13,0.9633160416337826,1.1229282937210283,0.8578606906783501
2022-01-14,0.9697096014544309,1.1202988815766077,0.8655811564229619
2022-01-17,0.9842746490026393,1.1324366459166237,0.8691653105290863
2022-01-18,0.9837161685456468,1.1332751451682508,0.868029421398455
2022-01-19,0.9806034174542939,1.1262506478415535,0.8706795590605068
2022-01-20,0.9677254593651987,1.1164464905024032,0.8667907218103398
2022-01-21,0.9506299022975297,1.1037629049926412,0.8612627748201663
2022-01-24,0.9506474490595975,1.1041789531029318,0.8609541473219676
2022-01-25,0.9101263537556761,1.0669540386708796,0.8530136451701649
2022-01-26,0.9120215030322796,1.073064019365741,0.8499227320764615
2022-01-27,0.884293131805348,1.0451148633038463,0.8461205201980343
2022-01-28,0.8834121463288858,1.0410979292225297,0.8485389525158307
2022-02-07,0.8917121086587758,1.0562986504718594,0.8441855987039639
2022-02-08,0.8949956333357346,1.0666740177433915,0.8390526238083007
2022-02-09,0.9176864013606122,1.0826277652252694,0.8476472069508242
2022-02-10,0.9121791590720779,1.0822259378002088,0.8428731258522807
2022-02-11,0.8943481061653303,1.0671217087396652,0.8380938170788496
2022-02-14,0.8886168248837737,1.0593188708716332,0.8388567874303969
2022-02-15,0.9006138925380167,1.0695359492594008,0.8420604217760479
2022-02-16,0.9018052353683909,1.07139491297052,0.8417113283355719
2022-02-17,0.9005575135566672,1.0708823726714434,0.8409490496235543
2022-02-18,0.912822287656028,1.081360486255109,0.8441424476468985
2022-02-21,0.9187651919785483,1.0864374197899342,0.8456678454210407
2022-02-22,0.9032460052054245,1.0734089640498814,0.8414742520852012
2022-02-23,0.9183538547566475,1.0896506245672803,0.8427966120988021
2022-02-24,0.8985045251013318,1.0702637356370117,0.8395169295038757
2022-02-25,0.9067738293040645,1.0788940535869636,0.8404660552992608
2022-02-28,0.9100284199960738,1.0842541351109505,0.8393128423743126
2022-03-01,0.9121789993916436,1.0875338271757857,0.8387591968154952
2022-03-02,0.9125113206226093,1.0877236844916842,0.8389183150397655
2022-03-03,0.9124209379447158,1.0852413931536227,0.8407539038787446
2022-03-04,0.9038870123513293,1.076425982934132,0.8397112543562963
2022-03-07,0.8800665757949997,1.0535743096694894,0.8353151436191342
2022-03-08,0.8484511645389742,1.0172654009462605,0.8340509406392321
2022-03-09,0.8362612935763989,0.9976031816810144,0.8382704756086024
2022-03-10,0.8494989002296769,1.0149001510594118,0.8370270704393142
2022-03-11,0.8581494868136121,1.024264509510322,0.8378201908253897
2022-03-14,0.834560683172584,1.000446201919283,0.8341884666777086
2022-03-15,0.785883959105956,0.9437125176055403,0.8327577990593586
2022-03-16,0.8121375225279589,0.9739762949367107,0.8338370520411196
2022-03-17,0.8303760414134153,0.9915769615666964,0.8374297443351417
2022-03-18,0.8429512577949617,1.001813100139903,0.8414256687971475
2022-03-21,0.8460888018114872,1.006040440799545,0.8410087383157907
2022-03-22,0.8476767407323591,1.0059091042092527,0.8426971554241172
2022-03-23,0.8528542050994166,1.0122358945134853,0.842544914403897
2022-03-24,0.8456930576051863,1.0036958146289723,0.8425790416569651
2022-03-25,0.8345045569099515,0.9916908759562358,0.8414966570155062
2022-03-28,0.8362757573208952,0.9940703465283147,0.8412641622813714
2022-03-29,0.8323432412269094,0.9892908561217304,0.8413534160114496
2022-03-30,0.8555560644392776,1.0090353468905326,0.8478950386384179
2022-03-31,0.8490861048739765,1.000664500605642,0.8485222613174304
2022-04-01,0.8512669950157762,1.0069232400915487,0.845413990979471
2022-04-06,0.8485743410224134,1.0057224484088774,0.8437460477937196
2022-04-07,0.8266191628025059,0.9843104892295406,0.8397951376597987
2022-04-08,0.820982799953933,0.9847107531237643,0.83372990225765
2022-04-11,0.7928229475989506,0.9539818625955673,0.8310671079656169
2022-04-12,0.8064804947187484,0.9693312681820927,0.8319967808644422
2022-04-13,0.7870582937158406,0.9562664045096969,0.823053377180375
2022-04-14,0.8018277129613577,0.9692647808946037,0.827253531507968
2022-04-15,0.7978128033065358,0.9604462436134393,0.8306688777343375
2022-04-18,0.7966900776321179,0.9609619854280389,0.8290547281922398
2022-04-19,0.8002678911270544,0.9638714929537968,0.8302640932710055
2022-04-20,0.7743269067922509,0.9424373465273471,0.8216216278413176
2022-04-21,0.7501103482418582,0.9112512349101567,0.8231652474147967
2022-04-22,0.745699116440976,0.9082737510199222,0.8210070098399438
2022-04-25,0.6961037740433851,0.8495371092503747,0.8193918387598417
2022-04-26,0.6789178858807633,0.8280665548915821,0.8198832350736026
2022-04-27,0.7025192989402061,0.860187732403035,0.8167046244401048
2022-04-28,0.6968491168028371,0.8572956470780302,0.8128457425136216
2022-04-29,0.7285066992291885,0.8903834589158794,0.8181943318176753
2022-05-05,0.7364939809286875,0.8996861695795098,0.8186120958966234
2022-05-06,0.7219033117751343,0.8802375584081117,0.8201232779486017
2022-05-09,0.7288770918876403,0.8873173749448924,0.8214389940610685
2022-05-10,0.7446628516139273,0.900222460656536,0.8271987027193718
2022-05-11,0.7546525354439952,0.9077737934213892,0.8313222312793569
2022-05-12,0.7553293547907762,0.9086090911574933,0.8313028805694083
2022-05-13,0.763346406009605,0.9171049454554794,0.832343571793182
2022-05-16,0.760877894841485,0.9161999589163631,0.8304714352327789
2022-05-17,0.7660770515106312,0.9201963437352529,0.8325147744023607
2022-05-18,0.7665308650026097,0.9172140947986587,0.8357164039993018
2022-05-19,0.7751776148725493,0.9236880059092502,0.8392201803134688
2022-05-20,0.7852445099400762,0.9380976550090027,0.8370605189632847
2022-05-23,0.7925014724640198,0.94383112258759,0.8396644839294051
2022-05-24,0.7601535257684967,0.9090173216135998,0.8362365685388101
2022-05-25,0.7733208225813235,0.9246119781799567,0.8363733553436754
2022-05-26,0.7798961548443394,0.9352609633479307,0.8338807941395996
2022-05-27,0.7772450991587418,0.9334194218375644,0.8326858012324492
2022-05-30,0.7859779695290475,0.9402081982771501,0.8359616210210504
2022-05-31,0.8000890258671189,0.953404398539838,0.8391916662986606
2022-06-01,0.8027154725450205,0.952993041022058,0.8423098994344502
2022-06-02,0.8127624288332127,0.9616612559813401,0.8451649931594867
2022-06-06,0.8280365341089583,0.9789075967421647,0.8458781368789965
2022-06-07,0.8305779492163866,0.9787700060285252,0.8485935859299109
2022-06-08,0.8312936314890685,0.9837156029730583,0.8450548400133853
2022-06-09,0.8133823795654727,0.969929281500248,0.838599674305497
2022-06-10,0.831212326638942,0.9872389080330386,0.841956612401995
2022-06-13,0.8308354354126752,0.986213752981036,0.8424496544499633
2022-06-14,0.8363527036017956,0.9928505691140533,0.8423752069237318
2022-06-15,0.8381479290410245,0.9905549335763674,0.8461397754235778
2022-06-16,0.838643014978606,0.9911498198328494,0.8461314305843666
2022-06-17,0.8407689595249503,0.9992960388541847,0.8413612451511315
2022-06-20,0.8378533287090651,1.0015235491196952,0.8365787598759005
2022-06-21,0.8325672508349065,0.9930768343622945,0.8383714351463455
2022-06-22,0.8200066655188715,0.9776625050191168,0.8387420621217722
2022-06-23,0.8399238756665763,0.9967899967381736,0.842628716595356
2022-06-24,0.8502817080295969,1.0075181263480302,0.843936883906624
2022-06-27,0.8617124670365658,1.0137610071640206,0.850015399040837
2022-06-28,0.8727331062093681,1.0285709946118462,0.8484908779084452
2022-06-29,0.8598777222917473,1.0084705399891967,0.8526552717156802
2022-06-30,0.8709605026367145,1.0210924032578292,0.852969329570846
2022-07-01,0.8680467901464837,1.0186338626977174,0.8521676157982577
2022-07-04,0.877389682431082,1.032016718760781,0.850170027753648
2022-07-05,0.8735430036267058,1.0301815058276114,0.8479505783060357
2022-07-06,0.8686941692569538,1.0154712865379443,0.8554591161495082
2022-07-07,0.8733646424386556,1.0209199681426837,0.8554682734118041
2022-07-08,0.8690310232432605,1.0132389367722243,0.8576763009242886
2022-07-11,0.8600574849344098,0.9997437298504585,0.8602779484929174
2022-07-12,0.8480938284423476,0.9874572067193972,0.8588664123075745
2022-07-13,0.8531438638531647,0.9917304854041015,0.8602577781054429
2022-07-14,0.85880653800893,0.9971000970208079,0.8613042367310171
2022-07-15,0.8473048115310818,0.9803884838061729,0.8642541457051608
2022-07-18,0.8644891918263418,0.9986710732425566,0.8656395634044516
2022-07-19,0.868270408339505,1.0023652498868456,0.8662215778505108
2022-07-20,0.8774923749424647,1.0142308854074071,0.8651800961375615
2022-07-21,0.8732569292795866,1.0042463263912285,0.8695644747017858
2022-07-22,0.8646063720415781,0.9950591681018236,0.8688994582009656
2022-07-25,0.8562459948143846,0.9858371654109126,0.8685470834906976
2022-07-26,0.8661912043588035,0.9979749297509287,0.8679488617765023
2022-07-27,0.8709542726985131,1.00181466367074,0.8693766464819527
2022-07-28,0.877358542644395,1.0043365644566673,0.873570248952386
2022-07-29,0.8681635438631025,0.9957837529639115,0.8718394342938891
2022-08-01,0.8759029635383465,1.0041862421347854,0.8722515075254136
2022-08-02,0.8502907471443039,0.9761484859921381,0.8710670142361436
2022-08-03,0.8467674503036766,0.9689199106643123,0.873929249449642
2022-08-04,0.8521922092196577,0.9743654652073782,0.8746124936173534
2022-08-05,0.8646346805437662,0.992050041325606,0.8715635749466996
2022-08-08,0.8749043800078817,1.000365493946564,0.8745847245852885
2022-08-09,0.8753792022683781,1.0032781285339956,0.8725189729267743
2022-08-10,0.8718180116272378,1.0002057159858118,0.8716387016124639
2022-08-11,0.8860775090150137,1.0187636357571728,0.8697576924763877
2022-08-12,0.8809504458096055,1.015835142499825,0.8672179263671783
2022-08-15,0.8822274444301708,1.0193094569269188,0.8655148232313749
2022-08-16,0.8861417276142982,1.022850109733803,0.8663456347919021
2022-08-17,0.8917677221993371,1.0273290299504725,0.8680448972052598
2022-08-18,0.8909225554788842,1.0234228831970213,0.8705321818638394
2022-08-19,0.8753898360635681,1.0112265236775495,0.8656713560874757
2022-08-22,0.8826431984586098,1.024035117200407,0.8619266894592968
2022-08-23,0.8833130169837488,1.0230416050343873,0.8634184696272036
2022-08-24,0.8526304622041905,0.994276062514129,0.8575389616121571
2022-08-25,0.8537725723198154,1.0003069732209575,0.8535105674318095
2022-08-26,0.8483954427431187,0.9964577092084267,0.8514113894678714
2022-08-29,0.8492471142484374,0.9983609729599224,0.8506413384034884
2022-08-30,0.8468765569838055,0.994489596154128,0.8515690463317375
2022-08-31,0.8189177838277105,0.9738940234331549,0.8408695033786893
2022-09-01,0.8126275844807587,0.9693090809349796,0.8383575481382176
2022-09-02,0.8195750160563482,0.9728941082360893,0.8424092705652035
2022-09-05,0.8240524569627953,0.9781498054632568,0.8424603801587629
2022-09-06,0.842309877163792,0.9953819255388512,0.8462177738537965
2022-09-07,0.8455240298379244,0.9969624318533195,0.8481001919662347
2022-09-08,0.8391272863807687,0.9923775638089936,0.8455726096426325
2022-09-09,0.8453662186706148,0.9994004231510047,0.8458733847693037
2022-09-13,0.8433226183562902,0.9967820301762913,0.8460451661705215
2022-09-14,0.8379814329974407,0.9887988650850805,0.8474741047820045
2022-09-15,0.8177653438776996,0.9663078462667957,0.8462782818508919
2022-09-16,0.7981377159838637,0.9420545048338762,0.8472309318499666
2022-09-19,0.7913549724322334,0.9355125429049587,0.8459052510134323
2022-09-20,0.7981736961515904,0.9426540816828687,0.8467302180739033
2022-09-21,0.8010914146655449,0.9458641593985413,0.8469412935309285
2022-09-22,0.7991503462597624,0.9438564368963768,0.846686333874628
2022-09-23,0.783751022086406,0.9317867233746867,0.8411270545343957
2022-09-26,0.7750383830433711,0.9186110723744254,0.8437067724864804
2022-09-27,0.7940834799334461,0.9366041852444508,0.8478325128626163
2022-09-28,0.7752471925697221,0.9127890047150855,0.8493169709156442
2022-09-29,0.7731231421342905,0.913162390769686,0.8466436528147427
2022-09-30,0.7659786834077768,0.9040147674742975,0.8473077110762515
2022-10-10,0.7525772535680821,0.891619095000057,0.8440569047795393
2022-10-11,0.7567814470891084,0.8993396613645328,0.8414856806613795
2022-10-12,0.7820265258852164,0.920846549201819,0.8492473871602924
2022-10-13,0.7879186760875957,0.9224112713002203,0.8541945448877208
2022-10-14,0.8107626533465303,0.945050974455701,0.8579036213506752
2022-10-17,0.8184629892163104,0.9517209970055384,0.859982065953671
2022-10-18,0.8239602414296744,0.9548963047735541,0.8628792857514197
2022-10-19,0.8138432090020701,0.9449370600661618,0.8612671080390127
2022-10-20,0.8127473845331453,0.9411621754491536,0.8635572122788249
2022-10-21,0.8126487830213365,0.9424310179501507,0.8622899369217504
2022-10-24,0.802316559142138,0.9329416514861449,0.8599857856748859
2022-10-25,0.7992723537940872,0.9286510250545371,0.8606810655780498
2022-10-26,0.8155726534328646,0.9447598599046566,0.86325921331498
2022-10-27,0.8179099425363853,0.9433992158073838,0.8669817918349637
2022-10-28,0.7919567994059421,0.9147318034605978,0.8657803264408481
2022-10-31,0.7947170973951079,0.9187360803875211,0.8650113066854822
2022-11-01,0.8134816713276687,0.9399423980348925,0.8654590675219979
2022-11-02,0.8241659948388899,0.9489049290607422,0.8685443289399676
2022-11-03,0.8282889120766266,0.9487340574764336,0.8730464618080828
2022-11-04,0.848443128770312,0.970367516857652,0.8743523603488207
2022-11-07,0.8463467799049695,0.9716252657350926,0.8710629599207238
2022-11-08,0.8459004545500741,0.9704940884015842,0.8716183484881218
2022-11-09,0.844796611681138,0.968369324448207,0.8723909260162874
2022-11-10,0.8361140603975505,0.9634442767661006,0.8678385253416555
2022-11-11,0.8387116753614116,0.9711839033160156,0.863597175053777
2022-11-14,0.8424918892926532,0.9697426256998729,0.8687788563327495
2022-11-15,0.8569665939848601,0.9866503503537537,0.868561586865705
2022-11-16,0.8523824849890299,0.981514896093322,0.8684356074286067
2022-11-17,0.8588192778729887,0.9836175472534359,0.8731231770631558
2022-11-18,0.8548384431235678,0.9795736608786466,0.8726637692124192
2022-11-21,0.8534782628925036,0.9792667621115354,0.8715482807281221
2022-11-22,0.8396893062283094,0.9690923457794582,0.8664698569597434
2022-11-23,0.8346478831405608,0.9675419188201364,0.8626477746394363
2022-11-24,0.835220403733575,0.9682490814814715,0.8626090328489073
2022-11-25,0.8264381376042476,0.9631531622150563,0.8580547414739396
2022-11-28,0.8234511374342592,0.9579987222230347,0.8595534819957191
2022-11-29,0.8430702870261596,0.975170758042186,0.8645360620931255
2022-11-30,0.8424267638753574,0.9739573092051217,0.8649524531654158
2022-12-01,0.8478507314226145,0.9786956266330032,0.8663068561361277
2022-12-02,0.8458334970232777,0.9758336206631447,0.8667804419860804
2022-12-05,0.8483370921403797,0.9832868232545258,0.8627564939114271
2022-12-06,0.8459212784730926,0.98267458925114,0.8608356089860204
2022-12-07,0.8495959728044642,0.9815291912324017,0.8655840095165351
2022-12-08,0.8454900098169019,0.9787241424573127,0.863869575848108
2022-12-09,0.8483645662788418,0.9796765560984789,0.8659639357477517
2022-12-12,0.8527420806494967,0.9737452646421103,0.8757342516709573
2022-12-13,0.8443438667267643,0.9685006610384994,0.8718051527413468
2022-12-14,0.839743208502422,0.9645027126887727,0.8706488820144891
2022-12-15,0.8443594497549884,0.9653712912955461,0.8746473583462819
2022-12-16,0.8421815053362903,0.9607800946740236,0.876560109857426
2022-12-19,0.8203432263756597,0.9392035180337254,0.8734456490251375
2022-12-20,0.810965344844735,0.9299562754878773,0.8720467469497781
2022-12-21,0.8037448669845542,0.9248634832831357,0.8690416277777262
2022-12-22,0.7967791740873899,0.9142983331495544,0.8714651937980273
2022-12-23,0.7963615498943832,0.9118128402959699,0.8733826885305632
2022-12-26,0.8062300004938315,0.9244553272808786,0.8721135318298333
2022-12-27,0.8059759238781752,0.931163395747745,0.8655579971879785
2022-12-28,0.8033195744583465,0.9274359382327867,0.8661725746675918
2022-12-29,0.8040567858339315,0.9266923676391089,0.8676631144404368
2022-12-30,0.8031945035199718,0.9278109622720734,0.8656876628759224
2023-01-03,0.8195823591487623,0.9422759305819092,0.8697901883608801
2023-01-04,0.8200369685223052,0.9417301094121633,0.8707770520729978
2023-01-05,0.8284264963462638,0.9509078120626979,0.8711953838608717
2023-01-06,0.8271487638352876,0.9512811981172983,0.8695102620259036
2023-01-09,0.8325089498127839,0.9555844817032995,0.8712039236226008
2023-01-10,0.8313789777836593,0.9568944227291499,0.8688304143444486
2023-01-11,0.8245081668328359,0.9514932426803098,0.8665412741242774
2023-01-12,0.8237742672651189,0.9516720063726519,0.8656073329349867
2023-01-13,0.8284032931787285,0.9583800748395183,0.8643786686794855
2023-01-16,0.8380617507155566,0.9692157902617173,0.8646802488527914
2023-01-17,0.8375778468276842,0.9702378182520465,0.8632706652649772
2023-01-18,0.8376769590113622,0.973215302142281,0.8607313892079519
2023-01-19,0.8425858383913486,0.9815797453961256,0.8583977433757206
2023-01-20,0.8480378299794801,0.9890313844566699,0.8574427902966442
2023-01-30,0.8511710526138158,0.9940783130901983,0.8562414463784648
2023-01-31,0.8504763292221911,0.9949990838453814,0.8547508666393421
2023-02-01,0.8610464499488273,1.0071431767625942,0.8549394662202977
2023-02-02,0.8640754091957329,1.0078123679607496,0.8573772625395933
2023-02-03,0.863664481804539,1.0036277638106472,0.8605426363707941
2023-02-06,0.8589050420333492,0.9970842383508929,0.8614167278924373
2023-02-07,0.8605119050566373,0.9994431596605451,0.8609913397665406
2023-02-08,0.8520318328110905,0.9916972045334334,0.8591653066239593
2023-02-09,0.8652130448398322,1.005347498823441,0.8606109289100453
2023-02-10,0.8636789618150478,1.0021342940460949,0.861839542810139
2023-02-13,0.8749029888520071,1.0099782304389802,0.8662592543917867
2023-02-14,0.8778588081070976,1.012095102284324,0.867367904583026
2023-02-15,0.8781346844651848,1.0100605019425362,0.869388202762475
2023-02-16,0.8637898449056113,0.9950512759937912,0.8680857617542527
2023-02-17,0.8551732793134178,0.9868133298300296,0.8666008590101983
2023-02-20,0.8740316767723819,1.0040042769269213,0.87054577043002
2023-02-21,0.8750766730238149,1.0099133811361771,0.8664868585455638
2023-02-22,0.8734016005814856,1.0085923464867703,0.8659609639353356
2023-02-23,0.8692102998906676,1.0062587394859046,0.8638039758390026
2023-02-24,0.8678545702165493,1.0031768712988507,0.8651062390353014
2023-02-27,0.8604725718971645,0.9978563247688803,0.8623211082982952
2023-02-28,0.8689166151396013,1.0058189405976643,0.863889692336958
2023-03-01,0.8794346068114381,1.0128750808103448,0.8682557439441116
2023-03-02,0.8759501846699635,1.009725161804965,0.8675134757503042
2023-03-03,0.8724982295336974,1.0110050234756691,0.8630008845398135
2023-03-06,0.874069109766846,1.01178023695533,0.8638922543072327
2023-03-07,0.8564117891450149,0.994231762473754,0.8613804361009063
2023-03-08,0.8583235173645527,0.9969561032761238,0.8609441424191026
2023-03-09,0.857165592815127,0.9944927976696522,0.8619123183432625
2023-03-10,0.8447411138067716,0.9816699834615645,0.860514356187245
2023-03-13,0.8532341948581823,0.9880141215127007,0.8635850199710067
2023-03-14,0.8440353830103158,0.9792176970248,0.8619486612372156
2023-03-15,0.8491000262964166,0.9847930246273213,0.8622116577417316
2023-03-16,0.8373091705271983,0.9715335385926671,0.8618427849028228
2023-03-17,0.83943476090186,0.9782336404976508,0.8581127515455504
2023-03-20,0.8361529200769457,0.9746217353569178,0.8579255825550995
2023-03-21,0.8484284845740039,0.9863814230498229,0.860142400037018
2023-03-22,0.8508904324122387,0.9919282348280348,0.8578145096956061
2023-03-23,0.8544341998751447,0.9976269324589655,0.85646665308957
2023-03-24,0.854448007473526,0.9983135458578739,0.8558914291193745
2023-03-27,0.8559977268594097,0.9985508302758225,0.8572400131327953
2023-03-28,0.8528540610297296,0.9935388204976495,0.8584003397094712
2023-03-29,0.8514006044128514,0.9904743000574991,0.8595887892935998
2023-03-30,0.8531941723104766,0.9945292056019953,0.8578874984310112
2023-03-31,0.865456500212622,1.0030155298072618,0.8628545366380588
2023-04-03,0.880454352344946,1.0147213873670713,0.8676808859124255
2023-04-04,0.8771843539083558,1.0139445359027242,0.8651206479725151
2023-04-06,0.8796221892091673,1.015202284780165,0.8664501670222733
2023-04-07,0.8917236532090933,1.0227361953442653,0.8718999652778774
2023-04-10,0.8838547727201604,1.014200880506112,0.8714790035274811
2023-04-11,0.88643847095877,1.0158399075461866,0.8726163092962234
2023-04-12,0.8918104641623064,1.01940907617738,0.8748308063985972
2023-04-13,0.8840557174921344,1.013272143189046,0.8724760898979894
2023-04-14,0.8848645203150094,1.0174520567466376,0.8696866986975439
2023-04-17,0.8788787448815972,1.0219087897161945,0.8600363884977252
2023-04-18,0.8795527563339298,1.0204232120596757,0.8619489893400155
2023-04-19,0.8755162019487565,1.0152212705117547,0.8623895375117826
2023-04-20,0.8825199500777057,1.014397066399207,0.8699945803376345
2023-04-21,0.8583007700850132,0.988890592227508,0.8679431039501174
2023-04-24,0.8537365184782054,0.9822837809957875,0.8691342919382548
2023-04-25,0.8403653040736269,0.9679453097760348,0.8681950267087635
2023-04-26,0.8387018920383728,0.971742381640156,0.8630907819650402
2023-04-27,0.837195538901324,0.9742404571942843,0.8593315261330493
2023-04-28,0.8547459086817287,0.9874192352562193,0.8656362750113289
2023-05-04,0.8502893032540545,0.9907654146085437,0.8582145588822435
2023-05-05,0.8426232356112888,0.9809864971243304,0.8589549785663305
2023-05-08,0.84713726436914,0.9885804919448739,0.8569229023552074
2023-05-09,0.8325272573460625,0.9780437831817526,0.8512167570225756
2023-05-10,0.8326311186288708,0.9767512643566552,0.8524494915062023
2023-05-11,0.8299787971048229,0.9736915089628646,0.8524042671265374
2023-05-12,0.8225249974886982,0.963752813517899,0.8534605408686801
2023-05-15,0.8267078173380564,0.9744698495041992,0.8483667480924908
2023-05-16,0.8128593630258987,0.966787254602903,0.8407841116603999
2023-05-17,0.8164833674920501,0.9685623832796296,0.842984800552931
2023-05-18,0.8245288567653395,0.9695321446676995,0.8504399377577533
2023-05-19,0.8203592179853794,0.9677760761764123,0.8476746203796829
2023-05-22,0.8164354098186771,0.9674976187797611,0.8438629656250642
2023-05-23,0.8041424702970225,0.9575478297112392,0.839793528161953
2023-05-24,0.7974367967106248,0.9501690065153807,0.8392578491221461
2023-05-25,0.7965316326845092,0.9473845070027184,0.8407691141208663
2023-05-26,0.8071103422434244,0.9547870809765265,0.8453301875617515
2023-05-29,0.8091796182813313,0.953233526955531,0.8488786801967784
2023-05-30,0.8189694636287651,0.9589527738488883,0.8540248132780501
2023-05-31,0.8206073375123879,0.9568153527411178,0.8576444087790643
2023-06-01,0.824532454232004,0.9573943803276838,0.8612255003521061
2023-06-02,0.8353539813527929,0.96589969026454,0.8648454800974278
2023-06-05,0.8315293878745889,0.9646166270783129,0.8620309504649257
2023-06-06,0.816485713515321,0.9466298427854841,0.8625184592879404
2023-06-07,0.8192295682733558,0.9471978512023428,0.8648980434588739
2023-06-08,0.8141746428675632,0.9438976098750809,0.8625666961645494
2023-06-09,0.8230621966438885,0.9507685833643731,0.865680893379349
2023-06-12,0.827376352163658,0.9536369179114282,0.8676010089623051
2023-06-13,0.8308182937893298,0.9562204664846355,0.8688564226654516
2023-06-14,0.8314556450307174,0.9562267950618321,0.869517199606348
2023-06-15,0.8452285667680993,0.9645691999762626,0.8762757164430502
2023-06-16,0.8516102749999307,0.9726694809725355,0.8755392162077891
2023-06-19,0.8498589025975852,0.9700384308434288,0.876108487638629
2023-06-20,0.8472095834188917,0.9692046966381614,0.8741286400670273
2023-06-21,0.8285168697919021,0.9478053946132179,0.874142386718536
2023-06-26,0.807202721551901,0.9313801309032675,0.8666737616241209
2023-06-27,0.81711630728252,0.941026148266352,0.8683247631193772
2023-06-28,0.8104185325684955,0.9401259267735955,0.8620318932696166
2023-06-29,0.8139874014464963,0.9398522344233041,0.8660801896650926
2023-06-30,0.8196225255645471,0.9490520498671022,0.863622312052664
2023-07-03,0.8217269709599457,0.9559467741343441,0.8595948992077086
2023-07-04,0.825069387999938,0.9579955951613619,0.8612454923250099
2023-07-05,0.819152655221872,0.9525469135566224,0.859960431936436
2023-07-06,0.8142729863755466,0.9474414641974876,0.8594441104234984
2023-07-07,0.808340743168902,0.9431793535901892,0.8570382081541253
2023-07-10,0.8120301915589859,0.9467659444221359,0.8576884248351511
2023-07-11,0.8186062142311783,0.9538774038448996,0.8581880762994608
2023-07-12,0.8082723409982168,0.9433660093905648,0.856796124677397
2023-07-13,0.8188301570436173,0.9562236680001585,0.8563165548454942
2023-07-14,0.8173167411343316,0.9540814818460281,0.8566529763819817
2023-07-17,0.8145564261926181,0.9512606488548723,0.8562915192310134
2023-07-18,0.8125987321311001,0.9495377123265555,0.8557835266385284
2023-07-19,0.8123397252131241,0.948210349099952,0.856708351669229
2023-07-20,0.8017502421590844,0.9374632337585056,0.8552337982842094
2023-07-21,0.80431808067388,0.9374869845364553,0.8579511971268367
2023-07-24,0.8025657235391291,0.936075786275459,0.8573725923757184
2023-07-25,0.8152868348010514,0.9518839764818144,0.8564981184097359
2023-07-26,0.8120294610951141,0.9494966138017022,0.8552210184761149
2023-07-27,0.8048046111065292,0.9431113027718634,0.8533506159253503
2023-07-28,0.8119402224040099,0.9560938949407032,0.849226448051283
2023-07-31,0.8190593390582466,0.9632133209253497,0.8503405437451635
2023-08-01,0.8174523871785067,0.9648966480058006,0.8471916540159775
2023-08-02,0.8140428496064921,0.9615078065977859,0.8466315551684535
2023-08-03,0.8192851312817958,0.9648665686506542,0.8491175442295084
2023-08-04,0.8215956502018223,0.969592303377992,0.8473619761000994
2023-08-07,0.8111997777535158,0.9636072562423768,0.8418365184554756
2023-08-08,0.8084490855742122,0.9597105651277958,0.8423884397548114
2023-08-09,0.8072227305372638,0.9526940343629814,0.847305327231332
2023-08-10,0.8091661793048605,0.9542697756310897,0.8479427935037893
2023-08-11,0.7937429916155525,0.9355441857909429,0.8484291855702074
2023-08-14,0.797081964258609,0.9360900069606887,0.8515014136798521
2023-08-15,0.7894595986807617,0.9302330948998426,0.8486685788853406
2023-08-16,0.7803574517216014,0.9228669288583774,0.8455796034287785
2023-08-17,0.786222715383579,0.9293756099166256,0.8459687418030167
2023-08-18,0.7705749132240366,0.9140989457409365,0.8429885154275455
2023-08-21,0.7597140490200618,0.9034958241441754,0.8408606091120465
2023-08-22,0.7644075346058886,0.9082864081743162,0.8415930566905339
2023-08-23,0.7449507680506579,0.890636602003745,0.8364250541406847
2023-08-24,0.7486846817561981,0.8943022628237245,0.8371718521568484
2023-08-25,0.738072090393522,0.8829966691581389,0.8358718851082529
2023-08-28,0.7462540989096262,0.8929527868038575,0.8357150679608613
2023-08-29,0.7693952372543498,0.9129155762590183,0.8427890346741679
2023-08-30,0.7725356072332886,0.9136796961151229,0.8455212592750335
2023-08-31,0.7679267716846417,0.9080237349937318,0.8457122232492555
2023-09-01,0.7684218673431787,0.9098273050409185,0.8445799143262905
2023-09-04,0.7788112991011487,0.9223226712194682,0.8444022069536977
2023-09-05,0.7714604416197478,0.9158250093309269,0.8423666462038994
2023-09-06,0.7710884254199195,0.9160892460423481,0.8417175823765476
2023-09-07,0.7613132638926715,0.9022174515504588,0.843824581961207
2023-09-08,0.761582686185911,0.9031540809755583,0.8432477937355646
2023-09-11,0.7693672891434418,0.9136132832814833,0.8421148238782782
2023-09-12,0.7679136690343197,0.9130120684478046,0.8410772382667799
2023-09-13,0.7611670646143941,0.9042267375834602,0.8417878314996612
2023-09-14,0.7585377387987693,0.9021225973463589,0.8408366457397786
2023-09-15,0.7588740523756323,0.9025275518330931,0.8408320065512781
2023-09-18,0.7611849889147371,0.904905458874335,0.8411762592985346
2023-09-19,0.7544787629615328,0.8998760268954091,0.8384252279333412
2023-09-20,0.7472370353380829,0.8940396640969897,0.8357985281255029
2023-09-21,0.7417248720355549,0.8878553040066057,0.835411883770237
2023-09-22,0.7583976652378784,0.9016036540162362,0.8411652524471924
2023-09-25,0.7562843271353297,0.8965156268578545,0.8435818679323936
2023-09-26,0.7540963862923573,0.8933498491825583,0.8441221398116068
2023-09-27,0.7596589105874607,0.8977322772104419,0.8461976135557675
2023-09-28,0.7615432527440991,0.9003300464688793,0.8458489814161972
2023-10-09,0.75656753766545,0.8951581842761047,0.8451774791929876
2023-10-10,0.7507901565069075,0.8907742671712338,0.8428511960624284
2023-10-11,0.7542206065657192,0.8906824655749581,0.8467895526368656
2023-10-12,0.758435585774394,0.8973034974919087,0.8452386376452667
2023-10-13,0.7521211424162838,0.8912504739918169,0.8438942411414521
2023-10-16,0.7415761222866838,0.8829112705929093,0.8399214586859748
2023-10-17,0.7433827354078857,0.8852322204393817,0.839760142303576
2023-10-18,0.7324194455782923,0.8740404667094859,0.837969720481757
2023-10-19,0.7263298655981764,0.864457809572217,0.8402143604412641
2023-10-20,0.7172468495633435,0.858072498542378,0.8358814095332768
2023-10-23,0.6972669414220907,0.8369768937690226,0.8330778861554962
2023-10-24,0.7072305569884697,0.8467352619908093,0.8352440116001053
2023-10-25,0.7122176159940601,0.8505306958702441,0.8373802608797497
2023-10-26,0.7150880742585335,0.854158385227044,0.837184398849466
2023-10-27,0.7315046465815328,0.8688876647021503,0.8418863292670732
2023-10-30,0.7410391202262236,0.8774878288431065,0.844500739347258
2023-10-31,0.7393394465137442,0.8746163672343777,0.8453299917672563
2023-11-01,0.7358401653120539,0.8717259198940591,0.8441187172700803
2023-11-02,0.7271973180430606,0.8637332247101287,0.8419235213362437
2023-11-03,0.7394769108467023,0.8717875676813391,0.8482306220693895
2023-11-06,0.7545842619264114,0.8867699902443101,0.8509357220337589
2023-11-07,0.7554585774072321,0.88772553094715,0.8510046755118139
2023-11-08,0.7567854960045872,0.8872383049568598,0.8529675643810085
2023-11-09,0.7546981184618697,0.8847132771092588,0.8530426048626681
2023-11-10,0.7527404084863168,0.8817136059719115,0.8537243878147625
2023-11-13,0.7549108369353601,0.8868506982170292,0.8512265237576878
2023-11-14,0.7606674013203621,0.8908027085416934,0.8539123130481138
2023-11-15,0.7632804892809728,0.8961928694208265,0.8516922141706509
2023-11-16,0.754383291573711,0.8874502750660216,0.8500569696905992
2023-11-17,0.7576336785731955,0.8909403737091821,0.8503752898962236
2023-11-20,0.7624118421096294,0.8954255480491989,0.851451964678295
2023-11-21,0.7574685010229514,0.8924686878752406,0.8487339794814616
2023-11-22,0.7438263029698028,0.8816819630859283,0.8436446860797467
2023-11-23,0.7522745849205926,0.8896066819053822,0.845626050502849
2023-11-24,0.7420628490194368,0.881289591299738,0.8420193048292245
2023-11-27,0.7432567658278404,0.8806710287191557,0.8439664092377718
2023-11-28,0.7481473530420975,0.8846246770285061,0.845722906527046
2023-11-29,0.7421329574086482,0.8785857997597949,0.8446903621838039
2023-11-30,0.7398339479579167,0.8772758587339444,0.8433310236367619
2023-12-01,0.7446230800594232,0.8807279859139252,0.8454631758825435
2023-12-04,0.7424881940805867,0.8794939878144341,0.8442220235361582
2023-12-05,0.7281868328198242,0.863885036108998,0.8429209933993433
2023-12-06,0.734534737026807,0.8672723139861758,0.8469482135901728
2023-12-07,0.7308228592942183,0.8671647281738333,0.8427728153026496
2023-12-08,0.733695525863066,0.8698305482505966,0.8434924794704838
2023-12-11,0.7423947217508056,0.8804084299924205,0.8432389973335408
2023-12-12,0.7422678600801922,0.8806188365707457,0.8428934622505785
2023-12-13,0.7341198242958422,0.8713366751695422,0.8425214331222766
2023-12-14,0.7314873412503681,0.8684604485144536,0.8422805465713665
2023-12-15,0.725656500404223,0.86220491054407,0.8416288187761747
2023-12-18,0.7140164521858509,0.8519972877951729,0.8380501468890899
2023-12-19,0.713768866154274,0.8511429298736296,0.838600476021399
2023-12-20,0.7025562351007825,0.8399765649063696,0.8363998050101492
2023-12-21,0.7096412577976957,0.8446389394078918,0.8401711366695548
2023-12-22,0.7061469014328734,0.8403562795381667,0.8402946686147802
2023-12-25,0.7073701803064106,0.8409384341864062,0.8411676188766177
2023-12-26,0.6972872245987707,0.8319062888113937,0.8381800137549588
2023-12-27,0.7003204940868015,0.8362175389592776,0.8374860146540241
2023-12-28,0.7136533663781741,0.8516064795398197,0.8380083800722242
2023-12-29,0.7195549682381713,0.8589520963188584,0.8377125701443771
2024-01-02,0.715590994133089,0.8558243645605913,0.8361423485536045
2024-01-03,0.7132277416582052,0.8545491934823976,0.8346245565474244
2024-01-04,0.7068760844087953,0.8472588959134424,0.8343094275176677
2024-01-05,0.6946170038920773,0.8356384369188627,0.8312410884942597
2024-01-08,0.6762814122652752,0.8175757841535239,0.8271788687643951
2024-01-09,0.6771650131301404,0.8196245307266924,0.8261892949077
2024-01-10,0.6752339224401034,0.8160537985646621,0.827437999342392
2024-01-11,0.6886625310183605,0.8264607342683281,0.8332670899701468
2024-01-12,0.6843404823757088,0.8236636520551219,0.8308494379571223
2024-01-15,0.6790660448665046,0.8216259246516604,0.8264905287091616
2024-01-16,0.6771178693487527,0.8211671400318303,0.8245798404969128
2024-01-17,0.657472540264122,0.800780335904496,0.8210398167700944
2024-01-18,0.6589219938187455,0.8016378208877131,0.8219696933573721
2024-01-19,0.6512354888107938,0.7939599165789274,0.8202372376893848
2024-01-22,0.6176559126540121,0.756391695447421,0.8165820914898545
2024-01-23,0.6277697936482841,0.7698029928809446,0.8154940932340246
2024-01-24,0.6331194413561597,0.7805548732687508,0.8111145840456139
2024-01-25,0.6513852165981433,0.8026218774148622,0.8115717187976087
2024-01-26,0.6422875621116728,0.7953300163150702,0.8075736473363913
2024-01-29,0.6257411041409757,0.7796388675599274,0.8026037825684438
2024-01-30,0.6077391404858582,0.7617739642185206,0.7977945808496071
2024-01-31,0.5885821138848222,0.7431036935884572,0.7920591957261733
2024-02-01,0.586742734885682,0.7402163733098122,0.7926638156652948
2024-02-02,0.5624937617659045,0.721941675981462,0.7791401722323456
2024-02-05,0.5393016392034521,0.7056525139081635,0.7642595024803369
2024-02-06,0.5904841568514169,0.7603358136640516,0.7766096851414626
2024-02-07,0.6355848545599094,0.8083790957713992,0.7862460297212409
2024-02-08,0.6453587173260721,0.814811833903288,0.7920340506525722
2024-02-19,0.637508947263613,0.8134464992135049,0.7837134315286866
2024-02-20,0.6357172647204042,0.813345241978359,0.7816081436391055
2024-02-21,0.6377570637884593,0.8130414702729213,0.7844090210729071
2024-02-22,0.6418114882977272,0.8189426823741437,0.7837074585453198
2024-02-23,0.6468782006751713,0.8223236316741249,0.7866467358577868
2024-02-26,0.6501275650899174,0.8219676678202775,0.7909405570829183
2024-02-27,0.6651174547271802,0.8397408440192581,0.792050856480582
2024-02-28,0.6449892060967287,0.8201624597884047,0.786416396408988
2024-02-29,0.6681150124272364,0.8459093454397257,0.7898186915997869
2024-03-01,0.6703842192068464,0.8510132312680236,0.7877482917721067
2024-03-04,0.6703801436090564,0.8525588931809858,0.7863153489699679
2024-03-05,0.6620789747914568,0.8467067461664994,0.7819460253376359
2024-03-06,0.6615481828697122,0.846433053816208,0.781571773322263
2024-03-07,0.6468603891003356,0.8349154155876111,0.7747615830581798
2024-03-08,0.6542215968591478,0.8463539838281751,0.7729881460473712
2024-03-11,0.6763575920309495,0.8608221536535339,0.7857111822230958
2024-03-12,0.6764636952909068,0.858080390650411,0.7883453609494074
2024-03-13,0.6759850134851053,0.8567181830223014,0.7890401148022659
2024-03-14,0.6718034560292301,0.8532091731014004,0.787384239655132
2024-03-15,0.6759140220303034,0.8628946510046519,0.7833100150097692
2024-03-18,0.6847389519812588,0.8746495736511972,0.7828723326564232
2024-03-19,0.6784406382728385,0.86670274203848,0.7827835373834747
2024-03-20,0.6815754400082163,0.8691059633885083,0.7842259387461343
2024-03-21,0.6754363805750485,0.864742595546064,0.7810837398943287
2024-03-22,0.6635480577550489,0.8518865004673072,0.7789160379828249
2024-03-25,0.6482700401107305,0.8376761643223236,0.7738909947798004
2024-03-26,0.6437239760589404,0.8360419023286089,0.7699661634972964
2024-03-27,0.619961484338464,0.8158322983627799,0.7599128958029838
2024-03-28,0.6342150858536064,0.826452842160294,0.7673941615299058
2024-03-29,0.6390379154264232,0.8363171582097371,0.7641095356627385
2024-04-01,0.6544757644004654,0.8545206776580875,0.7658981011368055
2024-04-02,0.6486947977058466,0.8513581014983144,0.7619529274041107
2024-04-03,0.641881474917808,0.850309195668362,0.7548800814899748
2024-04-08,0.6271884793566689,0.8382837077331988,0.7481816401426289
2024-04-09,0.6397604926613766,0.845293984374666,0.7568496931096232
2024-04-10,0.6276388607626485,0.8346259390212526,0.7520001852550459
2024-04-11,0.6253490696866694,0.8387931209706018,0.745534332664832
2024-04-12,0.6188639233924448,0.8349027584332176,0.7412407219180922
2024-04-15,0.6242053324536044,0.8447908252606102,0.7388874426530885
2024-04-16,0.5990951468685722,0.8213490307858453,0.7294038519718878
2024-04-17,0.6223886738447268,0.84479559030697,0.7367328629385623
2024-04-18,0.6216729273131394,0.8463919552913544,0.7344976797412262
2024-04-19,0.6097711345995913,0.8408593641983726,0.7251761240488918
2024-04-22,0.6106900710812553,0.833377645782682,0.7327891192806286
2024-04-23,0.6062361533011841,0.8239943016001819,0.7357285749717983
2024-04-24,0.612170152796862,0.8326593894977906,0.7351987625649495
2024-04-25,0.6124003800721051,0.8320740333340282,0.7359926587521123
2024-04-26,0.6233576493916053,0.8499168238821716,0.7334337100709335
2024-04-29,0.6405871317764871,0.8667454785480193,0.7390717893903583
2024-04-30,0.6321254709691791,0.8608363743387635,0.7343154748249752
2024-05-06,0.6457036317978021,0.8746733244291467,0.7382226183920939
2024-05-07,0.6473630619183004,0.8744328384956752,0.7403233655222592
2024-05-08,0.6361037051211592,0.8636240009130994,0.7365516757855436
2024-05-09,0.6496785140153606,0.8791300573987035,0.7390015943007601
2024-05-10,0.6421212077134346,0.8757491825525717,0.7332250152284758
2024-05-13,0.630656459649171,0.8709807113156944,0.7240762642108434
2024-05-14,0.630137890232615,0.870265656546326,0.7240753274503962
2024-05-15,0.6248962343071699,0.8617097179918967,0.7251818347406015
2024-05-16,0.6225347069085319,0.8582307129722926,0.7253698772355983
2024-05-17,0.6308650443192168,0.8688654774550367,0.7260790774736053
2024-05-20,0.6334219781001222,0.8738664680635027,0.7248498497760099
2024-05-21,0.6280280967068849,0.8668119658355085,0.7245263349607051
2024-05-22,0.6297136754904148,0.8651823944343042,0.7278392158016003
2024-05-23,0.6167429468003628,0.8483647589381635,0.7269785081269702
2024-05-24,0.6084153541001813,0.8406347369348175,0.7237570937392248
2024-05-27,0.613408371375092,0.8497981444462727,0.7218283252133811
2024-05-28,0.6080405612570319,0.8410586771531414,0.722946659696989
2024-05-29,0.6103447229990128,0.8429856916825869,0.7240273815096123
2024-05-30,0.6100963804860873,0.8398768712020602,0.7264116936723077
2024-05-31,0.6098265098955986,0.8398578854704704,0.7261067859760427
2024-06-03,0.6036307494390069,0.834404438819371,0.7234270592964556
2024-06-04,0.6102916839510668,0.8451436620527839,0.7221159092274547
2024-06-05,0.6027112332715748,0.8350166728227566,0.7217954477892303
2024-06-06,0.5932812176673836,0.8272423507790342,0.7171794542538548
2024-06-07,0.590849718236536,0.8241066524588843,0.7169578312147095
2024-06-11,0.601426770383086,0.8254497999015545,0.7286049017818089
2024-06-12,0.6029649118002843,0.827898884822796,0.7283074332553827
2024-06-13,0.6008462706807521,0.8218300026527879,0.7311077336447663
2024-06-14,0.600042085704449,0.8247568579254494,0.727538158595933
2024-06-17,0.6015603218310022,0.8238139743770028,0.7302137867786515
2024-06-18,0.6027511892017531,0.8275730003240949,0.7283359763618474
2024-06-19,0.592869129400598,0.8177529843150282,0.7249978181335542
2024-06-20,0.5844505129468404,0.8060059537765162,0.7251193495636297
2024-06-21,0.584595906016906,0.8072336232988105,0.7241966750937832
2024-06-24,0.5682349185240433,0.7899224332351831,0.7193553374561058
2024-06-25,0.5603597509091416,0.7829169216400756,0.7157333497598759
2024-06-26,0.5743421078608257,0.7942763454387571,0.7231011110415985
2024-06-27,0.5606701617312385,0.77966098035319,0.7191204585834889
2024-06-28,0.5608337618981721,0.781991460292382,0.7171865555775759
2024-07-01,0.5652977619224355,0.7915441125283539,0.714170888236107
2024-07-02,0.5585390846264914,0.7830514597458907,0.7132852862668103
2024-07-03,0.5560596806966799,0.7769509346898996,0.7156947187644701
2024-07-04,0.5440429789820512,0.7648605974519335,0.7112969092596522
2024-07-05,0.5471355069976986,0.7698852643844997,0.7106714887381527
2024-07-08,0.5342512380131469,0.7568109450732335,0.7059243018234225
2024-07-09,0.5426956910157777,0.7715686659187998,0.703366680099074
2024-07-10,0.5396040527054472,0.7663889116179918,0.7040864560086615
2024-07-11,0.5552959797447128,0.7815089248946022,0.7105433630455372
2024-07-12,0.5555154823086319,0.7782861900245365,0.7137676209969993
2024-07-15,0.5500346441224336,0.7726760924743585,0.711856688047698
2024-07-16,0.5493150396255031,0.7749637614501617,0.7088267438435957
2024-07-17,0.5457318197843417,0.7683538231567675,0.7102610845901861
2024-07-18,0.5503949687818566,0.771693599478046,0.7132299259111774
2024-07-19,0.55263409272739,0.7708013445471723,0.7169604680075506
2024-07-22,0.5520745403428696,0.7698409643441233,0.7171280380139516
2024-07-23,0.5326386905590793,0.7471886784880989,0.7128570144248554
2024-07-24,0.5228142971306502,0.7385282811830006,0.7079137122456405
2024-07-25,0.5229003349009299,0.7381153601343837,0.7084263018259489
2024-07-26,0.5288177226244677,0.7493371187655764,0.7057140362879898
2024-07-29,0.5223401340650897,0.7449800795003287,0.7011464446343753
2024-07-30,0.5219704129357012,0.7434675495503371,0.7020755825205802
2024-07-31,0.5476938845463223,0.7730732293069086,0.7084631361990791
2024-08-01,0.5422098560500863,0.7677826876782351,0.7062022428373865
2024-08-02,0.5350332182623905,0.7576019427689612,0.7062194380163497
2024-08-05,0.5248096209586972,0.7426085010362832,0.7067110331033707
2024-08-06,0.5330874931052806,0.7516153321025092,0.7092557460397513
2024-08-07,0.5317055832996428,0.7517988608412111,0.7072444652346253
2024-08-08,0.5320460191549802,0.7524110948445967,0.7071214430521777
2024-08-09,0.5273031276928944,0.7467947431710715,0.7060884299397148
2024-08-12,0.5242843631413999,0.7458217058136293,0.7029620605764609
2024-08-13,0.5257502385877937,0.7486188624806848,0.7022936035109036
2024-08-14,0.5179231612527337,0.7383717047377711,0.7014396108754891
2024-08-15,0.5226254611929793,0.7433251937903377,0.7030912789704139
2024-08-16,0.5155398424020893,0.7388953386604041,0.6977170045987137
2024-08-19,0.5142334839561439,0.7408856389618156,0.6940794326594403
2024-08-20,0.5036954500722887,0.7280786089697948,0.6918146527955267
2024-08-21,0.5014093525632638,0.7257228891756656,0.6909102083479892
2024-08-22,0.4927810377829714,0.717219142769646,0.6870717865672488
2024-08-23,0.4915800916764184,0.7178077004489314,0.6848353554426545
2024-08-26,0.49450477420489775,0.7189578635140296,0.6878077274068901
2024-08-27,0.4875091443480892,0.7111945606400142,0.6854792926275656
2024-08-28,0.4875191459600867,0.711941332749215,0.6847743255437845
2024-08-29,0.4991902573626436,0.7211000496681598,0.692262131437051
2024-08-30,0.5103332514744832,0.7339481781850338,0.6953260007218444
2024-09-02,0.4970147544523129,0.7193565638774163,0.6909157146955678
2024-09-03,0.5036788431914092,0.7272037017858245,0.6926241463767361
2024-09-04,0.5017960201713269,0.7249254884488916,0.6922035825295778
2024-09-05,0.5047814839009029,0.7279330516942722,0.693444929758332
2024-09-06,0.4950003960767688,0.7178646576437007,0.6895455721438419
2024-09-09,0.490754747128099,0.7130772751290829,0.6882209884465347
2024-09-10,0.4897605962619532,0.713159546632639,0.6867475848489727
2024-09-11,0.49235362005346983,0.7143001796050176,0.6892811091349911
2024-09-12,0.4903153320655037,0.7114002021719793,0.6892257418096307
2024-09-13,0.482305834159545,0.7041811569368731,0.6849172679620306
2024-09-18,0.4830966458004521,0.706065434956779,0.684209454085547
2024-09-19,0.4898733596090194,0.7151656311501174,0.6849788891857306
2024-09-20,0.4837228278387376,0.7116849881458271,0.6796867095637275
2024-09-23,0.4808147777653838,0.7110996319820647,0.6761566961090916
2024-09-24,0.5047890508435748,0.7419361083226043,0.6803672785043715
2024-09-25,0.50772530254857,0.7485619052859147,0.6782676208384439
2024-09-26,0.5331915565646739,0.7812636739147701,0.6824732473390808
2024-09-27,0.568745663210562,0.8229500863627389,0.6911059037909512
2024-09-30,0.6383480175685279,0.9086280768890819,0.7025404935252209
2024-10-08,0.6936652767338556,0.9738670711396809,0.7122792188897861
2024-10-09,0.641831515550509,0.9074288487372476,0.7073078142089747
2024-10-10,0.6378698802519196,0.9003474686696301,0.708470787610974
2024-10-11,0.6069045446499749,0.8655304661801169,0.7011937399828951
2024-10-14,0.6201153499161699,0.8872588542192845,0.6989114247406647
2024-10-15,0.6034606483245403,0.8658072855920819,0.6969918807184258
2024-10-16,0.5975410791449057,0.8639926219213389,0.6916043771486142
2024-10-17,0.5937882808607745,0.8573320550103718,0.6926001161283897
2024-10-18,0.6263345524552192,0.8923009433526038,0.7019319626648823
2024-10-21,0.6355538904067505,0.9024595754686141,0.7042463814257062
2024-10-22,0.639374628115348,0.9103098404386958,0.7023703355851026
2024-10-23,0.642947603906735,0.9138743184773788,0.7035405097912815
2024-10-24,0.6348858652175574,0.9060145234145773,0.7007457924899556
2024-10-25,0.6496356584917069,0.9191442363897763,0.7067831497734808
2024-10-28,0.6541295894829129,0.9308564225267821,0.7027180278858661
2024-10-29,0.6448418645609585,0.919593565370736,0.7012248550271111
2024-10-30,0.6433533914042547,0.9236120629828893,0.6965623525167983
2024-10-31,0.648841665710268,0.9336361569930844,0.6949620158241945
2024-11-01,0.6370416188596418,0.922645428656493,0.6904511734125944
2024-11-04,0.650056974806312,0.9380059278665748,0.6930201137265929
2024-11-05,0.6749231285307528,0.9669675818260787,0.6979790648784606
2024-11-06,0.6789780183058669,0.9691540680205852,0.7005883179055542
2024-11-07,0.6915705546624114,0.9871535094678072,0.7005704260072477
2024-11-08,0.6953877982713597,0.9844465164123412,0.7063743806068713
2024-11-11,0.7159431642738198,1.0015599570520366,0.7148280631956441
2024-11-12,0.7077049112391754,0.9910011354956519,0.7141312818831583
2024-11-13,0.706417223156684,0.9903619491987936,0.7132919673743302
2024-11-14,0.6818161786562389,0.9616422702497486,0.7090122800853628
2024-11-15,0.6575999387780594,0.937305019328587,0.7015858500887079
2024-11-18,0.642972711050897,0.9228384130340651,0.6967337964801025
2024-11-19,0.6634837373234131,0.9392225037653127,0.7064180581955056
2024-11-20,0.6735196191714126,0.9480490076083598,0.7104270072182222
2024-11-21,0.6725236260790766,0.9469288494445585,0.7102155842791776
2024-11-22,0.6435222314376736,0.9097403429448493,0.7073691261778917
2024-11-25,0.6437008548914523,0.9074304867219333,0.709366573319355
2024-11-26,0.6385532881081495,0.9002841828976634,0.7092796921666397
2024-11-27,0.6552392476890464,0.9183927736880646,0.7134629827908475
2024-11-28,0.6490268314380261,0.9109031631643406,0.712509142226935
2024-11-29,0.6619608914819757,0.9258285540786926,0.7149929525998515
2024-12-02,0.6719164193816449,0.9403331318363943,0.7145514675947306
2024-12-03,0.6680548484761027,0.9385137775731408,0.7118221004742145
2024-12-04,0.6604149894289432,0.9301523869271204,0.7100073049435589
2024-12-05,0.6632770381485626,0.9337469443209498,0.7103391793489815
2024-12-06,0.6710799941271339,0.9459622151181623,0.7094152212446538
2024-12-09,0.664075980684461,0.940885281583337,0.7057990954720254
2024-12-10,0.6715654261009969,0.9480015060524605,0.7084012227970383
2024-12-11,0.6762246455864247,0.9567062033979351,0.7068258188194834
2024-12-12,0.6830114604386744,0.9651355704084321,0.7076844760261332
2024-12-13,0.6651725203717825,0.9474003656726313,0.7021028748490361
2024-12-16,0.6574709790536966,0.9354255063550411,0.702857656314701
2024-12-17,0.6444192226366776,0.9252305407605372,0.6964958399524583
2024-12-18,0.6520097217634577,0.9316316360064429,0.6998578585827978
2024-12-19,0.6527170087123211,0.9337358506973935,0.6990381789719399
2024-12-20,0.658535204812628,0.9361500912171291,0.7034504520065131
2024-12-23,0.6417612542045805,0.9205459790119022,0.697152851499537
2024-12-24,0.6508474200080402,0.9326821798210814,0.6978233680125568
2024-12-25,0.6416405929316686,0.9239854490374896,0.6944271618130589
2024-12-26,0.6477301590932326,0.931384895949624,0.6954484251463173
2024-12-27,0.6482007805945891,0.9333007424016636,0.6945250883724505
2024-12-30,0.6458098548976265,0.9332548788304504,0.691997298430362
2024-12-31,0.6266337924047914,0.9058609995771721,0.6917549079795738
