datetime,port,bench,excess
2017-01-04,1.0022252862999705,1.0116932748592655,0.9906414436128261
2017-01-05,1.0028022287171492,1.0124226247677133,0.990497648101482
2017-01-06,0.9997959276268803,1.0080465253170263,0.9918152610192756
2017-01-09,1.0064356838670767,1.0149760939857742,0.9915856046567958
2017-01-10,1.003188940917811,1.0115761589542032,0.9917087626451545
2017-01-11,0.9910483942412237,1.0017720016150526,0.9892953612633011
2017-01-12,0.981077993320662,0.9924202258646864,0.9885711392730414
2017-01-13,0.9652046018142288,0.9800498676992322,0.9848525402897568
2017-01-16,0.9334649739855235,0.9541953962355685,0.9782744474225832
2017-01-17,0.9466841536491748,0.962237156506235,0.9838366220303411
2017-01-18,0.9427378953818428,0.9601045004448243,0.9819117553819033
2017-01-19,0.9375771554113792,0.9561635092898672,0.9805615318950084
2017-01-20,0.9540869279583466,0.9685544167177481,0.9850628023478235
2017-01-23,0.9624788739115071,0.9764917926915951,0.9856497321483236
2017-01-24,0.9613895239035067,0.9753985868212665,0.9856376017896294
2017-01-25,0.9622262070260748,0.9776625050191199,0.9842110156482443
2017-01-26,0.9685168759729659,0.984645903820964,0.9836194638240928
2017-02-03,0.9660455958511552,0.9820164172226941,0.9837367063407076
2017-02-06,0.9744317508731283,0.9902685840716859,0.9840075374971088
2017-02-07,0.9737689673084433,0.9897433866182161,0.9838600393538828
2017-02-08,0.9815519180807987,0.9953866905852141,0.986101107604441
2017-02-09,0.988193075321344,1.0016485571327944,0.9865666638107417
2017-02-10,0.9938486819962901,1.0025867500887307,0.9912844767880014
2017-02-13,1.0007854579402429,1.0077348615035557,0.9931039365325278
2017-02-14,1.003579877889907,1.0085639051163127,0.9950582930827463
2017-02-15,0.9893093831188036,0.9985666889457406,0.9907294065289614
2017-02-16,0.9976343129034695,1.0061037265715147,0.9915819676993879
2017-02-17,0.988837698167358,0.9978483582069999,0.9909699104422711
2017-02-20,1.0041740978278655,1.0101728528012408,0.9940616549368352
2017-02-21,1.0125116985095932,1.0179852207619922,0.9946231810238838
2017-02-22,1.0206667251543704,1.0242803681802417,0.9964720176837017
2017-02-23,1.016072793542443,1.024242396717062,0.9920237599997769
2017-02-24,1.0147565463940091,1.024587266947353,0.9904051896109997
2017-02-27,1.0033764500723765,1.0163730715615409,0.9872127451495772
2017-02-28,1.0095669267807723,1.0206004122211827,0.9891892210621416
2017-03-01,1.0139753458293967,1.0232377164736366,0.9909479776838558
2017-03-02,1.0080128222340445,1.0180153001171384,0.9901745308916842
2017-03-03,1.0087139949041555,1.0208962918185869,0.9880670573376946
2017-03-06,1.0175866226755284,1.0310975859902876,0.9868965231823494
2017-03-07,1.0175353658732758,1.0320262488535041,0.9859588038615039
2017-03-08,1.0146686730621497,1.0278969639134852,0.9871307229073119
2017-03-09,1.00413912069274,1.0187667628188497,0.9856418145350205
2017-03-10,1.0041755205159266,1.0201178768234027,0.9843720449668819
2017-03-13,1.0135988898954382,1.0296072432874084,0.984451980601013
2017-03-14,1.0113050439531537,1.0273258284349525,0.9844053521887938
2017-03-15,1.0092571772559686,1.026151989045754,0.9835357608130777
2017-03-16,1.020234780650199,1.0352141393220633,0.9855301834636128
2017-03-17,1.0099086886553625,1.0257073506573045,0.9845973005927884
2017-03-20,1.0130225049383226,1.0280947877912658,0.9853395980293567
2017-03-21,1.0141804813956308,1.0308808508347649,0.9837999033296517
2017-03-22,1.0089226492984675,1.0283241801011809,0.9811328653180125
2017-03-23,1.012356451394365,1.030285964578283,0.9825975371883701
2017-03-24,1.0176515927298662,1.0357330826521856,0.9825423265654328
2017-03-27,1.0135203696914068,1.0308935079891581,0.9831474947090907
2017-03-28,1.010603467558751,1.0281501070013492,0.9829337765729812
2017-03-29,1.0056389537098105,1.0252786453926204,0.9808445325852964
2017-03-30,0.9874849536777186,1.0086983687682776,0.9789695158162468
2017-03-31,0.9878928493242616,1.01279757435315,0.9754099677373392
2017-04-05,1.013484055717378,1.0346809753067103,0.9795135697908731
2017-04-06,1.0203805640092136,1.0377945608335968,0.9832201887718552
2017-04-07,1.0236455247124383,1.0408131432486845,0.983505570959009
2017-04-10,1.0261837154844364,1.0388845651884024,0.9877745322920812
2017-04-11,1.0408183338102692,1.0487932557320712,0.9923960972496574
2017-04-12,1.020579582519951,1.0404571793948372,0.9808953244126322
2017-04-13,1.0333374526404946,1.0466621632014972,0.9872693300384096
2017-04-14,1.019205093776523,1.0328125559567207,0.9868248482246685
2017-04-17,1.0010965041370394,1.0214911036212189,0.9800344815418559
2017-04-18,0.9971446774917725,1.015417456404851,0.9820046634043751
2017-04-19,0.985699970091966,1.0047288617890109,0.9810606697779516
2017-04-20,0.975876266677252,1.0042732786847037,0.9717238199898705
2017-04-21,0.9646862865324829,0.996827968201356,0.9677560394629893
2017-04-24,0.9283537427940274,0.9711649175844277,0.9559177087071017
2017-04-25,0.9356519246414421,0.974639157557672,0.9599982900195316
2017-04-26,0.9462715460017915,0.97716098388975,0.9683885885772905
2017-04-27,0.9533814138830764,0.9796765560984809,0.97315936361678
2017-04-28,0.9581310402995488,0.9827710814399281,0.9749279953330765
2017-05-02,0.9610304282931733,0.9834450376844431,0.9772080710844341
2017-05-03,0.9603435496905609,0.9804960696185181,0.9794466081482632
2017-05-04,0.9578816624138619,0.9771467632045201,0.980284332388843
2017-05-05,0.943263591017057,0.963441149704429,0.9790567813160543
2017-05-08,0.9202865734576599,0.9453831875316007,0.9734535007551084
2017-05-09,0.929423789872634,0.9511514995116941,0.9771564155129706
2017-05-10,0.899362957986588,0.9311918371182069,0.9658192030225257
2017-05-11,0.9013724590497268,0.9291034810971724,0.9701529241772959
2017-05-12,0.8992165476743993,0.9277017384750463,0.9692948825907441
2017-05-15,0.9041439221733825,0.9324052859552712,0.9696898288677822
2017-05-16,0.926279220435695,0.9515834062919007,0.9734083363697879
2017-05-17,0.9319024802780806,0.9536274622725588,0.9772185860265538
2017-05-18,0.9226210447073,0.9455034304983362,0.9757987279020491
2017-05-19,0.9238182314092259,0.9452945874508478,0.9772807796355455
2017-05-22,0.9060479397616225,0.9316617153615931,0.9725074292764841
2017-05-23,0.8789837936573738,0.9120548897602796,0.9637400155690212
2017-05-24,0.8875059991267302,0.9174925521953121,0.9673168430666471
2017-05-25,0.9003890119805241,0.9256482268555177,0.9727118638137506
2017-05-26,0.8979616938356242,0.9234538485529776,0.9723947712630157
2017-05-31,0.8964289912360279,0.9214240132575496,0.9728734853206661
2017-06-01,0.8661572612914458,0.9033723796619179,0.9588042326638327
2017-06-02,0.8811958360416289,0.9132636480048335,0.9648865778975636
2017-06-05,0.8899464952086409,0.9201108707161763,0.9672165861011329
2017-06-06,0.8938227682115989,0.9241800713997519,0.9671521772351419
2017-06-07,0.9162761407558045,0.9421367018835849,0.9725511583657891
2017-06-08,0.9156825370027506,0.9427632310260501,0.9712751907031563
2017-06-09,0.9178427202256534,0.9443912388964176,0.9718882200752011
2017-06-12,0.9059868430238749,0.9338845350345932,0.9701272577453218
2017-06-13,0.9184636197698016,0.9460983167548183,0.9707908824108201
2017-06-14,0.9164437276819117,0.9439419099154578,0.9708687770458154
2017-06-15,0.9293078563471314,0.9526022327667066,0.9755465863732864
2017-06-16,0.9287474567984508,0.9513097139416092,0.9762829530567126
2017-06-19,0.9379198071348809,0.9583357747991432,0.9786964358410377
2017-06-20,0.9386188029068403,0.9598371366717289,0.9778938186967178
2017-06-21,0.942741086520467,0.9616232845181625,0.9803642462680625
2017-06-22,0.92761241657524,0.9480411155003302,0.9784516740982178
2017-06-23,0.9315466851673205,0.9508841357385989,0.97966371522619
2017-06-26,0.9467105192800758,0.9669153896776728,0.9791037865222805
2017-06-27,0.9476025690792835,0.967157439141981,0.9797810891264552
2017-06-28,0.9417924490031481,0.9628921270191596,0.9780871839908691
2017-06-29,0.9476083415086166,0.9677618554911827,0.9791751308772785
2017-06-30,0.9490268205951006,0.9711110874513313,0.9772587635527974
2017-07-03,0.9566008284394046,0.977319198319665,0.9788008156231024
2017-07-04,0.9528158559962652,0.972485952233834,0.9797733877878791
2017-07-05,0.960553207811524,0.9799391548252152,0.9802171931611928
2017-07-06,0.9598971245137272,0.9811558051778027,0.9783330225924485
2017-07-07,0.9634477564883888,0.985009759782844,0.9781098582219035
2017-07-10,0.9632969658279366,0.9819325821883005,0.9810214909878708
2017-07-11,0.9508679371339651,0.9696603541963186,0.9806195881052298
2017-07-12,0.9550603210245848,0.970293137462131,0.984300809879591
2017-07-13,0.958080992871282,0.9729732526779737,0.9846940707098547
2017-07-14,0.9545083963826402,0.9696207447484527,0.9844141655924109
2017-07-17,0.9098166870056068,0.9297078229925242,0.9786049600799397
2017-07-18,0.9206985212150876,0.939512054785524,0.9799752079022218
2017-07-19,0.9364581528513185,0.9586442370970912,0.9768568115394348
2017-07-20,0.9420011475368385,0.9649599337777675,0.9762075238180652
2017-07-21,0.9441297536302392,0.9692046966381623,0.9741283310998188
2017-07-24,0.9539246250853183,0.9756943919648208,0.9776879245604115
2017-07-25,0.951860180462865,0.9735538437953766,0.9777170379730212
2017-07-26,0.9541515446756487,0.9724622014558847,0.9811708293105655
2017-07-27,0.9603513906802833,0.9783665406187808,0.9815865024093081
2017-07-28,0.9687724125876224,0.9833406533876233,0.9851849501494593
2017-07-31,0.9886545275178443,0.9963991884828227,0.9922273511916736
2017-08-01,0.9840939866796841,0.9945861627967659,0.9894507117537429
2017-08-02,0.9767993521819893,0.9890994352749972,0.9875643614237954
2017-08-03,0.9824064940796641,0.9906989273210554,0.9916297141213074
2017-08-04,0.978204328010727,0.9848689675536819,0.9932329682805325
2017-08-07,0.9957338637349674,0.9972566734660399,0.9984730012126368
2017-08-08,0.9957756201295304,0.9973041750219391,0.9984673132523735
2017-08-09,1.009276602647945,1.003047172693246,1.0062105054720134
2017-08-10,1.0015541655053684,0.9950101030150897,1.0065768804461872
2017-08-11,0.9710082475645094,0.9747546354780476,0.9961565836394296
2017-08-14,0.9928074034578348,0.9955512335923253,0.9972439086589349
2017-08-15,0.9956633964538111,0.9990507878743561,0.9966093901714924
2017-08-16,0.997404679104289,0.9996899741712144,0.9977139962128558
2017-08-17,1.0080510360748247,1.0071621624941853,1.0008825525955405
2017-08-18,1.0029068198818933,1.0042716407000174,0.9986409844081898
2017-08-21,1.0132242390861976,1.0131345524754074,1.0000885238891233
2017-08-22,1.0053988012339505,1.0087363402314569,0.996691366351746
2017-08-23,0.9952630360417968,1.000319630375353,0.9949450213911539
2017-08-24,0.9883018694177156,0.9933283394654756,0.9949397698142138
2017-08-25,1.0020046971087435,1.0040770927916083,0.9979360193577338
2017-08-28,1.0139296320482942,1.0164252637099498,0.9975446973321516
2017-08-29,1.0129952977060417,1.0138274944515124,0.999179153504886
2017-08-30,1.0241837159752896,1.020994347538209,1.0031237865760674
2017-08-31,1.0294698011064143,1.0236791533465623,1.0056567018493259
2017-09-01,1.0389438476023323,1.0325498827761366,1.006192402839662
2017-09-04,1.0452463028767291,1.0385903235756846,1.0064086667764525
2017-09-05,1.0463231758656242,1.0397262659555528,1.0063448526079204
2017-09-06,1.053698131529277,1.0453047206197477,1.0080296307325132
2017-09-07,1.043949778229088,1.0376284542956482,1.0060920880757176
2017-09-08,1.046209570795924,1.0400933234329568,1.0058804794004252
2017-09-11,1.058331872787502,1.052030136833518,1.0059900717036028
2017-09-12,1.0615465050007267,1.051141008964318,1.0098992389676253
2017-09-13,1.07199105179653,1.0575279579788432,1.0136763228892112
2017-09-14,1.0678207934017876,1.0555978163877242,1.01157919884288
2017-09-15,1.049373393185471,1.047665205460237,1.001630470990476
2017-09-18,1.0603696572320789,1.055165835153668,1.0049317575541603
2017-09-19,1.0552327277108233,1.0498769315096805,1.0051013562069997
2017-09-20,1.0699999694399083,1.0588078196495472,1.0105705205256847
2017-09-21,1.0534937353227378,1.0460846991457686,1.0070826350705822
2017-09-22,1.0437477774016393,1.0397500167335028,1.0038449248413537
2017-09-25,1.0288201769727592,1.0267500023639098,1.0020162401792871
2017-09-26,1.0406228514340923,1.0316354405981505,1.0087118089222786
2017-09-27,1.0535316686212677,1.0415108502711499,1.0115417120685668
2017-09-28,1.0487015280827574,1.0390823890661842,1.0092573400509828
2017-09-29,1.0551921474993957,1.0446940501471988,1.0100489682608202
2017-10-09,1.0691389606431436,1.0565771078685136,1.0118891964259682
2017-10-10,1.069559149694407,1.0608661707692846,1.0081942276647569
2017-10-11,1.0627506103334545,1.0546943933794444,1.007638437261619
2017-10-12,1.0608453843920456,1.0535284460982792,1.0069451739256443
2017-10-13,1.0677368775807194,1.0615527841681929,1.0058255166438776
2017-10-16,1.048756222156035,1.0472174400101135,1.0014694008017155
2017-10-17,1.0482935579861496,1.0462254913749307,1.0019766930057317
2017-10-18,1.036392918566469,1.0383941376825894,0.9980727750249183
2017-10-19,1.0276463277522219,1.0285788867198824,0.9990933520221921
2017-10-20,1.0432120710306878,1.0396566516063899,1.003419801545832
2017-10-23,1.0485801601211857,1.0461970500044706,1.0022778788343027
2017-10-24,1.0444914371265666,1.044652877168496,0.9998454605874757
2017-10-25,1.0524336519047872,1.0517548809523896,1.0006453699095583
2017-10-26,1.0568430497138728,1.055558206939858,1.0012172164126691
2017-10-27,1.0526711883401128,1.0490526529432833,1.0034493363004011
2017-10-30,1.0302814492600294,1.0302179137599572,1.0000616719038018
2017-10-31,1.0391291018756796,1.0378831609143497,1.0012004636053948
2017-11-01,1.0377397019313046,1.0367345613800882,1.0009695254587427
2017-11-02,1.027111192887911,1.0259731508995624,1.0011092317448569
2017-11-03,1.015509742894139,1.0168049783417472,0.998726171217493
2017-11-06,1.0305394968205344,1.0301135294631376,1.0004135149623932
2017-11-07,1.0368194905474764,1.036574783419336,1.0002360728160231
2017-11-08,1.0401986204700633,1.0381173182706245,1.002004881493458
2017-11-09,1.0482285439964505,1.0459739118179028,1.0021555338551695
2017-11-10,1.05123388207355,1.0506996465452405,1.0005084569411118
2017-11-13,1.0545953507837018,1.055444292550319,0.9991956545953119
2017-11-14,1.0455928767930287,1.0464738694164357,0.9991581322294284
2017-11-15,1.0317495432251698,1.034315555813993,0.9975191201810711
2017-11-16,1.0323740459654542,1.0375825162705856,0.9949801869022886
2017-11-17,0.9961133825862186,1.0065150840892942,0.9896656278008121
2017-11-20,1.0113831786751095,1.017784269822537,0.9937107584217787
2017-11-21,1.0123933670386291,1.0214515686272028,0.9911320302726173
2017-11-22,1.0164635901103316,1.0187762929115691,0.9977299208694501
2017-11-23,0.9901132367822235,0.9926828990452709,0.9974113966650189
2017-11-24,0.9919130323022202,0.9932397393847239,0.9986642629871761
2017-11-27,0.9814172509981801,0.9800325199523288,1.0014129439765107
2017-11-28,1.0029084684458407,0.996606467999475,1.006323459307881
2017-11-29,1.001522212948703,0.9996219233528891,1.0019010083226665
2017-11-30,0.9891528706797423,0.9909283196309709,0.9982082972945109
2017-12-01,1.0031370826001875,0.9993118230702548,1.0038278937981342
2017-12-04,0.9993464789265792,0.9934913189417517,1.0058935190204423
2017-12-05,0.9748343132832822,0.9702804803077386,1.0046933160750582
2017-12-06,0.9849366501876488,0.9765914863959043,1.0085451940837025
2017-12-07,0.9807946239982694,0.9706855092483222,1.0104144078114192
2017-12-08,0.9956349534717449,0.9813915260649152,1.0145135015216011
2017-12-11,1.0114524420887805,0.9945275676173106,1.0170180043495611
2017-12-12,1.0029505981080071,0.9861488292243866,1.0170377618323951
2017-12-13,1.01417415469282,0.9931464487114606,1.0211728149545733
2017-12-14,1.0152927220655374,0.9941969180722496,1.0212189392360949
2017-12-15,1.009845781849041,0.9865522946341332,1.0236110009997454
2017-12-18,1.0034696113071846,0.9808931319972191,1.023016247717014
2017-12-19,1.0133367878974024,0.9890013795553748,1.024606040845937
2017-12-20,1.0041257067196483,0.9807935127467594,1.0237890989995906
2017-12-21,1.0128581726840717,0.9869857649451768,1.0262135571330475
2017-12-22,1.0132979083220743,0.9876787069212818,1.0259388009696502
2017-12-25,1.001990944046575,0.9786149186602863,1.023886847564403
2017-12-26,1.0080881419862142,0.9840826604504651,1.0243937653822297
2017-12-27,0.9974351779353853,0.9766468056059876,1.0212854557144626
2017-12-28,1.001288546514842,0.9815702897572572,1.0200884816536788
2017-12-29,1.0132365959918694,0.9889348922678858,1.0245736134036625
2018-01-02,1.0268457937047653,1.001814663670743,1.0249857892300216
2018-01-03,1.0367288764378115,1.010677575446133,1.0257760750060958
2018-01-04,1.046426798219548,1.015311508577195,1.030646052348955
2018-01-05,1.0429826989967272,1.0152655705521325,1.0273003726793584
2018-01-08,1.0461460431798921,1.0198426209422744,1.025791648336206
2018-01-09,1.0462406870105752,1.0197745701239485,1.025952909262495
2018-01-10,1.0369283441104113,1.0134762956440253,1.0231402042328805
2018-01-11,1.0406234616044563,1.0166404353346352,1.023590470569791
2018-01-12,1.0343305847049145,1.012436845452943,1.0216247950183763
2018-01-15,1.0045061996901583,0.9893399212084691,1.0153296942300314
2018-01-16,1.0111238962656153,0.9968943810349962,1.0142738443523434
2018-01-17,1.0035420916651294,0.9915675059278292,1.0120764200780212
2018-01-18,1.0045570771538057,0.9946272613216197,1.009983454323373
2018-01-19,1.0003122212236348,0.9923459209230131,1.008027745297942
2018-01-22,1.013353519132002,1.004252654968428,1.0090623252211965
2018-01-23,1.0121982469006867,1.0054171131726057,1.006744597480227
2018-01-24,1.0208555981024596,1.0116346796798097,1.0091148698318333
2018-01-25,1.019869102788786,1.009802668262163,1.009968714525133
2018-01-26,1.0181067763685427,1.0099465875529992,1.008079822157046
2018-01-29,1.0032645054395828,0.9982787014563695,1.0049944008381022
2018-01-30,1.0065823833561893,0.9988419448268686,1.0077494127768758
2018-01-31,0.9816191626554166,0.9792082413859318,1.0024621129271467
2018-02-01,0.9467477632171386,0.9468386858329738,0.9999039724324791
2018-02-02,0.9519523194815658,0.950020247724337,1.0020337163990523
2018-02-05,0.9517395446177982,0.9489713418943847,1.0029170561862146
2018-02-06,0.8972154565708731,0.9024642660611288,0.9941839143247582
2018-02-07,0.9091266616337118,0.9035828606940934,1.0061353542445015
2018-02-08,0.9236429161903361,0.9123080328481452,1.0124244037474979
2018-02-09,0.8837049422080712,0.8788342522551515,1.0055422167950567
2018-02-12,0.9111091245410026,0.9016479540566146,1.0104931979735785
2018-02-13,0.9210543270028357,0.9076361282539034,1.0147836763337594
2018-02-14,0.926477625198498,0.910464927806942,1.0175873851946458
2018-02-22,0.9519186031550364,0.9295923450721494,1.024017256812882
2018-02-23,0.9579910842610524,0.9330650215145568,1.0267141755094789
2018-02-26,0.9842714962405705,0.9539485817249009,1.0317867389255306
2018-02-27,0.9834780101992168,0.9509236707326164,1.0342344401223282
2018-02-28,0.9840789007518879,0.9529993695992577,1.0326123312817084
2018-03-01,0.998655861915727,0.9635265482696594,1.0364591029786925
2018-03-02,0.9940130401380488,0.9581664667456725,1.037411634237343
2018-03-05,0.9984722057644283,0.9593941362679669,1.040732028703526
2018-03-06,1.0147818124110222,0.9722850012943804,1.043708183361943
2018-03-07,1.0043082101042253,0.9629364270595371,1.042964189412818
2018-03-08,1.010782314988714,0.9700589801058573,1.04198026688894
2018-03-09,1.0278697519948332,0.981999069475791,1.046711533589873
2018-03-12,1.043773094356272,0.9960479896753361,1.0479144631339419
2018-03-13,1.0350022721031995,0.9894617277060422,1.0460255744330182
2018-03-14,1.0234413044888762,0.979205039870409,1.045175691318257
2018-03-15,1.0225301222481928,0.9777479780381995,1.0458013161017694
2018-03-16,1.0179158681266756,0.9724004792147564,1.0468072464841587
2018-03-19,1.0228739978408177,0.9735902517277205,1.050620624051688
2018-03-20,1.026343359819453,0.9767338421559039,1.0507912345435355
2018-03-21,1.0140131331108313,0.9696935606131397,1.0457047198185665
2018-03-22,1.0111237096266146,0.965268470529566,1.0475051661760915
2018-03-23,0.9486962514109618,0.9155781948202609,1.036171740194405
2018-03-26,0.9728889236363352,0.9339003937045105,1.0417480602799283
2018-03-27,1.0001802407504496,0.9547554380905451,1.0475774222881113
2018-03-28,0.9884152332106094,0.9450351157857875,1.0459031804217687
2018-03-29,1.0021460868417955,0.9547680952449383,1.0496225123491403
2018-03-30,1.0171158581967106,0.9674058171834873,1.051384889495444
2018-04-02,1.0158668244963103,0.968548088140552,1.0488553298851708
2018-04-03,1.0063816874282208,0.9586996307610253,1.0497361792340996
2018-04-04,1.0014742780083876,0.9520517210044515,1.0519116303385214
2018-04-09,1.0031049556050404,0.9533110334127289,1.0522326087153904
2018-04-10,1.010487558209265,0.9593371790731975,1.0533184580477566
2018-04-11,1.0164423608160331,0.9629554127911272,1.05554457383429
2018-04-12,1.0106802233381946,0.9573738310652586,1.0556798092273136
2018-04-13,1.008856637367099,0.953554646407874,1.0579956179413028
2018-04-16,1.0112644672305113,0.9512163488144979,1.0631277190418893
2018-04-17,0.9903289238475713,0.9319860363294585,1.0626006026312271
2018-04-18,1.0081416087266788,0.9446111011136141,1.0672557283501831
2018-04-19,1.018564050170715,0.9500012619927474,1.0721712601035376
2018-04-20,0.9925757017909927,0.9304008394224799,1.0668258880840071
2018-04-23,0.9801361278272245,0.9213955718870906,1.0637517237247283
2018-04-24,1.0080997249853696,0.9424800830368896,1.0696244335870084
2018-04-25,1.0097773795255331,0.9428328453752141,1.0710036084112848
2018-04-26,0.99037890505359,0.925202099390082,1.0704460200711545
2018-04-27,0.9906693246882677,0.9272588125251334,1.0683849118569748
2018-05-02,0.9828318309849406,0.9263632816248873,1.060957240512604
2018-05-03,0.9941241335158252,0.9351107154799013,1.063108482299487
2018-05-04,0.9911482552455871,0.9349018724324129,1.0601628732081083
2018-05-07,1.0094802833288943,0.9522811133143664,1.0600654252350434
2018-05-08,1.014703731905239,0.955867704146313,1.0615524800175906
2018-05-09,1.0125233692003852,0.9538774038449014,1.0614816590885714
2018-05-10,1.0112443647440457,0.9556715182532178,1.0581505731094762
2018-05-11,0.999829360988379,0.947882901070416,1.0548026131279522
2018-05-14,0.9955112574377922,0.944119110076964,1.054433965812469
2018-05-15,1.0098048762739995,0.9525073041087583,1.0601544701212064
2018-05-16,1.0072873440580943,0.9498968776959276,1.0604175755386975
2018-05-17,1.0029973771609486,0.9451047301349501,1.061255271696431
2018-05-18,1.0069657963230108,0.9484856794349312,1.0616562992526357
2018-05-21,1.0230061466643388,0.960675635923357,1.0648819522533977
2018-05-22,1.0294950723271457,0.9639521264726693,1.0679939844049244
2018-05-23,1.0166686700517438,0.9514441775935757,1.0685531468836522
2018-05-24,1.0154123045603187,0.9480854155407074,1.0710135267519265
2018-05-25,1.0048354390443435,0.9362482213906059,1.07325751449959
2018-05-28,1.0014936637815404,0.9320493221014243,1.074507153251874
2018-05-29,0.9912159253133854,0.9232196911967036,1.0736511956634538
2018-05-30,0.9646776587943628,0.8990358896590975,1.0730135135763665
2018-05-31,0.9768939408361802,0.9104079706121724,1.0730287655316788
2018-06-01,0.9620853454155082,0.8994361535533213,1.0696538510428832
2018-06-04,0.9590747342832483,0.8991244897398503,1.0666762447553217
2018-06-05,0.9819358424863565,0.9143014602112303,1.0739738316282472
2018-06-06,0.9828105475724828,0.9135389038859626,1.0758277982381004
2018-06-07,0.9745137277955002,0.9078054363073753,1.0734830271114812
2018-06-08,0.9611872395887762,0.8969333129528333,1.0716373510806614
2018-06-11,0.9533869606464722,0.8910890580463805,1.0699120946863305
2018-06-12,0.9661275019204526,0.9007382024711384,1.0725952327434556
2018-06-13,0.946911948007293,0.8870800905269467,1.0674480896587417
2018-06-14,0.9450894416626181,0.8839016556972572,1.0692246536376193
2018-06-15,0.9241299224318014,0.8676077285775988,1.0651471765320348
2018-06-19,0.8562943116601934,0.81346392141426,1.0526518621397123
2018-06-20,0.8687065613520463,0.8224312174864695,1.0562665216028695
2018-06-21,0.8425198173326617,0.8051642530093689,1.046394961256257
2018-06-22,0.8602414974151098,0.8163765560016915,1.053731260520577
2018-06-25,0.8551372356300339,0.8108249791771198,1.0546508279726226
2018-06-26,0.8689952216394055,0.8164018703104778,1.0644209098993445
2018-06-27,0.8617900531794047,0.8083680021478447,1.0660863009045596
2018-06-28,0.8484418989689057,0.7997629985066791,1.0608666574386663
2018-06-29,0.8774136385794968,0.8254956634727703,1.0628930924825375
2018-07-02,0.8639646972585786,0.8130003717480699,1.0626867185816016
2018-07-03,0.8775036283277663,0.8222318300778512,1.0672216718302936
2018-07-04,0.8649978050276281,0.8102411865441941,1.0675806406694526
2018-07-05,0.8392741258722228,0.7883166126119312,1.064640922752413
2018-07-06,0.8431728722852292,0.7905109909144713,1.0666175195234642
2018-07-09,0.863802099946883,0.8080594653960472,1.0689833322149318
2018-07-10,0.870052205662697,0.8126444078942227,1.0706431954872282
2018-07-11,0.8481163692900409,0.7967649653540181,1.064449876900908
2018-07-12,0.8763026984559215,0.8183351389632705,1.0708359652820099
2018-07-13,0.8836280729881062,0.8233487867261297,1.0732123338660209
2018-07-16,0.880907298429151,0.8219264948415769,1.071759219294838
2018-07-17,0.8812834404289308,0.8220847092714922,1.0720105002438238
2018-07-18,0.875153281645193,0.8158259697855856,1.0727205483238045
2018-07-19,0.867136315950481,0.8086575531680523,1.0723158555229322
2018-07-20,0.8777334308752945,0.8187702472590002,1.0720143212502966
2018-07-23,0.8859791458236538,0.8249008516701377,1.074043194439494
2018-07-24,0.9042087264940142,0.8392408864207274,1.0774126250573512
2018-07-25,0.9057541369347881,0.8398768712020628,1.078436813765855
2018-07-26,0.8994978383671829,0.8343110736922611,1.078132445715285
2018-07-27,0.895757588394941,0.830483996926843,1.0785970490817873
2018-07-30,0.8858267164235843,0.8203365328882384,1.0798333134143963
2018-07-31,0.8830288655731278,0.8209013397895742,1.0756820859854839
2018-08-01,0.8678937209661045,0.8077145951657565,1.0745054331821233
2018-08-02,0.850305131724676,0.7904128607409993,1.0757734014190112
2018-08-03,0.8345959943028872,0.779929982110974,1.0700909228338076
2018-08-06,0.8134644217884577,0.763397132588681,1.0655848536265762
2018-08-07,0.8423909768785514,0.7842206085425819,1.0741760261109115
2018-08-08,0.8262857702844281,0.7721492570362055,1.0701114619419807
2018-08-09,0.8548603954306231,0.7917988191470585,1.0796434331027365
2018-08-10,0.863816398823346,0.7958710724384583,1.0853722779202302
2018-08-13,0.8670829632127247,0.799789950800152,1.0841383570089236
2018-08-14,0.8643177769720675,0.7970370941734728,1.0844134900250342
2018-08-15,0.8446156200532258,0.7804140810395904,1.0822659925973048
2018-08-16,0.8363952872278568,0.7733832551356965,1.0814758163869276
2018-08-17,0.8192051645125473,0.759881719636734,1.0780693143982636
2018-08-20,0.8253695041761214,0.7645679193700552,1.0795241119404566
2018-08-21,0.8393135331114898,0.7739543906142289,1.084448312833254
2018-08-22,0.8272067755124785,0.7652592978153233,1.080949657029982
2018-08-23,0.8344099922054093,0.7694755448514087,1.0843879286203175
2018-08-24,0.8297553774191946,0.7676751018658957,1.0808679028438044
2018-08-27,0.851066583361788,0.7847268947183113,1.0845385688829874
2018-08-28,0.8549429927816461,0.7869639350765414,1.0863814142874195
2018-08-29,0.8489786359346173,0.7818616872329296,1.0858424831369087
2018-08-30,0.8355400592837302,0.7700213660211545,1.085086851032619
2018-08-31,0.8241850396493245,0.7617470119250499,1.0819668823727766
2018-09-03,0.8283159814178164,0.7655519758972045,1.0819852962263656
2018-09-04,0.8365769798573579,0.7736854633102972,1.0812882230951744
2018-09-05,0.8228349232893216,0.7617802183418697,1.0801474014123742
2018-09-06,0.8188382471901411,0.7583502784090018,1.0797625721296515
2018-09-07,0.8197816865631341,0.7581019003674969,1.08136081200395
2018-09-10,0.8002831558707751,0.7443535503578663,1.0751384949880596
2018-09-11,0.8019695356153712,0.7440403230135584,1.0778576251985703
2018-09-12,0.8004840521801391,0.7426274867678758,1.0779079234786626
2018-09-13,0.8051809637086791,0.7469370989310736,1.077976933882327
2018-09-14,0.7912366996034739,0.7388479115583572,1.070906051469537
2018-09-17,0.7779642400069615,0.728138693226241,1.0684286486135672
2018-09-18,0.7967832267797276,0.740972601057885,1.0753207684631818
2018-09-19,0.8074561566203757,0.7494178267382983,1.077444554708124
2018-09-20,0.8093455013945217,0.7488783341457489,1.0807436461861968
2018-09-21,0.8207051926972863,0.7602282278517108,1.0795510645750082
2018-09-25,0.8164801918494392,0.7582237068650693,1.0768328455796186
2018-09-26,0.8196533705259682,0.761875146999819,1.0758368661238966
2018-09-27,0.806231746835419,0.752343118480123,1.0716277281357491
2018-09-28,0.8146123903043603,0.7595178636748531,1.0725388160891143
2018-10-08,0.7885354464602572,0.7351157634508885,1.0726683954627747
2018-10-09,0.7876647667645321,0.7332805505177188,1.0741656330696572
2018-10-10,0.7875791753557461,0.7324894783681416,1.0752088577577041
2018-10-11,0.7290376517261593,0.681471839432233,1.0697986469016176
2018-10-12,0.722947008983588,0.6768236856159409,1.068146733555391
2018-10-15,0.7080153435396791,0.6643426145764706,1.0657382621631921
2018-10-16,0.6929112657904798,0.6486056022501147,1.0683090978348966
2018-10-17,0.7016994919842306,0.6539372424036415,1.0730379713579732
2018-10-18,0.6794328312624586,0.6357558357485544,1.0687008959382618
2018-10-19,0.6978934784418821,0.653084448012935,1.0686113879533994
2018-10-22,0.7349860722678387,0.6855410401158087,1.072125561065866
2018-10-23,0.7244040085402262,0.6729507452793098,1.076459181629349
2018-10-24,0.7205629872932932,0.6716740106702792,1.0727867623971732
2018-10-25,0.7163967502804887,0.6699226327715023,1.0693723651591238
2018-10-26,0.7165686078779314,0.6698498169068166,1.0697451724131977
2018-10-29,0.7021246550827481,0.6585489882875908,1.0661692107499339
2018-10-30,0.7101625439000089,0.6651953345133278,1.0676000071762082
2018-10-31,0.724225680112011,0.6759551070091675,1.0714109156100937
2018-11-01,0.7309354884544764,0.6801365840975961,1.0746892691036172
2018-11-02,0.7593731980473422,0.7021228802709883,1.0815388864044106
2018-11-05,0.7597717293875675,0.7025785378291448,1.081404694961421
2018-11-06,0.759060906044925,0.702146631048938,1.0810575348214129
2018-11-07,0.7561643502975806,0.6985141021919289,1.082532690356209
2018-11-08,0.7516803793897192,0.6933233287214139,1.0841700376300967
2018-11-09,0.7511291540528682,0.6911527011968235,1.0867774266847072
2018-11-12,0.7743063187271223,0.7090429188470168,1.0920443574646104
2018-11-13,0.7904828054894623,0.7219923045990367,1.094863200693617
2018-11-14,0.7884682156022385,0.7191398287218977,1.096404599093831
2018-11-15,0.8038064643097245,0.7308947513684433,1.099756788244504
2018-11-16,0.8121604746365928,0.7371107543448104,1.1018160701759008
2018-11-19,0.8103777203962884,0.7389522958551767,1.0966576935233041
2018-11-20,0.783745588084195,0.7178646576437041,1.0917734697467019
2018-11-21,0.7911008629147115,0.7205889984460739,1.0978530960376776
2018-11-22,0.7903970187945397,0.7200605994770811,1.0976812498399968
2018-11-23,0.7504102254654627,0.6921256641004165,1.0842109524154127
2018-11-26,0.7502428496368142,0.6909707359889585,1.0857809318986886
2018-11-27,0.7546227803165645,0.6941649550347148,1.0870943207999118
2018-11-28,0.7630680399108023,0.7027414428515708,1.0858446554887091
2018-11-29,0.7417849993153687,0.6875281389016973,1.078915839721622
2018-11-30,0.7470906334707313,0.6924246707594944,1.078948606281281
2018-12-03,0.7701420389773617,0.7143397890528872,1.0781172360543716
2018-12-04,0.7787377557631424,0.7176684717506092,1.0850940042880342
2018-12-05,0.7697424757574197,0.7123669109522286,1.0805421530998633
2018-12-06,0.7518495255571944,0.697873352364234,1.0773437945582842
2018-12-07,0.751638221932999,0.6978528031018073,1.0770727273604503
2018-12-10,0.7435850149430904,0.6896813442255348,1.0781573565370044
2018-12-11,0.7507044529921063,0.6954180133196451,1.0795010175369861
2018-12-12,0.7468994397480057,0.6950619750119483,1.0745796297303793
2018-12-13,0.7527176680599345,0.7029471588373856,1.0708026323128825
2018-12-14,0.7307592051544355,0.6861674948044245,1.064986625988048
2018-12-17,0.7272801582504439,0.6851470303449323,1.061495016455519
2018-12-18,0.7223796602291245,0.6814481631081328,1.0600654596151529
2018-12-19,0.7114324897530194,0.6720552888329131,1.0585922045022345
2018-12-20,0.7150907608238851,0.6739316747447854,1.061073084440921
2018-12-21,0.7092211490980388,0.6694036894413796,1.0594819841669636
2018-12-24,0.7163985043810055,0.6762984137086215,1.0592934862178471
2018-12-25,0.708853458113371,0.6685129980413427,1.060343568771618
2018-12-26,0.7085246000411901,0.6658076429705627,1.0641581056054594
2018-12-27,0.6974315614923685,0.6583496753328217,1.0593634167736004
2018-12-28,0.70101170634044,0.6594206939560375,1.0630720460634728
2019-01-02,0.6974348025163208,0.6537125406862366,1.0668830091345451
2019-01-03,0.6959132962562161,0.6506828646475924,1.069512252536603
2019-01-04,0.7163906064684746,0.6661983767720667,1.075341266875498
2019-01-07,0.7298087167035275,0.678450055501622,1.0756999882090552
2019-01-08,0.7276782390365064,0.6767066441647279,1.0753230300179684
2019-01-09,0.7301183688634519,0.6785213078354709,1.0760433908738682
2019-01-10,0.7299699327700959,0.6774280275112929,1.0775608671696524
2019-01-11,0.7359250401065383,0.6826520818524773,1.0780382271881408
2019-01-14,0.7306288708358204,0.678170034574134,1.0773535154714238
2019-01-15,0.7417877733304186,0.687790737628432,1.0785079425294
2019-01-16,0.738879174257145,0.6861327248567676,1.0768749944282112
2019-01-17,0.7347241887835262,0.6808880467993073,1.079067538690523
2019-01-18,0.7402845273746742,0.6878619155084317,1.0762109526408283
2019-01-21,0.7433251771818611,0.6919469004080742,1.0742517623006718
2019-01-22,0.7325868327314473,0.6816031760225251,1.074799617288223
2019-01-23,0.7335855343729221,0.6827786533964098,1.0744119352937864
2019-01-24,0.7382445819563926,0.6863368028578961,1.0756301846008451
2019-01-25,0.7309785480396156,0.6832153252229762,1.0699094722458855
2019-01-28,0.7254702819635219,0.6814401965462498,1.0646132788180538
2019-01-29,0.7082654103385289,0.6730662231996855,1.0522967665373404
2019-01-30,0.6973552309532198,0.6663154926771289,1.0465841461248022
2019-01-31,0.6805010561983833,0.660754460213687,1.0298849227265303
2019-02-01,0.7059615787301817,0.6793914499730812,1.0391087181891283
2019-02-11,0.7310438307939559,0.6965729414311027,1.0494864030923066
2019-02-12,0.7451832811847805,0.7023649297352964,1.0609631113922804
2019-02-13,0.758637282619292,0.71390311722632,1.0626613952419406
2019-02-14,0.7627074501024164,0.7170292854537503,1.0637047406226372
2019-02-15,0.7620280446767722,0.7123716015447386,1.0697058150891423
2019-02-18,0.7919608565425196,0.7374113245347248,1.073974361652519
2019-02-19,0.797352617298858,0.7384049111545937,1.0798311404133156
2019-02-20,0.796243490743063,0.7384586668338403,1.078250586667195
2019-02-21,0.794655190485902,0.7371170829220068,1.0780583015873249
2019-02-22,0.8178318705761473,0.7558110298761705,1.082058660496312
2019-02-25,0.862954994483138,0.7980606856946383,1.081315005176599
2019-02-26,0.8608149144398141,0.7971414784702919,1.0798772083616963
2019-02-27,0.8554866749340712,0.793872880029013,1.077611663598845
2019-02-28,0.8554134334085515,0.795045230341224,1.0759305266713168
2019-03-01,0.8639674428723931,0.8016805573972541,1.0776953923859154
2019-03-04,0.8841370959266297,0.8160806764042868,1.0833942298722286
2019-03-05,0.9151137204830017,0.8377616373414047,1.0923318515599139
2019-03-06,0.9363754640725407,0.8527503140277229,1.098065223394452
2019-03-07,0.9538386403466353,0.8636018881198383,1.1044888315648
2019-03-08,0.916562101443688,0.8299160629638332,1.1044033756503284
2019-03-11,0.954364501250663,0.8632474877968277,1.1055514377300806
2019-03-12,0.9705956249280614,0.878217178751556,1.1051886121241985
2019-03-13,0.9442857721326083,0.8582607178735917,1.1002318438529384
2019-03-14,0.9115829285398868,0.8382694870479708,1.0874580819470059
2019-03-15,0.9196405474180215,0.8478426885463693,1.0846829958453141
2019-03-18,0.9411058092064261,0.870335270895491,1.0813141104095656
2019-03-19,0.9541079627494922,0.8736576250160164,1.092084513921573
2019-03-20,0.9563360343295009,0.8726466906492438,1.0959028946961258
2019-03-21,0.9752939698452159,0.8843050466531539,1.1028931402533881
2019-03-22,0.9789747591885014,0.889472218253418,1.1006243242884326
2019-03-25,0.9649203397343324,0.8780067721732308,1.0989896323304824
2019-03-26,0.9363990061388543,0.8535176353993502,1.097105633559317
2019-03-27,0.944703898154622,0.861902702369471,1.0960679152734072
2019-03-28,0.9271773712786574,0.8496003950223427,1.0913099578470353
2019-03-29,0.9604556586185189,0.877688779782563,1.0943009421363008
2019-04-01,0.9975771162080044,0.9109411346275244,1.0951060154023067
2019-04-02,1.0052699445350988,0.9137429818870905,1.1001670759308968
2019-04-03,1.012244398095353,0.9233130563238156,1.096317647803681
2019-04-04,1.0143962542619607,0.9289326095128638,1.092001985799502
2019-04-08,1.012076003033491,0.9251467057261484,1.093962716150096
2019-04-09,1.0143767928701164,0.9267952628589425,1.0944993285151303
2019-04-10,1.0097468246688974,0.9256418982783214,1.090861192159743
2019-04-11,0.9853037102203153,0.9060888283562545,1.0874250728902213
2019-04-12,0.9799786078114651,0.9040637581071862,1.083970681297102
2019-04-15,0.9712653187640641,0.8948259712002082,1.0854237025120421
2019-04-16,0.9952505164695,0.9139740121816916,1.0889264937564234
2019-04-17,1.007120267752935,0.9188341361071456,1.0960849495860419
2019-04-18,0.9987211040379024,0.913682897630647,1.0930719034227034
2019-04-19,1.004542937817504,0.9192217428469761,1.0928189478049926
2019-04-22,0.9871445842833239,0.9054354213741658,1.090242949392403
2019-04-23,0.9697101733760864,0.8904087732246678,1.0890617910964915
2019-04-24,0.9830139164741135,0.8985834336164634,1.0939595364203953
2019-04-25,0.9370658181102028,0.863570245233855,1.0851066526226194
2019-04-26,0.9253716539685436,0.8555980993123512,1.0815494502760932
2019-04-29,0.8852297007340937,0.8330644184383762,1.0626185456264043
2019-04-30,0.897004041030715,0.8397028725560798,1.0682398147575807
2019-05-06,0.8265208562209938,0.7766155200984811,1.064260029359424
2019-05-07,0.8386558970123802,0.7868358000017716,1.0658588450226743
2019-05-08,0.8399334410671552,0.7827761294109156,1.0730187208177309
2019-05-09,0.8289378593489235,0.7733895837128925,1.0718244424360548
2019-05-10,0.8624021148304984,0.8012201347927375,1.0763610116383155
2019-05-13,0.8501855733780829,0.7919775828393998,1.0734970178448684
2019-05-14,0.8469871568699168,0.7856033654331173,1.0781358560028032
2019-05-15,0.8720038406963813,0.803156604961053,1.0857208112466021
2019-05-16,0.8760553795184487,0.8081876749246651,1.083975178908921
2019-05-17,0.8462657684409391,0.7819598174064011,1.082236899650199
2019-05-20,0.8418209348657356,0.7789506906301835,1.0807114557979134
2019-05-21,0.8624658066246451,0.7926056755127016,1.0881398320378592
2019-05-22,0.8549146267924077,0.7873088053068314,1.0858695101971187
2019-05-23,0.8310361447856787,0.7709389352608137,1.07795326812043
2019-05-24,0.8261113757948072,0.7660091969861967,1.0784614323758486
2019-05-27,0.8528682533525511,0.7851824778226172,1.0862038792786521
2019-05-28,0.8539401451244071,0.7840022354023727,1.0892062631506914
2019-05-29,0.8593264789445658,0.7842190450117439,1.0957735398171784
2019-05-30,0.8513181504314816,0.7793999451572937,1.092273813619109
2019-05-31,0.8479149411245644,0.7771217318203608,1.0910966794589245
2019-06-03,0.832107346041557,0.7679171513302028,1.0835900000412317
2019-06-04,0.8173525839922163,0.7586761629077019,1.0773405359931585
2019-06-05,0.8137516034922356,0.7568425879592183,1.0751926707592778
2019-06-06,0.7943052392397687,0.7402242654178464,1.073060255315184
2019-06-10,0.8039449997966511,0.7475778487587676,1.0753997073769268
2019-06-11,0.8393964144176214,0.7754558269406627,1.0824554865094222
2019-06-12,0.8367289864917634,0.7694470290270978,1.087441961469054
2019-06-13,0.8453963947383374,0.771687270900851,1.0955168325524405
2019-06-14,0.8274030526567189,0.7586951486392916,1.0905606212727919
2019-06-17,0.8255328374450867,0.7598153068030928,1.0864914539804402
2019-06-18,0.82330864575239,0.7589514932426792,1.0847974515930392
2019-06-19,0.8324446059009475,0.7687240076958466,1.0828913856822233
2019-06-20,0.847331584472728,0.7838819924356367,1.0809427855842741
2019-06-21,0.8632538651924144,0.7944155741370844,1.0866527461147826
2019-06-24,0.8650425478854786,0.7948727952260777,1.0882779648276215
2019-06-25,0.8563343201810375,0.7870873051049495,1.087978823476075
2019-06-26,0.8516277613401558,0.7851255206278475,1.084702686341323
2019-06-27,0.8601363661237523,0.7922275244117409,1.0857188618414089
2019-06-28,0.8508977205972686,0.7832096741758079,1.0864239151446777
2019-07-01,0.8717355667837886,0.8069061752692743,1.0803431594669355
2019-07-02,0.8676103268895181,0.8043985696224264,1.0785826326080645
2019-07-03,0.8606011738666797,0.7974864231544314,1.0791421005797188
2019-07-04,0.85627014998834,0.7950024938316836,1.0770659924113744
2019-07-05,0.8582822980874885,0.7977933219215426,1.0758203591128763
2019-07-08,0.8267830512012684,0.770600393607719,1.0729076419628065
2019-07-09,0.8292341921402372,0.772315363574153,1.0736989463768698
2019-07-10,0.8227535744353602,0.7663414100620942,1.0736123138232803
2019-07-11,0.8234155007750964,0.7664505594052735,1.0743230475479393
2019-07-12,0.8270760471344719,0.7691432573216602,1.0753211957087778
2019-07-15,0.8383966145755153,0.7792290735729848,1.075930869379951
2019-07-16,0.840950631888576,0.7802938380728532,1.077735835983956
2019-07-17,0.839386184469404,0.7798255233603035,1.0763769065321829
2019-07-18,0.8221345884599099,0.7663809450561107,1.0727492557891263
2019-07-19,0.8274925836025666,0.771851813907963,1.072087373109728
2019-07-22,0.8081423300711251,0.7556955519557935,1.0694019939373676
2019-07-23,0.8160620235532676,0.7631867260103543,1.0692822552343448
2019-07-24,0.8257102679566143,0.7709563574615663,1.0710207652678674
2019-07-25,0.8273092931374462,0.773900634934981,1.0690122940743578
2019-07-26,0.8271643721289063,0.7749242264561468,1.06741323072536
2019-07-29,0.8273612655088238,0.7747517913410014,1.0679049403380685
2019-07-30,0.8333355841394832,0.7788494333950371,1.0699572323073263
2019-07-31,0.8288927506116955,0.7757295192909541,1.0685332064832787
2019-08-01,0.8226330060535907,0.770551328520983,1.0675901469569518
2019-08-02,0.8117569262235941,0.7609717984453878,1.066737200881763
2019-08-05,0.8015721882954447,0.7518051894184095,1.0661966684687754
2019-08-06,0.7824573958346174,0.7357596403402561,1.0634687647079495
2019-08-07,0.7821461523901269,0.7319310000440012,1.0686064018918544
2019-08-08,0.7869046730091445,0.7366361110550629,1.068240697407684
2019-08-09,0.7775492379615989,0.7278160102430618,1.0683321430397337
2019-08-12,0.7973544213086805,0.7412162885068784,1.0757378563750777
2019-08-13,0.7930460173844106,0.7369984034861069,1.0760484875315748
2019-08-14,0.7964553333598877,0.7410248676601431,1.074802436623715
2019-08-15,0.8017274012410138,0.7446177870692863,1.076696548435276
2019-08-16,0.8033666597451684,0.7471664912409876,1.0752177314735256
2019-08-19,0.8308635706169919,0.7712743498522341,1.0772607318993226
2019-08-20,0.8314264080410073,0.7708899446279266,1.078528023143821
2019-08-21,0.8331214265170096,0.7724894366739847,1.0784890860179017
2019-08-22,0.8338107731466349,0.7733105137248587,1.0782354026590952
2019-08-23,0.8323947495456366,0.7733089501940219,1.0764064599753955
2019-08-26,0.8268682219505106,0.7681766229952639,1.076403781628237
2019-08-27,0.8396160076180771,0.7809377894160716,1.0751381467221361
2019-08-28,0.8373078281878369,0.7796831676003045,1.0739077909875732
2019-08-29,0.8411660937605372,0.7806308161951109,1.0775466152623625
2019-08-30,0.8287599470122777,0.7730858864613035,1.072015362750722
2019-09-02,0.8478347385704583,0.7923572974711962,1.0700156877160316
2019-09-03,0.855243604093948,0.7980338078550139,1.0716884368504447
2019-09-04,0.8656119721113867,0.8058003122445522,1.0742264044304346
2019-09-05,0.8729639056827498,0.8129418510224622,1.0738331463496387
2019-09-06,0.8777725345689279,0.8155095409257533,1.0763485778136876
2019-09-09,0.8951491864827025,0.832725876785281,1.074962615474861
2019-09-10,0.8910175400727842,0.8298543407227028,1.0737035360890148
2019-09-11,0.8857971984996907,0.8254213585310957,1.0731454781786103
2019-09-12,0.8915566373359015,0.8294271989888559,1.0749064395558607
2019-09-16,0.8929190978910063,0.8306501034647904,1.074964168627056
2019-09-17,0.8737866063703924,0.8132646084594898,1.0744185807194355
2019-09-18,0.8719474131476286,0.8133578991327528,1.072034112015568
2019-09-19,0.8796665308986038,0.8213680165174362,1.0709773368439044
2019-09-20,0.8784335277499109,0.8233946502973413,1.0668438608784916
2019-09-23,0.8705705778035876,0.81817379747168,1.0640411370955953
2019-09-24,0.8690758363909664,0.8196388258657722,1.0603156036111083
2019-09-25,0.8521784727913548,0.8048099271402062,1.0588568108490746
2019-09-26,0.8293646230075267,0.7863358424032378,1.0547206146330328
2019-09-27,0.8403542020238839,0.7919348463298593,1.061140579832317
2019-09-30,0.8271683330286173,0.7816940171641423,1.0581740615457802
2019-10-08,0.8246204769621995,0.7818300443469449,1.0547311182585686
2019-10-09,0.8344316451204413,0.7883466919670761,1.058457723769189
2019-10-10,0.8472619380208153,0.7983786780853047,1.0612281631227225
2019-10-11,0.8454637683028403,0.7998279222633301,1.0570570803659507
2019-10-14,0.8637561532440632,0.8117900499726777,1.0640142155882972
2019-10-15,0.8498360463948511,0.8006948628854174,1.0613731719625958
2019-10-16,0.8449341255391997,0.7971130370998306,1.059992856989717
2019-10-17,0.84246604806296,0.7957666881416372,1.0586847384003726
2019-10-18,0.830646508327312,0.7850021505994377,1.0581455193377747
2019-10-21,0.8251515087694303,0.7832982742565601,1.053432052499533
2019-10-22,0.8358851328335184,0.7919221891754661,1.0555142212946775
2019-10-23,0.8289842376312438,0.7858533070054581,1.0548842007042496
2019-10-24,0.827100571293086,0.7844389072289387,1.0543849414798296
2019-10-25,0.8334085304230517,0.7901850319619194,1.0547004773727673
2019-10-28,0.8527822631336754,0.8044080252612963,1.0601364436371277
2019-10-29,0.8392262031384998,0.7922639323440835,1.0592760428402543
2019-10-30,0.8252782489835163,0.7828014437197011,1.0542625535563332
2019-10-31,0.8164688925940077,0.7779792912574266,1.0494738121812617
2019-11-01,0.824142757338658,0.7850875491646673,1.0497463094600665
2019-11-04,0.8243001927931886,0.7891203419159001,1.0445810974684488
2019-11-05,0.8274588605609783,0.7950467938720596,1.0407674956225714
2019-11-06,0.8141943740961393,0.7870462065800957,1.0344937403789911
2019-11-07,0.8216892203305682,0.7921626751089375,1.0372733355779107
2019-11-08,0.8149373616482029,0.7891915197958996,1.0326230594304429
2019-11-11,0.7931061556536679,0.771451550013739,1.0280699489676872
2019-11-12,0.7962023070324424,0.7723138000433158,1.030931089134736
2019-11-13,0.7932720465788348,0.7713534942941161,1.028415703625971
2019-11-14,0.7999687926897262,0.7771391540211131,1.029376513267266
2019-11-15,0.792450792381672,0.7702302090686411,1.0288492752574583
2019-11-18,0.7963515669022685,0.7740303335405865,1.0288376726265749
2019-11-19,0.8106382635163389,0.7871062908365387,1.0298968169277245
2019-11-20,0.8047228678682345,0.7825451735701624,1.0283404652499384
2019-11-21,0.803560456065329,0.7824565734894098,1.0269713148191792
2019-11-22,0.7927744699363781,0.7758687479892791,1.0217894096017033
2019-11-25,0.784159210513351,0.7754605919870219,1.0112173572921868
2019-11-26,0.7860338223118173,0.7724008365932313,1.01765014364655
2019-11-27,0.7924669049196299,0.7758972638135885,1.021355457582877
2019-11-28,0.7890770382515379,0.7735241218187063,1.0201065693934193
2019-11-29,0.7904364839179095,0.7744227053267766,1.0206783433401216
2019-12-02,0.7900942474703653,0.776080718098441,1.0180567936364406
2019-12-03,0.7917279495947004,0.7794079117191757,1.015806919188631
2019-12-04,0.7916282222362647,0.7784934695411891,1.0168720139718277
2019-12-05,0.7982588567914047,0.7859181563082608,1.0157022717748534
2019-12-06,0.8050800000051047,0.7927069327478464,1.0156086275344762
2019-12-09,0.8095214400116072,0.7949360809980432,1.0183478387284322
2019-12-10,0.812019262658219,0.7988042562883145,1.0165434851728365
2019-12-11,0.8056991186345152,0.7953600956702165,1.0129991723504639
2019-12-12,0.803402589146901,0.792942653634958,1.0131912887571293
2019-12-13,0.812308761277978,0.8027025853875815,1.0119672915788083
2019-12-16,0.831470431647493,0.8173131109729396,1.017321783395473
2019-12-17,0.8438776588631389,0.8283909503132962,1.018694927249007
2019-12-18,0.8458077038423154,0.828242191522251,1.021208183427338
2019-12-19,0.8496572132955584,0.8292895338213665,1.0245603961505914
2019-12-20,0.8378129084396425,0.8202621534927138,1.021396519237413
2019-12-23,0.819212575316754,0.804389039529706,1.0184283164719832
2019-12-24,0.8360754775718997,0.8166850182996376,1.0237428859814688
2019-12-25,0.8406595289836605,0.8200122119203722,1.0251792799706418
2019-12-26,0.847542487673058,0.8257140366129764,1.026435848359343
2019-12-27,0.8415697606954021,0.8193935748859404,1.0270641441294541
2019-12-30,0.8474743937874043,0.8293211767073496,1.021889248206742
2019-12-31,0.8499392666963372,0.833390302937076,1.0198573989893314
2020-01-02,0.8676976002280368,0.8489707388182027,1.0220583119695061
2020-01-03,0.8688609075756666,0.8512647363712025,1.0206706215500874
2020-01-06,0.8797397793836638,0.8598412241880584,1.0231421274484662
2020-01-07,0.8895897333082408,0.8701232263324782,1.0223721265984507
2020-01-08,0.8772167386007622,0.8580930478048046,1.0222862670253305
2020-01-09,0.8892725569840927,0.8697593703705973,1.022435155375424
2020-01-10,0.8835930774327104,0.8670207344291481,1.0191141253553453
2020-01-13,0.8966682772041742,0.8795825134413375,1.0194248561126906
2020-01-14,0.8946433861823474,0.8768455154845746,1.0202976127304901
2020-01-15,0.8925610574516353,0.8748995896773888,1.0201868511342644
2020-01-16,0.8912672525306281,0.8745262036227883,1.0191429929011717
2020-01-17,0.8845659562227572,0.8717385770484524,1.0147147086431991
2020-01-20,0.8943834290248935,0.8839981478860409,1.0117480802009458
2020-01-21,0.881241103617859,0.873936082412666,1.0083587591268988
2020-01-22,0.8902553058870798,0.8820948841345453,1.0092511836303653
2020-01-23,0.8546900991388956,0.8508059517513722,1.0045652564836058
2020-02-03,0.7871973366952983,0.7769477331743776,1.0131921403246058
2020-02-04,0.8037015316655687,0.790485676605683,1.0167186521539948
2020-02-05,0.8318254140902048,0.8106557455774953,1.0261142521078768
2020-02-06,0.8603306957496851,0.8357998528643009,1.0293501402295258
2020-02-07,0.8711139337311802,0.8427847407431324,1.0336137943872457
2020-02-10,0.8751324727487635,0.8524971709398566,1.02655176178937
2020-02-11,0.8639077446784712,0.8482018539157382,1.0185166899721174
2020-02-12,0.8789145844642607,0.8638122946981617,1.0174833003174333
2020-02-13,0.865382238893918,0.8563590921067806,1.0105366392093051
2020-02-14,0.8608629204108588,0.857618404515058,1.0037831696226662
2020-02-17,0.8884016690761586,0.8850897902255327,1.003741856348588
2020-02-18,0.9036944421486377,0.895590091056311,1.0090491745869674
2020-02-19,0.8934026288577863,0.8864852042704621,1.0078032036564186
2020-02-20,0.9053444262732729,0.9028518728009566,1.0027607557201865
2020-02-21,0.9195784147501128,0.9150846402527714,1.0049107746974095
2020-02-24,0.9333185189483422,0.9279691022481389,1.0057646495850385
2020-02-25,0.9414539771770349,0.9330713500917507,1.0089839079127871
2020-02-26,0.9115625841372277,0.9086550291825561,1.0031998446729418
2020-02-27,0.9106591816744998,0.9102908547071077,1.0004046255825678
2020-02-28,0.8588998561258829,0.8624421949620185,0.9958926652048935
2020-03-02,0.893653125786,0.8948955855493692,0.9986116148258721
2020-03-03,0.9030298068121113,0.9033755811774391,0.9996172418509729
2020-03-04,0.8964156103978513,0.904402374214128,0.9911690149827209
2020-03-05,0.9056633232569632,0.9177884317927144,0.9867887760231764
2020-03-06,0.9003770302563643,0.9118935482686886,0.9873707648944446
2020-03-09,0.8534927275987151,0.8742335255409066,0.9762754489089642
2020-03-10,0.8894431595398478,0.8978525201771769,0.990633917655352
2020-03-11,0.8740217336735419,0.8843130132150346,0.9883624017879399
2020-03-12,0.862170562905154,0.8691803427840311,0.991935183604792
2020-03-13,0.8570673844033762,0.8633771864024317,0.9926917202603562
2020-03-16,0.814773811336463,0.8227033463059217,0.9903616108952715
2020-03-17,0.817076605993452,0.8245938784491748,0.9908836669150872
2020-03-18,0.8019490808548906,0.8099453814006371,0.9901273583017184
2020-03-19,0.8076849885273141,0.8160126255859589,0.9897947203296457
2020-03-20,0.8173422798384997,0.8257361494062394,0.9898346831808497
2020-03-23,0.7777562448016515,0.7908717198146762,0.9834164319137647
2020-03-24,0.7894556912481274,0.8062385476019547,0.9791837584499705
2020-03-25,0.8143055228810774,0.8254419077935213,0.9865085782448186
2020-03-26,0.8026175677390815,0.8173242045964954,0.9820063607871807
2020-03-27,0.7940019336888878,0.8127725429689894,0.9769054584305541
2020-03-30,0.7701664347993495,0.795393302087036,0.9682837820968652
2020-03-31,0.7650613001732255,0.7976019010748061,0.9592019516782362
2020-04-01,0.7666662591693044,0.7940849245920223,0.9654713689007447
2020-04-02,0.7982279525292558,0.814332500021031,0.9802236218112881
2020-04-03,0.7888758666539636,0.8079788318771751,0.9763570969070692
2020-04-07,0.8199629841697458,0.8332969378099631,0.9839985567746582
2020-04-08,0.822631946907064,0.8340452734500008,0.9863156990318691
2020-04-09,0.8348105269106526,0.842060155881044,0.9913906044363231
2020-04-10,0.8105823078281857,0.824032273063362,0.983677865934576
2020-04-13,0.8004008799971734,0.8178099415097984,0.9787125826809034
2020-04-14,0.823719384723174,0.8367016378878941,0.9844840112928528
2020-04-15,0.8207559506114404,0.8335627380522211,0.9846360845367125
2020-04-16,0.8284226986831517,0.8411915772742707,0.9848204868711425
2020-04-17,0.8275255407229851,0.8414257346305455,0.9834801892365894
2020-04-20,0.8384590487423835,0.8514467015790671,0.9847463701338004
2020-04-21,0.8363768636808857,0.8454489972890586,0.989269448970591
2020-04-22,0.8433941243535286,0.852369035865087,0.9894706270008393
2020-04-23,0.8383046763233708,0.8476497041687954,0.9889753658858546
2020-04-24,0.8208937925325543,0.8343221673158151,0.9839050485420248
2020-04-27,0.8169703930066639,0.8330834041699643,0.9806585858238834
2020-04-28,0.8058050669556296,0.8270920284571525,0.9742628863909724
2020-04-29,0.7996919996467075,0.8269274854500405,0.9670642392681983
2020-04-30,0.8187871403836976,0.84702794007269,0.9666589514313202
2020-05-06,0.8373271674140865,0.8624469600083783,0.9708738116555623
2020-05-07,0.8383618614245162,0.8615657242472117,0.9730677971863728
2020-05-08,0.8477057146360829,0.8713667545246884,0.9728460607823947
2020-05-11,0.8486607228949746,0.8695457622767487,0.9759816673396344
2020-05-12,0.8520711684376998,0.8721198552110859,0.9770115464593642
2020-05-13,0.858792999845998,0.8758883367970483,0.9804822872587109
2020-05-14,0.8527626432915354,0.868109249706966,0.9823218029060157
2020-05-15,0.8553747550652689,0.8714031624570313,0.981606209292874
2020-05-18,0.8530881078902272,0.8667976706964293,0.9841836644586421
2020-05-19,0.8596384011297974,0.8777236241840671,0.9793953101455122
2020-05-20,0.8554046454908971,0.8685189692400598,0.9849003600224904
2020-05-21,0.8434986893775087,0.8584679973902413,0.9825627652303411
2020-05-22,0.8243992577184217,0.8429730345281936,0.9779663452459455
2020-05-25,0.8177782033153237,0.8411330565486641,0.9722340561323675
2020-05-26,0.8416182219565278,0.8575250393879453,0.9814503172493121
2020-05-27,0.8311917138712618,0.849502339302718,0.9784454679118532
2020-05-28,0.8284461469968591,0.8481844317149847,0.976728782113796
2020-05-29,0.835715061671379,0.8553307355392546,0.9770665626139242
2020-06-01,0.8663837922244132,0.881140906962542,0.9832522646247359
2020-06-02,0.8651327443553823,0.880659935095599,0.982368687252099
2020-06-03,0.8680509939316303,0.881588672412665,0.9846439967927607
2020-06-04,0.8672284653058481,0.8822910700276402,0.9829278508720255
2020-06-05,0.8664092142105783,0.88366273329462,0.9804749952284236
2020-06-08,0.8631563734440872,0.8820616777177251,0.9785669134583036
2020-06-09,0.8721661305013817,0.8876116165576107,0.9825988238908695
2020-06-10,0.8713579761647382,0.8883805759139243,0.9808386178055796
2020-06-11,0.8674983595825014,0.8842449623967088,0.981061127259559
2020-06-12,0.8695541924407783,0.8846231134976691,0.9829657163293976
2020-06-15,0.8682392655245558,0.884488575391854,0.9816285813979007
2020-06-16,0.8874362024637077,0.9010467392229334,0.984894749443338
2020-06-17,0.8927784767690661,0.9073940787895926,0.9838927734242846
2020-06-18,0.8932086893796577,0.9072327372980035,0.9845419512085583
2020-06-19,0.9022068581548873,0.9155781948202583,0.9853957458346898
2020-06-22,0.901444481171996,0.9150846402527715,0.9850941011565797
2020-06-23,0.9112276757425382,0.9182978450301176,0.9923007885449764
2020-06-24,0.9050066422626313,0.9158851680412188,0.9881223911488237
2020-06-29,0.9012410413373485,0.9116688465512841,0.9885618497841815
2020-06-30,0.9197469878742732,0.9278029957101901,0.9913171137912199
2020-07-01,0.9260233201450921,0.9305669459604258,0.9951173573969531
2020-07-02,0.9388374468749195,0.9453420145528958,0.9931193498460421
2020-07-03,0.9503991478345762,0.9574022724357157,0.9926852851692916
2020-07-06,0.9939106563808662,0.9966935045493882,0.9972079198311018
2020-07-07,1.0090343778421098,1.00937709005915,0.9996604715716103
2020-07-08,1.0372071507639289,1.0339611554909798,1.003139378356441
2020-07-09,1.0614385799367565,1.059010334119836,1.0022929387359931
2020-07-10,1.0518318250495755,1.0562717726322362,0.9957965859755996
2020-07-13,1.085304383566865,1.0915649819423323,0.9942645664902815
2020-07-14,1.0724411889961685,1.0770429819838776,0.995727382226443
2020-07-15,1.042746722132627,1.0503231334289636,0.9927865900928964
2020-07-16,0.9962710267460106,0.9998798314871106,0.996390761542082
2020-07-17,0.9987202435769028,1.0037701195706454,0.9949690911342304
2020-07-20,1.0358855486456624,1.032602149378393,1.003179733132694
2020-07-21,1.038801423684586,1.038375151950997,1.0004105180413727
2020-07-22,1.0512889590258327,1.0474515973663858,1.0036635217026688
2020-07-23,1.0525970324221026,1.0473566687084366,1.005003418482195
2020-07-24,0.9982957742172645,0.9941811338561803,1.0041387230364396
2020-07-27,0.9977732938569791,0.9965163043878829,1.0012613837461177
2020-07-28,1.009092157812287,1.0061543551890844,1.0029198329342326
2020-07-29,1.0375915846064019,1.033146332563453,1.0043026354571858
2020-07-30,1.0358793063359784,1.0301672851423815,1.0055447511059403
2020-07-31,1.0490752562927677,1.0409619020397272,1.007794093364169
2020-08-03,1.0766304303459457,1.066297430173268,1.0096905421323192
2020-08-04,1.0656808196912613,1.0596368632623008,1.0057037997058285
2020-08-05,1.0783897199520895,1.071523048045289,1.0064083287049466
2020-08-06,1.077820265113831,1.0711212206202285,1.0062542356221116
2020-08-07,1.0657154734209118,1.0582398856865345,1.0070641712106017
2020-08-10,1.066035995652443,1.0640018690894313,1.0019117697272022
2020-08-11,1.0415586580643998,1.0443127719845617,0.9973627499403956
2020-08-12,1.0270184873172812,1.0328505274198976,0.9943534519780078
2020-08-13,1.0326077805504739,1.036688697808872,0.9960635075244636
2020-08-14,1.045444071359978,1.047905691393705,0.9976509145298628
2020-08-17,1.06944710140234,1.0670473293441423,1.0022489837069108
2020-08-18,1.0810697700422274,1.074143004550839,1.0064486436741118
2020-08-19,1.057990830695422,1.054662750493458,1.0031555871300155
2020-08-20,1.0439682219230968,1.0431958153362835,1.00074042339459
2020-08-21,1.0509327495976202,1.0511299897946074,0.9998123541342154
2020-08-24,1.0614258788045299,1.0582525428409275,1.002998656592011
2020-08-25,1.0482325089658977,1.0524921229688675,0.995952830515297
2020-08-26,1.0236338028850285,1.0324518270565104,0.9914591422665967
2020-08-27,1.0317284543629288,1.0408226733414012,0.9912624703406231
2020-08-28,1.0484058790473547,1.058608506694775,0.9903622277896903
2020-08-31,1.0487596925799343,1.0550044936620755,0.9940807824804001
2020-09-01,1.0562962509363565,1.0616540414033355,0.9949533555583729
2020-09-02,1.0582194763952288,1.0627773266288105,0.995711377991061
2020-09-03,1.046201015444678,1.054026765712123,0.9925753780434999
2020-09-04,1.0391260825549173,1.047117820759651,0.9923678710778354
2020-09-07,1.0165386848105005,1.0250049530423264,0.991740266028279
2020-09-08,1.0218297541241836,1.0323284570281015,0.9898300750769364
2020-09-09,0.9903412884237038,1.0045026709946163,0.9859020956540708
2020-09-10,0.9789485337861957,0.9865222152789842,0.9923228474985263
2020-09-11,0.9975580411637643,0.9986093510014272,0.9989472261233999
2020-09-14,1.005164720956464,1.0048222269161207,1.0003408503824547
2020-09-15,1.0102178847177292,1.0106189802666743,0.9996031189233758
2020-09-16,1.0043310113001296,1.0052335844339009,0.9991021259657977
2020-09-17,1.0095059747359465,1.0073187389394125,1.002171344294495
2020-09-18,1.0260495129037301,1.0235272674938412,1.0024642679193734
2020-09-21,1.0249878591272958,1.0198077765407656,1.0050794695879859
2020-09-22,1.00730097193854,1.005994577228332,1.0012986100917236
2020-09-23,1.0115159875122277,1.011275588764286,1.0002377183337685
2020-09-24,0.984685189520097,0.9879571643179303,0.996688141028774
2020-09-25,0.983126885828541,0.9867310583264727,0.9963473608461819
2020-09-28,0.9695890301506509,0.977488506373135,0.9919185993789388
2020-09-29,0.9777380007340234,0.9854464316094086,0.9921777271416002
2020-09-30,0.9710230911733232,0.9797081989844615,0.9911350054841421
2020-10-09,1.0021705948072146,1.0058869914159894,0.996305353742031
2020-10-12,1.0327676788013949,1.034872396153443,0.9979662059207771
2020-10-13,1.0328472267268771,1.0364893104002542,0.9964861348430399
2020-10-14,1.0248500006477639,1.029681622682928,0.9953076543965358
2020-10-15,1.0131997150668628,1.0220353612601254,0.991354852749548
2020-10-16,1.0058167609573705,1.0170739056456761,0.98893183216498
2020-10-19,0.9938846747785571,1.005942385079922,0.9880135179904891
2020-10-20,1.0073417896805663,1.016192744338359,0.9912900828045614
2020-10-21,0.9898703210490575,1.004627679007712,0.9853106197778358
2020-10-22,0.9845284842399287,0.9994273009906279,0.9850926458223308
2020-10-23,0.9664189009929334,0.9829925816418074,0.9831395669118963
2020-10-26,0.9706410243774464,0.9831697818033127,0.9872567712538048
2020-10-27,0.9729465767357908,0.9842708797816749,0.9884947291660239
2020-10-28,0.9771327648995384,0.9881723359426156,0.9888282937686709
2020-10-29,0.9759578012298521,0.9896262707131515,0.9861882511733955
2020-10-30,0.9509259471932398,0.9668900753688847,0.9834892004972184
2020-11-02,0.958417258130353,0.9718958310237104,0.986131669194259
2020-11-03,0.9757717805927093,0.9875031447444603,0.9881201753997586
2020-11-04,0.9745199777626679,0.9862991515462661,0.9880571997196474
2020-11-05,0.9986356128797773,1.0049393428211832,0.9937272533049514
2020-11-06,0.9856108652105481,0.9969133667665836,0.9886625037512594
2020-11-09,1.007739243375839,1.015961714043758,0.9919067120795412
2020-11-10,0.9971792506489409,1.0082791191424618,0.9889912740601419
2020-11-11,0.9799344703265611,0.9958628974057946,0.9840054016263415
2020-11-12,0.9845035045580661,0.9991662657947302,0.9853250037169725
2020-11-13,0.9870074903917941,0.9978183533057001,0.9891655000350611
2020-11-16,0.9966655320005613,1.010538346747805,0.986271857181976
2020-11-17,0.9902347798645474,1.0025598722491047,0.9877063777179635
2020-11-18,0.9900339392567641,1.0032037491384735,0.9868722481419957
2020-11-19,0.9947640363160678,1.0063030395262806,0.9885332720294229
2020-11-20,1.0106958758183555,1.0161737586067696,0.9946093050110597
2020-11-23,1.0180903013790004,1.0240746521944244,0.9941563334249114
2020-11-24,1.01807303041013,1.024432254032958,0.9937924410347359
2020-11-25,0.994844687356425,1.0046845617486329,0.9902060061766235
2020-11-26,0.9887283884594875,1.0021421861541282,0.9866148757332349
2020-11-27,0.989959750306581,1.004880747641728,0.9851514745703269
2020-11-30,0.9824166102360018,1.0000285158243074,0.9823885966153791
2020-12-01,0.99960176802781,1.0167480211469757,0.9831361824537181
2020-12-02,1.0015691409997096,1.0180706193272195,0.9837914207381657
2020-12-03,0.9957846176791332,1.019004047236796,0.9772136041847662
2020-12-04,0.9983507117032258,1.0227773683229675,0.9761173278014611
2020-12-07,0.9861575196122945,1.0164411223798646,0.9702062400853431
2020-12-08,0.9873212664205507,1.0162781429035894,0.9715069376575329
2020-12-09,0.9706043002538661,0.9978578882997171,0.9726879063988868
2020-12-10,0.9677982080267982,0.9998956157031785,0.967899241508517
2020-12-11,0.9505685864378655,0.9823866762156191,0.9676114400285595
2020-12-14,0.9605891607787623,0.9902322505931905,0.9700645077993867
2020-12-15,0.9627036004254994,0.9912700627995863,0.971181957928389
2020-12-16,0.9524306505569149,0.9865016660165584,0.96546278974143
2020-12-17,0.970362336720564,0.998123688541975,0.9721864613172705
2020-12-18,0.9702878220701349,0.995437319202785,0.9747352277762786
2020-12-21,0.984384887861759,1.0123150389553688,0.9724096254438426
2020-12-22,0.9598670928712363,0.9888146493011482,0.97072499234273
2020-12-23,0.968637295464783,0.9979179725561602,0.9706582325435277
2020-12-24,0.9529351447751069,0.9817206120791374,0.9706785546214954
2020-12-25,0.9660187829375678,0.9933141187802444,0.9725209424424629
2020-12-28,0.9584883922126664,0.9879318500091447,0.970196873603978
2020-12-29,0.9530616538012541,0.9808710192039539,0.9716482953841687
2020-12-30,0.9624765242297258,0.9918507283708384,0.9703844507032211
2020-12-31,0.9768366206984391,1.007333034078493,0.9697255899009091
2021-01-04,0.9910536545724585,1.0256346092464663,0.9662833582620477
2021-01-05,0.994612826547849,1.034643003843529,0.9613101551482255
2021-01-06,0.9884244461990985,1.0328093544411963,0.9570250714217124
2021-01-07,0.985784594104127,1.0343882972248275,0.9530121297281688
2021-01-08,0.9941930478549248,1.0374702398657307,0.9582858472967795
2021-01-11,0.9822255887266526,1.0213012463053186,0.9617393421186677
2021-01-12,0.993747287727872,1.0351967171213081,0.9599598523566619
2021-01-13,0.9796672110395387,1.0278685225430226,0.9531055670580997
2021-01-14,0.9732212688410055,1.0188474707915667,0.955217828714721
2021-01-15,0.9767639520936892,1.0153051799999964,0.9620397603937101
2021-01-18,0.991517993604361,1.0306450554938023,0.9620363366797556
2021-01-19,0.9877476717116592,1.0246189098333336,0.9640146811972542
2021-01-20,0.9970728523664095,1.0339611554909804,0.9643233182129997
2021-01-21,1.0111394207747522,1.047737946871071,0.9650690077555982
2021-01-22,1.0043255395546202,1.0501601539526892,0.9563546434079102
2021-01-25,1.0061408114407402,1.0513467249501303,0.9570018981972532
2021-01-26,0.9885878478141047,1.033571985220313,0.9564770155833707
2021-01-27,0.9908948224682838,1.0374006255165678,0.9551708357365538
2021-01-28,0.9728215485858657,1.01481155097866,0.9586228572661593
2021-01-29,0.9564490419704849,1.0040153705504773,0.9526239040006799
2021-02-01,0.9594833615074313,1.0114733381882182,0.9485997557049671
2021-02-02,0.9700879148369715,1.021204754116532,0.9499445737267617
2021-02-03,0.9555410355271645,1.0124305168757441,0.9438090018027758
2021-02-04,0.9374103786702463,1.0012704804856807,0.9362209282506181
2021-02-05,0.9202978505094026,0.9872025001006962,0.9322280387413229
2021-02-08,0.9279616931762794,1.0003797146317945,0.9276094662893383
2021-02-09,0.9506587755621478,1.0216936180915086,0.9304734401081495
2021-02-10,0.9585278662838568,1.032339476197809,0.9285006418762494
2021-02-18,0.9870288001897125,1.046478634462793,0.9431905895493041
2021-02-19,1.012688111101252,1.060549741909451,0.9548709231478127
2021-02-22,1.0114870509157738,1.053205688661249,0.960388898204201
2021-02-23,1.0085947381676055,1.0491191402307698,0.9613729265731913
2021-02-24,0.9979483631136951,1.0340829619885523,0.965056383091962
2021-02-25,0.9931448703844736,1.0282229228660327,0.9658847787756144
2021-02-26,0.972966257700417,1.0068963622519256,0.9663022870838228
2021-03-01,0.992765964508118,1.0265285021620254,0.9671099851754741
2021-03-02,0.9751826211601557,1.0178095841313208,0.9581189216177932
2021-03-03,0.9973044108343103,1.032273063364169,0.9661246100756556
2021-03-04,0.9726398818111274,1.0128513300323942,0.9602987654466715
2021-03-05,0.9659214980007084,1.013090252435029,0.9534407183161151
2021-03-08,0.9379429670219297,0.9898193295445727,0.9475900692437357
2021-03-09,0.9124480411910294,0.9663394891527788,0.9442313508175085
2021-03-10,0.9126324821069797,0.9591030217169195,0.9515479165869465
2021-03-11,0.9449075749173539,0.983082745253397,0.961167897086625
2021-03-12,0.9427800075116298,0.9844354227887869,0.9576859849687729
2021-03-15,0.9316613155273302,0.9767607199955243,0.9538275817762197
2021-03-16,0.9370553734802403,0.9801416692955054,0.9560407467971093
2021-03-17,0.9447836110491958,0.9849069390168597,0.9592618080163846
2021-03-18,0.9506369147643464,0.9925800038254362,0.9577433668828309
2021-03-19,0.9412129654836767,0.9819389107654954,0.9585249705095505
2021-03-22,0.9573393408850578,0.9976158388354082,0.9596272468996
2021-03-23,0.9296343025669952,0.9839275730822208,0.9448198505656792
2021-03-24,0.9113683066146704,0.9718040294274347,0.9378107921116856
2021-03-25,0.9153030873385177,0.9741566221598902,0.9395851411543218
2021-03-26,0.9319328254576611,0.9890883416514389,0.9422139420849429
2021-03-29,0.9407953451412675,0.9895867357191348,0.9506951853569354
2021-03-30,0.9463673504038735,0.993608434846811,0.9524550287757764
2021-03-31,0.9423826427987247,0.9894490705516459,0.9524316822828686
2021-04-01,0.9528387956897593,0.9985603603685409,0.9542125178472866
2021-04-02,0.954596631807824,1.0009255358015403,0.9537139354161683
2021-04-06,0.9608300292889458,1.0035343986835341,0.957446033289333
2021-04-07,0.9619272328523766,1.0043222693175882,0.9577874176841484
2021-04-08,0.9569024509440219,1.0056940070384175,0.951484690419825
2021-04-09,0.9549877546590908,1.0022908704913236,0.9528050017964897
2021-04-12,0.9373453576634909,0.9850746090856454,0.9515475772272142
2021-04-13,0.9319815251096868,0.9824419954257019,0.9486377103676741
2021-04-14,0.9422804053715861,0.9931100407791152,0.9488177207757841
2021-04-15,0.937381382136652,0.9929913613432164,0.943997519644742
2021-04-16,0.9472597053248909,1.0029791218749182,0.9444460853323963
2021-04-19,0.9616959320616619,1.0165328495222905,0.9460549479671034
2021-04-20,0.9639568811502206,1.0170517928524132,0.9477952724971035
2021-04-21,0.9582399554412528,1.0157417773727133,0.9433893306227957
2021-04-22,0.9676755634612361,1.0197302700835698,0.948952474836245
2021-04-23,0.9669810646933994,1.0224657045094958,0.9457344734680232
2021-04-26,0.9618868288060063,1.0192841426181327,0.9436886031948896
2021-04-27,0.9585338866700946,1.0198584051583388,0.9398695758371249
2021-04-28,0.9706214660966201,1.026734143693991,0.9453483864912797
2021-04-29,0.9706306019371945,1.0270806519089681,0.9450383474103484
2021-04-30,0.9716846331476935,1.0260965953818189,0.946971890873609
2021-05-06,0.9801403755384003,1.026672495906711,0.9546767634724492
2021-05-07,0.9710528788535133,1.0195672906072946,0.9524166651865772
2021-05-10,0.9725625933886409,1.0245588255768903,0.9492501251365706
2021-05-11,0.9753930851380287,1.0214025035404644,0.954954664549035
2021-05-12,0.9883316132237782,1.030263777331168,0.9592995842132658
2021-05-13,0.9752013017105922,1.0187113691549143,0.957289111752609
2021-05-14,0.9884891785866525,1.0324391699021183,0.9574309144822233
2021-05-17,0.9941773806780987,1.0407198525754193,0.9552785778207803
2021-05-18,0.9985498500893272,1.044114948106781,0.9563600750089117
2021-05-19,0.9933420392578367,1.041708599695079,0.9535699710539014
2021-05-20,0.9798333710775189,1.0360637321972443,0.9457269283999795
2021-05-21,0.980422484212413,1.0327650544008193,0.9493180274009426
2021-05-24,0.9840292341448518,1.0353375838043197,0.9504428792481996
2021-05-25,0.9949537428013492,1.047290255874797,0.9500267353965484
2021-05-26,0.9993887318420234,1.04864136987935,0.9530319521506259
2021-05-27,1.0079274267962555,1.057690863001266,0.9529508687786111
2021-05-28,1.0055172858973533,1.0549633951372226,0.953130023783017
2021-05-31,1.017298024412417,1.0645856617223572,0.9555811814772752
2021-06-01,1.0228614130469265,1.0662895380652349,0.9592717329881075
2021-06-02,1.0138483942667567,1.0570612067971272,0.9591198577220477
2021-06-03,1.0117368835574017,1.0548937807880598,0.9590888694040667
2021-06-04,1.0166435803723681,1.058901184776657,0.9600929671136389
2021-06-07,1.0249995788670887,1.063400654255753,0.963888422265886
2021-06-08,1.024377619567646,1.0575563993493002,0.9686269405564859
2021-06-09,1.0278323013470867,1.0588758704678705,0.9706825228654355
2021-06-10,1.0380626313821064,1.070383978603748,0.9698039695401619
2021-06-11,1.0308429323149284,1.0640999248090548,0.9687463632702595
2021-06-15,1.0242019679274141,1.054249829444842,0.9714983482299915
2021-06-16,1.0043404260425322,1.0388450301943837,0.9667856098369213
2021-06-17,1.016292907633782,1.0467364681431681,0.9709157353011779
2021-06-18,1.0329382461180094,1.0533164015352654,0.9806533389325812
2021-06-21,1.0516220330878638,1.0611350980732135,0.991035010525405
2021-06-22,1.0559680933602136,1.0662943031115948,0.9903157976918305
2021-06-23,1.0686223527718097,1.0742300411007557,0.994779806824989
2021-06-24,1.0624540133190365,1.0686801022608703,0.9941740386775594
2021-06-25,1.0689468845397916,1.077941639945798,0.9916556193093546
2021-06-28,1.0719048269349543,1.0803321296875839,0.9921993408128419
2021-06-29,1.0594694230620467,1.0703492086560913,0.9898352934667882
2021-06-30,1.0676969942810248,1.0771141598638778,0.9912570404013228
2021-07-01,1.0504271245967938,1.0626364599457994,0.9885103364986852
2021-07-02,1.043849707745104,1.0533622651064787,0.9909693391566358
2021-07-05,1.0526595990489438,1.0617410034994028,0.9914466857543153
2021-07-06,1.0524608054436313,1.0615021555506174,0.9914824948214106
2021-07-07,1.0603987532816255,1.0701450562011134,0.9908925403495428
2021-07-08,1.052561096843361,1.0676960457337212,0.9858246652211216
2021-07-09,1.0630486284030543,1.0765383337928354,0.9874693682831948
2021-07-12,1.0771087984572265,1.0923338668447977,0.9860618911033595
2021-07-13,1.0845159910081206,1.1014260964762534,0.9846470811593873
2021-07-14,1.0754958176767115,1.0914431754447609,0.9853887420556267
2021-07-15,1.0873983491734147,1.096768487021091,0.991456594569811
2021-07-16,1.0892733705037674,1.0956151224404698,0.994211697331654
2021-07-19,1.0842261142855825,1.0899543962727187,0.9947444755425318
2021-07-20,1.0878786648725867,1.0918196885610347,0.9963904079311464
2021-07-21,1.1057206528771506,1.1050158888237227,1.0006377863527176
2021-07-22,1.1127282316199942,1.1116622350494598,1.000958921277457
2021-07-23,1.1051894629189423,1.1052073096704582,0.999983852123163
2021-07-26,1.080590183048449,1.0866114928897668,0.9944586359699689
2021-07-27,1.0513401534572342,1.0630462539327432,0.988988155094661
2021-07-28,1.0405827091960727,1.047655675367515,0.9932487683332014
2021-07-29,1.0647005706704544,1.0693160870422063,0.9956836744273448
2021-07-30,1.065935382282698,1.0706497788460065,0.9955966958977099
2021-08-02,1.0860354884798527,1.0872110697387596,0.9989187184608143
2021-08-03,1.0781523934840638,1.0783529230097295,0.9998140409124073
2021-08-04,1.1019501548494381,1.0965991789676195,1.0048796096007078
2021-08-05,1.0958040178610815,1.0935125457342056,1.0020955151688153
2021-08-06,1.0970812306218178,1.0977905150114202,0.9993538982347693
2021-08-09,1.1068848069436672,1.1042232531433092,1.00241034029376
2021-08-10,1.1156965892366961,1.1105041798763287,1.0046757224821483
2021-08-11,1.120167253489833,1.1190933248475778,1.0009596417192475
2021-08-12,1.1212227531307553,1.1225232647804457,0.9988414390235869
2021-08-13,1.1199236841715978,1.1215249875680664,0.9985722088992944
2021-08-16,1.1182201614097995,1.1157662056806927,1.002199345809734
2021-08-17,1.0848354382471797,1.0907549240611667,0.9945730377343177
2021-08-18,1.0889461463868562,1.0981290566645148,0.991637676626506
2021-08-19,1.0951431583505227,1.0990862353520408,0.99641240434582
2021-08-20,1.0905902540605528,1.0948082660748262,0.9961472596207224
2021-08-23,1.1133410411542488,1.1113474441743156,1.0017938557292623
2021-08-24,1.120672126918674,1.1218239942271442,0.9989732192265474
2021-08-25,1.137377608724008,1.1316677610141606,1.00504551592486
2021-08-26,1.1290412801825256,1.1262633049959478,1.0024665415043312
2021-08-27,1.1353798713660133,1.1359568239149316,0.9994920999312897
2021-08-30,1.1426779884634541,1.1433561963732166,0.9994068271008512
2021-08-31,1.1376901337643237,1.1478588673678358,0.991141129025008
2021-09-01,1.1330141870801111,1.1380118990652965,0.9956083833663864
2021-09-02,1.1430441115327843,1.1560335277596314,0.9887638066587737
2021-09-03,1.1330190895732133,1.1515514060274388,0.9839066529229838
2021-09-06,1.1506435770088228,1.1636892448213043,0.9887893886872824
2021-09-07,1.176278218762987,1.1863969243412615,0.9914710621962436
2021-09-08,1.1786094364393402,1.1935336980728117,0.9874957350114458
2021-09-09,1.1880959765308,1.2051478284901946,0.9858508213214331
2021-09-10,1.1922607998845975,1.2036005285925464,0.9905784947425961
2021-09-13,1.2047199947597587,1.2100997540119243,0.9955542844841264
2021-09-14,1.1934716806490202,1.195523998374223,0.998283332055238
2021-09-15,1.2009791365411167,1.2011705038567437,0.9998406826382994
2021-09-16,1.174428065288626,1.1781716353318927,0.9968225596924916
2021-09-17,1.1703169621450236,1.1700429129651597,1.0002342214775433
2021-09-22,1.185534760836917,1.179228507723728,1.0053477787145444
2021-09-23,1.1927882371752445,1.1870155613756928,1.0048631846012714
2021-09-24,1.1620886145713616,1.167641255145968,0.9952445662996788
2021-09-27,1.1094486688043486,1.134450622542136,0.9779611794105575
2021-09-28,1.1162370280609621,1.1389295427588055,0.980075576367195
2021-09-29,1.0636882146378135,1.109078686476252,0.9590737137121871
2021-09-30,1.0910826183964533,1.1238538295225715,0.9708403261480723
2021-10-08,1.0738887036207923,1.121912594307896,0.9571946237783974
2021-10-11,1.0615327650761628,1.1217749291404073,0.946297459054102
2021-10-12,1.0261666021692777,1.0998978567640438,0.9329653620639945
2021-10-13,1.0228195727622837,1.1045492120958589,0.9260063395649933
2021-10-14,1.024615993441743,1.1087796798171743,0.9240934083592612
2021-10-15,1.0314875735609448,1.1112841584023487,0.9281942568531486
2021-10-18,1.0509173586877967,1.1182358398643604,0.9397993886649803
2021-10-19,1.0627575114812848,1.126506992444942,0.9434096003032374
2021-10-20,1.0604947822124946,1.1262569764187509,0.9416099561794808
2021-10-21,1.055573608884583,1.123005800178225,0.9399538352491676
2021-10-22,1.047665212077796,1.1115862921231003,0.9424956204495679
2021-10-25,1.0610966702041258,1.1239139137790148,0.9441084919362959
2021-10-26,1.0587784632018535,1.1236670992683466,0.9422527934574715
2021-10-27,1.050629523950525,1.115150770161783,0.9421412351247379
2021-10-28,1.024838122166234,1.099595648589443,0.9320136210805239
2021-10-29,1.0304901429037934,1.1110214852217641,0.9275159451107317
2021-11-01,1.0382894300057983,1.1170745831757054,0.9294718952910641
2021-11-02,1.0152601221800905,1.105104488904475,0.918700568474344
2021-11-03,1.0269858354287864,1.1102858067361199,0.9249742986878231
2021-11-04,1.0352776400624233,1.1191455169959867,0.9250607935608929
2021-11-05,1.0063505172602678,1.1061819105587367,0.9097513778289471
2021-11-08,1.014112440607203,1.1117287223369485,0.9121941533321657
2021-11-09,1.0229970325717197,1.1203953737653938,0.9130678834683684
2021-11-10,1.0182101735963303,1.11732296121721,0.9112944143626062
2021-11-11,1.024389741699853,1.1264247209413851,0.9094169567263594
2021-11-12,1.0309891097536454,1.1322388964926917,0.9105755975592384
2021-11-15,1.0252766391118846,1.1229994716010276,0.9129805178360214
2021-11-16,1.0156913431372345,1.1147298825512828,0.911154674361668
2021-11-17,1.0274182142910144,1.123999386798093,0.914073643062914
2021-11-18,1.0268114918503906,1.1208589234315833,0.9160934265542889
2021-11-19,1.042035138581289,1.1343383461372825,0.91862815193517
2021-11-22,1.056191330969395,1.1478161308582953,0.9201746713383558
2021-11-23,1.061040253921083,1.1488144080706746,0.9235958797757421
2021-11-24,1.065536303907755,1.1479806738654073,0.9281831377177712
2021-11-25,1.0594943400346954,1.1444098672495275,0.9257997246922399
2021-11-26,1.058132648783952,1.1422455683021338,0.9263617895727889
2021-11-29,1.0638415846619609,1.1425683257391612,0.9310966886586238
2021-11-30,1.0632652492496253,1.147450636911728,0.9266326716339789
2021-12-01,1.066755187636824,1.1506275082105808,0.927107321895865
2021-12-02,1.0551881433498196,1.1438482618637147,0.9224896155636606
2021-12-03,1.0633333952765227,1.1552282349248228,0.9204530872167609
2021-12-06,1.04788765978954,1.1455047111045422,0.9147824968603787
2021-12-07,1.043962110432294,1.1401841645745718,0.9156083226448067
2021-12-08,1.0612796553952009,1.1553974685244452,0.9185407483630357
2021-12-09,1.0629268633319722,1.158139231527568,0.917788495887483
2021-12-10,1.064434570586301,1.1559765705648604,0.9208098137025148
2021-12-13,1.0800305468739249,1.1633142952358655,0.9284082137535715
2021-12-14,1.0740941789891314,1.1587420098920835,0.9269485095212561
2021-12-15,1.0798838500974672,1.1571804893092053,0.9332026076088776
2021-12-16,1.090650242928172,1.1677393853194393,0.9339842919058695
2021-12-17,1.079744737996897,1.1572279908651046,0.9330440902917637
2021-12-20,1.059825938407167,1.138465993092615,0.9309245465718091
2021-12-21,1.0738261839721857,1.1510435563208714,0.932915334155122
2021-12-22,1.085918791505086,1.1553136334900527,0.9399341962447602
2021-12-23,1.0981865937450404,1.1608082531198547,0.946053399253056
2021-12-24,1.0801419271864388,1.151564063181831,0.9379781479129792
2021-12-27,1.0733002719390747,1.150613287525351,0.9328071243184102
2021-12-28,1.073377975196761,1.1527143007007785,0.9311743374262069
2021-12-29,1.059174134305179,1.1466612027468375,0.9237027744271086
2021-12-30,1.071692140576707,1.1566584189174094,0.9265415986681463
2021-12-31,1.076234777616858,1.1643220280871156,0.9243445985343267
2022-01-04,1.0727492234289853,1.163540486030258,0.9219698294203476
2022-01-05,1.0458250387819512,1.142690132236734,0.9152306555188533
2022-01-06,1.0526796127242788,1.1438434968173552,0.9203003869439027
2022-01-07,1.0359886989112126,1.1352559153769428,0.9125596131047067
2022-01-10,1.0328366772638882,1.1377508638693976,0.90778808442412
2022-01-11,1.0169781515777838,1.128854820131037,0.9008936609401493
2022-01-12,1.0334209293580228,1.1386178789453343,0.9076099615748594
2022-01-13,1.009520168686752,1.1229282937210283,0.8990067970783089
2022-01-14,1.0188318984712208,1.1202988815766077,0.9094286491096095
2022-01-17,1.0334343546795555,1.1324366459166237,0.9125758676266316
2022-01-18,1.0324639510064202,1.1332751451682508,0.9110443791239561
2022-01-19,1.0304148453392619,1.1262506478415535,0.9149072165366032
2022-01-20,1.014280481403948,1.1164464905024032,0.9084900082829046
2022-01-21,0.9964932304945495,1.1037629049926412,0.9028145682257669
2022-01-24,0.9977747471715166,1.1041789531029318,0.9036349989896102
2022-01-25,0.9532890676770214,1.0669540386708796,0.8934677906693598
2022-01-26,0.9562416237940186,1.073064019365741,0.8911319423040827
2022-01-27,0.9273425411819948,1.0451148633038463,0.8873115996556146
2022-01-28,0.9270659828229928,1.0410979292225297,0.8904695291395943
2022-02-07,0.9360366012776516,1.0562986504718594,0.8861476826269867
2022-02-08,0.9413463526086907,1.0666740177433915,0.8825061236610614
2022-02-09,0.9645120809541574,1.0826277652252694,0.8908990808613385
2022-02-10,0.9580056948023352,1.0822259378002088,0.8852178286815316
2022-02-11,0.9409890570468652,1.0671217087396652,0.8818010629342643
2022-02-14,0.9347429693819161,1.0593188708716332,0.8823999978521925
2022-02-15,0.9470988942504109,1.0695359492594008,0.8855231980806524
2022-02-16,0.9477357338302583,1.07139491297052,0.8845811403029648
2022-02-17,0.9486963811404946,1.0708823726714434,0.8859015755146465
2022-02-18,0.9592773401495169,1.081360486255109,0.8871022682469362
2022-02-21,0.9652323600989506,1.0864374197899342,0.8884380660283048
2022-02-22,0.9540715714790943,1.0734089640498814,0.8888239277222567
2022-02-23,0.9697796280281219,1.0896506245672803,0.8899913478352188
2022-02-24,0.9510142607901555,1.0702637356370117,0.8885793558389793
2022-02-25,0.9592972920619174,1.0788940535869636,0.8891487434494363
2022-02-28,0.9640239297612822,1.0842541351109505,0.8891125231103082
2022-03-01,0.9663975846594253,1.0875338271757857,0.8886138164263461
2022-03-02,0.9692932890704996,1.0877236844916842,0.8911208819760787
2022-03-03,0.9685105675576947,1.0852413931536227,0.8924379162715884
2022-03-04,0.9588516879120544,1.076425982934132,0.8907734513230603
2022-03-07,0.9381547318243872,1.0535743096694894,0.8904495138256459
2022-03-08,0.9055538434723868,1.0172654009462605,0.8901844519926072
2022-03-09,0.8949538400212902,0.9976031816810144,0.8971040354073906
2022-03-10,0.9111100896375354,1.0149001510594118,0.8977337215749408
2022-03-11,0.9225915758660124,1.024264509510322,0.9007356667147267
2022-03-14,0.8999546106989417,1.000446201919283,0.8995532283219672
2022-03-15,0.8467615558357647,0.9437125176055403,0.8972664238726356
2022-03-16,0.875088525399139,0.9739762949367107,0.8984700448546363
2022-03-17,0.8954632188945464,0.9915769615666964,0.9030698106173324
2022-03-18,0.9088265219955155,1.001813100139903,0.9071817107089116
2022-03-21,0.9115456364155563,1.006040440799545,0.9060725587642486
2022-03-22,0.9106096398913397,1.0059091042092527,0.9052603620753307
2022-03-23,0.9174310796499675,1.0122358945134853,0.9063411845229178
2022-03-24,0.9106246204330111,1.0036958146289723,0.9072715131024373
2022-03-25,0.9001373237170929,0.9916908759562358,0.90767934397817
2022-03-28,0.9048000550040943,0.9940703465283147,0.9101972090446241
2022-03-29,0.8999711468607379,0.9892908561217304,0.9097133985336241
2022-03-30,0.9249402649912221,1.0090353468905326,0.9166579425007657
2022-03-31,0.9167148945890451,1.000664500605642,0.9161061415031838
2022-04-01,0.9173791586340294,1.0069232400915487,0.911071591267098
2022-04-06,0.9137308843866704,1.0057224484088774,0.9085318577031426
2022-04-07,0.8904362273433885,0.9843104892295406,0.9046294203776786
2022-04-08,0.8838078742937228,0.9847107531237643,0.8975304387507186
2022-04-11,0.8508463451306092,0.9539818625955673,0.8918894357337677
2022-04-12,0.8636357805233479,0.9693312681820927,0.890960406284047
2022-04-13,0.8427588830469075,0.9562664045096969,0.8813013602407295
2022-04-14,0.8585640428154434,0.9692647808946037,0.8857889606006455
2022-04-15,0.8544630381206016,0.9604462436134393,0.889652121399213
2022-04-18,0.853015796066965,0.9609619854280389,0.8876686164510538
2022-04-19,0.858161531456088,0.9638714929537968,0.8903277436147019
2022-04-20,0.8292874754160904,0.9424373465273471,0.8799391052061057
2022-04-21,0.8017637668193242,0.9112512349101567,0.8798493062106771
2022-04-22,0.7989849349324321,0.9082737510199222,0.8796741445354254
2022-04-25,0.7437284063083068,0.8495371092503747,0.875451346633424
2022-04-26,0.724199733694257,0.8280665548915821,0.8745670615679869
2022-04-27,0.7478544350593351,0.860187732403035,0.8694083941073146
2022-04-28,0.740496306134457,0.8572956470780302,0.8637583879707461
2022-04-29,0.7755129562671047,0.8903834589158794,0.8709876048364154
2022-05-05,0.7865915251636012,0.8996861695795098,0.8742954507472688
2022-05-06,0.7730203468844771,0.8802375584081117,0.8781951411871878
2022-05-09,0.7816919053000533,0.8873173749448924,0.8809608910775594
2022-05-10,0.7974008470811527,0.900222460656536,0.8857819949300142
2022-05-11,0.8064128202573084,0.9077737934213892,0.8883411551438907
2022-05-12,0.8048548127411179,0.9086090911574933,0.8858097729528537
2022-05-13,0.8175902235250396,0.9171049454554794,0.8914903660441872
2022-05-16,0.8173737502401388,0.9161999589163631,0.8921346724429992
2022-05-17,0.8189752570122224,0.9201963437352529,0.8900005554117344
2022-05-18,0.8182136163838112,0.9172140947986587,0.8920639368973288
2022-05-19,0.8262699684945832,0.9236880059092502,0.8945336122246477
2022-05-20,0.8362314121611053,0.9380976550090027,0.8914118990661801
2022-05-23,0.8412634744813823,0.94383112258759,0.8913283895269206
2022-05-24,0.8091390101864904,0.9090173216135998,0.8901249634607455
2022-05-25,0.823911892324418,0.9246119781799567,0.8910893561494188
2022-05-26,0.832871195688881,0.9352609633479307,0.890522782761586
2022-05-27,0.8296454329277734,0.9334194218375644,0.8888238379425428
2022-05-30,0.8353455837074877,0.9402081982771501,0.8884687298389718
2022-05-31,0.8471393844634231,0.953404398539838,0.8885415105707899
2022-06-01,0.8516639758821763,0.952993041022058,0.8936728173469042
2022-06-02,0.8594240313543016,0.9616612559813401,0.8936868632367754
2022-06-06,0.8733688834065966,0.9789075967421647,0.8921872568087077
2022-06-07,0.878757915576634,0.9787700060285252,0.8978185990213349
2022-06-08,0.8819473358361477,0.9837156029730583,0.8965470641826367
2022-06-09,0.8637640068711826,0.969929281500248,0.890543283253751
2022-06-10,0.8818930583238133,0.9872389080330386,0.8932924453726049
2022-06-13,0.8793349178078329,0.986213752981036,0.891627109386642
2022-06-14,0.8851785179693207,0.9928505691140533,0.8915526117481997
2022-06-15,0.8876624768270467,0.9905549335763674,0.8961264506776715
2022-06-16,0.8865387739522724,0.9911498198328494,0.8944548606201442
2022-06-17,0.8883969549301692,0.9992960388541847,0.8890227924337868
2022-06-20,0.8860853829039768,1.0015235491196952,0.8847374419531276
2022-06-21,0.8792084609907489,0.9930768343622945,0.885337801234014
2022-06-22,0.866475463164515,0.9776625050191168,0.8862725722999598
2022-06-23,0.8898662666425662,0.9967899967381736,0.8927319390789462
2022-06-24,0.8968650187291206,1.0075181263480302,0.8901725887354544
2022-06-27,0.9090059192264374,1.0137610071640206,0.8966668798688224
2022-06-28,0.9220633886045629,1.0285709946118462,0.8964508949161295
2022-06-29,0.9080332673489546,1.0084705399891967,0.9004063394441666
2022-06-30,0.9209974222312329,1.0210924032578292,0.9019726513416024
2022-07-01,0.918324014859126,1.0186338626977174,0.9015251195626522
2022-07-04,0.9290243442493364,1.032016718760781,0.9002028042383702
2022-07-05,0.9256514529993252,1.0301815058276114,0.8985323923629259
2022-07-06,0.917264837064225,1.0154712865379443,0.9032897820197995
2022-07-07,0.9256637439132231,1.0209199681426837,0.9066956987796446
2022-07-08,0.9187600865143563,1.0132389367722243,0.9067556063737148
2022-07-11,0.9095890109475482,0.9997437298504585,0.9098221712114207
2022-07-12,0.89701029082468,0.9874572067193972,0.9084042171354376
2022-07-13,0.9022378931160127,0.9917304854041015,0.9097611764433932
2022-07-14,0.9098145911620815,0.9971000970208079,0.9124606384860227
2022-07-15,0.897953581996176,0.9803884838061729,0.9159160851319275
2022-07-18,0.9180551996881473,0.9986710732425566,0.9192768512933294
2022-07-19,0.9195995718903027,1.0023652498868456,0.9174296215816679
2022-07-20,0.930695485897575,1.0142308854074071,0.9176367031297052
2022-07-21,0.9254092585514845,1.0042463263912285,0.9214962845589428
2022-07-22,0.9144806868207314,0.9950591681018236,0.9190214171537117
2022-07-25,0.9041709536105766,0.9858371654109126,0.9171605467254866
2022-07-26,0.9152201048362162,0.9979749297509287,0.9170772506926941
2022-07-27,0.922984006718103,1.00181466367074,0.9213121350572029
2022-07-28,0.9280035634162146,1.0043365644566673,0.9239965926345141
2022-07-29,0.9237530967658815,0.9957837529639115,0.9276643588694496
2022-08-01,0.9289143537156999,1.0041862421347854,0.9250419043193959
2022-08-02,0.8994336589729511,0.9761484859921381,0.9214106991712275
2022-08-03,0.8929151460189461,0.9689199106643123,0.9215572269608375
2022-08-04,0.8992117059978223,0.9743654652073782,0.922869024105282
2022-08-05,0.912755350466564,0.992050041325606,0.9200698678938753
2022-08-08,0.9262199323671998,1.000365493946564,0.9258815282733804
2022-08-09,0.9265748214235568,1.0032781285339956,0.9235473146190093
2022-08-10,0.9261588261411544,1.0002057159858118,0.9259683396513325
2022-08-11,0.9372150325191098,1.0187636357571728,0.9199533627076767
2022-08-12,0.9307270774480784,1.015835142499825,0.9162186249608298
2022-08-15,0.9351866298421622,1.0193094569269188,0.9174707675739852
2022-08-16,0.9426852485926158,1.022850109733803,0.9216259935074456
2022-08-17,0.9480383456432945,1.0273290299504725,0.9228186082593222
2022-08-18,0.9492721086789114,1.0234228831970213,0.9275463000333998
2022-08-19,0.930773337283976,1.0112265236775495,0.9204399958765049
2022-08-22,0.94059167240231,1.024035117200407,0.9185150553955399
2022-08-23,0.9439698546738218,1.0230416050343873,0.9227091547680432
2022-08-24,0.9095447594762336,0.994276062514129,0.9147809082080849
2022-08-25,0.9104984787680359,1.0003069732209575,0.9102190658896029
2022-08-26,0.9029318468148017,0.9964577092084267,0.9061416640873592
2022-08-29,0.904703332900729,0.9983609729599224,0.906188600520392
2022-08-30,0.9014072946529544,0.994489596154128,0.9064019353634872
2022-08-31,0.8702552307053953,0.9738940234331549,0.8935830899111448
2022-09-01,0.8662990156530509,0.9693090809349796,0.8937283604290936
2022-09-02,0.873702127496388,0.9728941082360893,0.8980444224094009
2022-09-05,0.881747731046275,0.9781498054632568,0.9014444680369534
2022-09-06,0.9037422987618808,0.9953819255388512,0.9079352111729765
2022-09-07,0.907762713923011,0.9969624318533195,0.9105285063104241
2022-09-08,0.9025895172180157,0.9923775638089936,0.9095222928596362
2022-09-09,0.9093014020278495,0.9994004231510047,0.9098469251803171
2022-09-13,0.9053601089629681,0.9967820301762913,0.9082829360425426
2022-09-14,0.8984701609483865,0.9887988650850805,0.9086480503505414
2022-09-15,0.8739837223789314,0.9663078462667957,0.9044568206244558
2022-09-16,0.8537813934632709,0.9420545048338762,0.9062972355445913
2022-09-19,0.8472613911804645,0.9355125429049587,0.9056654532386533
2022-09-20,0.8549276478862805,0.9426540816828687,0.9069367698064014
2022-09-21,0.8593338863024541,0.9458641593985413,0.9085172302636879
2022-09-22,0.8583841370132218,0.9438564368963768,0.90944353765896
2022-09-23,0.8420307229816476,0.9317867233746867,0.903673235364455
2022-09-26,0.8326086403578564,0.9186110723744254,0.9063777537600652
2022-09-27,0.8527857863341987,0.9366041852444508,0.9105081952112185
2022-09-28,0.8305396983731933,0.9127890047150855,0.909892312553036
2022-09-29,0.8294855334338457,0.913162390769686,0.9083658523591727
2022-09-30,0.8201702173171135,0.9040147674742975,0.907253118893804
2022-10-10,0.8040503002639195,0.891619095000057,0.9017867660896923
2022-10-11,0.8089019341866799,0.8993396613645328,0.8994398545254467
2022-10-12,0.8363683656873228,0.920846549201819,0.9082603028835574
2022-10-13,0.8418737209073771,0.9224112713002203,0.9126880244217762
2022-10-14,0.8662299274641662,0.945050974455701,0.9165959835796883
2022-10-17,0.8726362946189131,0.9517209970055384,0.9169034804995849
2022-10-18,0.8784165764015192,0.9548963047735541,0.9199078182733449
2022-10-19,0.8691895621913895,0.9449370600661618,0.9198385785932994
2022-10-20,0.8668433958523997,0.9411621754491536,0.9210350973132908
2022-10-21,0.8698056830353493,0.9424310179501507,0.9229383015504241
2022-10-24,0.8592412771616855,0.9329416514861449,0.921002161060065
2022-10-25,0.8557191794138462,0.9286510250545371,0.9214647443732614
2022-10-26,0.8695610243084473,0.9447598599046566,0.9204042860121108
2022-10-27,0.8705199998086373,0.9433992158073838,0.9227482758331798
2022-10-28,0.840605388322464,0.9147318034605978,0.9189637718315904
2022-10-31,0.8416222006497958,0.9187360803875211,0.9160652537938874
2022-11-01,0.8591140563928484,0.9399423980348925,0.9140071329785427
2022-11-02,0.8725926295815445,0.9489049290607422,0.9195785614110634
2022-11-03,0.8761386114125393,0.9487340574764336,0.9234817750118584
2022-11-04,0.899055426684864,0.970367516857652,0.926510225317807
2022-11-07,0.8984207437747064,0.9716252657350926,0.9246576591387806
2022-11-08,0.8957534576726751,0.9704940884015842,0.9229870314284883
2022-11-09,0.8948584397032646,0.968369324448207,0.9240879663481388
2022-11-10,0.8885310309339464,0.9634442767661006,0.9222443397727078
2022-11-11,0.8917832955891547,0.9711839033160156,0.9182434887401294
2022-11-14,0.8937861901912896,0.9697426256998729,0.9216736137036723
2022-11-15,0.9089062431882635,0.9866503503537537,0.921203993757651
2022-11-16,0.9049172830119054,0.981514896093322,0.9219598058202739
2022-11-17,0.9072396985273579,0.9836175472534359,0.9223500547145091
2022-11-18,0.9018551003536163,0.9795736608786466,0.9206608306971839
2022-11-21,0.901607484070959,0.9792667621115354,0.9206965037053599
2022-11-22,0.8870280715775518,0.9690923457794582,0.9153184167026924
2022-11-23,0.8817730784421792,0.9675419188201364,0.9113538765508501
2022-11-24,0.8829392457291854,0.9682490814814715,0.9118926757753721
2022-11-25,0.8739614144793376,0.9631531622150563,0.9073960910530617
2022-11-28,0.870943287781299,0.9579987222230347,0.9091278177911097
2022-11-29,0.892024595415003,0.975170758042186,0.9147368171763964
2022-11-30,0.8911204822679671,0.9739573092051217,0.9149481952091305
2022-12-01,0.8975640321632087,0.9786956266330032,0.9171023224565632
2022-12-02,0.8932955544984355,0.9758336206631447,0.9154178904918042
2022-12-05,0.8959631984113813,0.9832868232545258,0.9111921132491972
2022-12-06,0.8922934063477054,0.98267458925114,0.9080253179515807
2022-12-07,0.8946679548412538,0.9815291912324017,0.9115041741325233
2022-12-08,0.8940111825586893,0.9787241424573127,0.9134455193003291
2022-12-09,0.897284407613783,0.9796765560984789,0.9158986218749389
2022-12-12,0.8970014396524246,0.9737452646421103,0.9211869594889459
2022-12-13,0.8923240057871424,0.9685006610384994,0.9213457890987141
2022-12-14,0.8871051277394706,0.9645027126887727,0.919753896042927
2022-12-15,0.8915267089468544,0.9653712912955461,0.9235065481908097
2022-12-16,0.890992972592721,0.9607800946740236,0.9273641049932657
2022-12-19,0.8650197506986438,0.9392035180337254,0.9210141722100984
2022-12-20,0.8525889896318685,0.9299562754878773,0.9168054586056531
2022-12-21,0.8467614790720756,0.9248634832831357,0.9155529376791816
2022-12-22,0.8387884887740481,0.9142983331495544,0.9174122475807304
2022-12-23,0.8372121346591109,0.9118128402959699,0.9181841905048804
2022-12-26,0.8510285483333629,0.9244553272808786,0.9205729289661972
2022-12-27,0.8505089608485001,0.931163395747745,0.9133831556657385
2022-12-28,0.8473931324920358,0.9274359382327867,0.9136945179272749
2022-12-29,0.8473616560663714,0.9266923676391089,0.9143936927258345
2022-12-30,0.8470323193056488,0.9278109622720734,0.9129363132672959
2023-01-03,0.863688054483161,0.9422759305819092,0.9165978101019564
2023-01-04,0.8648001229976774,0.9417301094121633,0.9183099428959468
2023-01-05,0.8727968481614569,0.9509078120626979,0.9178564284461985
2023-01-06,0.8723517561455483,0.9512811981172983,0.9170282749959097
2023-01-09,0.8778304982944581,0.9555844817032995,0.9186320153815734
2023-01-10,0.8763363086749644,0.9568944227291499,0.9158129547621079
2023-01-11,0.8691695944934758,0.9514932426803098,0.9134795240847614
2023-01-12,0.8684672547426523,0.9516720063726519,0.9125699284282418
2023-01-13,0.8738682433625358,0.9583800748395183,0.9118180420318795
2023-01-16,0.8847114997878696,0.9692157902617173,0.9128116861870058
2023-01-17,0.884087132960952,0.9702378182520465,0.9112066303019386
2023-01-18,0.8844921109564035,0.973215302142281,0.9088349813339592
2023-01-19,0.8934941917591611,0.9815797453961256,0.9102614392257893
2023-01-20,0.8990170057007446,0.9890313844566699,0.908987338348848
2023-01-30,0.898182619297107,0.9940783130901983,0.9035330591862633
2023-01-31,0.8933971862514825,0.9949990838453814,0.8978874460856414
2023-02-01,0.9044073886127008,1.0071431767625942,0.8979928668333613
2023-02-02,0.9060940806142744,1.0078123679607496,0.8990702132855382
2023-02-03,0.9066691013574543,1.0036277638106472,0.90339180924504
2023-02-06,0.9014819894219618,0.9970842383508929,0.9041181825448866
2023-02-07,0.9052749072970872,0.9994431596605451,0.9057792817398024
2023-02-08,0.8955714974539872,0.9916972045334334,0.9030694987945734
2023-02-09,0.9091078440606221,1.005347498823441,0.904272249271572
2023-02-10,0.9052887138100394,1.0021342940460949,0.9033606764967163
2023-02-13,0.9185142689918181,1.0099782304389802,0.9094396703903134
2023-02-14,0.9205088978903724,1.012095102284324,0.9095083019498471
2023-02-15,0.9222723422996177,1.0100605019425362,0.9130862364441682
2023-02-16,0.9084613039329089,0.9950512759937912,0.9129793869422438
2023-02-17,0.8979304174369301,0.9868133298300296,0.9099293557289009
2023-02-20,0.9169940823676512,1.0040042769269213,0.9133368287776693
2023-02-21,0.9203540135967908,1.0099133811361771,0.9113197535429921
2023-02-22,0.918876714317759,1.0085923464867703,0.9110486684917669
2023-02-23,0.9138927509166519,1.0062587394859046,0.9082085104508585
2023-02-24,0.9109481305286409,1.0031768712988507,0.9080633301973979
2023-02-27,0.9025958080594834,0.9978563247688803,0.9045348369852134
2023-02-28,0.9107726114792347,1.0058189405976643,0.9055035401680223
2023-03-01,0.9215342491796418,1.0128750808103448,0.9098202400659059
2023-03-02,0.9191802048366259,1.009725161804965,0.9103271262385076
2023-03-03,0.9185220607291389,1.0110050234756691,0.9085237356896715
2023-03-06,0.9174045268764804,1.01178023695533,0.9067231137437051
2023-03-07,0.9026028162943694,0.994231762473754,0.9078394498769562
2023-03-08,0.9062215549486103,0.9969561032761238,0.9089884218278536
2023-03-09,0.9034873984448198,0.9944927976696522,0.908490640215715
2023-03-10,0.8904678518279456,0.9816699834615645,0.9070949166521095
2023-03-13,0.8992166816148762,0.9880141215127007,0.9101253332676348
2023-03-14,0.8909423518196999,0.9792176970248,0.9098511541679538
2023-03-15,0.8967107632526207,0.9847930246273213,0.9105575901006875
2023-03-16,0.8825133173909323,0.9715335385926671,0.9083714378705992
2023-03-17,0.8898839682252431,0.9782336404976508,0.9096844878208623
2023-03-20,0.8871439607127222,0.9746217353569178,0.9102443835688107
2023-03-21,0.8990362999366024,0.9863814230498229,0.9114489374271106
2023-03-22,0.9014239872025666,0.9919282348280348,0.9087592786980617
2023-03-23,0.9042811202929942,0.9976269324589655,0.9064321449944308
2023-03-24,0.9055565159629793,0.9983135458578739,0.9070862753693416
2023-03-27,0.9063000660686344,0.9985508302758225,0.9076153547619541
2023-03-28,0.900835260294017,0.9935388204976495,0.9066935702047367
2023-03-29,0.9002116572337165,0.9904743000574991,0.9088692732173438
2023-03-30,0.9002270340727394,0.9945292056019953,0.9051790827277172
2023-03-31,0.9160221150001819,1.0030155298072618,0.9132681277389629
2023-04-03,0.9348214851197171,1.0147213873670713,0.9212592705326996
2023-04-04,0.9326050941779129,1.0139445359027242,0.919779200099546
2023-04-06,0.9359269783972978,1.015202284780165,0.9219118124817521
2023-04-07,0.949355741083706,1.0227361953442653,0.9282508484645363
2023-04-10,0.9379460920040024,1.014200880506112,0.9248129340372327
2023-04-11,0.9434553632290084,1.0158399075461866,0.9287441418874488
2023-04-12,0.953171534642975,1.01940907617738,0.9350235905464124
2023-04-13,0.9446426175011867,1.013272143189046,0.9322694044742381
2023-04-14,0.9453159058060179,1.0174520567466376,0.9291011793014805
2023-04-17,0.9394430791155141,1.0219087897161945,0.9193022788035878
2023-04-18,0.9395864044438162,1.0204232120596757,0.9207810968424619
2023-04-19,0.9362076980602042,1.0152212705117547,0.9221710825545241
2023-04-20,0.9457456185347917,1.014397066399207,0.9323229037835189
2023-04-21,0.915680970797336,0.988890592227508,0.9259679260723221
2023-04-24,0.910480758396141,0.9822837809957875,0.9269019564520791
2023-04-25,0.8920126953917147,0.9679453097760348,0.9215527844213744
2023-04-26,0.8853470669692048,0.971742381640156,0.9110923673771141
2023-04-27,0.8832431664236619,0.9742404571942843,0.906596682473354
2023-04-28,0.9032129503255267,0.9874192352562193,0.9147208379945704
2023-05-04,0.8962076754167072,0.9907654146085437,0.9045609204786416
2023-05-05,0.8869346999174171,0.9809864971243304,0.9041252886939655
2023-05-08,0.8934974972356318,0.9885804919448739,0.9038186617235573
2023-05-09,0.877100585553845,0.9780437831817526,0.8967907169763697
2023-05-10,0.8778557087591853,0.9767512643566552,0.8987505220557782
2023-05-11,0.8754213874699924,0.9736915089628646,0.8990746857826198
2023-05-12,0.8667212552164422,0.963752813517899,0.8993190401724781
2023-05-15,0.8697945651795158,0.9744698495041992,0.8925823262998427
2023-05-16,0.8544265603147275,0.966787254602903,0.8837792970964161
2023-05-17,0.859420493953656,0.9685623832796296,0.887315581102365
2023-05-18,0.8704374709111334,0.9695321446676995,0.8977912446724187
2023-05-19,0.8652883505523213,0.9677760761764123,0.8940997528798089
2023-05-22,0.8617336204409841,0.9674976187797611,0.8906829367991934
2023-05-23,0.8475076649798811,0.9575478297112392,0.8850812864726119
2023-05-24,0.8406549483010717,0.9501690065153807,0.8847425484694167
2023-05-25,0.840570034784273,0.9473845070027184,0.8872533048314469
2023-05-26,0.8530531828342384,0.9547870809765265,0.893448602134166
2023-05-29,0.8525900474380745,0.953233526955531,0.8944188630892003
2023-05-30,0.8640125315195007,0.9589527738488883,0.9009959145867716
2023-05-31,0.8667438115375596,0.9568153527411178,0.9058631940368451
2023-06-01,0.8679723358380169,0.9573943803276838,0.9065985279137938
2023-06-02,0.881050559897568,0.96589969026454,0.91215533950142
2023-06-05,0.8778863788989575,0.9646166270783129,0.910088375272932
2023-06-06,0.8610598776736278,0.9466298427854841,0.909605675582692
2023-06-07,0.863152403778875,0.9471978512023428,0.9112693854649447
2023-06-08,0.8574752105882933,0.9438976098750809,0.9084409173382428
2023-06-09,0.8697072671014724,0.9507685833643731,0.9147412759726888
2023-06-12,0.871793654548958,0.9536369179114282,0.9141777527429242
2023-06-13,0.8756892448651585,0.9562204664846355,0.9157817423469978
2023-06-14,0.878068771838913,0.9562267950618321,0.9182641360537641
2023-06-15,0.892699366193794,0.9645691999762626,0.9254902252899665
2023-06-16,0.9014642647408393,0.9726694809725355,0.9267940265171055
2023-06-19,0.9022071545194027,0.9700384308434288,0.9300736195935576
2023-06-20,0.8984867091682375,0.9692046966381614,0.9270350342758136
2023-06-21,0.8755526143941631,0.9478053946132179,0.9237683382794631
2023-06-26,0.8509705540251579,0.9313801309032675,0.913666209735302
2023-06-27,0.8601051533135222,0.941026148266352,0.914007708391621
2023-06-28,0.852686446002063,0.9401259267735955,0.9069917355948104
2023-06-29,0.857175242836457,0.9398522344233041,0.9120319252764473
2023-06-30,0.8630826259869117,0.9490520498671022,0.9094154805395246
2023-07-03,0.8647569785505448,0.9559467741343441,0.9046078735226906
2023-07-04,0.8676541703123825,0.9579955951613619,0.905697452780289
2023-07-05,0.8627992108151487,0.9525469135566224,0.9057813305946544
2023-07-06,0.8589462105324098,0.9474414641974876,0.9065955449395113
2023-07-07,0.8531991552457386,0.9431793535901892,0.9045990584908976
2023-07-10,0.8554769904199818,0.9467659444221359,0.9035781181822369
2023-07-11,0.8632597342659211,0.9538774038448996,0.9050007168492347
2023-07-12,0.8502195459317339,0.9433660093905648,0.9012615861377011
2023-07-13,0.8618373897542547,0.9562236680001585,0.9012926772213213
2023-07-14,0.8630702741306848,0.9540814818460281,0.9046085586534517
2023-07-17,0.8606176126830003,0.9512606488548723,0.9047127238144581
2023-07-18,0.8580668527726424,0.9495377123265555,0.9036680077405337
2023-07-19,0.8559982151006472,0.948210349099952,0.9027513946806917
2023-07-20,0.8438317132672066,0.9374632337585056,0.9001224612127895
2023-07-21,0.8439350256116821,0.9374869845364553,0.9002098584109619
2023-07-24,0.8427687139158284,0.936075786275459,0.900321027711988
2023-07-25,0.8557753037995877,0.9518839764818144,0.8990332067176435
2023-07-26,0.8519149175943618,0.9494966138017022,0.8972279681792316
2023-07-27,0.8433239704857901,0.9431113027718634,0.8941934721884978
2023-07-28,0.8510845012332676,0.9560938949407032,0.890168325241792
2023-07-31,0.8589698937542283,0.9632133209253497,0.8917753472605884
2023-08-01,0.8592982909092279,0.9648966480058006,0.890559929589539
2023-08-02,0.8566840375199787,0.9615078065977859,0.8909798044711491
2023-08-03,0.8624069381346964,0.9648665686506542,0.8938095340382188
2023-08-04,0.8657977163980927,0.969592303377992,0.8929502775359435
2023-08-07,0.8551608290796224,0.9636072562423768,0.8874578554071445
2023-08-08,0.8497682996327294,0.9597105651277958,0.8854422682317492
2023-08-09,0.8463411681654033,0.9526940343629814,0.8883661885542393
2023-08-10,0.8491146477791679,0.9542697756310897,0.8898056602679475
2023-08-11,0.8320753380003681,0.9355441857909429,0.8894025003179316
2023-08-14,0.8355526083847985,0.9360900069606887,0.8925985772433181
2023-08-15,0.8283634359559713,0.9302330948998426,0.8904901798244025
2023-08-16,0.8174387596109001,0.9228669288583774,0.8857601611340693
2023-08-17,0.8243980304169612,0.9293756099166256,0.8870450457494985
2023-08-18,0.8083975663211196,0.9140989457409365,0.8843654946630104
2023-08-21,0.7985031856055969,0.9034958241441754,0.8837928900910732
2023-08-22,0.8041729904109077,0.9082864081743162,0.8853738018906617
2023-08-23,0.7851795548040256,0.890636602003745,0.881593629812133
2023-08-24,0.7887000187103217,0.8943022628237245,0.881916608619587
2023-08-25,0.7768434175346987,0.8829966691581389,0.8797806884994841
2023-08-28,0.7846162483665113,0.8929527868038575,0.8786760733172526
2023-08-29,0.8089501307655764,0.9129155762590183,0.8861171304366657
2023-08-30,0.8122852033614714,0.9136796961151229,0.889026216534338
2023-08-31,0.8059055188160438,0.9080237349937318,0.8875379439521006
2023-09-01,0.8048998930778785,0.9098273050409185,0.8846732655948142
2023-09-04,0.81487648550092,0.9223226712194682,0.8835047765046412
2023-09-05,0.8060189440258171,0.9158250093309269,0.8801014776989649
2023-09-06,0.8056383517276099,0.9160892460423481,0.87943216799902
2023-09-07,0.7945469462602135,0.9022174515504588,0.8806601389662616
2023-09-08,0.7951600005508351,0.9031540809755583,0.8804256298016487
2023-09-11,0.8035613840993243,0.9136132832814833,0.8795421419587087
2023-09-12,0.8021394569185885,0.9130120684478046,0.8785639145847123
2023-09-13,0.7957028051963438,0.9042267375834602,0.8799815047748468
2023-09-14,0.793801407342138,0.9021225973463589,0.8799263089929756
2023-09-15,0.7927107588887834,0.9025275518330931,0.8783230575939045
2023-09-18,0.7949769714197453,0.904905458874335,0.8785193675465985
2023-09-19,0.7885118684879598,0.8998760268954091,0.8762449992232175
2023-09-20,0.7820050129288639,0.8940396640969897,0.8746871580006638
2023-09-21,0.7769886353868278,0.8878553040066057,0.87512980085891
2023-09-22,0.7952016371267056,0.9016036540162362,0.8819858189177053
2023-09-25,0.792715536111213,0.8965156268578545,0.8842183140628075
2023-09-26,0.7909420776538437,0.8933498491825583,0.8853665541865589
2023-09-27,0.7949570579575957,0.8977322772104419,0.8855168496645753
2023-09-28,0.7978364233245117,0.9003300464688793,0.8861599437380208
2023-10-09,0.7930416109007452,0.8951581842761047,0.8859234321161472
2023-10-10,0.7874724057766641,0.8907742671712338,0.8840313812357672
2023-10-11,0.7894036992259514,0.8906824655749581,0.8862908272437713
2023-10-12,0.7941115157100576,0.8973034974919087,0.8849976824226279
2023-10-13,0.7872142269850629,0.8912504739918169,0.883269350151606
2023-10-16,0.7776400235872392,0.8829112705929093,0.8807680335363979
2023-10-17,0.7790634939716927,0.8852322204393817,0.8800668073118797
2023-10-18,0.7685146228878247,0.8740404667094859,0.8792666382839961
2023-10-19,0.7610215613310476,0.864457809572217,0.8803455216717222
2023-10-20,0.7526036683586536,0.858072498542378,0.8770863413489115
2023-10-23,0.7321100523666099,0.8369768937690226,0.8747076028226026
2023-10-24,0.7435672783821473,0.8467352619908093,0.8781579222694734
2023-10-25,0.7472230238956314,0.8505306958702441,0.8785373973259006
2023-10-26,0.7504109820027866,0.854158385227044,0.878538447882028
2023-10-27,0.7665398904128751,0.8688876647021503,0.8822082779545968
2023-10-30,0.7765418491286388,0.8774878288431065,0.8849602508475172
2023-10-31,0.7740696489604014,0.8746163672343777,0.8850390616494923
2023-11-01,0.7694739710294483,0.8717259198940591,0.8827017224897505
2023-11-02,0.760783877797727,0.8637332247101287,0.8808088609223621
2023-11-03,0.7731479382561446,0.8717875676813391,0.8868535947495297
2023-11-06,0.7894243228357574,0.8867699902443101,0.8902244454824937
2023-11-07,0.7920728388886146,0.88772553094715,0.8922497002463365
2023-11-08,0.7927461678674064,0.8872383049568598,0.8934985825549451
2023-11-09,0.7901711705020574,0.8847132771092588,0.893138139718993
2023-11-10,0.7882241892003827,0.8817136059719115,0.8939684993649661
2023-11-13,0.7909879030961968,0.8868506982170292,0.8919065009323892
2023-11-14,0.7957240501664272,0.8908027085416934,0.8932663119862796
2023-11-15,0.7980419768842931,0.8961928694208265,0.8904801679576357
2023-11-16,0.7885051767390808,0.8874502750660216,0.8885063184868811
2023-11-17,0.7927381342487959,0.8909403737091821,0.8897768668271834
2023-11-20,0.7970023961202354,0.8954255480491989,0.8900822607268788
2023-11-21,0.7913580470307895,0.8924686878752406,0.8867067918257481
2023-11-22,0.7776627851335794,0.8816819630859283,0.8820218828246448
2023-11-23,0.785493932993058,0.8896066819053822,0.8829676630920388
2023-11-24,0.774435927944896,0.881289591299738,0.8787530632272046
2023-11-27,0.7767932905744487,0.8806710287191557,0.8820470587118253
2023-11-28,0.7809683902616655,0.8846246770285061,0.8828245588682574
2023-11-29,0.774173131845447,0.8785857997597949,0.8811582568909101
2023-11-30,0.7710247674092371,0.8772758587339444,0.8788851986899019
2023-12-01,0.7752185914466929,0.8807279859139252,0.880202064479936
2023-12-04,0.7736357434424107,0.8794939878144341,0.8796373302845606
2023-12-05,0.7578801743094962,0.863885036108998,0.8772928603128078
2023-12-06,0.7648356526404091,0.8672723139861758,0.8818863928966612
2023-12-07,0.7617865836908,0.8671647281738333,0.8784796693646089
2023-12-08,0.762413579283533,0.8698305482505966,0.8765081668112248
2023-12-11,0.7728303596001707,0.8804084299924205,0.877808904677144
2023-12-12,0.7724992450141214,0.8806188365707457,0.8772231673153197
2023-12-13,0.7623469795698935,0.8713366751695422,0.8749166668802942
2023-12-14,0.7594833782345429,0.8684604485144536,0.8745169449382277
2023-12-15,0.7541921453999275,0.86220491054407,0.8747249478363744
2023-12-18,0.7433731459875886,0.8519972877951729,0.8725064699575682
2023-12-19,0.7436777493704027,0.8511429298736296,0.873740147827836
2023-12-20,0.7312400369901809,0.8399765649063696,0.8705481409135393
2023-12-21,0.738751617364999,0.8446389394078918,0.8746359928455087
2023-12-22,0.7330970150176791,0.8403562795381667,0.8723645349810036
2023-12-25,0.7332210150584296,0.8409384341864062,0.8719080794158357
2023-12-26,0.7228741536702243,0.8319062888113937,0.8689369985446899
2023-12-27,0.7264035654230372,0.8362175389592776,0.8686777442232192
2023-12-28,0.7374152705860308,0.8516064795398197,0.8659108265410403
2023-12-29,0.7416011410932982,0.8589520963188584,0.8633789291294803
2024-01-02,0.7394394952368356,0.8558243645605913,0.8640084646532451
2024-01-03,0.7394459484178687,0.8545491934823976,0.8653053025590389
2024-01-04,0.7322311451156486,0.8472588959134424,0.8642354168807155
2024-01-05,0.7193972897797238,0.8356384369188627,0.8608954040365361
2024-01-08,0.7004905120048773,0.8175757841535239,0.8567897014343805
2024-01-09,0.7007271494464555,0.8196245307266924,0.8549367706517758
2024-01-10,0.6976080043071077,0.8160537985646621,0.8548554096973926
2024-01-11,0.7114262823603393,0.8264607342683281,0.8608107473976612
2024-01-12,0.7055637850276026,0.8236636520551219,0.8566163910076054
2024-01-15,0.7004679729970945,0.8216259246516604,0.8525387916576117
2024-01-16,0.6978709848897905,0.8211671400318303,0.8498525462949472
2024-01-17,0.6783106814182054,0.800780335904496,0.8470621105500062
2024-01-18,0.6789789094923447,0.8016378208877131,0.8469896152609928
2024-01-19,0.6711443705434249,0.7939599165789274,0.8453126619229103
2024-01-22,0.6365799682090518,0.756391695447421,0.8416009483452906
2024-01-23,0.6481636919300523,0.7698029928809446,0.8419864535786435
2024-01-24,0.6520089910731359,0.7805548732687508,0.8353147400677933
2024-01-25,0.6701287400569194,0.8026218774148622,0.834924587671737
2024-01-26,0.6595989851107211,0.7953300163150702,0.8293399866470283
2024-01-29,0.6423982878596197,0.7796388675599274,0.8239690382165835
2024-01-30,0.625341217638007,0.7617739642185206,0.8209012738831583
2024-01-31,0.6061938711106252,0.7431036935884572,0.8157594644474276
2024-02-01,0.6037456529533393,0.7402163733098122,0.8156340155699933
2024-02-02,0.578311149874734,0.721941675981462,0.8010496818715088
2024-02-05,0.5516195276872103,0.7056525139081635,0.7817155282734533
2024-02-06,0.6048828502550445,0.7603358136640516,0.7955469667279244
2024-02-07,0.6522596755231947,0.8083790957713992,0.8068735064218517
2024-02-08,0.667226179170421,0.814811833903288,0.8188714883706705
2024-02-19,0.6608418145297088,0.8134464992135049,0.8123973920456421
2024-02-20,0.6577490089432555,0.813345241978359,0.8086959571354528
2024-02-21,0.6590685036877058,0.8130414702729213,0.8106210172360212
2024-02-22,0.6645133939347806,0.8189426823741437,0.8114284530980029
2024-02-23,0.6675780537221707,0.8223236316741249,0.8118191281491985
2024-02-26,0.6657130762602095,0.8219676678202775,0.8099017787713848
2024-02-27,0.6772783037263322,0.8397408440192581,0.8065325255404631
2024-02-28,0.664059075701232,0.8201624597884047,0.8096677283578108
2024-02-29,0.6841402336279422,0.8459093454397257,0.8087630634607875
2024-03-01,0.6860925318213627,0.8510132312680236,0.8062066565041223
2024-03-04,0.6858050828348247,0.8525588931809858,0.8044078694388075
2024-03-05,0.6796006874316659,0.8467067461664994,0.8026399819165098
2024-03-06,0.6793139705482552,0.846433053816208,0.8025607784165756
2024-03-07,0.6698577855272746,0.8349154155876111,0.8023061654165657
2024-03-08,0.6796545028155735,0.8463539838281751,0.8030381091152936
2024-03-11,0.6966530101832624,0.8608221536535339,0.8092879664243089
2024-03-12,0.6957497335986484,0.858080390650411,0.8108211551965212
2024-03-13,0.6941237422704124,0.8567181830223014,0.8102124549542139
2024-03-14,0.6888048275547688,0.8532091731014004,0.8073106212055542
2024-03-15,0.693666535545127,0.8628946510046519,0.8038832257651664
2024-03-18,0.7035406872487316,0.8746495736511972,0.8043686391017412
2024-03-19,0.6973600304761227,0.86670274203848,0.804612696662221
2024-03-20,0.6994330639092908,0.8691059633885083,0.8047730580311642
2024-03-21,0.6949995643391439,0.864742595546064,0.8037068694416152
2024-03-22,0.6821236662101604,0.8518865004673072,0.8007213001215274
2024-03-25,0.6672104288095517,0.8376761643223236,0.7965016282268483
2024-03-26,0.6641117522146561,0.8360419023286089,0.7943522332611804
2024-03-27,0.6391373552463612,0.8158322983627799,0.7834175682048726
2024-03-28,0.6532424186605686,0.826452842160294,0.7904170514472858
2024-03-29,0.6605175979279813,0.8363171582097371,0.7897931920252823
2024-04-01,0.6760898584069875,0.8545206776580875,0.7911919232427351
2024-04-02,0.6701644893480699,0.8513581014983144,0.7871710954164178
2024-04-03,0.6652701469444382,0.850309195668362,0.7823861606265718
2024-04-08,0.6537480254668963,0.8382837077331988,0.7798648827789996
2024-04-09,0.6640991836426603,0.845293984374666,0.7856428602576055
2024-04-10,0.6517237775518269,0.8346259390212526,0.7808573243195496
2024-04-11,0.6516295836299444,0.8387931209706018,0.7768656744298489
2024-04-12,0.6457366928874214,0.8349027584332176,0.773427427763221
2024-04-15,0.650608381139575,0.8447908252606102,0.7701413908453235
2024-04-16,0.6247802533876721,0.8213490307858453,0.7606757054183149
2024-04-17,0.6488422063286808,0.84479559030697,0.7680463934392858
2024-04-18,0.649472868803582,0.8463919552913544,0.7673429133432788
2024-04-19,0.6380669184905354,0.8408593641983726,0.7588271542873666
2024-04-22,0.6344681641052993,0.833377645782682,0.7613213137117768
2024-04-23,0.6302097690578302,0.8239943016001819,0.7648229700544947
2024-04-24,0.6357424505751793,0.8326593894977906,0.763508414837693
2024-04-25,0.6373110707452675,0.8320740333340282,0.7659307287737761
2024-04-26,0.6516491150927821,0.8499168238821716,0.7667210446738064
2024-04-29,0.6670438114428536,0.8667454785480193,0.7695959516977142
2024-04-30,0.6593273997839323,0.8608363743387635,0.765914893280832
2024-05-06,0.6731550539610766,0.8746733244291467,0.7696073895936056
2024-05-07,0.673609152217882,0.8744328384956752,0.7703383525448576
2024-05-08,0.6633484610120592,0.8636240009130994,0.7680986868251795
2024-05-09,0.6767533204631418,0.8791300573987035,0.7697988651026413
2024-05-10,0.6725309804687596,0.8757491825525717,0.7679493099936604
2024-05-13,0.6629462959584559,0.8709807113156944,0.7611492279283845
2024-05-14,0.6619590227359317,0.870265656546326,0.7606401766593144
2024-05-15,0.6568999481905237,0.8617097179918967,0.7623216200013901
2024-05-16,0.6541276405385066,0.8582307129722926,0.7621815796746307
2024-05-17,0.663985325200901,0.8688654774550367,0.7641980748800805
2024-05-20,0.6679670886555806,0.8738664680635027,0.7643811875924279
2024-05-21,0.6609237663707013,0.8668119658355085,0.7624765144233394
2024-05-22,0.6634653444489029,0.8651823944343042,0.7668502603808841
2024-05-23,0.6493417309293629,0.8483647589381635,0.7654039422171386
2024-05-24,0.6406965849890955,0.8406347369348175,0.7621581131958087
2024-05-27,0.6465765499751411,0.8497981444462727,0.7608589806894078
2024-05-28,0.6395209659570712,0.8410586771531414,0.7603761584408767
2024-05-29,0.642319850571283,0.8429856916825869,0.7619581885064054
2024-05-30,0.6414113347466862,0.8398768712020602,0.7636968664569564
2024-05-31,0.6407764369362289,0.8398578854704704,0.7629581718784241
2024-06-03,0.6339304504623618,0.834404438819371,0.7597400265024152
2024-06-04,0.6421834110737702,0.8451436620527839,0.759851182595347
2024-06-05,0.6331786382691653,0.8350166728227566,0.7582826294099231
2024-06-06,0.6238978456249751,0.8272423507790342,0.7541899239532833
2024-06-07,0.6221497735951969,0.8241066524588843,0.7549384193646425
2024-06-11,0.6318338236529191,0.8254497999015545,0.7654418521008465
2024-06-12,0.6331842247133495,0.827898884822796,0.7648086455012879
2024-06-13,0.6323090137034814,0.8218300026527879,0.7693914941806078
2024-06-14,0.6310189925700846,0.8247568579254494,0.7650969937459109
2024-06-17,0.6334892907903877,0.8238139743770028,0.7689712853796329
2024-06-18,0.6362185374653815,0.8275730003240949,0.7687763341919384
2024-06-19,0.627682970554193,0.8177529843150282,0.7675703820022828
2024-06-20,0.6183699369540396,0.8060059537765162,0.7672026913159714
2024-06-21,0.6187207444218622,0.8072336232988105,0.7664704821058138
2024-06-24,0.601908895407824,0.7899224332351831,0.7619848102587283
2024-06-25,0.5956776063172092,0.7829169216400756,0.760843954003916
2024-06-26,0.6089749766301169,0.7942763454387571,0.7667041579763023
2024-06-27,0.5933049257885475,0.77966098035319,0.7609780927086767
2024-06-28,0.5914903660140711,0.781991460292382,0.7563898022529765
2024-07-01,0.5964914252190884,0.7915441125283539,0.7535795109558363
2024-07-02,0.5893233661470753,0.7830514597458907,0.7525985154772811
2024-07-03,0.5883816280006791,0.7769509346898996,0.7572957335272616
2024-07-04,0.5755032727177839,0.7648605974519335,0.7524289715472636
2024-07-05,0.5789296876610154,0.7698852643844997,0.7519687860552213
2024-07-08,0.5653455822625265,0.7568109450732335,0.747010314719775
2024-07-09,0.5746302703232339,0.7715686659187998,0.7447558405433071
2024-07-10,0.5711089608848993,0.7663889116179918,0.745194707578924
2024-07-11,0.5884063776613013,0.7815089248946022,0.7529106308551197
2024-07-12,0.5873686636703442,0.7782861900245365,0.7546949582284463
2024-07-15,0.5808951680600729,0.7726760924743585,0.7517964820159749
2024-07-16,0.5819327983823979,0.7749637614501617,0.7509161425734903
2024-07-17,0.5778440275281174,0.7683538231567675,0.7520546005147158
2024-07-18,0.5818128177611472,0.771693599478046,0.7539427800809423
2024-07-19,0.5834890693319339,0.7708013445471723,0.7569902069575657
2024-07-22,0.5829751909876532,0.7698409643441233,0.7572670434397148
2024-07-23,0.5631348110982474,0.7471886784880989,0.753671498660451
2024-07-24,0.5519799029984959,0.7385282811830006,0.747405234250901
2024-07-25,0.5535000041397609,0.7381153601343837,0.7498827880224425
2024-07-26,0.5589773372578637,0.7493371187655764,0.7459624290048481
2024-07-29,0.5519133931828287,0.7449800795003287,0.7408431559042582
2024-07-30,0.5513694757246085,0.7434675495503371,0.7416187512932971
2024-07-31,0.5770195504723453,0.7730732293069086,0.7463970146653076
2024-08-01,0.5716005673559599,0.7677826876782351,0.7444822298409366
2024-08-02,0.564241707125649,0.7576019427689612,0.7447733107222516
2024-08-05,0.5530231323416777,0.7426085010362832,0.7447034764212287
2024-08-06,0.5613173135659624,0.7516153321025092,0.7468146132620496
2024-08-07,0.5608292724053774,0.7517988608412111,0.745983136736664
2024-08-08,0.561047369455765,0.7524110948445967,0.7456659973516792
2024-08-09,0.5562595678568519,0.7467947431710715,0.7448627255928971
2024-08-12,0.5536261579655656,0.7458217058136293,0.7423036278645251
2024-08-13,0.55552863933406,0.7486188624806848,0.7420713892957691
2024-08-14,0.5476652434721277,0.7383717047377711,0.7417202473470028
2024-08-15,0.5526416149453841,0.7433251937903377,0.7434721970438987
2024-08-16,0.5469979670925172,0.7388953386604041,0.7402915385610751
2024-08-19,0.5452526338166169,0.7408856389618156,0.7359470951288322
2024-08-20,0.5347004636016007,0.7280786089697948,0.7343993588249801
2024-08-21,0.5322523067257396,0.7257228891756656,0.7334098381963873
2024-08-22,0.5230787318977075,0.717219142769646,0.7293150736018602
2024-08-23,0.5218405057512523,0.7178077004489314,0.7269920696377076
2024-08-26,0.5251229726704716,0.7189578635140296,0.7303946438583246
2024-08-27,0.5174758819720159,0.7111945606400142,0.7276150727394933
2024-08-28,0.5167506350554076,0.711941332749215,0.725833170915834
2024-08-29,0.5293119214693222,0.7211000496681598,0.7340339550841858
2024-08-30,0.5402338618320347,0.7339481781850338,0.736065403374893
2024-09-02,0.5271416244163809,0.7193565638774163,0.7327960164497919
2024-09-03,0.5326220089048501,0.7272037017858245,0.7324247767123132
2024-09-04,0.5306224201795726,0.7249254884488916,0.7319682210580493
2024-09-05,0.532634009349278,0.7279330516942722,0.7317074119791187
2024-09-06,0.5226633010413059,0.7178646576437007,0.7280805587461034
2024-09-09,0.5186489812627461,0.7130772751290829,0.7273390968305069
2024-09-10,0.5177827892685808,0.713159546632639,0.7260406057991112
2024-09-11,0.5194632255766176,0.7143001796050176,0.727233788270727
2024-09-12,0.5168884475116895,0.7114002021719793,0.7265790000249859
2024-09-13,0.5080272469777588,0.7041811569368731,0.7214439664753786
2024-09-18,0.5078398515719315,0.706065434956779,0.7192532397553469
2024-09-19,0.5142732564080887,0.7151656311501174,0.7190967155133603
2024-09-20,0.5085804353423069,0.7116849881458271,0.7146145328529773
2024-09-23,0.5055285600888823,0.7110996319820647,0.7109110135239567
2024-09-24,0.5309261775236684,0.7419361083226043,0.7155955500319365
2024-09-25,0.533791272755813,0.7485619052859147,0.713089016401296
2024-09-26,0.5579539425580408,0.7812636739147701,0.7141685466600989
2024-09-27,0.593625216340583,0.8229500863627389,0.7213380570433837
2024-09-30,0.6624918405356875,0.9086280768890819,0.729112226868331
2024-10-08,0.71263646125841,0.9738670711396809,0.7317594796838522
2024-10-09,0.6589425479790748,0.9074288487372476,0.7261644247877292
2024-10-10,0.6551410372703085,0.9003474686696301,0.7276535560635905
2024-10-11,0.624631244498194,0.8655304661801169,0.721674474677831
2024-10-14,0.6389215802496895,0.8872588542192845,0.7201073026336698
2024-10-15,0.6223718390540256,0.8658072855920819,0.7188341440536816
2024-10-16,0.6182386046701307,0.8639926219213389,0.7155600510746231
2024-10-17,0.6139219160128822,0.8573320550103718,0.7160841734833477
2024-10-18,0.6477898709236928,0.8923009433526038,0.7259768979844176
2024-10-21,0.65621002752834,0.9024595754686141,0.7271350932118973
2024-10-22,0.6582185842663659,0.9103098404386958,0.7230709314854356
2024-10-23,0.6620506374963112,0.9138743184773788,0.7244438585377525
2024-10-24,0.6546104092412471,0.9060145234145773,0.7225164633941615
2024-10-25,0.6675408284367998,0.9191442363897763,0.7262634111255196
2024-10-28,0.675882566973933,0.9308564225267821,0.7260868063189271
2024-10-29,0.6685385016186368,0.919593565370736,0.726993453188327
2024-10-30,0.6708804584589159,0.9236120629828893,0.7263660635746205
2024-10-31,0.6811339824593957,0.9336361569930844,0.7295497045156114
2024-11-01,0.6652124671460806,0.922645428656493,0.7209838649661198
2024-11-04,0.6774976053028982,0.9380059278665748,0.7222743323635666
2024-11-05,0.7041751160011399,0.9669675818260787,0.728230324610608
2024-11-06,0.7045945157926748,0.9691540680205852,0.7270201292470961
2024-11-07,0.7152432352247281,0.9871535094678072,0.7245511750349032
2024-11-08,0.7145646465371637,0.9844465164123412,0.7258542080490883
2024-11-11,0.7320941962963637,1.0015599570520366,0.7309539395436587
2024-11-12,0.7246556372883102,0.9910011354956519,0.7312359303462066
2024-11-13,0.7254452340704455,0.9903619491987936,0.7325051559758867
2024-11-14,0.6997647792411901,0.9616422702497486,0.7276768096513205
2024-11-15,0.6752572895095516,0.937305019328587,0.7204242755397318
2024-11-18,0.6614046121096618,0.9228384130340651,0.7167068500487822
2024-11-19,0.6828464366185225,0.9392225037653127,0.7270337261735246
2024-11-20,0.6923440487431898,0.9480490076083598,0.7302829739675208
2024-11-21,0.6917093600168726,0.9469288494445585,0.7304765932758407
2024-11-22,0.6602579388793893,0.9097403429448493,0.7257652625826398
2024-11-25,0.658820731252562,0.9074304867219333,0.7260288704124689
2024-11-26,0.6503582620262603,0.9002841828976634,0.7223921894673423
2024-11-27,0.6658435818139073,0.9183927736880646,0.7250096047032525
2024-11-28,0.6593388667940678,0.9109031631643406,0.723829813592505
2024-11-29,0.6746124290177857,0.9258285540786926,0.728658050181984
2024-12-02,0.6864275121115521,0.9403331318363943,0.7299833313019768
2024-12-03,0.6829774872144941,0.9385137775731408,0.7277223878168032
2024-12-04,0.6758329732916726,0.9301523869271204,0.7265830661622821
2024-12-05,0.6821215251330911,0.9337469443209498,0.7305207575583033
2024-12-06,0.689653373263359,0.9459622151181623,0.7290495986430207
2024-12-09,0.6837507711203255,0.940885281583337,0.7267100299089583
2024-12-10,0.6892402929055935,0.9480015060524605,0.7270455674439111
2024-12-11,0.6945531670201681,0.9567062033979351,0.7259837602738671
2024-12-12,0.7012578983843292,0.9651355704084321,0.7265900458808771
2024-12-13,0.6838569628286553,0.9474003656726313,0.7218246768810707
2024-12-16,0.6778409465794838,0.9354255063550411,0.7246338077959241
2024-12-17,0.6648030623439198,0.9252305407605372,0.7185269325388387
2024-12-18,0.6722622601700434,0.9316316360064429,0.7215966420502644
2024-12-19,0.6715144993412736,0.9337358506973935,0.7191696654248944
2024-12-20,0.6766482558472844,0.9361500912171291,0.7227988996588622
2024-12-23,0.6598487221057467,0.9205459790119022,0.7168014821095811
2024-12-24,0.6695337243095613,0.9326821798210814,0.7178583860560084
2024-12-25,0.6612049131679445,0.9239854490374896,0.7156010020035682
2024-12-26,0.6706185570657197,0.931384895949624,0.720023010875615
2024-12-27,0.6710900464570683,0.9333007424016636,0.7190501581839008
2024-12-30,0.6679751439699922,0.9332548788304504,0.7157478188671189
2024-12-31,0.645420046806504,0.9058609995771721,0.7124934698676354
